ticket_id,customer_id,issue_type,severity,resolution_time_hrs,date
1,15624343,Login Issue,Medium,15.1,2026/07/27
2,15633930,Payment Failure,Critical,2.1,2025/10/30
3,15793854,Complaint,High,3.5,2025/09/15
4,15664543,Payment Failure,Low,89.1,2026/01/21
5,15815070,Fraud Alert,Medium,,2026/01/06
6,15638257,,Low,61.3,2025/12/26
7,15626948,App Bug,Low,73.5,2025/11/13
8,15661162,Payment Failure,Low,2.8,2025/10/25
9,15771728,Account Update,Medium,21.2,2026/08/15
10,15681506,Payment Failure,Low,91.3,2026/06/09
11,15808689,App Bug,High,12.0,2025/10/17
12,15666982,Loan Query,Low,53.1,2026/07/02
13,15759555,Fraud Alert,Low,76.9,2026/04/07
14,15685920,Complaint,High,3.4,2025/09/19
15,15710689,Card Problem,Medium,24.0,2025/09/18
16,15663987,Loan Query,Low,75.5,2025/10/20
17,15635125,App Bug,Low,,2025/12/23
18,15710257,Complaint,Low,55.7,2025/12/31
19,15574886,App Bug,Medium,13.1,2026/05/19
20,15630241,Login Issue,Low,71.7,2026/07/08
21,15687558,Complaint,Critical,2.8,2025/09/16
22,15609510,Payment Failure,High,6.5,2026/06/17
23,15803365,Account Update,High,-5.0,2025/12/13
24,15636626,App Bug,High,5.8,2026/08/01
25,15807312,Login Issue,Low,,2026/08/28
26,15666297,App Bug,Medium,19.1,2026/06/09
27,15710527,App Bug,Critical,1.0,2026/04/05
28,15576714,Complaint,Low,92.5,2025/12/24
29,15756850,Fraud Alert,Low,93.2,2026/04/20
30,15674343,Payment Failure,Medium,21.7,2026/07/01
31,15662397,Card Problem,High,9.0,2026/01/23
32,15624451,Account Update,High,1.6,2025/09/06
33,15631681,Card Problem,Critical,2.1,2025/11/23
34,15571415,Loan Query,Critical,1.9,2026/08/26
35,15753337,Fraud Alert,Low,54.6,2026/04/07
36,15791373,App Bug,Medium,30.1,2026/02/24
37,15578238,Account Update,High,3.6,2026/01/23
38,15596011,Account Update,Low,102.6,2025/11/21
39,15647311,Payment Failure,High,8.3,2025/12/22
40,15787189,Loan Query,Low,73.6,2026/02/22
41,15814268,App Bug,Medium,22.3,2025/10/25
42,15685844,,Medium,27.0,2025/10/20
43,15781989,App Bug,High,8.0,2026/03/16
44,15745295,Fraud Alert,Low,76.7,2025/10/22
45,15772329,Login Issue,Medium,7.7,2026/03/05
46,15744789,Payment Failure,Low,14.4,2026/02/26
47,15620988,Loan Query,Low,97.4,2026/07/09
48,15626233,Loan Query,Low,60.3,2026/01/16
49,15702377,Payment Failure,Low,55.0,2025/09/25
50,15681506,,Medium,25.1,2026/04/26
51,15757632,Login Issue,Low,68.2,2026/06/04
52,15668853,App Bug,Low,70.2,2025/11/05
53,15796071,Card Problem,High,,2026/03/15
54,15702337,Card Problem,Low,73.6,2025/10/13
55,15637315,App Bug,Low,83.1,2026/06/12
56,15796351,Payment Failure,Low,104.4,2026/01/31
57,15789582,Account Update,High,6.9,2026/07/21
58,15589361,Account Update,High,6.8,2026/07/16
59,15812324,Card Problem,High,10.8,2026/03/07
60,15789379,Loan Query,High,8.6,2026/06/25
61,15602551,Fraud Alert,High,7.2,2025/12/10
62,15691723,Login Issue,High,7.8,2026/08/29
63,15625761,Loan Query,Low,118.4,2025/10/08
64,15780870,App Bug,MEDIUM,17.6,2025/09/26
65,15677804,Card Problem,Critical,2.0,2026/08/07
66,15636444,Fraud Alert,High,8.2,2025/12/28
67,15630328,Loan Query,High,5.8,2026/01/29
68,15815295,Card Problem,Medium,29.8,2025/10/13
69,15613180,Login Issue,Medium,35.0,2025/12/31
70,15724127,Loan Query,Medium,21.8,2025/10/24
71,15771270,Complaint,Low,82.0,2026/03/16
72,15648951,Loan Query,Low,94.7,2026/01/23
73,15783019,Payment Failure,Low,99999.0,2026/04/23
74,15813871,Login Issue,Medium,43.8,2026/07/25
75,15583597,Login Issue,Low,72.3,2026/03/08
76,15733032,Login Issue,Medium,31.0,2025/11/25
77,15745399,Loan Query,Critical,2.3,2026/03/11
78,15758510,Loan Query,Medium,30.7,2026/03/03
79,15625021,Account Update,Medium,22.2,2025/12/19
80,15706186,Account Update,Low,92.8,2026/08/12
81,15748595,,Medium,22.1,2026/01/17
82,15738166,App Bug,High,6.9,2026/08/28
83,15591577,Loan Query,Medium,24.1,2026/08/18
84,15690939,Complaint,Medium,48.5,2026/07/31
85,15629551,loginn issue,Medium,19.6,2025/10/09
86,15646302,Card Problem,Medium,26.3,2026/07/11
87,15580227,App Bug,Medium,26.6,2026/07/25
88,15570002,Payment Failure,Medium,30.8,2025/11/29
89,15684196,Fraud Alert,Critical,2.2,2026/06/03
90,15762928,Complaint,Low,62.4,2026/01/06
91,15720649,Account Update,Low,53.1,2025/11/25
92,15568878,Complaint,Medium,19.1,2026/04/27
93,15606386,Loan Query,Medium,36.4,2026/03/16
94,15700696,Card Problem,High,5.3,2026/01/19
95,15704442,Fraud Alert,Critical,0.6,2026/07/27
96,15650933,Fraud Alert,Low,53.8,2026/08/21
97,15735106,Loan Query,Low,72.9,2026/06/15
98,15568240,App Bug,Critical,1.8,2025/12/24
99,15716082,Card Problem,Low,75.7,2026/08/19
100,15701524,App Bug,High,,2026/02/16
101,15691950,Complaint,Medium,25.2,2025/10/01
102,15627365,Login Issue,Medium,22.2,2025/12/29
103,15690440,Loan Query,Low,96.7,2025/09/19
104,15766686,Login Issue,LOW,78.9,2026/02/11
105,15772363,Loan Query,Medium,19.3,2026/03/27
106,15750243,Payment Failure,Low,75.7,2026/01/18
107,15768095,Complaint,Critical,2.3,2025/10/06
108,15718057,Login Issue,Low,75.0,2025/12/20
109,15621685,Login Issue,Low,129.4,2026/06/20
110,15572356,Card Problem,Low,67.3,2026/02/11
111,15743153,Payment Failure,Medium,17.9,2025/12/20
112,15807473,Login Issue,Medium,6.0,2026/08/04
113,15711834,Login Issue,Low,112.6,2026/05/16
114,15568164,App Bug,Low,98.1,2026/03/24
115,15798615,Card Problem,Low,-5.0,2026/07/29
116,15726313,App Bug,Low  ,19.8,2026/04/25
117,15634551,Complaint,Low,70.5,2025/11/15
118,15800814,Account Update,High,6.6,2026/01/16
119,15715047,Account Update,Low,49.8,2025/11/13
120,15797686,App Bug,High,6.5,2026/01/07
121,15632538,Payment Failure, Medium ,23.3,2026/06/17
122,15782659,Fraud Alert,High,,2026/06/05
123,15742824,Fraud Alert,Low,24.7,2026/01/15
124,15624180,Card Problem,Medium,23.3,2026/06/29
125,15805909,Loan Query,Medium,30.2,2026/04/10
126,15774127,Fraud Alert,High,6.2,2026/06/28
127,15714680,Account Update,Low,103.0,2026/03/26
128,15642093,Payment Failure,Low,19.9,2026/03/07
129,15598700,App Bug,Critical,1.8,2025/12/24
130,15598884,Payment Failure,Medium,15.5,2025/11/12
131,15698246,Login Issue,Medium,,2026/05/21
132,15630113,Account Update,Medium,20.4,2026/05/13
133,15669516,App Bug,Critical,1.9,2025/10/19
134,15730038,Fraud Alert,Low,117.1,2025/09/27
135,15624611,Fraud Alert,Medium,15.1,2025/10/29
136,15682528,Loan Query,Critical,1.8,2025/11/20
137,15804357,App Bug,Low,45.2,2026/07/21
138,15711602,Account Update,Low,88.3,2025/11/23
139,15740557,Payment Failure,High,6.9,2026/08/17
140,15667190,Account Update,High,7.1,2026/04/07
141,15809777,Fraud Alert,Low,114.8,2026/07/05
142,15678201,loginn issue,Critical,1.3,2025/10/05
143,15798824,Payment Failure,Low,67.1,2026/03/19
144,15753549,Login Issue,High,0.5,2026/03/17
145,15794048,,Medium,20.1,2026/07/05
146,15649136,Payment Failure,Medium,33.0,2026/04/30
147,15623644,Account Update,Low,24.9,2026/05/31
148,15813095,Payment Failure,Medium,13.1,2026/01/09
149,15589428,Login Issue,Medium,16.8,2026/06/13
150,15677796,Login Issue,Medium,19.1,2025/09/08
151,15686936,Login Issue,Low,57.0,2026/08/17
152,15633546,Complaint,Low,113.2,2025/10/31
153,15727059,Login Issue,High,4.3,2026/08/18
154,15722350,Login Issue,Medium,7.2,2026/06/04
155,15623196,Account Update,Low,90.0,2026/01/17
156,15619857,Payment Failure,High,7.4,2026/07/28
157,15636423,App Bug,Critical,1.5,2026/02/24
158,15726776,Login Issue,Low,60.4,2025/10/30
159,15797065,Payment Failure,Low,98.0,2026/01/31
160,15585839,Card Problem,Critical,1.2,2026/04/13
161,15667451,Fraud Alert,Low,34.1,2025/11/22
162,15792222,Payment Failure,Low  ,96.9,2026/04/23
163,15698184,Loan Query,Low,103.3,2025/09/04
164,15711219,Payment Failure,Low,60.8,2026/01/15
165,15773779,Complaint,Critical,1.5,2026/05/17
166,15797595,Card Problem,Low,87.1,2025/12/03
167,15787071,Account Update,Low,74.9,2026/05/20
168,15629846,,Low,19.5,2025/10/27
169,15674110,Complaint,High,5.3,2026/07/20
170,15778934,Payment Failure,Medium,43.0,2026/02/02
171,15596165,Login Issue,Low,75.8,2026/07/27
172,15587311,Complaint,High,9.4,2026/05/20
173,15625501,App Bug,High,8.1,2026/07/11
174,15791174,Payment Failure,Low,56.8,2025/12/13
175,15715031,Fraud Alert,High,8.3,2025/11/20
176,15718843,Card Problem,Critical,2.4,2026/03/13
177,15738835,Card Problem,Medium,13.0,2025/11/24
178,15624755,Login Issue,Medium,30.6,2026/06/06
179,15810010,Card Problem,Medium,27.8,2026/06/01
180,15724336,Loan Query,Critical,2.7,2025/09/03
181,15569266,Card Problem,Medium,13.2,2026/07/06
182,15568120,Complaint,Critical,0.8,2026/02/15
183,15716134,Login Issue,Low,84.8,2026/05/11
184,15701301,Fraud Alert, Low ,77.4,2025/09/12
185,15662294,Loan Query,Low,94.8,2025/10/30
186,15791991,Complaint,Medium,33.0,2026/03/07
187,15580682,Fraud Alert,Critical,,2026/02/07
188,15600974,Loan Query,Medium,20.3,2026/01/03
189,15692132,Complaint,Low,103.7,2025/10/02
190,15608541,Payment Failure,Medium,,2026/01/04
191,15812210,Account Update,High,4.7,2026/06/20
192,15703399,Fraud Alert,Low,118.0,2025/10/13
193,15584190,Loan Query,Low,68.5,2025/10/16
194,15785831,Fraud Alert,Medium,22.4,2026/05/09
195,15721504,Loan Query,Low,72.8,2025/10/08
196,15664150,Complaint,Low,78.8,2026/06/02
197,15711062,Card Problem,Low,42.9,2025/11/06
198,15641604,Loan Query,Medium,19.0,2025/11/07
199,15743153,Payment Failure,Low,71.3,2026/08/06
200,15776518,App Bug,High,8.0,2026/05/04
201,15656901,Fraud Alert,High,5.2,2026/06/11
202,15694566,Account Update,Low,69.8,2025/11/26
203,15641575,Complaint,Low,49.0,2026/01/16
204,15789097,,High,6.0,2026/05/31
205,15671172,Login Issue,Critical,99999.0,2026/07/10
206,15589572,Payment Failure,Critical,1.7,2026/04/07
207,15718465,Login Issue,Medium,43.9,2025/12/20
208,15711455,,Medium,29.7,2026/06/06
209,15683027,Card Problem,High,8.0,2026/08/22
210,15757759,Complaint,Low,71.6,2025/12/14
211,15615624,Loan Query,low,123.5,2026/09/03
212,15727408,Loan Query,Medium,17.1,2026/02/09
213,15641575,Fraud Alert,Critical,3.1,2026/03/26
214,15706268,Login Issue,Medium,27.9,2026/08/12
215,15671591,Login Issue,High,1.6,2026/08/01
216,15698184,App Bug,Medium,35.2,2026/03/13
217,15797065,Loan Query,Medium  ,13.5,2026/04/15
218,15685243,App Bug,Low,51.0,2026/05/25
219,15649508,Card Problem,High,4.5,2026/04/22
220,15788775,Login Issue,Critical,0.9,2025/11/03
221,15574169,Login Issue,Low,113.6,2026/01/07
222,15610156,Loan Query,Medium,29.9,2025/12/27
223,15772573,Payment Failure,Medium,33.5,2025/10/05
224,15605737,App Bug,Low,53.1,2026/02/23
225,15691287,Account Update,Medium,24.3,2025/09/13
226,15608701,Account Update,Low,22.1,2026/07/01
227,15706904,Complaint,Medium,28.8,2026/06/13
228,15701319,App Bug,Medium,31.4,2025/12/29
229,15573741,Payment Failure,Low,61.9,2026/07/01
230,15660390,App Bug,High,8.6,2025/12/24
231,15778025,Complaint,Low,121.0,2025/09/06
232,15671334,App Bug,Critical,1.0,2025/10/09
233,15813168,App Bug,Medium,36.2,2026/08/31
234,15738291,Payment Failure,Low,128.5,2026/07/23
235,15669957,Account Update,Low,141.9,2025/10/03
236,15687329,Payment Failure,High,0.7,2025/12/29
237,15667190,Complaint,Medium,13.7,2025/10/07
238,15784280,Fraud Alert,Low,,2025/09/19
239,15807709,App Bug,Critical,3.3,2026/02/19
240,15750410,Fraud Alert,Medium,28.0,2025/10/09
241,15646196,App Bug,High,5.9,2026/05/24
242,15715920,Loan Query,High,7.9,2026/01/02
243,15674991,Account Update,Low,70.1,2026/01/23
244,15701439,Account Update,High,,2026/08/11
245,15780038,Complaint,Low,81.4,2026/05/09
246,15802823,Card Problem,Low,75.0,2025/12/21
247,15733119,Loan Query,High,,2026/06/06
248,15590683,Account Update,Low,69.0,2025/11/09
249,15640686,Loan Query,Medium,12.2,2026/06/22
250,15806332,Loan Query,Low,27.8,2026/06/25
251,15718039,Account Update,Critical,,2026/05/03
252,15716186,Loan Query,High,7.9,2026/01/05
253,15674551,Account Update,Medium,29.0,2026/05/03
254,15701319,Complaint,Low,56.8,2026/03/30
255,15717138,Payment Failure,High,5.8,2025/12/09
256,15743673,Loan Query,Low,58.0,2025/10/21
257,15585466,Card Problem,Medium,31.9,2025/10/22
258,15798200,Account Update,Medium,37.8,2026/08/06
259,15810485,Card Problem,Low,100.6,2026/04/11
260,15794849,,Medium,13.8,2026/03/03
261,15798906,Complaint,High,3.5,2026/04/07
262,15773098,App Bug,Critical,2.6,2026/04/01
263,15686909,Login Issue,High,5.8,2026/04/30
264,15720511,Complaint,Critical,2.2,2025/09/30
265,15756538,,Low,126.1,2026/08/13
266,15677052,App Bug,Low,74.7,2026/08/03
267,15714485,Card Problem, Medium ,19.7,2026/07/30
268,15636572,Account Update,Critical,,2025/10/23
269,15801915,Account Update,Low,89.0,2025/10/04
270,15770345,Fraud Alert,High,9.5,2026/03/28
271,15738224,Fraud Alert,Low,93.7,2026/02/23
272,15690743,Payment Failure,Medium,15.5,2025/10/28
273,15642394,Account Update,Low,21.9,2026/01/08
274,15704053,Fraud Alert,Low,-5.0,2025/12/10
275,15655360,Loan Query,Critical,1.8,2025/12/09
276,15704014,Account Update,High,4.4,2026/06/04
277,15604813,App Bug,HIGH,6.8,2026/04/20
278,15600692,Fraud Alert, Low ,109.1,2025/11/13
279,15671514,Loan Query,Medium,11.4,2026/04/07
280,15566708,Account Update,Low,63.9,2025/12/05
281,15793343,Card Problem,Medium,10.6,2026/01/23
282,15664432,Fraud Alert,Medium,30.9,2026/04/27
283,15643359,App Bug,Low,-5.0,2026/01/08
284,15715527,Fraud Alert,Medium,16.1,2025/10/11
285,15608408,Card Problem,HIGH,6.1,2026/04/17
286,15661745,Account Update,Medium,23.1,2026/06/11
287,15579262,Fraud Alert,Low,66.3,2025/10/23
288,15583680,Account Update,Medium,34.1,2025/09/28
289,15753110,Payment Failure,Critical,2.1,2026/08/02
290,15804017,App Bug,Low,65.6,2026/06/06
291,15662532,App Bug,Critical,1.0,2025/09/10
292,15652289,Card Problem,Critical,1.1,2025/10/20
293,15578251,Card Problem,High,5.4,2026/01/02
294,15731890,App Bug,Low,70.6,2025/11/27
295,15598802,Fraud Alert,Low,22.7,2026/03/30
296,15727868,Loan Query,High,3.4,2026/05/09
297,15777958,Card Problem,Medium,20.2,2026/05/07
298,15641835,App Bug,Low,113.5,2025/12/21
299,15776454,Card Problem,Medium,25.9,2026/03/27
300,15581295,Payment Failure,Critical,2.9,2025/10/03
301,15623966,Card Problem,High,6.9,2025/11/26
302,15660679,Loan Query,Medium,22.7,2026/03/16
303,15771323,Complaint,critical,3.3,2025/09/04
304,15590637,Login Issue,High,,2026/03/21
305,15568573,Loan Query,Low,96.6,2026/01/16
306,15686936,Login Issue,High,3.4,2026/04/23
307,15720284,Loan Query,Low,59.7,2026/01/27
308,15625592,Fraud Alert,Medium,18.0,2026/04/07
309,15630321,Complaint,Critical,2.1,2026/08/25
310,15770345,Payment Failure,High,5.6,2026/06/14
311,15591357,Loan Query,High,6.5,2026/08/07
312,15664555,Card Problem,Critical,1.5,2026/05/10
313,15617434,Login Issue,Medium,31.3,2025/11/21
314,15795878,Account Update,Low,71.9,2025/12/09
315,15703820,Card Problem,Low,101.2,2026/02/01
316,15810800,Loan Query,High,7.0,2025/12/23
317,15647890,Login Issue,Low,78.8,2025/10/02
318,15792151,App Bug,High,6.7,2026/06/26
319,15787602,Complaint,Low,94.8,2026/06/07
320,15568834,Loan Query,High,12.5,2025/10/04
321,15622911,Login Issue,Critical,1.0,2026/02/10
322,15744717,loginn issue,Critical,0.6,2025/10/02
323,15662574,Payment Failure,Medium,25.9,2025/09/28
324,15630661,Card Problem,Low,96.0,2026/06/29
325,15737104,Payment Failure,Low,48.7,2026/05/05
326,15727317,Fraud Alert,Low,96.4,2026/05/18
327,15577700,Complaint,low,,2026/06/01
328,15764431,Login Issue,Low,85.4,2025/11/22
329,15730830,Card Problem,Medium,24.4,2025/10/02
330,15771086,,Low,59.3,2026/05/21
331,15646091,App Bug,Medium,29.9,2025/10/14
332,15585839,App Bug,Low,108.8,2025/12/07
333,15569641,Card Problem,High,5.6,2025/10/08
334,15633525,Payment Failure,High,4.5,2026/07/04
335,15787204,Payment Failure,Critical,2.4,2025/10/07
336,15574830,Login Issue,Medium,5.1,2026/08/14
337,15805627,Fraud Alert,Medium,23.3,2026/01/01
338,15571121,Card Problem,Medium,8.3,2026/03/28
339,15601569,Account Update,Medium,16.5,2025/11/03
340,15743498,App Bug,Low,56.6,2026/06/21
341,15627190,Fraud Alert,High,8.6,2026/01/07
342,15789974,Fraud Alert,Critical,1.7,2026/06/26
343,15702566,Fraud Alert,Medium,32.0,2026/07/04
344,15602845,Loan Query,Low,75.7,2025/09/23
345,15581736,Fraud Alert,Medium,,2026/07/17
346,15700813,Card Problem,Critical,2.3,2025/10/14
347,15653620,Card Problem,Critical,3.2,2026/04/05
348,15670345,Card Problem,High,10.5,2026/08/05
349,15811261,Account Update,Low,,2026/06/28
350,15573171,App Bug,High,11.1,2026/06/19
351,15777923,Login Issue,Medium,15.5,2026/05/28
352,15772573,Payment Failure,Low,74.0,2026/02/11
353,15771222,Complaint,Critical,2.5,2026/01/14
354,15726403,Card Problem,Critical,1.8,2025/12/16
355,15612418,App Bug,High,4.9,2026/08/11
356,15744398,,medium,,2026/02/10
357,15671804,Account Update,Critical,1.3,2026/01/03
358,15625905,Fraud Alert,Critical,1.8,2026/01/16
359,15720155,App Bug,Low,107.1,2026/03/24
360,15790093,Payment Failure,High,6.4,2025/11/09
361,15659677,Loan Query,Medium,20.9,2026/08/12
362,15672894,Complaint,Low,72.9,2026/07/30
363,15801767,Card Problem,Low,47.3,2026/02/03
364,15664793,Payment Failure,Medium,18.1,2026/04/25
365,15739847,Fraud Alert,Medium,25.2,2026/02/11
366,15626474,Login Issue,Low,-5.0,2025/10/10
367,15806918,Loan Query,Medium,35.3,2025/09/07
368,15578156,Card Problem,Medium,33.0,2026/04/25
369,15591932,Card Problem,Critical,2.2,2026/07/18
370,15626412,Loan Query,High,8.6,2026/06/18
371,15706587,loginn issue,Low,44.5,2025/10/24
372,15622774,Payment Failure,Low,102.6,2025/10/10
373,15622442,Loan Query,Medium,32.1,2026/06/05
374,15669516,Complaint,Medium,12.5,2025/12/21
375,15759555,Card Problem,High,,2026/05/20
376,15788151,Login Issue,medium,32.9,2026/01/16
377,15761497,App Bug,High,9.2,2025/11/09
378,15679963,Payment Failure,Medium,,2026/02/28
379,15756472,Fraud Alert,Medium,62.9,2025/10/08
380,15723411,App Bug,High,7.4,2026/01/06
381,15789924,Fraud Alert,Medium,34.9,2026/03/11
382,15760121,Card Problem,High,1.5,2026/01/26
383,15783026,Login Issue,Medium,23.1,2025/11/22
384,15789974,Fraud Alert,Critical,1.7,2026/04/15
385,15566380,Fraud Alert,Medium,13.6,2026/06/08
386,15575445,Complaint,Medium,12.3,2026/08/29
387,15656822,App Bug,Low,94.8,2026/02/04
388,15799641,Account Update,High,3.7,2026/07/13
389,15780220,Account Update,Low,112.9,2026/08/03
390,15699257,Login Issue,Low  ,40.0,2026/05/31
391,15776939,Login Issue,Low,34.6,2025/09/07
392,15704250,Loan Query,High,,2026/08/10
393,15663161,,Medium,28.5,2026/06/13
394,15701768,App Bug,Medium,23.2,2026/02/03
395,15693817,App Bug,Low,67.7,2026/08/08
396,15574206,Loan Query,Low,86.0,2025/10/26
397,15640074,Account Update,High,8.6,2025/11/10
398,15605622,App Bug,Medium,7.2,2026/01/16
399,15786170,App Bug,LOW,48.7,2025/11/01
400,15599124,Fraud Alert,Critical,1.0,2025/10/27
401,15579131,Complaint,High,3.9,2026/06/13
402,15785490,Card Problem,Medium,37.4,2025/11/21
403,15692002,App Bug,High,1.9,2026/01/20
404,15569571,Login Issue,Low,81.8,2026/01/25
405,15602844,Payment Failure,Low,70.8,2026/07/09
406,15634719,App Bug,Medium,23.4,2025/12/19
407,15634310,Account Update,High,6.5,2026/02/25
408,15683276,Account Update,Medium,30.2,2025/12/16
409,15664849,Fraud Alert,Critical,0.5,2026/08/20
410,15736043,Card Problem,Critical,1.6,2026/07/24
411,15790846,Complaint,Low,54.4,2026/01/16
412,15718242,Login Issue,Critical,3.5,2026/05/19
413,15724336,loginn issue,Medium,25.4,2026/05/11
414,15798975,Fraud Alert,Low,52.2,2026/01/09
415,15577751,Login Issue,High  ,6.0,2025/09/29
416,15755863,Complaint,Low,0.5,2025/10/20
417,15759537,Payment Failure,Low,99999.0,2026/07/24
418,15633141,Login Issue,Medium,9.5,2026/04/07
419,15624866,Complaint,High,-5.0,2026/01/22
420,15666197,Payment Failure,low,60.2,2025/09/25
421,15567923,Login Issue,Low,,2025/09/04
422,15701318,Account Update,Medium,18.1,2026/02/20
423,15654519,Complaint,Low,86.8,2025/11/08
424,15704910,Complaint,Low,55.7,2026/07/26
425,15781495,App Bug,Critical,3.7,2026/01/15
426,15714397,Fraud Alert,Low,60.1,2025/11/24
427,15723950,Loan Query,Low,65.0,2026/04/17
428,15737782,Fraud Alert,Critical,2.4,2026/06/12
429,15609643,Payment Failure,Low,40.3,2026/08/30
430,15599660,Loan Query,Low,72.0,2026/04/09
431,15757897,Card Problem,Critical,2.6,2026/06/17
432,15642291,Loan Query,High,4.4,2025/09/07
433,15592765,Account Update,Medium,21.2,2025/10/30
434,15713949,Fraud Alert,Critical  ,2.0,2025/10/11
435,15772423,Card Problem,Low,74.8,2026/08/22
436,15791700,Payment Failure,High,4.1,2025/11/18
437,15592877,Fraud Alert,Low,85.5,2026/06/09
438,15634375,App Bug,Low,57.2,2025/09/21
439,15710687,Account Update,Low,88.2,2026/03/11
440,15794874,Card Problem,Medium,31.4,2026/06/28
441,15808566,Loan Query,Critical,2.3,2026/06/12
442,15713596,Complaint,Medium,26.8,2025/11/17
443,15678201,Loan Query,Low,,2026/04/11
444,15631813,Loan Query,Low,48.0,2025/11/07
445,15765650,App Bug,Low,29.2,2025/09/24
446,15657139,Fraud Alert,Medium,17.1,2026/02/07
447,15682355,App Bug,Low,,2026/03/08
448,15691950,App Bug,Medium,30.4,2025/09/23
449,15602405,Fraud Alert,Medium,22.5,2026/03/05
450,15624695,Payment Failure,Critical,,2025/12/19
451,15684645,Login Issue,Low,55.4,2026/08/18
452,15630580,Fraud Alert,Low,41.0,2026/01/08
453,15592583,Fraud Alert,Medium,31.2,2026/08/10
454,15682778,Account Update,Low,48.5,2025/10/25
455,15736078,Login Issue,Low,50.2,2026/03/03
456,15789874,App Bug,Low,16.5,2026/06/16
457,15759684,Account Update,Critical,1.4,2026/03/30
458,15756167,Fraud Alert,Low,86.4,2026/07/17
459,15695280,Fraud Alert,Low  ,79.9,2025/11/21
460,15704770,Loan Query,High,4.9,2026/01/02
461,15724402,Complaint,Medium,19.8,2025/11/25
462,15658987,Complaint, Critical ,1.2,2025/12/02
463,15598940,Login Issue,High,6.6,2026/04/02
464,15660155,Login Issue,Medium,34.1,2025/09/15
465,15815316,Loan Query,Medium,28.8,2025/12/03
466,15569079,App Bug,High,9.6,2026/02/20
467,15797227,,Low,90.4,2026/04/01
468,15739803,Account Update,Medium,34.5,2026/08/11
469,15566292,Fraud Alert,High,6.2,2026/01/08
470,15607263,Loan Query,Medium,35.0,2026/01/17
471,15793856,Loan Query,High,6.1,2025/11/23
472,15675926,loginn issue,High,5.2,2026/08/28
473,15609070,Login Issue,Low,101.3,2025/10/28
474,15771855,Fraud Alert,Low,131.1,2026/03/17
475,15711316,Account Update,Critical,0.8,2025/09/22
476,15804814,Fraud Alert,Low,97.7,2026/05/01
477,15656249,Card Problem,Low,84.3,2025/12/25
478,15752342,Complaint,Low,105.5,2025/12/14
479,15694404,Account Update,Medium,33.4,2026/04/26
480,15595162,Login Issue,Low,84.6,2026/03/01
481,15765982,,Low,70.8,2026/02/06
482,15600583,Card Problem,Low,128.4,2025/12/28
483,15702298,App Bug,Low,,2025/12/26
484,15630580,Account Update,High,5.8,2025/09/15
485,15745844,Card Problem,Low,21.6,2026/08/06
486,15738181,Login Issue,Low,72.8,2025/12/10
487,15607560,Payment Failure,High,9.9,2026/03/26
488,15598044,Card Problem,Critical,1.3,2026/02/18
489,15763874,Card Problem,Critical,3.4,2026/01/23
490,15594039,Card Problem,Low,84.9,2025/10/08
491,15801701,App Bug,Medium,28.9,2026/01/23
492,15569807,Payment Failure,Low,76.7,2026/03/01
493,15617052,Payment Failure,Medium,18.1,2026/07/28
494,15612109,Account Update,Low,21.9,2026/05/21
495,15684358,Card Problem,Critical,1.5,2026/03/26
496,15601030,Loan Query,Critical,1.3,2026/08/16
497,15755678,,Low,60.7,2026/06/04
498,15619045,Loan Query,Medium,25.2,2026/02/19
499,15791513,Card Problem,High,1.8,2025/09/17
500,15700046,loginn issue,Critical,2.9,2025/11/01
501,15681956,Login Issue,High,2.5,2026/01/14
502,15721462,Payment Failure,Low,81.7,2025/12/03
503,15698028,Login Issue,High,2.7,2026/06/27
504,15614813,Payment Failure,Medium,-5.0,2026/01/16
505,15803654,Fraud Alert,Low,54.1,2025/09/22
506,15672966,Card Problem,Medium,25.5,2025/10/28
507,15598275,Login Issue,Low,49.7,2026/07/05
508,15785373,Card Problem,Medium,41.3,2026/04/13
509,15642022,Account Update,High,3.2,2026/02/26
510,15812071,Fraud Alert,Low,104.1,2026/02/10
511,15659495,App Bug,Low,49.6,2026/04/14
512,15676869,Fraud Alert,High,10.0,2026/07/10
513,15746553,Account Update,High,7.4,2026/05/22
514,15781530,Payment Failure,Low,43.5,2025/11/01
515,15614834,App Bug,High,7.2,2026/03/19
516,15693690,,Medium,13.6,2026/06/25
517,15774507,Complaint,Medium,20.4,2025/12/09
518,15725997,Card Problem,Medium,27.0,2026/01/11
519,15769902,Loan Query,High,7.8,2025/09/25
520,15581700,Card Problem,Medium,23.5,2026/08/31
521,15617982,Complaint,Medium,28.0,2026/04/14
522,15742297,Fraud Alert,Low,56.6,2025/09/03
523,15763798,Payment Failure,Medium,34.3,2026/05/27
524,15661275,Fraud Alert,Medium,26.0,2026/06/05
525,15613786,Login Issue,Low,4.5,2026/08/20
526,15580682,Loan Query,Medium,26.7,2026/08/12
527,15791326,,Medium,19.6,2025/12/12
528,15593014,,Critical,2.0,2026/03/08
529,15683503,Fraud Alert,High,10.2,2026/04/11
530,15617454,Login Issue, Critical ,2.0,2025/10/08
531,15780088,Account Update,Low,71.1,2026/08/09
532,15734917,Fraud Alert,High,7.3,2026/02/19
533,15649292,Complaint,Low,89.1,2026/07/19
534,15616630,Loan Query,Low,85.2,2026/02/10
535,15731026,Complaint,LOW,99999.0,2026/08/08
536,15666982,Login Issue,High,4.4,2025/11/05
537,15750497,Payment Failure,Low,35.7,2026/02/03
538,15625740,App Bug,Medium,22.3,2026/05/20
539,15725036,loginn issue,Medium,5.0,2026/02/08
540,15595303,Login Issue,Medium,34.6,2026/08/10
541,15686255,App Bug, High ,4.7,2026/03/31
542,15616270,Card Problem,Low,33.4,2026/02/17
543,15675896,Card Problem,Low,50.1,2026/03/28
544,15646609,Card Problem,High,6.2,2026/08/25
545,15696287,Login Issue,Medium,17.5,2026/02/01
546,15705885,Complaint, Low ,56.4,2026/06/13
547,15583033,Complaint,Low,41.5,2025/11/07
548,15618243,Payment Failure,Low,88.5,2025/12/10
549,15749693,Complaint,High,7.6,2026/04/06
550,15809823,Card Problem,Low,49.8,2026/08/09
551,15635240,Card Problem,Medium,39.4,2026/03/16
552,15709004,Account Update,Low,97.6,2026/08/15
553,15632669,,Medium,29.5,2025/12/01
554,15589431,App Bug,High,5.4,2026/07/15
555,15780142,Card Problem,Medium,36.4,2026/06/21
556,15605286,Complaint,Low,42.3,2026/02/04
557,15592736,Payment Failure,Low,89.8,2026/03/29
558,15591150,Payment Failure,Low,60.4,2026/06/10
559,15580623,Complaint,Low,15.1,2025/09/03
560,15635116,Account Update,High,2.8,2026/02/05
561,15757001,Complaint,Low,40.7,2026/01/27
562,15671172,loginn issue,Critical,1.6,2025/12/19
563,15730447,Card Problem,low,44.0,2026/04/11
564,15651001,Loan Query,Medium  ,24.8,2026/06/26
565,15586680,Payment Failure,Low  ,149.3,2026/07/10
566,15799652,Fraud Alert,Low,,2026/08/04
567,15626144,Loan Query,Critical,0.9,2026/02/14
568,15686909,Payment Failure,Low,69.3,2026/04/29
569,15814040,Login Issue,Critical,2.7,2026/04/17
570,15567328,loginn issue,Low,43.7,2026/04/17
571,15673599,Fraud Alert,Low,73.2,2026/08/14
572,15631800,Complaint,Low,57.2,2025/12/21
573,15602354,Fraud Alert,Low,78.1,2026/05/22
574,15608845,,Medium,31.5,2026/05/03
575,15645103,Complaint,High,3.7,2025/11/28
576,15704681,Complaint,High,-5.0,2026/08/06
577,15681081,Complaint,Low,94.0,2025/10/16
578,15642063,Login Issue,Critical,2.8,2026/01/26
579,15711316,App Bug,Critical,1.9,2026/05/24
580,15605673,Loan Query,Critical,2.7,2026/08/08
581,15710111,Loan Query,High,7.1,2026/07/24
582,15756918,Payment Failure,Low,,2026/07/17
583,15758031,Complaint,High,10.3,2026/02/21
584,15678333,Account Update,Low,81.6,2025/10/20
585,15785798,Fraud Alert,Low,48.6,2026/01/01
586,15750921,Payment Failure,Low,80.3,2026/08/13
587,15654457,Complaint,Low,62.2,2026/02/08
588,15601184,Payment Failure,Medium,19.2,2025/12/27
589,15754301,Login Issue,Low,76.1,2025/12/13
590,15749851,Payment Failure,Low,107.3,2025/11/17
591,15778345,Fraud Alert,Low,98.1,2025/09/15
592,15672798,Payment Failure,Medium,31.3,2025/09/26
593,15605000,Complaint,Low,61.6,2026/01/06
594,15733138,App Bug,Medium,26.7,2026/05/04
595,15621550,Fraud Alert,Medium,19.1,2026/07/12
596,15571995,Complaint,Low,3.0,2025/10/10
597,15617482,Fraud Alert,High,6.9,2026/04/24
598,15608246,Loan Query,High,5.6,2026/04/03
599,15734085,Complaint,Critical,99999.0,2026/07/22
600,15802368,Account Update,Critical,2.6,2026/06/24
601,15807563,Account Update,Medium,24.1,2025/12/11
602,15710553,App Bug,Critical,0.6,2026/08/25
603,15739248,Account Update,Medium,32.5,2026/03/18
604,15610765,Fraud Alert,Low,112.0,2026/05/14
605,15737814,Payment Failure,Medium,30.3,2026/03/26
606,15634591,Complaint,Critical,,2026/01/05
607,15699029,App Bug,Medium,30.3,2025/11/17
608,15684294,Loan Query,Low,75.6,2026/08/04
609,15742126,Card Problem,Medium,40.0,2026/08/21
610,15670427,Loan Query,Medium,13.4,2025/09/05
611,15677906,Login Issue,High,99999.0,2025/10/27
612,15738042,Account Update,Critical,2.3,2026/04/08
613,15750671,Card Problem,Low,44.0,2025/12/24
614,15707291,Card Problem,High,6.4,2025/12/02
615,15635256,Card Problem,Low,51.8,2026/08/25
616,15774857,Account Update,Medium,22.8,2026/05/26
617,15707674,App Bug,Low,,2026/04/28
618,15813660,Login Issue,High,5.5,2025/09/28
619,15791316,,Medium,19.3,2026/06/15
620,15737051,Login Issue,HIGH,,2026/01/08
621,15768104,Account Update,Critical,2.5,2025/11/04
622,15744553,Card Problem,Medium,21.8,2026/04/24
623,15628008,App Bug,Medium,16.5,2025/11/10
624,15569187,Card Problem,Low,108.7,2026/04/28
625,15570205,Fraud Alert,Low,103.5,2026/08/10
626,15664720,Payment Failure,Medium,29.6,2026/06/01
627,15815236,Card Problem,High,7.8,2026/06/16
628,15808526,Fraud Alert,Low,66.1,2026/07/04
629,15814116,Card Problem,high,7.7,2026/02/12
630,15670416,Payment Failure,Critical,2.8,2026/04/17
631,15643752,Loan Query,Low,82.7,2026/07/13
632,15702499,Account Update,High,6.2,2026/05/19
633,15732884,Fraud Alert,Low,39.6,2026/04/09
634,15700937,Loan Query,High,1.2,2026/06/10
635,15795458,Complaint,Medium,22.8,2026/04/19
636,15620443,Account Update,High,7.4,2025/11/23
637,15624781,Fraud Alert,Medium,36.6,2026/05/04
638,15749693,Loan Query,Medium,23.7,2026/04/21
639,15675626,Account Update,Medium,24.9,2026/01/13
640,15815097,Fraud Alert,Low,96.6,2026/01/07
641,15671148,Fraud Alert,Medium,7.6,2026/07/26
642,15671124,Login Issue,Low,115.1,2026/01/22
643,15633834,Loan Query,Medium,99999.0,2026/05/27
644,15761692,Card Problem,Low,58.4,2026/05/09
645,15571002,Account Update,Low,78.6,2026/07/20
646,15668629,Login Issue,Critical,2.1,2026/01/03
647,15723488,App Bug,High,2.3,2026/01/21
648,15662243,Payment Failure,Critical,3.8,2026/04/16
649,15742210,Card Problem,High,3.5,2025/10/12
650,15727177,Account Update,Low,111.4,2026/09/03
651,15575748,Card Problem,Low,96.9,2026/01/27
652,15655952,App Bug,Low,39.5,2026/01/01
653,15796480,Complaint,Low,131.8,2026/01/20
654,15577999,Payment Failure,Critical,2.0,2026/02/21
655,15640034,Payment Failure,Medium,12.8,2026/02/13
656,15772941,Login Issue,High,4.6,2026/06/06
657,15703117,Payment Failure,Low,90.7,2025/10/14
658,15791326,Fraud Alert,Medium,8.7,2025/11/12
659,15712568,Complaint,Medium,18.6,2025/11/19
660,15781914,Complaint,High,2.0,2025/12/30
661,15619674,Login Issue,High,8.1,2026/03/18
662,15688644,Login Issue,High,7.8,2026/08/24
663,15700650,Card Problem,Critical,1.3,2025/11/20
664,15756992,Fraud Alert,Low,40.0,2026/08/30
665,15697201,Complaint,Medium,22.0,2025/12/21
666,15655961,App Bug,Critical,2.2,2025/10/05
667,15638329,Loan Query,Low,49.8,2026/04/03
668,15745083,App Bug,Low,61.9,2026/03/30
669,15603554,Payment Failure,Low,83.8,2026/02/19
670,15596575,Fraud Alert,Critical,-5.0,2026/06/07
671,15755649,Login Issue,Low,69.6,2026/04/29
672,15738785,Account Update,High,7.8,2026/04/03
673,15604314,Complaint,Low,81.8,2025/10/04
674,15785485,Card Problem,Low,88.2,2025/12/17
675,15711716,Complaint,Low,90.6,2026/04/06
676,15699619,Payment Failure,Critical,0.8,2026/03/21
677,15714920,Card Problem,Medium,22.7,2026/06/29
678,15579334,Card Problem,High,4.6,2026/08/25
679,15590199,loginn issue,Low,65.5,2025/09/13
680,15652700,Fraud Alert,Critical,2.6,2026/06/24
681,15587174,App Bug,Critical,2.1,2026/03/16
682,15571193,Card Problem,Critical,2.3,2026/05/05
683,15697034,Complaint,Low,107.2,2025/09/06
684,15814032,Card Problem,Low,103.1,2026/03/02
685,15634359,Payment Failure,Low,,2026/02/02
686,15726556,Complaint,Low,122.2,2026/03/21
687,15580935,Login Issue,Medium,43.7,2026/04/05
688,15744046,Payment Failure,Low,88.5,2026/06/05
689,15790254,Account Update,Medium,30.7,2026/06/09
690,15611669,App Bug,High,7.7,2026/07/08
691,15701037,Fraud Alert,Medium,19.0,2025/12/24
692,15758136,Fraud Alert,Critical,2.2,2026/05/10
693,15719991,Account Update,Low,69.6,2025/12/24
694,15633474,App Bug,Low,59.9,2026/01/20
695,15642833,Account Update,Medium,32.1,2026/04/14
696,15679200,Loan Query,High,6.0,2026/05/09
697,15571869,,Medium,23.8,2025/09/17
698,15670427,Login Issue,Low,62.1,2026/03/21
699,15758451,App Bug,Medium,34.0,2026/02/22
700,15751445,Fraud Alert,Medium,19.6,2026/08/11
701,15657779,Payment Failure,Low,71.5,2026/08/16
702,15780961,App Bug,High,6.3,2026/03/29
703,15573319,,Low,68.5,2025/11/26
704,15715345,Account Update,Medium,35.4,2026/04/30
705,15772650,Loan Query,Low,,2025/11/07
706,15803337,Loan Query,Medium,24.7,2026/07/18
707,15645593,Payment Failure,Critical,2.7,2026/06/03
708,15638068,Loan Query,Medium,15.3,2025/09/16
709,15758451,Fraud Alert,Critical,0.8,2026/03/23
710,15614520,Account Update,Low,48.4,2026/07/03
711,15592751,Login Issue,Medium,48.7,2026/06/18
712,15664802,Loan Query,Low,-5.0,2026/08/08
713,15733119,Loan Query,High,,2025/09/16
714,15708228,Complaint,Low,105.5,2025/10/15
715,15589643,Card Problem,Low,94.6,2026/07/29
716,15649744,Loan Query,LOW,0.5,2026/04/10
717,15687903,Card Problem,Medium,25.5,2025/11/11
718,15751057,Fraud Alert,High,5.6,2026/04/27
719,15740458,App Bug,Critical,2.8,2025/12/05
720,15619616,Account Update,High,7.9,2025/09/28
721,15570947,Complaint,Low,69.4,2026/01/14
722,15713479,App Bug,Low,53.7,2026/03/16
723,15603378,Fraud Alert,Medium,14.9,2026/02/17
724,15629078,Login Issue,Critical,0.5,2025/12/20
725,15685226,App Bug,Low,,2026/04/23
726,15785899,Account Update,medium,27.0,2026/02/17
727,15629545,Card Problem,High,8.1,2026/02/22
728,15592000,Fraud Alert,High,4.1,2026/03/16
729,15731166,Account Update, High ,4.4,2026/01/23
730,15720338,Fraud Alert,Low,74.2,2026/04/06
731,15706647,Complaint,Medium,35.8,2026/01/10
732,15749964,Login Issue,Low,106.2,2025/10/14
733,15681274,loginn issue,Critical,1.7,2026/05/01
734,15769356,Payment Failure,Critical,3.0,2025/09/12
735,15798943,Payment Failure,Medium,22.9,2026/06/06
736,15655961,Card Problem,Critical,2.6,2025/09/29
737,15672152,Login Issue,Critical,2.6,2026/03/01
738,15651369,App Bug,Medium,30.5,2025/12/26
739,15806327,App Bug,Medium,99999.0,2026/08/01
740,15668818,Payment Failure,Low,56.3,2025/10/08
741,15594408,App Bug,Low,90.5,2026/08/02
742,15694209,App Bug,Low,47.1,2025/09/23
743,15641835,Account Update,Low  ,127.0,2025/09/18
744,15627665,App Bug,Critical,2.4,2026/01/07
745,15660147,Card Problem, High ,,2025/12/14
746,15643908,App Bug,High,7.5,2025/09/13
747,15637354,Payment Failure,High,6.2,2026/07/18
748,15658852,App Bug,Low,94.8,2025/11/20
749,15756148,Complaint,High,4.0,2026/01/03
750,15793346,Payment Failure,Medium,31.3,2025/11/06
751,15724307,Account Update,Low,67.0,2026/05/03
752,15809800,App Bug,Critical,1.8,2026/08/11
753,15577398,Complaint,Critical,,2025/10/31
754,15762351,Fraud Alert,High,7.1,2026/06/18
755,15700263,App Bug, Critical ,1.6,2025/12/23
756,15718507,Account Update,Critical,2.7,2026/04/29
757,15724663,Card Problem,Medium  ,49.0,2026/08/27
758,15765732,Card Problem,Critical,0.5,2026/01/12
759,15624293,Account Update,High,4.4,2026/03/10
760,15598586,Loan Query,Medium,41.8,2025/11/27
761,15666173,Payment Failure,Medium,35.2,2026/07/10
762,15580914,Fraud Alert,Low,90.9,2026/07/10
763,15658716,App Bug,High,6.9,2025/10/31
764,15663770,Complaint,Medium,42.6,2025/11/25
765,15664752,Account Update,High,0.5,2026/02/09
766,15797381,Loan Query,Low,115.9,2025/10/28
767,15751022,Payment Failure,Low,42.8,2026/06/26
768,15745794,Account Update,Medium,31.4,2025/09/16
769,15721303,Loan Query,Low,80.5,2026/02/09
770,15702277,Account Update,High,0.5,2026/06/24
771,15599329,Loan Query,High,5.3,2026/08/15
772,15806922,Fraud Alert,Low,,2026/03/14
773,15621687,Payment Failure,Low,,2026/03/25
774,15636860,Card Problem,High,8.6,2025/12/13
775,15622443,Fraud Alert,Low,76.1,2025/10/11
776,15725639,Fraud Alert,Critical,1.2,2026/07/03
777,15700964,Complaint,LOW,61.3,2026/08/22
778,15777855,Payment Failure,High,,2026/07/21
779,15640922,Card Problem,Low,77.5,2026/01/05
780,15598892,Payment Failure,High,3.6,2025/10/25
781,15701074,Login Issue,Low,97.9,2026/08/25
782,15780572,Complaint,Low,61.5,2026/02/04
783,15652693,Complaint,Medium,16.2,2026/08/19
784,15684865,Fraud Alert,Medium,23.9,2026/07/07
785,15782758,Card Problem,Medium,18.9,2025/11/03
786,15691119,,Low,89.8,2026/06/19
787,15681878,Login Issue,Low,64.3,2025/09/24
788,15588670,Complaint,Low,,2026/02/27
789,15712319,Complaint,Medium,99999.0,2026/06/02
790,15693902,Account Update,Medium,26.7,2026/04/10
791,15703413,Complaint,Low,67.8,2026/08/07
792,15650391,Payment Failure,Medium,33.0,2026/03/11
793,15643056,Complaint,Medium,23.7,2025/10/08
794,15788189,Card Problem,Low,84.6,2026/05/20
795,15623502,Account Update,Critical,2.5,2026/07/31
796,15633950,Account Update,Critical,1.3,2026/02/24
797,15728605,Login Issue,Medium,33.6,2025/09/09
798,15674991,Card Problem,Medium,18.5,2026/04/06
799,15723864,Complaint,Medium,26.9,2026/05/11
800,15712403,Card Problem,Medium,13.3,2025/10/27
801,15676521,Complaint,Low,28.2,2026/04/12
802,15616700,Loan Query,Low,69.3,2026/03/07
803,15681924,Complaint,Medium,22.1,2026/07/25
804,15566494,Loan Query,Critical,2.8,2026/04/26
805,15775067,Loan Query,High,5.4,2026/08/31
806,15781465,Card Problem,Low,85.1,2025/11/20
807,15699238,Loan Query,Critical,1.6,2026/04/13
808,15781875,Fraud Alert,Low,20.7,2025/12/02
809,15580227,Card Problem,Critical,1.4,2026/05/28
810,15756471,loginn issue,High,3.8,2026/08/02
811,15671387,Card Problem,High,8.5,2026/01/19
812,15685357,Card Problem,Low,65.7,2026/07/15
813,15801473,Login Issue,Critical,2.0,2026/06/05
814,15809736,Login Issue,Medium,29.1,2026/05/08
815,15586993,,Medium,32.2,2026/04/29
816,15624323,Card Problem,High,8.9,2026/04/14
817,15626507,Complaint,High,5.3,2026/07/03
818,15746695,Login Issue,Low,70.8,2026/01/18
819,15612358,Payment Failure,Medium,28.7,2026/02/15
820,15643439,Payment Failure,Low,45.7,2026/01/06
821,15618446,Payment Failure,High,8.4,2025/10/17
822,15760121,Fraud Alert,Low,60.5,2026/01/23
823,15729718,Payment Failure,Low,164.4,2026/04/21
824,15629475,Login Issue,MEDIUM,11.7,2026/01/05
825,15642391,Login Issue,Low,0.5,2026/04/28
826,15643359,Loan Query,Medium,,2026/06/21
827,15642004,Loan Query,Low,71.6,2026/07/12
828,15802758,Payment Failure,Critical,1.9,2026/08/11
829,15764294,Fraud Alert,Low,69.8,2026/03/16
830,15623277,Complaint,Critical,1.5,2026/02/22
831,15783083,Account Update,Medium,31.7,2025/09/17
832,15578251,App Bug,High,4.9,2026/05/14
833,15756241,App Bug,High,4.2,2026/02/16
834,15758171,App Bug,Medium,21.5,2025/12/05
835,15700046,Login Issue,Low,81.4,2026/05/10
836,15575510,Login Issue,Low,103.0,2025/12/20
837,15782939,Account Update, Critical ,99999.0,2026/03/03
838,15605950,Complaint,Medium,28.8,2026/01/13
839,15684319,Loan Query,Low,127.3,2026/02/24
840,15582892,App Bug,High,2.9,2026/01/24
841,15730705,Complaint,Low,41.0,2026/07/05
842,15754952,Fraud Alert,Medium,26.6,2026/08/28
843,15762138,Payment Failure,High,5.3,2026/01/22
844,15612505,Payment Failure,Medium  ,19.1,2026/06/14
845,15678882,Loan Query,Critical,2.2,2025/09/08
846,15692291,,Medium,14.1,2026/05/25
847,15637753,loginn issue,Medium,11.4,2025/12/09
848,15763093,Loan Query, High ,7.1,2025/10/16
849,15567893,Fraud Alert,High,6.4,2026/01/04
850,15740164,Payment Failure,High,5.0,2026/03/30
851,15744295,Login Issue,Low,,2026/05/11
852,15654495,Complaint,Critical,2.7,2026/06/14
853,15732621,Account Update,Low,79.1,2026/01/04
854,15571081,Fraud Alert,Critical,2.3,2026/08/22
855,15577683,Fraud Alert,Medium,24.8,2026/05/04
856,15795936,Complaint,High,8.7,2026/07/30
857,15697318,Fraud Alert,Critical,1.8,2026/09/02
858,15653620,Card Problem,Critical,3.2,2026/05/12
859,15646609,Complaint,Critical,3.4,2026/04/20
860,15708196,Payment Failure,Medium,18.3,2025/09/11
861,15795511,Complaint,Low,116.9,2025/10/20
862,15807768,App Bug,Medium,32.4,2026/01/31
863,15773098,Fraud Alert,Medium,29.9,2025/12/25
864,15706365,Fraud Alert,Low,66.7,2026/03/29
865,15748608,Payment Failure,Medium,19.1,2026/08/23
866,15569976,Login Issue,High,10.7,2026/01/05
867,15657228,Loan Query,Medium,26.8,2026/02/06
868,15575060,Login Issue,Low,66.2,2026/08/08
869,15591107,App Bug,Critical,1.1,2026/06/27
870,15663964,Payment Failure,Low,83.1,2026/03/10
871,15681126,Account Update,Low,,2026/05/03
872,15676353,Login Issue,Low,71.5,2026/06/13
873,15777743,Payment Failure,Low,33.3,2026/06/01
874,15683562,Login Issue,Medium,9.5,2026/02/26
875,15780498,Loan Query,Medium,22.0,2026/04/08
876,15575623,App Bug,Medium,,2026/06/11
877,15787204,,Medium,24.5,2026/02/19
878,15619801,Complaint,Critical,2.6,2026/03/02
879,15641822,Fraud Alert,High,3.7,2026/08/28
880,15706131,App Bug,Medium,34.8,2026/04/23
881,15566211,Account Update,Low,63.4,2026/01/19
882,15600379,Login Issue,High,7.2,2026/02/06
883,15595324,Complaint,Medium,25.1,2026/01/09
884,15812534,,Low,43.4,2025/12/30
885,15617934,Login Issue,Low,32.2,2025/11/03
886,15750248,Payment Failure,Medium,21.5,2025/12/10
887,15677550,Complaint,Low,64.0,2026/02/11
888,15676353,Card Problem,Critical,2.5,2025/11/03
889,15790810,Complaint,Critical,1.9,2026/06/04
890,15804235,Card Problem,Medium,25.5,2026/08/22
891,15615931,Account Update,Medium,30.6,2025/12/06
892,15777904,Account Update,Medium,5.5,2025/12/10
893,15645355,Loan Query,Low,70.3,2025/12/22
894,15769959,Card Problem,High,8.6,2026/05/08
895,15644765,Complaint,Medium,-5.0,2026/01/22
896,15801441,Fraud Alert,Critical,1.8,2026/07/01
897,15815043,Fraud Alert,Low,59.3,2026/05/29
898,15764409,Login Issue,Medium,23.1,2026/07/05
899,15587596,loginn issue,Medium,33.4,2026/01/25
900,15795224,Account Update,Low,109.6,2025/10/24
901,15623489,Login Issue,High,7.0,2025/12/11
902,15640266,Loan Query,Low,,2026/02/01
903,15771569,Card Problem, Medium ,13.8,2025/12/28
904,15756305,Account Update,High,10.4,2026/03/06
905,15751748,Card Problem,Low,99.1,2025/12/03
906,15595426,Payment Failure,Medium,7.4,2026/02/04
907,15576077,Login Issue,Low,45.9,2025/09/10
908,15606273,Payment Failure,Medium,17.1,2026/08/31
909,15710295,App Bug,Low,45.2,2026/06/03
910,15635531,Loan Query,Low,88.5,2025/11/06
911,15704771,Login Issue,Medium,27.6,2026/01/21
912,15614213,Account Update,Medium,15.6,2025/09/26
913,15650351,Card Problem,Critical,0.9,2025/09/30
914,15581332,Account Update,Critical,1.6,2026/06/13
915,15802088,Account Update,Medium,10.6,2026/01/30
916,15766137,Card Problem,High,8.1,2026/08/26
917,15714397,Payment Failure,Medium,16.2,2025/11/06
918,15619340,Payment Failure,MEDIUM,32.9,2026/07/26
919,15773071,Loan Query, Low ,83.0,2026/05/12
920,15589147,Login Issue,Critical,2.4,2025/10/25
921,15749177,Loan Query,High,8.1,2025/09/09
922,15692744,Loan Query,Low,65.7,2026/06/23
923,15729574,Loan Query,Medium,32.8,2026/01/26
924,15669887,Login Issue,High,8.9,2026/05/01
925,15809057,Card Problem,Medium,12.5,2026/05/06
926,15605791,Complaint,Medium,25.0,2026/04/16
927,15746326,Account Update,Low,84.6,2026/02/24
928,15799924,Loan Query,Medium,13.2,2025/12/06
929,15582246,Loan Query,High  ,2.2,2025/09/29
930,15670343,Fraud Alert,Low,54.3,2026/01/10
931,15612064,Complaint,Medium,30.7,2026/05/05
932,15770974,App Bug,Low,63.3,2025/10/31
933,15805104,App Bug,Low,84.1,2025/10/06
934,15636812,Account Update,Medium,35.5,2026/03/27
935,15642726,Loan Query,High,,2026/05/12
936,15745844,App Bug,Low,73.9,2025/10/10
937,15775662,Card Problem, High ,6.3,2026/06/25
938,15779247,App Bug,Medium,28.4,2026/07/22
939,15643752,Login Issue,Medium,31.0,2026/08/20
940,15811978,Card Problem,High,3.0,2025/09/30
941,15643330,Fraud Alert,medium,42.9,2025/11/19
942,15602282,Fraud Alert,High,2.9,2025/11/18
943,15670943,Loan Query,High,6.2,2026/06/18
944,15765322,Fraud Alert,Medium,24.5,2026/02/05
945,15754999,Account Update,Medium,25.4,2025/10/16
946,15612103,Loan Query,Critical,0.7,2026/01/08
947,15810834,Account Update,Critical,3.0,2025/11/02
948,15628950,Complaint,Low,99999.0,2026/06/15
949,15608760,Fraud Alert,Critical,1.2,2026/04/04
950,15810347,,Critical,1.0,2026/07/10
951,15716605,Complaint,Medium,18.8,2026/07/05
952,15776404,Payment Failure,Low,67.1,2026/07/16
953,15685706,Loan Query,Medium,21.9,2025/12/27
954,15640865,Account Update,Medium,-5.0,2026/05/28
955,15726796,Account Update,Low,80.5,2026/03/16
956,15712960,Card Problem,Medium,36.4,2026/04/21
957,15739131,Card Problem,Low,56.8,2026/04/17
958,15733883,Fraud Alert,Low,50.0,2026/02/02
959,15651554,Fraud Alert,High,5.5,2026/07/01
960,15651868,App Bug,Low,87.7,2026/04/10
961,15627027,Loan Query,Medium,39.0,2026/02/06
962,15787258,Card Problem,Critical,3.2,2026/06/21
963,15778345,,High,2.5,2026/07/17
964,15580227,Card Problem,Low,44.8,2025/10/03
965,15697045,App Bug,Low,80.2,2026/07/12
966,15649112,Card Problem,Critical,-5.0,2025/10/23
967,15735439,Card Problem,Critical,1.5,2025/12/18
968,15690330,Fraud Alert,Medium,24.5,2026/07/20
969,15644005,Account Update, Critical ,2.3,2025/12/20
970,15787772,App Bug,Critical,2.0,2026/01/16
971,15665760,Loan Query,Low,67.4,2026/08/07
972,15656454,Account Update,Low,35.8,2025/10/14
973,15764491,App Bug,Low,53.9,2025/11/22
974,15779862,Card Problem,Critical,2.7,2026/01/03
975,15675450,Card Problem,Low,88.3,2025/11/30
976,15726631,Account Update,Low,30.1,2026/06/12
977,15709994,Loan Query,High,10.7,2025/10/11
978,15694556,Card Problem,Low,86.8,2025/11/22
979,15695932,Loan Query,Low,52.2,2025/09/04
980,15592028,Account Update,Medium,25.1,2026/03/31
981,15658306,Complaint,Medium,21.8,2026/04/21
982,15581733,Complaint,Medium,19.3,2026/08/21
983,15598782,Account Update,Medium,14.1,2026/07/04
984,15782418,Card Problem,High,3.5,2026/05/01
985,15735263,Complaint,Medium,40.6,2026/01/30
986,15658485,App Bug,Critical,3.9,2025/09/19
987,15667456,Complaint,Critical,1.3,2025/12/30
988,15664432,loginn issue,High,6.5,2026/01/28
989,15748473,Card Problem,Medium,18.1,2026/08/30
990,15579040,Account Update,Low,106.2,2026/01/25
991,15739248,Loan Query,Low,77.7,2026/08/28
992,15615096,Card Problem,Medium,,2026/04/23
993,15809137,Fraud Alert,Low,38.2,2025/10/09
994,15659495,Account Update,Critical,2.3,2026/08/20
995,15773869,Complaint,Medium,22.0,2025/12/31
996,15700854,Login Issue,Medium,36.2,2026/01/16
997,15647111,Fraud Alert,Low,103.2,2026/07/20
998,15613886,App Bug,Low,73.6,2026/07/01
999,15754574,Complaint,Low,89.7,2026/08/07
1000,15646632,Card Problem,Medium,27.7,2025/12/13
1001,15623730,Complaint,Critical,2.9,2026/04/08
1002,15606507,Account Update,Critical,,2025/10/31
1003,15793478,App Bug,Low,52.6,2026/06/08
1004,15750808,Complaint,High,5.6,2025/12/27
1005,15715877,App Bug,Low,85.1,2026/07/31
1006,15793478,Account Update,Critical,1.4,2025/11/18
1007,15811742,Complaint,Low,64.6,2026/01/17
1008,15615624,Card Problem,Medium,35.8,2025/11/14
1009,15572801,Payment Failure,Medium,24.0,2025/10/09
1010,15659100,Complaint,Critical,1.8,2025/10/03
1011,15567834,Fraud Alert,High,7.9,2025/11/26
1012,15699753,Card Problem,Low,75.3,2026/02/07
1013,15753840,Account Update,High,7.1,2026/07/04
1014,15691792,Login Issue,Low,45.8,2026/06/21
1015,15619087,Payment Failure,Low,61.8,2026/01/28
1016,15637646,Account Update,High,13.4,2026/04/15
1017,15669922,App Bug,Critical,1.0,2025/11/05
1018,15751549,Payment Failure,Critical,2.7,2026/04/30
1019,15598695,Fraud Alert,Low,53.6,2026/08/21
1020,15734970,Card Problem,High,10.4,2026/02/05
1021,15719940,,Low,72.5,2026/08/27
1022,15636541,,Critical,2.9,2026/03/28
1023,15732832,Complaint,Critical,1.9,2026/01/20
1024,15757897,Card Problem,Low,33.2,2026/05/17
1025,15717056,Complaint,Low,115.3,2026/06/06
1026,15659002,Login Issue,Medium,27.5,2026/05/13
1027,15802617,Loan Query,Low,42.4,2026/04/15
1028,15772941,Complaint,Low,88.5,2025/10/14
1029,15641480,Payment Failure,Low,128.3,2026/07/06
1030,15633525,,Low,51.6,2025/09/23
1031,15721469,Complaint,Medium,21.9,2026/04/12
1032,15773804,Fraud Alert,Low,78.9,2026/02/15
1033,15780498,App Bug,Medium,-5.0,2026/07/09
1034,15646168,Complaint,High,2.9,2026/01/09
1035,15662908,Card Problem,High,11.2,2025/09/16
1036,15721189,Login Issue,Critical,3.1,2025/10/19
1037,15639004,Loan Query,Medium,20.8,2025/12/29
1038,15738634,Login Issue,Low,112.1,2026/08/14
1039,15647311,Login Issue,Medium,,2026/06/24
1040,15626144,Payment Failure,Low,64.9,2026/06/30
1041,15784526,Fraud Alert,High,6.0,2025/09/13
1042,15751943,Loan Query,Low,67.8,2026/08/13
1043,15802071,Fraud Alert,Medium,31.7,2026/01/18
1044,15764073,Fraud Alert,Critical,1.2,2026/06/25
1045,15720774,Loan Query,Low,39.6,2025/09/23
1046,15617252,Complaint,Low,46.0,2025/12/01
1047,15632365,Complaint,Low,,2026/05/01
1048,15640769,Card Problem,Low,74.3,2026/05/26
1049,15667289,Account Update,Critical,0.9,2026/08/02
1050,15668248,Login Issue,Critical,2.0,2026/04/17
1051,15731148,Account Update,Low,91.6,2026/01/23
1052,15766017,Fraud Alert,Medium,21.5,2025/12/04
1053,15663312,,Critical,2.9,2026/06/29
1054,15576680,App Bug,Medium,28.6,2026/04/14
1055,15687884,App Bug,Low,105.6,2026/07/25
1056,15729359,Login Issue,Medium,39.3,2026/05/12
1057,15810716,App Bug,Medium,14.9,2025/10/19
1058,15720919,Login Issue,Medium,11.1,2026/05/01
1059,15565996,Account Update,Medium,17.8,2026/02/28
1060,15565706,Loan Query,Low,73.9,2026/03/31
1061,15806049,Card Problem,Medium,24.3,2026/02/20
1062,15658668,Loan Query,Low,31.7,2026/02/14
1063,15643770,,Critical,,2026/08/12
1064,15685872,,Critical,1.7,2025/10/26
1065,15606944,Card Problem,Medium,28.8,2025/11/24
1066,15622003,Fraud Alert,Critical,2.2,2026/02/18
1067,15662098,Complaint,Medium,31.6,2026/04/01
1068,15658306,Login Issue,Low,120.3,2026/08/24
1069,15735358,Payment Failure,Low,80.2,2026/05/14
1070,15668774,Login Issue,Low,60.1,2026/01/28
1071,15599131,Card Problem,High,5.4,2026/08/08
1072,15635752,App Bug,Medium,17.9,2026/03/27
1073,15623644,Login Issue,High,8.9,2026/06/11
1074,15632551,App Bug,medium,29.7,2025/09/21
1075,15703264,Loan Query,High,8.7,2026/04/23
1076,15619304,Payment Failure,medium,23.0,2025/10/18
1077,15598275,Complaint,High,6.7,2026/02/11
1078,15631681,Payment Failure,Low,51.5,2026/01/10
1079,15739592,Complaint,Critical,1.4,2026/02/15
1080,15673599,Payment Failure,Low,53.2,2025/11/01
1081,15668270,Payment Failure,High,5.5,2026/03/28
1082,15649160,Loan Query,High,5.4,2026/05/24
1083,15697183,Fraud Alert,Critical,1.0,2025/09/03
1084,15664432,Fraud Alert,Medium,99999.0,2026/08/05
1085,15625092,Loan Query,Medium,6.6,2026/06/07
1086,15781530,Complaint,Medium,30.3,2026/04/27
1087,15690647,Payment Failure,Medium,14.7,2026/04/02
1088,15814268,Account Update,Medium,23.3,2025/09/30
1089,15626233,Account Update,Low,76.0,2025/12/08
1090,15658716,App Bug,Low,29.4,2026/05/26
1091,15764448,Account Update,Medium,32.8,2026/03/07
1092,15691323,Loan Query,Low,52.7,2026/07/18
1093,15639530,Complaint,Low,11.7,2026/05/16
1094,15713426,Account Update,Medium,31.4,2026/07/20
1095,15766686,,Medium,,2026/04/17
1096,15804962,Card Problem,Low,74.3,2025/09/29
1097,15625942,Loan Query,Low,65.1,2025/12/16
1098,15605918,Payment Failure,Low,70.5,2026/01/17
1099,15625698,Loan Query,Medium,14.0,2026/06/11
1100,15729689,Complaint,Medium,33.7,2025/11/09
1101,15808386,Card Problem,High,7.5,2026/01/28
1102,15729908,Card Problem, Critical ,2.5,2026/04/15
1103,15809279,Card Problem,Medium,29.8,2026/08/26
1104,15745605,App Bug,Low,157.3,2026/05/09
1105,15621353,Login Issue,High,,2025/11/04
1106,15646756,Complaint,Medium,20.3,2025/09/17
1107,15619616,Payment Failure,Medium,31.8,2026/07/22
1108,15767339,App Bug,Low,98.0,2026/07/11
1109,15688637,Login Issue,Low,67.5,2026/01/03
1110,15774401,Fraud Alert,High,4.8,2026/09/01
1111,15755262,Login Issue,Medium,14.2,2025/11/23
1112,15704081,Fraud Alert,Low,99999.0,2026/02/09
1113,15580914,Payment Failure,Medium,42.5,2026/06/12
1114,15711254,Login Issue,High,3.6,2025/09/10
1115,15592089,Payment Failure,Critical,,2026/06/12
1116,15658852,App Bug,Medium,29.9,2026/03/30
1117,15585255,Card Problem,Medium,27.4,2025/10/20
1118,15757895,Login Issue, Low ,114.3,2025/12/27
1119,15636562,Login Issue,Low,94.2,2025/10/31
1120,15566312,Login Issue,Medium,37.1,2026/04/27
1121,15581840,App Bug,High,6.6,2025/11/02
1122,15646817,Payment Failure,High,7.6,2026/07/31
1123,15612627,Account Update,High,6.5,2025/11/20
1124,15790412,,Critical,3.2,2026/05/16
1125,15791944,App Bug,High,4.7,2026/01/30
1126,15726167,loginn issue,Medium,25.5,2026/05/21
1127,15595447,Card Problem,Low,73.2,2026/08/30
1128,15646091,Fraud Alert,High,6.7,2026/01/20
1129,15614740,Complaint,Medium,36.0,2026/04/03
1130,15609475,Login Issue,High,9.2,2026/05/08
1131,15659094,Card Problem, Critical ,1.7,2026/05/02
1132,15665180,Card Problem,Medium,26.4,2026/01/05
1133,15630920,Account Update,Critical,2.2,2026/04/24
1134,15795571,Card Problem,High,7.8,2026/06/12
1135,15624667,Fraud Alert,Critical,1.4,2025/11/16
1136,15676715,Payment Failure,Critical,-5.0,2026/03/18
1137,15694566,Login Issue,Medium,33.0,2025/12/09
1138,15781586,Login Issue,Low,92.5,2026/07/06
1139,15797751,Loan Query,Medium,12.1,2026/05/21
1140,15630592,Loan Query,Low,88.9,2025/11/11
1141,15742480,Loan Query,Low,57.1,2025/10/08
1142,15605000,Fraud Alert,Low,86.0,2026/01/22
1143,15721715,Fraud Alert,Low,96.0,2026/04/03
1144,15600399,Payment Failure, Low ,26.0,2026/02/24
1145,15733460,App Bug,High,99999.0,2026/05/20
1146,15620344,Loan Query,High,3.1,2026/01/17
1147,15654959,Payment Failure,Medium,-5.0,2025/09/04
1148,15621466,App Bug,Medium,32.2,2026/01/25
1149,15589348,App Bug,Critical,0.5,2026/02/02
1150,15673599,Fraud Alert,Low,73.2,2026/06/30
1151,15782879,Loan Query,Low,63.6,2026/06/26
1152,15765322,,High,3.6,2026/08/06
1153,15624936,Card Problem,Medium,13.6,2026/05/11
1154,15699389,Card Problem,High,6.9,2025/11/18
1155,15583278,Account Update,Low,67.3,2026/04/19
1156,15728706,Card Problem,Medium,24.7,2026/06/05
1157,15586585,Fraud Alert,Critical,1.0,2026/05/08
1158,15803801,Fraud Alert,Low,70.6,2026/02/26
1159,15701738,App Bug,Medium,16.6,2026/02/20
1160,15710316,Card Problem,High,7.8,2026/06/12
1161,15603582,App Bug,Low,71.9,2026/06/08
1162,15801293,Loan Query,Medium,18.7,2026/03/15
1163,15628420,Complaint,High,9.5,2026/04/24
1164,15654379,Fraud Alert,High,8.0,2026/02/14
1165,15728362,Login Issue,Low,102.7,2025/12/08
1166,15750264,Login Issue,Medium,22.5,2026/08/26
1167,15671987,Loan Query,Low,93.0,2026/01/03
1168,15677146,Account Update,Low,52.5,2026/06/22
1169,15586931,Account Update,High,4.9,2026/03/18
1170,15722845,Card Problem,High,4.7,2025/12/31
1171,15574858,Card Problem,Medium,20.6,2026/04/01
1172,15617301,App Bug,Low,79.4,2025/09/25
1173,15577999,Complaint,High,5.0,2026/02/12
1174,15642448,,Medium,10.4,2026/05/03
1175,15679928,Loan Query,Critical,3.5,2026/08/30
1176,15803479,Card Problem,Low,87.9,2026/03/17
1177,15789941,Complaint,Low,78.2,2026/03/19
1178,15616029,Login Issue,Low,38.2,2026/08/08
1179,15724443,Payment Failure,Critical,1.9,2026/08/02
1180,15768476,App Bug,Low,36.6,2025/11/19
1181,15740470,Card Problem,High,6.4,2026/05/14
1182,15571869,Complaint,High,9.5,2025/09/21
1183,15650026,Account Update,High,3.1,2025/11/06
1184,15762455,App Bug,High,7.1,2026/05/18
1185,15712287,Card Problem,Low,55.6,2026/07/02
1186,15698664,Fraud Alert,Low,69.8,2026/02/19
1187,15571144,Login Issue,Medium,27.8,2025/10/24
1188,15732202,Card Problem,Medium,32.6,2026/04/16
1189,15729087,Payment Failure,Low,60.8,2025/10/24
1190,15640627,App Bug,Low,92.2,2026/05/30
1191,15602354,Complaint,Low,47.7,2026/04/24
1192,15691387,Fraud Alert,Low,,2025/09/10
1193,15799479,Complaint,Medium,30.2,2025/11/15
1194,15680611,Account Update,Low,79.7,2026/03/31
1195,15721377,Payment Failure,Low,58.8,2026/08/04
1196,15812720,Card Problem,High,4.4,2025/11/21
1197,15751912,Card Problem,High,6.0,2025/10/11
1198,15709780,Payment Failure,Medium,10.2,2026/05/01
1199,15674254,Fraud Alert,Medium,99999.0,2026/01/16
1200,15785980,Account Update,Critical,3.4,2026/02/23
1201,15783865,Loan Query,Low,58.9,2026/07/19
1202,15747265,Loan Query,Low,60.4,2026/08/23
1203,15814092,,High,5.2,2026/03/25
1204,15582180,Login Issue,High,5.4,2026/08/01
1205,15721715,Card Problem,Medium,25.3,2025/10/14
1206,15605742,Card Problem,High,7.2,2026/02/18
1207,15732903,Card Problem,High,6.9,2026/08/14
1208,15747168,Fraud Alert,High,5.0,2026/06/03
1209,15803538,Login Issue,High,6.7,2026/03/16
1210,15589204,App Bug,Medium,32.0,2026/02/12
1211,15684960,Fraud Alert,Medium,12.3,2026/07/20
1212,15662189,App Bug,Low,63.1,2026/05/10
1213,15693737,App Bug,Medium,26.2,2026/06/07
1214,15689322,Account Update,Medium,25.4,2025/09/21
1215,15726931,Account Update,Low,120.7,2026/07/16
1216,15682048,Complaint,Critical,2.9,2025/10/08
1217,15769064,Card Problem,Low,0.5,2026/01/01
1218,15794849,Login Issue,Critical,,2026/07/23
1219,15780140,loginn issue,High,99999.0,2026/08/19
1220,15569526,Account Update,High,6.6,2026/01/28
1221,15596647,Login Issue,Medium,13.5,2025/12/28
1222,15674991,Card Problem,Low,70.7,2025/10/19
1223,15809137,Payment Failure,Low,,2026/04/13
1224,15568360,Loan Query,Medium,24.2,2025/10/23
1225,15797160,Complaint,Medium,17.9,2026/07/24
1226,15636812,Card Problem,Medium,14.1,2026/08/29
1227,15637599,Complaint,Critical,3.3,2025/10/24
1228,15599829,Complaint,Medium,13.0,2026/04/18
1229,15611186,Payment Failure,Medium,,2025/11/27
1230,15730038,Complaint,Medium,29.8,2026/08/24
1231,15711181,Loan Query,High,6.0,2026/02/03
1232,15804256,Account Update,Low,29.6,2025/09/17
1233,15749519,Payment Failure,Medium,28.1,2025/09/26
1234,15788494,Complaint,medium,27.6,2026/02/16
1235,15601719,Loan Query,Low,97.3,2025/10/01
1236,15751392,Payment Failure,Medium,34.2,2026/01/31
1237,15746970,Complaint,Low,73.1,2026/03/05
1238,15718064,Loan Query,High,8.9,2026/03/13
1239,15617082,Payment Failure,Medium,3.0,2026/04/11
1240,15627305,Complaint, Medium ,13.1,2025/11/16
1241,15647292,Payment Failure,High,3.6,2026/01/06
1242,15697510,Card Problem,Medium,,2026/06/01
1243,15691703,App Bug,High,5.4,2026/04/01
1244,15673995,Account Update,Medium,25.0,2026/06/19
1245,15777772,Account Update,Medium,21.0,2026/08/18
1246,15668971,Card Problem,High,10.4,2025/12/04
1247,15742609,Account Update,High,5.3,2025/11/29
1248,15737795,Account Update,Medium,17.2,2025/12/01
1249,15727251,Account Update,Medium,28.5,2025/10/13
1250,15638272,Fraud Alert,Low,56.4,2026/07/12
1251,15680046,Fraud Alert,Low,113.6,2026/03/17
1252,15589435,Payment Failure,High,6.0,2026/07/17
1253,15706762,Complaint,Medium,28.3,2026/08/18
1254,15602735,App Bug, Medium ,29.0,2026/01/04
1255,15724127,Card Problem,Critical,2.5,2026/05/15
1256,15743498,Account Update,High,9.3,2026/06/28
1257,15676091,Login Issue,Medium,25.6,2025/11/15
1258,15689514,Fraud Alert,Low,76.1,2025/12/30
1259,15576526,loginn issue,High,9.4,2026/04/27
1260,15565996,Payment Failure,Low,89.7,2026/07/26
1261,15795511,Login Issue,Critical,2.6,2026/01/11
1262,15620746,Payment Failure,Medium,42.6,2026/04/26
1263,15702741,Payment Failure,Medium,35.7,2026/01/11
1264,15639049,Account Update,High,3.9,2026/08/10
1265,15623196,Loan Query,Medium,21.3,2025/09/07
1266,15573851,Fraud Alert,Medium,20.8,2026/04/29
1267,15662751,Loan Query,Medium,19.9,2026/01/28
1268,15694160,Loan Query,Low,88.7,2026/08/15
1269,15594917,Login Issue,Low,29.5,2026/06/09
1270,15583462,Payment Failure,Medium,27.5,2025/11/22
1271,15711834,Login Issue,Medium,21.3,2025/10/10
1272,15780088,Fraud Alert,Critical,2.1,2026/04/17
1273,15623647,Complaint,Critical,2.1,2026/02/26
1274,15776229,Account Update,Medium,12.8,2026/06/30
1275,15612140,Fraud Alert,High,5.1,2026/02/03
1276,15648858,Complaint,Medium,,2026/07/27
1277,15649150,Card Problem,Medium,14.8,2026/04/08
1278,15585451,Login Issue,Medium,27.9,2026/08/22
1279,15619616,Login Issue,High,7.0,2026/01/09
1280,15759915,Account Update,High,11.7,2026/04/24
1281,15791743,,Medium,28.0,2026/02/04
1282,15591711,Loan Query,Medium,16.5,2025/12/13
1283,15676715,Card Problem,High,6.6,2026/03/18
1284,15770995,App Bug,Critical,2.9,2026/05/08
1285,15650068,Login Issue,CRITICAL,0.7,2025/10/27
1286,15763898,Login Issue,Low,48.3,2026/01/02
1287,15601811,Complaint,Medium,99999.0,2026/03/17
1288,15593976,Login Issue,Critical,2.4,2026/06/22
1289,15735909,Account Update,Medium,27.3,2026/03/05
1290,15691723,Login Issue,High,7.8,2026/06/24
1291,15796957,Card Problem,High,6.4,2026/02/01
1292,15723864,Complaint,Low,39.5,2026/08/27
1293,15623525,Complaint,Low,89.0,2026/02/01
1294,15579706,Account Update,Medium,7.0,2025/09/14
1295,15733491,loginn issue,High,4.5,2026/08/06
1296,15812197,Card Problem,High,5.0,2026/03/24
1297,15783752,Fraud Alert,Medium,16.4,2026/01/21
1298,15578045,Login Issue,Critical,3.2,2025/09/07
1299,15744695,App Bug,High,8.9,2026/06/19
1300,15718773,Account Update,High,9.2,2026/08/20
1301,15700696,Fraud Alert,Low,95.4,2025/09/28
1302,15693817,Card Problem,Critical,2.9,2026/07/10
1303,15622017,Loan Query,Low,39.5,2026/05/15
1304,15726267,Loan Query,High,8.7,2026/01/27
1305,15652835,Loan Query,Medium,26.5,2025/12/29
1306,15783477,App Bug,High,7.6,2026/07/10
1307,15738166,Card Problem,Critical,1.3,2026/03/02
1308,15592025,Account Update,Low,100.1,2025/12/24
1309,15621075,Loan Query,Low,75.7,2026/07/25
1310,15607509,App Bug,Low,65.8,2025/12/09
1311,15800688,Loan Query,Medium,23.3,2026/07/17
1312,15624744,Fraud Alert,High,7.9,2026/01/09
1313,15767818,App Bug,Low,52.7,2026/08/16
1314,15787459,,Medium,23.6,2026/08/06
1315,15809772,Complaint,Medium,40.0,2026/08/17
1316,15777958,App Bug,Low,96.3,2025/11/12
1317,15723720,Complaint,Low,30.1,2026/07/21
1318,15672598,Payment Failure,Medium,25.6,2025/10/22
1319,15635752,App Bug,Medium,22.1,2026/07/21
1320,15811877,Loan Query,High,3.6,2026/07/30
1321,15692918,Fraud Alert,HIGH,6.4,2025/09/23
1322,15775490,Loan Query, Low ,72.9,2026/02/08
1323,15753837,Card Problem,Medium,24.6,2026/04/16
1324,15717706,Card Problem,LOW,71.0,2025/09/20
1325,15801336,,Low,67.1,2026/06/26
1326,15659305,Card Problem,Low,106.1,2026/03/08
1327,15622443,Complaint,High,8.3,2025/11/09
1328,15627042,Card Problem,Medium,23.7,2025/10/19
1329,15722090,Account Update,Critical,99999.0,2026/02/01
1330,15581626,Payment Failure,Medium,24.1,2026/02/17
1331,15644296,Fraud Alert,Medium,30.0,2026/04/03
1332,15693259,Card Problem,Critical,1.0,2025/12/01
1333,15758031,Card Problem,High,8.0,2025/12/14
1334,15792679,Fraud Alert,Low,84.5,2025/11/09
1335,15576269,App Bug,Low,63.3,2026/06/06
1336,15681274,Account Update,Medium,27.5,2026/03/09
1337,15602811,,Medium,27.1,2026/06/01
1338,15567399,Loan Query,Low,91.7,2026/05/17
1339,15591047,Payment Failure,Low,96.4,2026/01/20
1340,15649359,Card Problem,Medium,27.8,2025/11/26
1341,15812324,Card Problem,High,10.8,2026/01/12
1342,15749265,Complaint,Low,31.6,2026/05/07
1343,15705515,Loan Query,Low,62.4,2026/02/01
1344,15613656,Card Problem,High,5.0,2026/02/23
1345,15764726,App Bug,Low,63.9,2025/10/31
1346,15599860,App Bug,Low,122.1,2026/04/30
1347,15736816,Payment Failure,Low,37.9,2025/10/11
1348,15692110,Account Update,High,6.2,2025/11/14
1349,15673995,Complaint,Critical,0.5,2025/12/27
1350,15647008,Account Update,Low,86.6,2026/08/15
1351,15702014,Fraud Alert,High,7.3,2026/08/14
1352,15746183,App Bug,Medium,27.4,2026/03/25
1353,15632256,App Bug,Low,90.8,2026/06/15
1354,15657228,Complaint,Low,97.4,2026/03/09
1355,15677184,Card Problem,Medium,12.1,2025/10/19
1356,15779414,Account Update,Low  ,,2026/03/24
1357,15735632,Account Update,Medium,11.7,2025/09/10
1358,15771299,Complaint,Low,12.7,2026/01/16
1359,15688868,Fraud Alert,low,53.2,2026/06/04
1360,15790254,loginn issue,High,7.8,2025/11/05
1361,15791302,App Bug,High,8.6,2026/04/23
1362,15689044,Payment Failure,Medium,36.1,2026/03/10
1363,15738662,Card Problem,Low,17.9,2026/08/13
1364,15717879,App Bug,Medium,0.5,2026/08/13
1365,15633574,Account Update,Low,,2026/01/15
1366,15659364,App Bug,Low,89.4,2026/06/29
1367,15642468,Fraud Alert,Medium,13.1,2026/03/17
1368,15727696,Loan Query,Critical,1.3,2026/07/26
1369,15766649,Loan Query,Medium,42.3,2026/03/12
1370,15579183,Account Update,Critical,0.8,2025/10/28
1371,15669957,Card Problem,Low,82.0,2026/08/14
1372,15744717,Complaint,Medium,13.7,2025/12/31
1373,15643024,Account Update,Low,31.6,2026/05/02
1374,15645200,,Low,119.9,2025/09/15
1375,15780770,Complaint,Medium,21.7,2026/07/17
1376,15732967,App Bug,High,6.9,2026/06/17
1377,15694677,Card Problem,Medium,16.9,2026/02/17
1378,15783882,,Low,90.7,2026/07/12
1379,15568032,,Low,77.9,2025/12/25
1380,15751524,Login Issue,Low,44.6,2026/07/31
1381,15648725,Complaint,Medium,32.5,2025/10/05
1382,15626806,Card Problem,Low,53.1,2026/07/25
1383,15800814,Fraud Alert,Medium,9.9,2026/04/28
1384,15748360,Complaint,Medium,32.5,2026/08/27
1385,15613923,Payment Failure,Low,43.6,2026/02/04
1386,15719856,Loan Query,Low,34.9,2026/08/01
1387,15598782,Payment Failure,Low,54.3,2026/03/31
1388,15670343,Payment Failure,Medium,30.8,2025/11/01
1389,15734917,Account Update,Low,96.8,2025/11/13
1390,15795151,Complaint,Low,74.1,2025/09/26
1391,15755868,Account Update,Low,74.1,2025/09/22
1392,15709136,Payment Failure,Medium,31.8,2026/02/05
1393,15665238,Loan Query,Medium,14.4,2026/05/13
1394,15585067,Fraud Alert,Medium,16.1,2025/11/01
1395,15604093,Payment Failure,High,4.7,2025/10/22
1396,15703437,Account Update,Medium,36.0,2026/01/01
1397,15757408,Login Issue,High,6.5,2026/06/05
1398,15787222,Payment Failure,Low,81.8,2025/11/11
1399,15584928,Complaint,High,4.1,2026/03/20
1400,15713621,Login Issue,High,5.2,2026/04/23
1401,15740404,Payment Failure,Low,90.6,2026/03/11
1402,15637428,Card Problem,Low,132.6,2026/08/12
1403,15593331,Loan Query,High,10.9,2026/08/25
1404,15762543,Fraud Alert,High,9.9,2026/06/06
1405,15572294,Login Issue,Medium,31.4,2026/04/05
1406,15650018,Complaint,Low,48.1,2026/06/30
1407,15707674,Complaint,High,6.5,2025/11/21
1408,15580935,Login Issue,Medium,43.7,2026/04/03
1409,15566543,Account Update,Medium,24.5,2026/08/04
1410,15777994,Complaint,Medium,28.2,2025/10/23
1411,15782390,Loan Query,Critical,0.9,2026/05/11
1412,15801169,Account Update,MEDIUM,20.3,2026/07/15
1413,15637646,Card Problem,Low,75.9,2026/03/30
1414,15613816,Loan Query,Low,124.6,2026/01/24
1415,15632446,Fraud Alert,Critical,1.1,2025/09/19
1416,15761720,App Bug,High,4.0,2026/08/22
1417,15785975,Payment Failure,Medium,18.2,2026/03/11
1418,15766355,Loan Query,Medium,8.1,2025/12/23
1419,15777067,Complaint,Medium,26.0,2026/04/18
1420,15620443,Loan Query,Medium,31.3,2026/04/18
1421,15632439,App Bug,Low,100.2,2026/01/01
1422,15576517,App Bug,High,5.7,2026/03/07
1423,15701537,App Bug,High,,2025/10/23
1424,15771728,Account Update,Medium,35.0,2026/08/20
1425,15809847,Complaint,Low,33.3,2026/03/10
1426,15785342,Complaint,High,7.1,2026/06/08
1427,15646817,Fraud Alert,Low,80.0,2026/07/30
1428,15624729,,Low,60.9,2026/03/05
1429,15765537,Login Issue, Low ,72.7,2025/10/04
1430,15599084,,Low,47.4,2026/03/25
1431,15758606,Payment Failure,Critical,3.5,2026/01/22
1432,15576526,Login Issue,High,6.5,2025/12/09
1433,15589869,App Bug,High,4.6,2025/11/04
1434,15784286,Payment Failure,Critical,1.9,2026/04/23
1435,15607330,Account Update,Medium,17.2,2025/10/19
1436,15757895,Login Issue, Low ,114.3,2026/08/08
1437,15749050,Fraud Alert,Medium,18.7,2025/12/20
1438,15570931,Fraud Alert,Low,99.7,2026/07/28
1439,15647782,Account Update,Low,43.2,2026/07/27
1440,15578369,Card Problem,Medium,35.6,2026/07/05
1441,15732438,App Bug,Medium,30.0,2025/09/13
1442,15773017,,Critical,1.7,2025/09/28
1443,15623202,Account Update,Low,60.3,2026/02/20
1444,15593280,Fraud Alert,Medium,5.6,2026/01/05
1445,15751912,Login Issue,Medium,32.4,2025/11/06
1446,15725511,Fraud Alert,High,12.7,2026/06/19
1447,15788686,Card Problem,Medium,2.6,2025/12/17
1448,15680278,App Bug,Low,29.7,2025/10/08
1449,15735221,Payment Failure,Low,96.9,2026/06/13
1450,15734626,Account Update,Low,117.5,2025/12/18
1451,15594815,Login Issue,Low,55.8,2026/06/30
1452,15676645,Payment Failure,Low,62.1,2025/12/22
1453,15788683,Complaint,High  ,7.6,2025/12/31
1454,15713532,Payment Failure,Low,65.4,2026/02/18
1455,15671917,Account Update,High,-5.0,2025/11/17
1456,15571756,Account Update,High,5.4,2026/07/05
1457,15812241,Card Problem,Low,112.6,2025/09/04
1458,15802741,Loan Query,Low,,2026/01/22
1459,15806796,Complaint,Low,74.8,2025/11/16
1460,15681990,Fraud Alert,High,4.3,2025/11/08
1461,15794580,Login Issue,Low,-5.0,2026/06/06
1462,15814690,Account Update,Critical,2.0,2026/01/09
1463,15604345,Loan Query,High,2.2,2025/12/01
1464,15689268,Payment Failure,Low,78.0,2025/10/29
1465,15621031,Loan Query,Low,96.5,2026/08/07
1466,15715715,App Bug,Medium,30.4,2025/09/16
1467,15643487,Complaint,Medium,23.0,2025/11/09
1468,15763874,Loan Query,Medium,8.1,2025/09/10
1469,15770309,App Bug,High,4.4,2026/03/05
1470,15613216,Payment Failure,High,9.0,2026/01/02
1471,15610781,App Bug,Low,64.0,2026/07/01
1472,15593178,Loan Query,Low,65.9,2026/02/15
1473,15609521,Account Update,Medium,15.2,2025/09/11
1474,15569178,App Bug,Medium,18.4,2025/12/01
1475,15678779,App Bug,Medium,23.7,2026/01/16
1476,15657529,Loan Query,Medium,15.9,2025/09/29
1477,15724423,Complaint,High,11.4,2025/11/06
1478,15684921,Loan Query,High,8.4,2026/04/06
1479,15597945,Account Update,Low,100.6,2026/05/30
1480,15644296,Loan Query,Medium,17.5,2025/10/31
1481,15633854,Fraud Alert,Critical,1.9,2025/10/05
1482,15579334,,Critical,2.5,2026/05/04
1483,15710424,Fraud Alert,Low,40.1,2026/04/20
1484,15608338,Fraud Alert,medium,16.3,2026/03/07
1485,15724307,,Low,22.2,2026/05/23
1486,15606836,Account Update,Medium,19.4,2026/07/03
1487,15794493,Payment Failure,Low,74.4,2025/10/28
1488,15651533,Login Issue,Low,55.3,2026/04/22
1489,15605072,App Bug,Low,123.5,2026/05/18
1490,15752186,Fraud Alert,Medium,24.1,2025/12/25
1491,15634591,Payment Failure,HIGH,1.7,2026/07/14
1492,15723907,App Bug,Medium,14.6,2025/09/25
1493,15676909,Account Update,Medium,11.8,2026/08/06
1494,15677921,Complaint,Critical,1.2,2026/05/27
1495,15651315,Account Update,High,2.6,2026/02/04
1496,15688868,Card Problem,Low,95.3,2026/04/25
1497,15708193,Payment Failure,High,1.2,2026/07/29
1498,15748068,Payment Failure,Low,15.4,2025/09/18
1499,15574071,Loan Query,Critical,1.7,2025/10/04
1500,15678206,Account Update,Critical,2.9,2026/05/06
1501,15679804,Account Update,Medium,18.9,2026/03/27
1502,15789874,Login Issue,Low,79.0,2026/04/09
1503,15665238,Login Issue,Critical,2.0,2026/08/20
1504,15805523,App Bug,Low,99.8,2025/10/28
1505,15728167,Account Update,Critical  ,2.0,2026/05/12
1506,15650034,Account Update,Low,59.4,2026/09/02
1507,15615991,Fraud Alert,High,5.4,2026/04/18
1508,15624170,Fraud Alert,High,99999.0,2025/10/10
1509,15691875,Account Update,Medium,18.7,2025/10/14
1510,15751561,Loan Query,Medium,13.7,2026/02/14
1511,15615140,App Bug,Low,94.3,2026/07/11
1512,15627395,Payment Failure,Critical,1.7,2025/11/17
1513,15644551,App Bug,Low,85.6,2025/10/06
1514,15697311,App Bug,Low,45.5,2025/11/06
1515,15708265,Card Problem,Medium,23.9,2026/01/21
1516,15611767,Account Update,High,5.5,2026/07/19
1517,15741988,Fraud Alert,Medium,15.0,2026/07/24
1518,15720636,Account Update,Low  ,44.9,2026/06/29
1519,15657139,App Bug,Medium,26.9,2026/06/10
1520,15633818,Login Issue,Critical,2.5,2026/09/02
1521,15690589,Complaint,Critical,2.9,2026/02/16
1522,15657529,Card Problem,Low,,2026/03/17
1523,15711251,Login Issue,High,6.7,2026/07/05
1524,15735388,Account Update,Low,70.8,2026/06/01
1525,15672432,Account Update,Low,83.8,2026/01/31
1526,15681439,Login Issue,Low,55.1,2026/04/23
1527,15626144,Payment Failure,Low,64.9,2026/05/19
1528,15614878,App Bug,High,5.5,2026/07/09
1529,15678210,,Medium,4.6,2026/04/11
1530,15752186,Login Issue,Medium,11.1,2025/10/23
1531,15737741,Card Problem,Low,48.7,2026/08/28
1532,15574947,Login Issue,Medium,23.8,2025/10/31
1533,15645103,Payment Failure,Low,85.9,2026/08/04
1534,15754168,App Bug,Medium,11.4,2026/08/02
1535,15777923,Card Problem,Low,91.8,2026/06/12
1536,15774224,Payment Failure,Critical,2.5,2025/12/22
1537,15790497,App Bug,Medium,,2026/04/11
1538,15682489,Payment Failure,Low,56.8,2026/04/22
1539,15647259,Card Problem,Critical,2.1,2025/12/28
1540,15708513,Payment Failure,Medium,13.5,2026/04/02
1541,15660422,Account Update,Medium,39.0,2026/02/23
1542,15697045,Complaint,Critical,3.2,2026/04/23
1543,15607629,Payment Failure,High,2.4,2026/03/26
1544,15742204,Payment Failure,High,6.5,2026/04/03
1545,15806332,Account Update,Low,92.4,2025/10/21
1546,15686974,,High,2.7,2026/02/10
1547,15610090,Fraud Alert,High,3.2,2026/04/09
1548,15594084,Fraud Alert,Medium,31.6,2026/02/10
1549,15624437,Payment Failure,High,8.4,2026/08/09
1550,15660735,Payment Failure,High,5.1,2026/01/11
1551,15761487,App Bug,Medium,31.6,2026/03/13
1552,15632521,App Bug,Low,71.3,2025/11/20
1553,15782210,Payment Failure,Low,68.3,2026/08/20
1554,15774393,Payment Failure,Low,48.6,2026/05/03
1555,15682268,Payment Failure,Low,79.5,2025/10/07
1556,15732281,Card Problem,Medium,18.6,2025/10/19
1557,15631217,Loan Query,Medium,46.7,2025/10/16
1558,15792726,Fraud Alert,Critical,,2025/10/20
1559,15603830,Account Update,Medium,30.1,2026/04/12
1560,15667046,Fraud Alert,Medium,26.1,2025/10/22
1561,15752622,Complaint,Low,116.1,2026/03/12
1562,15574122,Loan Query,Medium,26.5,2025/11/08
1563,15735636,Loan Query,Medium,13.1,2026/06/14
1564,15611105,Payment Failure,High,3.3,2025/10/03
1565,15718454,App Bug,Low,100.0,2026/06/30
1566,15630704,Loan Query,Medium,34.3,2026/06/17
1567,15638159,Payment Failure,Low,49.9,2026/06/17
1568,15613749,Complaint,High,5.7,2026/02/18
1569,15706706,Payment Failure,High,11.9,2026/08/12
1570,15684484,Card Problem,Low,112.2,2025/11/04
1571,15813412,App Bug,Medium,29.4,2026/04/01
1572,15669922,App Bug,Critical,1.7,2026/03/03
1573,15665811,Complaint, Low ,88.8,2026/08/09
1574,15730044,Account Update,Low,,2026/04/07
1575,15614687,Account Update,Medium,21.4,2025/09/29
1576,15579820,Complaint,Critical  ,1.9,2026/01/28
1577,15723894,Account Update,Medium,27.9,2026/07/07
1578,15588587,Card Problem,Medium,32.9,2026/02/09
1579,15808851,Loan Query,Low,53.6,2026/03/02
1580,15778219,Loan Query,Low,85.9,2025/10/26
1581,15605926,Login Issue,Low,,2026/06/25
1582,15649536,Payment Failure,Critical,2.0,2026/05/20
1583,15566735,Fraud Alert,Low,54.5,2025/12/20
1584,15612108,Fraud Alert,Critical,2.4,2025/11/21
1585,15728564,Complaint,High,9.4,2026/08/05
1586,15713983,Card Problem,Low,15.2,2026/05/07
1587,15671358,Login Issue,Medium,8.4,2025/12/26
1588,15686670,Login Issue,Critical,,2025/10/28
1589,15700864,Login Issue,Low,83.0,2026/03/01
1590,15801169,Fraud Alert,High,5.7,2026/06/14
1591,15583392,App Bug,Critical,3.1,2026/03/10
1592,15667438,Fraud Alert,High,5.7,2025/10/31
1593,15706128,Fraud Alert,Medium,38.2,2026/01/23
1594,15721377,Payment Failure,Low,58.8,2026/06/23
1595,15706223,Account Update,High,9.5,2025/12/27
1596,15666200,Card Problem,Medium,20.4,2026/04/10
1597,15746553,Account Update,High,7.4,2026/06/17
1598,15771270,Loan Query,Medium,31.2,2026/07/18
1599,15800856,Complaint,Critical,1.7,2026/07/14
1600,15598884,Card Problem,High,5.2,2026/08/14
1601,15641122,Payment Failure,Medium,35.5,2026/07/29
1602,15810660,Loan Query,Medium,13.6,2026/06/15
1603,15811842,Complaint,Low,61.1,2025/09/16
1604,15698324,Fraud Alert,Medium,35.3,2026/07/11
1605,15666884,Account Update,Low,,2026/08/05
1606,15701074,Account Update,Low,42.5,2026/08/24
1607,15756992,Complaint,Medium,25.2,2026/01/17
1608,15750099,Account Update,Low,101.1,2025/09/17
1609,15610426,Payment Failure,Critical,1.3,2025/12/04
1610,15625916,Account Update,Medium,18.5,2026/01/20
1611,15659175,Login Issue,Low,69.9,2026/08/28
1612,15660541,Account Update,Low,78.9,2026/02/08
1613,15610446,Account Update,High,,2026/02/23
1614,15812616,Loan Query,Low,51.8,2026/03/01
1615,15587233,Login Issue,Low,122.1,2025/09/06
1616,15566790,Payment Failure,Medium,13.9,2025/12/04
1617,15705448,Account Update,Critical,0.7,2025/11/15
1618,15677828,Fraud Alert,Low,74.0,2026/06/19
1619,15811947,Loan Query,Medium,27.0,2026/08/05
1620,15709368,Card Problem,Low,124.4,2026/03/27
1621,15657085,Payment Failure,Medium,6.6,2025/10/08
1622,15632050,Fraud Alert,Medium,27.2,2025/11/14
1623,15592765,App Bug,High,8.8,2026/07/24
1624,15679283,Fraud Alert,Medium,16.4,2025/09/18
1625,15616168,Account Update,Low,,2025/10/19
1626,15571816,Loan Query,high,5.5,2026/06/01
1627,15720649,Payment Failure,Critical,0.9,2025/12/22
1628,15686812,Fraud Alert,Low,-5.0,2026/03/14
1629,15707138,Loan Query,Low,73.4,2026/04/05
1630,15783615,Login Issue,Low,34.4,2026/04/23
1631,15680611,Complaint,Low,61.7,2026/02/24
1632,15697567,Fraud Alert,High,5.6,2025/11/22
1633,15656627,Loan Query,High,99999.0,2026/03/11
1634,15769959,Card Problem,Critical,2.2,2026/02/09
1635,15673995,Login Issue,Medium,12.0,2026/02/16
1636,15740494,Complaint,Medium,29.0,2026/06/20
1637,15689288,Payment Failure,Critical,2.1,2026/07/05
1638,15687903,Card Problem,Medium,25.5,2025/10/16
1639,15796480,Fraud Alert,Medium,39.5,2025/09/29
1640,15780805,Fraud Alert,Medium,0.5,2025/11/21
1641,15714689,Account Update,Low,81.2,2025/11/22
1642,15799128,Payment Failure,High,,2026/07/16
1643,15807900,Account Update,Medium,25.2,2025/09/28
1644,15768201,Login Issue,Critical,2.0,2026/08/14
1645,15624755,Login Issue,Medium,11.9,2025/10/14
1646,15776631,Loan Query,Low,24.0,2026/01/20
1647,15691483,Fraud Alert,Medium,9.5,2026/04/17
1648,15631162,Card Problem,Medium,12.0,2026/08/07
1649,15742511,Account Update, Low ,54.8,2026/04/08
1650,15644882,Complaint,Medium,16.4,2026/05/09
1651,15753102,,Low,61.3,2026/07/10
1652,15743016,Payment Failure,Low,16.0,2026/04/17
1653,15621653,Payment Failure,Low,40.2,2026/04/03
1654,15568032,Account Update,Medium,20.5,2026/01/20
1655,15759966,Complaint,High,8.2,2025/12/22
1656,15615457,Fraud Alert,Low,65.9,2026/05/23
1657,15618213,Payment Failure,Critical,3.5,2025/10/31
1658,15627854,Fraud Alert,Low,48.7,2026/02/26
1659,15756901,Login Issue,Critical,3.3,2026/04/11
1660,15768244,Loan Query,Low,99999.0,2025/10/29
1661,15777893,Account Update,Medium,32.8,2026/01/26
1662,15627328,Account Update,Medium,31.0,2026/08/16
1663,15748360,Account Update,Low,85.0,2026/08/16
1664,15762455,Complaint,Low,-5.0,2026/07/03
1665,15771855,Card Problem,High,7.7,2026/05/10
1666,15688409,Payment Failure,Low,94.7,2026/05/30
1667,15728006,App Bug,Medium,43.6,2026/08/10
1668,15590966,Payment Failure,Medium,25.2,2026/02/07
1669,15700394,App Bug,Critical,1.9,2025/09/26
1670,15590623,Card Problem,Medium,19.5,2025/12/24
1671,15614847,App Bug,Critical  ,2.7,2026/03/24
1672,15660200,Payment Failure,Low,99999.0,2026/07/06
1673,15658067,Login Issue,Critical,1.3,2025/10/01
1674,15636624,Login Issue,Low,78.7,2025/09/06
1675,15785078,Fraud Alert,Medium,26.1,2025/12/16
1676,15606177,App Bug,High,,2026/02/04
1677,15613471,Payment Failure,Critical,1.3,2025/12/20
1678,15572356,Payment Failure,High,6.4,2025/11/12
1679,15747014,Card Problem,Critical,3.0,2026/01/11
1680,15694456,Fraud Alert,Low,,2026/01/29
1681,15714642,Account Update,Medium,22.7,2026/02/17
1682,15576760,Payment Failure,High,2.5,2025/11/03
1683,15689612,Card Problem,Medium,24.0,2025/09/06
1684,15814268,Account Update,Low,96.6,2026/05/15
1685,15603088,App Bug,Critical,1.8,2026/04/11
1686,15694453,Loan Query,Medium,0.5,2025/12/01
1687,15663252,Login Issue,Low,103.9,2025/11/08
1688,15814209,Loan Query,High,6.1,2026/03/16
1689,15689952,Login Issue,Low,45.0,2026/06/02
1690,15624667,App Bug,Medium,27.6,2026/08/29
1691,15808223,Account Update,Critical,1.3,2025/12/29
1692,15718454,Loan Query,Medium,24.6,2026/05/17
1693,15807335,App Bug,High,4.2,2026/06/16
1694,15725945,Fraud Alert,Critical,1.6,2026/08/11
1695,15734628,Fraud Alert,Critical,4.0,2026/03/03
1696,15709653,Fraud Alert,Medium,21.0,2025/10/09
1697,15807555,Complaint,High,4.5,2026/03/25
1698,15658409,Loan Query,High,2.8,2025/09/24
1699,15720687,Loan Query,Medium,37.0,2026/04/14
1700,15730076,Fraud Alert,High,6.0,2025/09/12
1701,15812611,Login Issue,Medium,29.5,2026/04/26
1702,15716449,Payment Failure,Low,99999.0,2025/10/12
1703,15626475,Fraud Alert,Critical,1.9,2026/02/10
1704,15602405,Payment Failure,Critical,1.8,2026/06/24
1705,15679410,Card Problem,Critical,2.5,2026/04/10
1706,15695699,Complaint,Low,41.6,2026/06/23
1707,15644765,loginn issue,Medium,-5.0,2026/03/29
1708,15802071,App Bug,Critical,1.8,2026/09/01
1709,15667751,Card Problem,Medium,28.3,2026/07/27
1710,15636089,App Bug,MEDIUM,35.7,2026/04/04
1711,15680901,Fraud Alert,High,1.4,2026/01/29
1712,15768476,,Medium,23.3,2025/10/31
1713,15704597,App Bug,High,5.3,2026/03/29
1714,15607065,Login Issue,Low,99.5,2025/09/13
1715,15758449,Fraud Alert,High  ,3.8,2026/02/16
1716,15800814,Account Update,Medium,27.3,2025/11/29
1717,15708917,App Bug,High,,2026/07/16
1718,15582168,Card Problem,High,4.0,2026/04/26
1719,15752137,Account Update,Medium,30.9,2026/08/22
1720,15690456,Fraud Alert,Low,51.1,2026/03/07
1721,15686835,Payment Failure,Low,86.7,2025/10/18
1722,15813844,Account Update,Low,80.6,2026/04/14
1723,15654238,Fraud Alert,High,,2025/10/27
1724,15583681,Fraud Alert,Critical,2.1,2026/01/05
1725,15738166,Complaint,Medium,99999.0,2026/04/14
1726,15787051,App Bug,Critical,2.1,2026/07/01
1727,15807709,,Medium,44.1,2026/03/27
1728,15690589,Account Update,Medium,9.8,2026/05/29
1729,15765283,Card Problem,Medium,14.3,2025/10/13
1730,15809823,Card Problem,Low,49.8,2026/03/24
1731,15815420,Loan Query,Critical,1.9,2026/02/08
1732,15624347,App Bug,High,7.9,2026/02/23
1733,15699550,Fraud Alert,Medium,18.0,2025/12/25
1734,15577999,Account Update,Critical  ,2.9,2026/02/20
1735,15687738,Fraud Alert,Medium,16.7,2025/11/28
1736,15566531,App Bug,Critical,0.5,2025/10/12
1737,15724863,Login Issue,Medium,16.1,2026/05/22
1738,15785042,Complaint,Low,77.4,2026/07/24
1739,15737385,App Bug,Critical,2.7,2025/10/31
1740,15605827,Payment Failure,Medium,9.0,2026/06/01
1741,15578045,Card Problem,Medium,,2026/05/22
1742,15732643,Complaint,High,9.8,2025/12/11
1743,15813140,Login Issue,High,4.4,2026/02/28
1744,15809227,Fraud Alert,Low,0.5,2026/03/01
1745,15695846,Fraud Alert,Critical,1.7,2026/07/30
1746,15739292,App Bug,Medium,26.4,2025/11/17
1747,15733261,Login Issue,High,5.5,2026/01/01
1748,15754113,Complaint,High,6.8,2025/10/25
1749,15591552,Payment Failure,Medium,22.8,2025/11/16
1750,15770548,Account Update,Medium,26.7,2026/01/12
1751,15568328,loginn issue,High,1.6,2025/12/13
1752,15601589,Loan Query,Low,90.2,2025/11/30
1753,15712938,Complaint,Medium,,2026/07/08
1754,15719170,Loan Query,Low,-5.0,2025/11/20
1755,15704771,Login Issue,High,3.3,2026/08/04
1756,15594862,App Bug,Low,11.1,2025/10/11
1757,15612140,App Bug,Low,,2025/12/02
1758,15586993,App Bug,Low,88.9,2026/07/21
1759,15605327,Loan Query,Critical,1.8,2026/05/13
1760,15610765,Payment Failure,Medium,14.0,2026/04/28
1761,15663234,Fraud Alert,Critical,1.8,2026/06/18
1762,15693088,Fraud Alert,High,6.6,2026/06/26
1763,15693468,Account Update,Medium,,2026/04/20
1764,15693376,Loan Query,Medium,11.8,2026/08/17
1765,15706764,Loan Query,Critical,1.4,2026/06/19
1766,15659800,Card Problem,Medium,12.3,2026/07/29
1767,15785183,Complaint,Critical,2.2,2026/07/25
1768,15626900,Fraud Alert,Low,81.9,2026/07/19
1769,15787597,Complaint,Medium,,2026/02/15
1770,15603665,Loan Query,Medium,40.2,2026/07/21
1771,15620751,Fraud Alert,Medium,20.3,2026/02/11
1772,15667460,Complaint,High,7.4,2025/11/19
1773,15753550,Account Update,Medium,24.7,2026/04/16
1774,15760570,Complaint,High,3.1,2025/10/07
1775,15758081,Account Update,Low,51.4,2026/05/01
1776,15624072,Login Issue,High,4.4,2026/04/17
1777,15812009,Loan Query,Medium,24.3,2026/07/23
1778,15622834,App Bug,Medium,9.0,2026/02/05
1779,15568849,Card Problem,Medium,27.5,2026/01/21
1780,15804038,Fraud Alert,Low,45.6,2026/07/02
1781,15745826,Account Update,Low,32.9,2025/10/01
1782,15709941,Account Update, High ,,2026/03/02
1783,15759874,Complaint,High,,2026/05/20
1784,15666652,Payment Failure,Medium,40.7,2025/10/10
1785,15784526,Login Issue,Medium,15.6,2026/02/08
1786,15727703,Card Problem,Low,0.5,2026/04/27
1787,15665181,Payment Failure,Critical,2.4,2026/04/22
1788,15625047,Payment Failure,Low,65.3,2025/09/22
1789,15734714,Login Issue,High,,2025/10/02
1790,15799534,Card Problem,Critical,2.9,2026/03/10
1791,15704378,Account Update,Medium,27.6,2026/01/27
1792,15780805,Fraud Alert,Medium,0.5,2025/10/12
1793,15770214,Loan Query,Medium,,2026/07/30
1794,15631170,Complaint,High,5.6,2025/10/19
1795,15587596,Loan Query,High,8.8,2026/07/14
1796,15777067,App Bug,High,,2026/07/04
1797,15747591,Card Problem,Low,52.0,2026/05/20
1798,15638003,Login Issue,Low,79.3,2026/03/18
1799,15715079,Card Problem,Low,118.6,2026/04/27
1800,15645269,Payment Failure,Low,,2026/06/27
1801,15690209,Account Update,Medium,27.2,2026/06/13
1802,15773098,App Bug,Critical,,2025/09/24
1803,15614213,Complaint,Low,150.0,2026/04/21
1804,15738166,Card Problem,Low,97.2,2026/06/22
1805,15698246,Account Update,Low,38.2,2026/08/02
1806,15774696,Loan Query,Low,,2025/12/08
1807,15797389,Account Update,Medium,17.9,2026/02/14
1808,15729412,Card Problem,Medium,37.4,2026/07/09
1809,15649101,Payment Failure,Low,67.4,2026/05/04
1810,15770121,Account Update,High,2.3,2026/05/17
1811,15593976,Complaint,Low,81.9,2025/11/19
1812,15711687,Account Update,critical,1.8,2025/10/04
1813,15626135,Complaint,Critical,1.1,2026/04/21
1814,15575243,Login Issue,High,7.5,2025/10/25
1815,15589805,Loan Query,Low,67.0,2026/02/25
1816,15631756,App Bug,Medium,38.0,2026/09/03
1817,15775797,Account Update,Low,111.2,2025/10/16
1818,15632472,Complaint,Low,68.5,2026/05/19
1819,15709941,Payment Failure,High,5.9,2026/07/30
1820,15613749,Account Update,Low,58.9,2025/11/30
1821,15627801,Loan Query,Medium,45.7,2025/09/23
1822,15696361,Complaint,Medium,23.9,2026/01/07
1823,15638983,Account Update,Low,73.4,2026/08/31
1824,15708713,Fraud Alert,Medium,25.6,2026/04/15
1825,15642870,Complaint,Low,79.9,2026/04/15
1826,15737888,Loan Query,Critical,1.7,2026/05/29
1827,15701206,Login Issue,High,4.0,2026/05/28
1828,15600379,Card Problem,High,5.1,2026/07/12
1829,15707441,Login Issue,Medium,11.3,2025/11/23
1830,15705313,Fraud Alert,critical,,2026/03/08
1831,15618647,Card Problem,High,4.8,2026/03/12
1832,15794849,Complaint,Medium,,2026/01/25
1833,15601026,Complaint, High ,5.1,2026/03/20
1834,15777893,Login Issue,High,4.1,2026/03/31
1835,15632977,,Medium,15.5,2026/02/23
1836,15738715,App Bug,Low,94.0,2026/08/16
1837,15674526,App Bug,Medium,37.5,2026/07/06
1838,15770030,Payment Failure,High,6.6,2025/09/29
1839,15662091,Card Problem,Low,36.9,2026/07/23
1840,15568238,Account Update,Medium,39.4,2026/07/31
1841,15675185,Fraud Alert,Medium,13.4,2026/02/21
1842,15659736,App Bug,Medium,17.9,2025/10/06
1843,15731478,Loan Query,Critical,1.5,2026/02/18
1844,15614962,Login Issue,Critical,1.0,2025/10/21
1845,15630709,Payment Failure,Low,74.1,2026/06/15
1846,15568088,Payment Failure,Medium,,2026/08/16
1847,15694677,Login Issue,Medium,6.5,2026/03/19
1848,15640421,Login Issue,Medium,40.8,2026/01/26
1849,15783083,Account Update,Medium,31.7,2026/01/10
1850,15591286,Payment Failure,Critical,1.9,2026/08/05
1851,15731815,Complaint,High,4.9,2026/07/08
1852,15724444,Loan Query,Medium,26.5,2025/11/18
1853,15601892,Card Problem,High,4.9,2026/02/20
1854,15572291,App Bug,Low,51.1,2025/10/14
1855,15694556,Payment Failure,Medium,-5.0,2026/06/28
1856,15702462,Complaint,low,79.1,2026/08/08
1857,15655368,Payment Failure,Low,76.9,2025/11/14
1858,15576683,Fraud Alert,Low,94.4,2026/03/01
1859,15615096,Loan Query,Medium,-5.0,2026/02/08
1860,15653306,Account Update,Low,71.8,2026/08/04
1861,15780498,App Bug,Medium,-5.0,2026/08/26
1862,15780220,Loan Query,Low,87.0,2026/08/08
1863,15615444,Payment Failure,Low,28.1,2026/03/22
1864,15660422,Account Update,Medium,39.0,2025/11/08
1865,15667889,,Medium,23.8,2026/07/04
1866,15738605,Account Update,Medium,16.3,2026/08/31
1867,15788686,Fraud Alert,Low,56.7,2025/10/16
1868,15803840,,Medium,28.4,2026/02/08
1869,15777599,Fraud Alert,Low,13.7,2026/06/16
1870,15806327,,Medium,19.6,2026/03/14
1871,15794257,Payment Failure,Medium,28.4,2026/07/29
1872,15603319,Card Problem,High,6.8,2026/02/18
1873,15726832,Login Issue,Critical,2.2,2025/11/07
1874,15625942,Card Problem,Critical,2.6,2026/08/12
1875,15788659,App Bug,Low,88.0,2026/08/28
1876,15756804,App Bug,Low,,2026/08/19
1877,15582154,Payment Failure,Low,73.5,2026/05/30
1878,15631406,Complaint,High,9.0,2025/10/20
1879,15635034,Login Issue,Medium,-5.0,2026/07/30
1880,15615938,Card Problem,Medium,24.6,2026/08/12
1881,15703068,Fraud Alert,High,9.3,2026/04/07
1882,15724834,Card Problem,Medium,22.2,2026/05/21
1883,15804072,Fraud Alert,High,6.8,2026/03/07
1884,15640667,App Bug,Low,55.4,2025/09/12
1885,15794360,Account Update,High,8.5,2026/03/07
1886,15657957,Login Issue,High,99999.0,2026/02/08
1887,15672246,App Bug,Critical,2.3,2025/12/04
1888,15604832,Login Issue,Medium,28.9,2025/12/21
1889,15762573,Loan Query,Low,92.5,2026/02/24
1890,15773260,Fraud Alert,Medium,17.6,2026/05/09
1891,15617301,App Bug,Low,70.6,2025/12/10
1892,15615140,Loan Query,Medium,,2025/12/27
1893,15761286,Fraud Alert,Medium,,2025/11/12
1894,15691874,Complaint,High,5.5,2025/11/21
1895,15701537,Account Update,Low,,2025/10/12
1896,15633840,Payment Failure,Critical,3.5,2026/02/01
1897,15645896,Complaint,Critical,1.0,2025/10/24
1898,15750602,Complaint,High,6.4,2026/05/20
1899,15754926,App Bug,Critical,2.4,2026/06/06
1900,15698932,Payment Failure,Medium,38.4,2026/05/30
1901,15758901,Card Problem,Medium,16.3,2025/09/22
1902,15799924,Fraud Alert,Low,39.4,2026/08/07
1903,15666055,Login Issue,Low,34.5,2026/02/22
1904,15768530,Payment Failure,Medium,29.4,2026/07/16
1905,15706904,Payment Failure,Low,46.1,2025/11/09
1906,15653448,,High,2.0,2026/07/05
1907,15720187,App Bug,Low,37.1,2026/03/14
1908,15621244,Fraud Alert,Critical,0.5,2025/11/20
1909,15623858,Fraud Alert,Critical,2.4,2025/11/25
1910,15773071,Login Issue,Critical,1.2,2025/12/04
1911,15673837,Login Issue,Low,107.6,2026/08/23
1912,15626578,Login Issue,High,0.5,2026/07/19
1913,15678374,Login Issue,High,4.6,2025/11/26
1914,15806983,Card Problem,Low,-5.0,2026/04/15
1915,15652658,Loan Query,HIGH,4.9,2025/09/25
1916,15656683,Payment Failure,Low,79.5,2026/04/01
1917,15726267,Login Issue,Low,107.2,2026/03/08
1918,15768244,Login Issue,Medium,18.8,2026/08/15
1919,15717426,Loan Query,Medium,20.5,2026/01/02
1920,15684367,Loan Query,Medium,30.4,2026/04/18
1921,15576945,Fraud Alert,Critical,2.4,2026/07/12
1922,15717489,Login Issue,Medium,49.3,2026/01/26
1923,15731815,Payment Failure,high,6.6,2026/04/20
1924,15771540,Account Update,Low,74.1,2025/12/31
1925,15571529,Login Issue,Low,88.6,2026/06/03
1926,15643865,App Bug,Medium,19.2,2026/01/03
1927,15645778,Payment Failure,Medium,27.9,2026/02/08
1928,15671804,App Bug,Low,78.9,2026/05/01
1929,15741275,App Bug,Medium,16.0,2025/12/11
1930,15660417,App Bug,High,6.3,2026/03/10
1931,15588614,Login Issue,Medium,31.4,2026/08/16
1932,15786392,Account Update,High,8.8,2026/06/22
1933,15665129,Payment Failure,Medium,26.5,2026/04/16
1934,15617657,Loan Query,Low,78.7,2026/04/27
1935,15799422,Fraud Alert,Medium,28.0,2026/01/25
1936,15815490,Complaint,Low,74.4,2026/03/17
1937,15777896,Login Issue,High,3.9,2026/05/18
1938,15735799,Login Issue,High,7.3,2026/05/31
1939,15751193,Account Update,Critical,2.1,2026/04/05
1940,15683471,Card Problem,Medium,12.8,2025/11/24
1941,15765457,Account Update,Low,43.5,2025/12/14
1942,15814664,Payment Failure,Low,102.9,2026/07/09
1943,15754342,Login Issue,Critical,1.9,2025/11/12
1944,15709639,Loan Query,Medium,14.7,2026/01/09
1945,15626983,Card Problem,Low,73.7,2025/09/29
1946,15780254,Fraud Alert,Medium,37.5,2026/07/28
1947,15679531,Card Problem,Medium,34.1,2026/05/07
1948,15628893,Login Issue,Low,41.8,2026/03/12
1949,15755649,Fraud Alert,Medium,12.4,2026/06/13
1950,15713479,Fraud Alert,Low,112.8,2025/10/25
1951,15707551,Payment Failure,Medium,32.9,2026/09/02
1952,15605020,App Bug,Critical,3.2,2026/05/25
1953,15797276,Card Problem,Low,86.8,2025/11/05
1954,15684319,App Bug,Low,65.8,2026/01/26
1955,15750638,Account Update,High,5.6,2025/10/15
1956,15741032,Card Problem,High,11.5,2025/11/24
1957,15718769,Loan Query,High,2.4,2026/01/20
1958,15773605,Loan Query,Critical,2.2,2026/04/21
1959,15718912,Fraud Alert,Critical,1.3,2026/05/23
1960,15586757,App Bug,Low,4.0,2025/11/17
1961,15634772,Loan Query,Low  ,19.2,2026/04/14
1962,15641640,Card Problem,High,6.7,2025/10/19
1963,15728605,Card Problem,CRITICAL,1.5,2025/12/25
1964,15697567,Account Update,Low,68.3,2026/04/21
1965,15626383,Loan Query,Critical,2.5,2026/02/28
1966,15662758,App Bug,Low  ,15.1,2025/09/16
1967,15613326,Payment Failure,Medium,33.4,2026/04/03
1968,15576162,App Bug,Low,105.5,2025/09/30
1969,15639576,Account Update,Medium,37.5,2026/03/24
1970,15806447,Account Update,Low,67.8,2026/05/18
1971,15726832,App Bug,Low,82.3,2026/03/13
1972,15787907,Account Update,Medium,11.2,2026/01/01
1973,15709354,Login Issue,Low,-5.0,2026/03/19
1974,15611579,App Bug,Low,80.3,2025/10/14
1975,15742534,Loan Query,Critical,1.4,2026/03/13
1976,15573851,Payment Failure,Low,71.2,2025/12/26
1977,15797748,Payment Failure,Critical,1.7,2025/09/17
1978,15672082,Account Update,High,4.5,2026/02/13
1979,15754112,Loan Query,Medium,9.2,2025/10/23
1980,15717498,App Bug,Medium,30.1,2026/09/03
1981,15796179,Loan Query,Medium,19.4,2026/08/01
1982,15649414,Complaint,Low,59.6,2026/02/21
1983,15632859,Payment Failure,Low,62.0,2025/11/16
1984,15765297,Complaint,Medium,11.2,2025/11/12
1985,15607314,Payment Failure,Medium,24.3,2025/09/22
1986,15769312,App Bug,Low,100.0,2026/01/27
1987,15589435,Complaint,Low,98.5,2026/05/02
1988,15618581,Account Update,Low,32.6,2026/08/25
1989,15733491,Account Update,Medium,0.5,2025/11/13
1990,15750803,Login Issue,Medium,41.4,2026/08/30
1991,15723671,Complaint,Medium,24.1,2026/05/01
1992,15812647,Payment Failure,Critical,0.7,2026/04/20
1993,15788131,Payment Failure,Medium,19.9,2026/07/15
1994,15807961,Login Issue,Critical,2.0,2025/09/05
1995,15651823,Fraud Alert,Low,85.1,2025/10/13
1996,15725698,Payment Failure,High,6.6,2025/09/12
1997,15806256,Account Update,Low,101.1,2026/01/12
1998,15706170,Complaint,Medium,13.8,2025/12/22
1999,15726556,App Bug,Medium,22.7,2025/11/18
2000,15604348,,Critical,3.4,2026/06/10
2001,15753337,Account Update,High,6.1,2026/07/11
2002,15788556,Loan Query,Medium,11.0,2026/05/31
2003,15772262,Complaint,Low,23.7,2026/04/07
2004,15662245,App Bug,Medium,26.5,2025/10/29
2005,15730469,Loan Query,High,7.5,2026/01/28
2006,15737647,App Bug,Medium,17.7,2026/01/02
2007,15747222,Account Update,Low,69.7,2026/02/04
2008,15577999,Fraud Alert,Medium,24.3,2025/11/04
2009,15576216,loginn issue,LOW,40.7,2025/09/27
2010,15602909,Loan Query,Medium,14.5,2026/01/03
2011,15682778,App Bug,Medium,39.4,2026/04/05
2012,15756277,Loan Query,High,3.2,2026/07/27
2013,15787255,Payment Failure,LOW,99.1,2026/07/18
2014,15681206,Login Issue,Low,77.6,2026/04/25
2015,15586517,App Bug,Low,57.7,2025/10/05
2016,15661433,App Bug,High,5.4,2025/10/29
2017,15587676,Card Problem,Low,133.7,2026/05/16
2018,15769451,Fraud Alert,Medium,26.1,2026/07/05
2019,15806546,Loan Query,Low,33.3,2026/06/04
2020,15625623,Login Issue,High,9.9,2025/09/11
2021,15762110,Fraud Alert,High,4.2,2026/07/23
2022,15732020,App Bug,Medium,36.6,2026/05/24
2023,15732334,Loan Query,High,3.8,2026/06/24
2024,15789413,Complaint,Critical,1.8,2026/01/04
2025,15789955,Card Problem,Medium,26.3,2025/11/15
2026,15750921,Fraud Alert,Medium,26.8,2026/01/30
2027,15737647,Payment Failure,Low,71.2,2026/04/10
2028,15815043,Login Issue,Low,60.7,2025/09/03
2029,15770984,Card Problem,High,5.2,2026/07/14
2030,15739292,Payment Failure,Low,98.6,2026/03/02
2031,15679738,Account Update,Critical,,2026/01/04
2032,15585100,Complaint,Low,84.2,2026/06/22
2033,15675252,Card Problem,Critical,-5.0,2026/04/04
2034,15677052,Fraud Alert,Medium,9.2,2025/12/07
2035,15655464,Payment Failure,Critical,2.7,2026/08/09
2036,15686936,Payment Failure,High,3.8,2026/08/11
2037,15641655,Payment Failure,Low,65.3,2025/10/16
2038,15576517,Card Problem,Low,75.9,2026/05/29
2039,15585777,Card Problem,Low,40.2,2026/03/06
2040,15693771,Account Update,LOW,95.7,2025/10/07
2041,15591607,App Bug,Medium,23.1,2026/05/30
2042,15735878,Account Update,Critical,2.3,2026/06/08
2043,15636069,Card Problem,Low,38.7,2026/05/20
2044,15703979,Payment Failure,High,6.0,2026/05/20
2045,15815428,Payment Failure,Low,134.6,2026/06/13
2046,15611186,App Bug,Critical,1.9,2025/09/13
2047,15755239,Fraud Alert,Low,16.5,2026/03/21
2048,15640409,,Medium,28.4,2026/05/01
2049,15657468,Card Problem,High,7.6,2025/09/25
2050,15621629,Fraud Alert,Medium,31.9,2026/07/25
2051,15681342,Fraud Alert,Low,96.6,2026/03/20
2052,15626243,Payment Failure,Medium,38.0,2026/03/13
2053,15699335,Loan Query,Low,15.3,2026/01/10
2054,15719479,Card Problem,Critical,1.1,2025/09/11
2055,15793856,Payment Failure,Medium,18.1,2026/03/04
2056,15709338,Login Issue,Low,,2025/10/07
2057,15714920,Account Update,Low,,2026/02/26
2058,15584620,Complaint,Low,32.4,2026/01/04
2059,15584899,,High,7.2,2026/08/05
2060,15765643,Fraud Alert,Low,103.9,2026/07/21
2061,15653315,Account Update,Low,36.4,2025/10/26
2062,15729836,Payment Failure,Critical,2.2,2026/06/27
2063,15692761,Card Problem,Medium,19.5,2026/02/20
2064,15784148,Complaint,Low,51.1,2025/11/10
2065,15731790,Loan Query,Critical,,2025/09/25
2066,15617655,Fraud Alert,Low,78.8,2026/03/02
2067,15638988,Account Update,Low,60.6,2026/06/09
2068,15637891,Payment Failure,Medium,13.4,2026/02/23
2069,15773776,Fraud Alert,Medium,17.8,2026/07/29
2070,15761783,Loan Query,Low,-5.0,2025/12/01
2071,15657107,Login Issue,High,8.6,2026/08/19
2072,15689612,Complaint,Medium,16.6,2026/04/28
2073,15792989,Account Update,Medium,17.6,2026/08/25
2074,15661936,Account Update,High,7.4,2026/05/06
2075,15812338,Complaint,Medium,32.3,2026/07/23
2076,15657540,Payment Failure,Low,52.0,2025/12/05
2077,15644896,Fraud Alert,Low,18.2,2025/11/11
2078,15717770,Login Issue,Medium,22.3,2025/10/05
2079,15809558,Card Problem,Low,96.4,2026/04/25
2080,15808175,Payment Failure,Critical,1.8,2025/09/21
2081,15641170,Fraud Alert,High,2.7,2026/01/31
2082,15734565,App Bug,Medium,42.3,2025/12/15
2083,15656148,Login Issue,Low,116.2,2025/09/25
2084,15800295,App Bug,Critical,2.4,2025/12/14
2085,15622182,Account Update,Low,103.2,2025/09/24
2086,15627377,App Bug,Critical,1.2,2026/02/11
2087,15752694,Card Problem,Medium,-5.0,2026/02/08
2088,15724719,Login Issue,Critical,1.8,2026/05/24
2089,15811970,Payment Failure,Critical,2.7,2026/03/25
2090,15627328,Fraud Alert,Critical,2.0,2026/06/08
2091,15775803,Login Issue,Low,112.3,2026/05/03
2092,15605672,App Bug,High,,2026/01/10
2093,15724127,Loan Query,Medium,21.3,2025/09/21
2094,15799217,App Bug,Critical,1.8,2026/07/31
2095,15807961,Login Issue,High,5.7,2025/12/09
2096,15602812,,High,5.6,2026/01/27
2097,15656330,Loan Query,Medium,25.7,2026/03/04
2098,15670859,Card Problem,Medium,19.2,2025/09/27
2099,15730418,loginn issue,Medium,36.8,2026/08/04
2100,15657771,Loan Query,Medium,28.6,2026/02/19
2101,15767681,Loan Query,Low,25.1,2026/01/20
2102,15607753,Card Problem,Low,,2025/11/05
2103,15651315,Loan Query,Critical,2.8,2026/03/10
2104,15602994,Fraud Alert,Low,121.1,2026/04/14
2105,15762803,App Bug,High,6.8,2026/03/26
2106,15602456,App Bug,Low,98.7,2026/04/16
2107,15581626,Payment Failure,Low,89.1,2026/03/19
2108,15697460,loginn issue,Medium,16.1,2026/02/23
2109,15663441,Account Update,Low,57.5,2025/12/07
2110,15793425,loginn issue,Low,42.3,2026/05/15
2111,15636238,Account Update,Medium,23.4,2026/08/23
2112,15773591,Card Problem,Critical,1.2,2026/05/15
2113,15779247,Login Issue,High,6.8,2026/03/10
2114,15619955,Card Problem,Critical,1.9,2026/05/26
2115,15726791,Payment Failure,Low,96.1,2026/01/17
2116,15798824,Card Problem,Medium,14.4,2025/10/15
2117,15701524,Login Issue,Low,84.0,2026/04/08
2118,15673570,App Bug,High,4.9,2025/10/13
2119,15635893,Loan Query,CRITICAL,2.2,2026/04/11
2120,15763460,Payment Failure,Medium,24.1,2026/07/08
2121,15760774,Card Problem,Medium,14.9,2025/12/04
2122,15809817,,Medium,,2026/06/09
2123,15588587,Card Problem,Medium,32.9,2026/01/31
2124,15765257,Fraud Alert,Medium,3.9,2026/02/14
2125,15784320,Loan Query,Medium,26.2,2025/10/25
2126,15755868,Fraud Alert,Low,0.5,2025/10/13
2127,15789936,Loan Query,Low,101.1,2026/02/17
2128,15567860,Fraud Alert,Low,94.7,2026/08/07
2129,15677146,Complaint,Medium,,2026/02/01
2130,15723339,Account Update,Low,,2026/02/06
2131,15775293,Loan Query,Medium,44.3,2026/04/19
2132,15741417,,Critical,1.1,2026/07/08
2133,15763194,Fraud Alert,Critical,2.2,2026/04/09
2134,15617320,Complaint,Medium,14.3,2025/11/27
2135,15588928,App Bug,Low,78.4,2026/08/22
2136,15709621,Complaint, Critical ,1.9,2026/04/18
2137,15654390,,Medium,28.2,2026/03/01
2138,15624437,App Bug,Medium,25.0,2026/04/19
2139,15601857,App Bug,HIGH,9.8,2025/09/24
2140,15611088,Payment Failure,medium,26.6,2026/03/02
2141,15802256,App Bug,Low,56.5,2026/07/14
2142,15672397,Loan Query,High,8.9,2026/04/13
2143,15655875,Fraud Alert,Medium,26.5,2026/01/21
2144,15699772,Complaint,critical,4.1,2026/07/27
2145,15706200,Payment Failure,Critical,2.5,2025/10/02
2146,15584749,Payment Failure,Medium,20.7,2025/10/11
2147,15675522,Complaint,Low,10.8,2026/08/12
2148,15632977,Payment Failure,Low,42.4,2026/07/26
2149,15769312,Payment Failure,High,3.3,2026/03/29
2150,15625740,App Bug,High,8.9,2026/03/08
2151,15583580,Complaint,Medium,27.7,2026/05/23
2152,15567339,App Bug,Medium,18.7,2026/08/16
2153,15614302,Card Problem,Medium,28.0,2025/11/23
2154,15592389,Fraud Alert,High,7.6,2025/09/18
2155,15688880,Complaint,High,4.3,2025/11/15
2156,15777743,Card Problem,Critical,1.9,2026/07/11
2157,15616028,Card Problem,High,5.2,2026/08/16
2158,15786200,Payment Failure,Critical,1.2,2026/04/15
2159,15569410,Card Problem,Medium,14.5,2025/09/20
2160,15592846,Complaint,Critical,1.9,2025/11/06
2161,15772073,Complaint,Low,49.8,2025/10/07
2162,15667971,Login Issue,Medium,18.0,2026/01/01
2163,15653952,Fraud Alert,High,6.2,2026/07/30
2164,15722072,App Bug,Low,74.4,2026/03/09
2165,15700366,,Medium,-5.0,2026/03/07
2166,15723851,Loan Query,Medium,10.3,2026/03/18
2167,15570859,Payment Failure,Medium,25.1,2026/06/20
2168,15614220,,Medium,24.5,2025/09/19
2169,15694366,Account Update,High,12.6,2026/07/09
2170,15700487,Fraud Alert,Low,93.0,2025/11/20
2171,15666200,Payment Failure,High,6.4,2026/08/16
2172,15638610,Complaint,Medium,31.9,2026/04/21
2173,15813917,,Low,2.7,2026/03/11
2174,15811588,Account Update,High,7.5,2026/03/12
2175,15704014,Payment Failure,Critical,2.2,2026/04/18
2176,15566494,,Low,21.0,2025/10/12
2177,15680752,Loan Query,Low,57.6,2026/06/23
2178,15787619,Loan Query,Medium,,2025/11/12
2179,15694129,Account Update,High,8.1,2026/06/01
2180,15671804,Card Problem,Medium,31.3,2026/03/09
2181,15611551,Account Update,CRITICAL,1.3,2026/03/25
2182,15706071,Login Issue,High,5.9,2026/02/10
2183,15777708,Fraud Alert,High,4.5,2026/08/01
2184,15770984,Payment Failure,Low,110.6,2026/01/23
2185,15581252,,Medium,12.6,2026/01/08
2186,15781210,Complaint,Medium,21.6,2025/10/31
2187,15736717,Card Problem,Critical,0.8,2025/09/16
2188,15576156,Loan Query,Low,95.8,2025/12/07
2189,15629793,Account Update,Critical,2.1,2026/05/16
2190,15651280,Complaint,Medium,33.2,2026/05/26
2191,15582960,Login Issue,Low,61.5,2026/03/20
2192,15766458,Fraud Alert,Medium,19.6,2026/06/17
2193,15770309,Payment Failure,Critical,1.3,2025/11/02
2194,15776733,Account Update,Medium,35.2,2026/01/15
2195,15773421,Card Problem,High,,2026/01/14
2196,15670345,App Bug,Low,102.1,2026/08/29
2197,15815660,Payment Failure,High  ,1.6,2026/04/19
2198,15762902,Login Issue,Low,75.8,2025/12/21
2199,15654456,Card Problem,Low,60.0,2026/07/13
2200,15747014,loginn issue,High,-5.0,2026/01/27
2201,15738291,Login Issue,High,1.9,2026/08/24
2202,15666096,Account Update,Medium,32.8,2026/05/12
2203,15700710,Fraud Alert,Low,42.4,2025/12/14
2204,15719898,Loan Query,high,4.2,2025/11/04
2205,15640442,Card Problem,High,1.8,2025/11/11
2206,15727391,Fraud Alert,Low,54.9,2025/10/10
2207,15716134,Complaint,Low,66.9,2026/04/22
2208,15669516,Card Problem,Low,79.7,2025/11/30
2209,15741078,App Bug,Low,73.9,2026/09/03
2210,15683339,Account Update,Medium,26.2,2026/04/18
2211,15764661,Payment Failure,Medium,23.8,2025/10/17
2212,15608387,App Bug,Medium,26.2,2026/08/18
2213,15756471,Account Update,High,0.5,2026/02/13
2214,15789974,Login Issue,Low,37.0,2026/08/10
2215,15713853,Account Update,High,3.6,2026/02/27
2216,15641091,Payment Failure,Low,73.4,2026/09/01
2217,15645744,Login Issue,Critical,2.2,2025/10/06
2218,15689671,Login Issue,Low,66.1,2026/06/11
2219,15771086,Complaint,Low,35.4,2026/06/07
2220,15780359,Fraud Alert,Medium,23.8,2026/01/29
2221,15755978,Complaint,Low,89.1,2026/02/03
2222,15602456,Card Problem,High,11.8,2025/11/22
2223,15808846,Account Update,Medium,8.4,2026/09/02
2224,15673439,App Bug,Medium,29.9,2026/09/01
2225,15615177,Loan Query,Low,81.3,2026/08/27
2226,15796480,App Bug,Low,147.0,2026/07/26
2227,15704763,Account Update,Low,67.2,2025/12/01
2228,15592736,App Bug,Low,41.9,2026/03/07
2229,15764419,Loan Query,High,7.9,2026/05/21
2230,15803365,Complaint,Medium,34.1,2025/12/26
2231,15801821,Loan Query,Critical,1.7,2025/11/04
2232,15656322,Card Problem,Low,66.6,2025/12/14
2233,15668695,Loan Query,Low,58.1,2025/11/13
2234,15714355,Login Issue,Critical,2.0,2026/01/02
2235,15675585,Payment Failure,Low,29.0,2026/05/13
2236,15579777,Fraud Alert,Medium,23.8,2025/09/16
2237,15756918,Account Update,High,4.6,2026/03/06
2238,15772423,Account Update,Medium,23.7,2026/06/13
2239,15574523,Loan Query,Medium,27.7,2026/06/23
2240,15688085,Fraud Alert,Low,112.5,2026/03/10
2241,15790093,Login Issue,High,9.0,2026/04/30
2242,15627298,Complaint,Low,57.1,2026/06/12
2243,15757811,Complaint,Critical,2.8,2025/11/08
2244,15709737,Account Update,Low,69.6,2026/07/13
2245,15662426,Login Issue,Low,112.9,2025/10/17
2246,15694376,Card Problem,Medium,24.7,2025/10/06
2247,15721383,Account Update,Low,,2026/02/08
2248,15723320,Account Update,Low,63.9,2026/03/25
2249,15759274,Complaint,Medium,15.1,2026/05/06
2250,15773789,App Bug,Critical,1.9,2026/05/30
2251,15589204,Login Issue,High,7.1,2026/04/01
2252,15606887,Payment Failure,Medium  ,34.5,2026/03/31
2253,15743545,App Bug,High,5.2,2026/06/24
2254,15783029,App Bug,High,6.7,2025/10/10
2255,15612455,Fraud Alert,Medium,33.8,2025/11/06
2256,15708003,Login Issue,Medium,28.2,2026/02/12
2257,15582325,Login Issue,Low,85.6,2026/07/28
2258,15664339,App Bug,Medium,17.6,2025/10/10
2259,15633474,Card Problem,Low,100.9,2026/04/21
2260,15663964,Payment Failure,Low,83.1,2026/04/29
2261,15584364,Payment Failure,High,5.3,2026/08/17
2262,15772341,App Bug,Low,125.3,2026/05/25
2263,15706904,Card Problem,Medium,33.8,2026/02/26
2264,15657317,Loan Query,High,7.3,2025/11/07
2265,15637461,App Bug,Low,42.8,2026/06/12
2266,15644179,Complaint,High,8.0,2026/07/27
2267,15615176,Fraud Alert,Low,23.7,2026/06/30
2268,15590078,Account Update,High,3.6,2025/12/05
2269,15572728,Complaint,Low,109.8,2025/11/08
2270,15624667,Login Issue,Critical,1.8,2026/04/12
2271,15748432,App Bug,High,7.0,2026/05/18
2272,15597131,Loan Query,High,8.9,2025/10/01
2273,15798615,Fraud Alert,Medium,41.3,2025/11/05
2274,15740160,Login Issue,Critical,2.5,2026/05/26
2275,15645839,Card Problem,Low,146.8,2025/11/20
2276,15775153,Complaint,Medium,,2026/02/05
2277,15737452,App Bug,Medium,16.8,2025/11/26
2278,15704681,Fraud Alert,Low,96.9,2025/11/24
2279,15603743,Card Problem,High,6.9,2026/02/15
2280,15625761,App Bug,Low,117.5,2026/09/01
2281,15773731,Payment Failure,Low,56.5,2025/12/27
2282,15748360,Login Issue,Low,122.1,2026/02/27
2283,15756125,Payment Failure,Medium,6.4,2026/05/26
2284,15632079,App Bug,Medium,-5.0,2026/01/26
2285,15685564,App Bug,Medium,30.9,2025/10/13
2286,15631310,Payment Failure,High,5.0,2026/01/09
2287,15712807,Card Problem,High,,2025/12/12
2288,15695078,Fraud Alert,High,-5.0,2026/07/25
2289,15586993,Login Issue,Low,51.0,2026/06/12
2290,15678317,Payment Failure,Low,74.6,2026/01/21
2291,15603082,App Bug,Medium,29.5,2025/11/06
2292,15777904,Payment Failure,Low,77.4,2026/07/20
2293,15709639,Login Issue,High,6.5,2026/02/05
2294,15578761,Complaint,Medium,22.5,2026/07/14
2295,15671655,Loan Query,Medium,4.7,2026/06/03
2296,15661507,Payment Failure,Low,82.0,2025/10/20
2297,15636767,Account Update,Low,25.1,2026/05/18
2298,15577806,Loan Query,High,10.1,2026/07/28
2299,15579040,Account Update,Critical,2.7,2025/11/28
2300,15785519,Complaint,Medium,21.1,2026/07/03
2301,15736420,,High,3.8,2026/06/27
2302,15812518,Payment Failure,High,4.6,2025/11/20
2303,15806771,Account Update,Medium,21.6,2025/11/29
2304,15611287,,Critical,3.4,2026/08/06
2305,15635598,Loan Query,Medium,,2026/07/19
2306,15744044,Fraud Alert,Critical,1.7,2026/07/09
2307,15579262,Fraud Alert,Medium,7.6,2026/02/22
2308,15579777,Loan Query,Medium,47.1,2026/06/18
2309,15804853,Payment Failure,Medium,26.9,2025/09/24
2310,15631709,Complaint,High,8.8,2025/09/17
2311,15734765,Payment Failure,Low,78.3,2025/10/14
2312,15814004,App Bug,Low,44.3,2025/09/26
2313,15683758,Account Update,Medium,18.6,2026/07/28
2314,15720713,Loan Query,Low,81.5,2026/06/25
2315,15584453,Payment Failure,Low,29.6,2026/01/16
2316,15812482,Account Update,MEDIUM,32.9,2026/08/02
2317,15722965,Card Problem,Medium,29.1,2025/12/19
2318,15717056,Complaint,High,8.2,2026/06/22
2319,15690492,Payment Failure,High,8.8,2026/04/04
2320,15698167,Card Problem,Low,73.6,2026/07/16
2321,15762172,Complaint,Medium,5.7,2026/07/27
2322,15575492,Card Problem,Low,81.4,2025/09/18
2323,15755798,App Bug,High,5.0,2026/05/15
2324,15739068,Loan Query,High,4.8,2026/07/21
2325,15791944,Payment Failure,critical,1.7,2026/06/09
2326,15737173,Card Problem,Low,77.0,2026/01/29
2327,15728012,Account Update,Low,,2026/07/28
2328,15798532,Payment Failure,High,5.2,2026/02/04
2329,15654611,Account Update,LOW,90.5,2026/05/08
2330,15718765,Complaint,Low,77.2,2026/01/06
2331,15627848,Complaint,High,8.3,2026/08/19
2332,15710743,Account Update,Medium,18.8,2026/03/29
2333,15635502,Card Problem,Low,102.6,2026/02/02
2334,15807221,Loan Query,Critical,3.4,2026/04/23
2335,15735358,Login Issue,Low,98.4,2025/10/10
2336,15574761,Payment Failure,Critical,1.7,2026/08/21
2337,15668081,Card Problem,Critical,2.6,2025/10/03
2338,15720929,Fraud Alert,Medium,25.0,2025/11/22
2339,15569892,Loan Query,Critical,2.7,2026/04/16
2340,15684269,Payment Failure,Medium,23.4,2026/04/03
2341,15579583,Complaint,Medium,17.2,2026/05/08
2342,15585379,App Bug,Low,74.7,2026/04/28
2343,15627251,Login Issue,Medium,13.1,2025/12/16
2344,15566467,Payment Failure,Critical,1.5,2026/02/24
2345,15618182,Fraud Alert,Medium,8.1,2026/07/10
2346,15631481,Login Issue,Low,,2025/11/15
2347,15599024,Loan Query,Medium,25.3,2026/02/10
2348,15624397,Loan Query,Critical,1.6,2026/02/13
2349,15668142,Loan Query,Medium,25.4,2026/02/26
2350,15718153,,Low,90.6,2026/03/26
2351,15608246,Loan Query,High,5.6,2025/11/08
2352,15790599,Payment Failure,Critical,1.9,2026/03/11
2353,15701109,Login Issue,Low,,2026/05/24
2354,15801904,Loan Query,Low,1.1,2026/06/17
2355,15771535,Payment Failure,Medium,30.4,2025/10/27
2356,15661290,Payment Failure,Critical,1.4,2026/02/13
2357,15783097,Card Problem,High,4.8,2026/01/04
2358,15587299,Loan Query,Medium,24.9,2026/04/29
2359,15731829,Fraud Alert,Medium,29.9,2025/11/04
2360,15621687,Complaint,Low,,2026/01/17
2361,15609356,Login Issue,Critical,1.7,2026/04/21
2362,15675888,Complaint,High,7.6,2026/01/07
2363,15807305,App Bug,High,-5.0,2025/11/14
2364,15695474,Payment Failure,Critical,2.9,2025/10/22
2365,15650313,,High,5.0,2025/09/28
2366,15648721,Loan Query,High,3.8,2026/01/29
2367,15729238,Complaint,Medium,99999.0,2026/03/18
2368,15624437,loginn issue,Low,76.6,2026/07/15
2369,15763898,App Bug,High,5.6,2026/04/05
2370,15624072,Card Problem,Medium,23.3,2026/01/08
2371,15626044,Login Issue,Low,96.6,2025/11/23
2372,15609160,Login Issue,Medium,34.4,2026/02/17
2373,15614893,Login Issue,Low,67.0,2026/06/25
2374,15771857,Complaint,High,-5.0,2026/02/10
2375,15678058,loginn issue,Medium,29.1,2025/12/09
2376,15754267,Login Issue,Critical,2.1,2025/11/23
2377,15737647,loginn issue,Medium,20.3,2026/05/16
2378,15752857,Account Update,Low,57.6,2026/05/24
2379,15636330,,Low,123.0,2026/04/30
2380,15666982,App Bug,High,5.3,2026/05/16
2381,15625126,Card Problem,Low,41.3,2026/02/07
2382,15694890,App Bug,low,80.4,2026/05/15
2383,15573628,Card Problem,Low,62.0,2025/09/14
2384,15783955,Account Update,Medium,15.4,2025/10/19
2385,15718944,Complaint,High,5.2,2026/03/23
2386,15711489,Account Update,Critical,1.9,2026/05/19
2387,15691387,Account Update,Critical,2.4,2026/04/25
2388,15704581,Complaint,Low,115.4,2026/01/04
2389,15746664,Loan Query,Medium,10.0,2025/12/22
2390,15602731,Loan Query,Medium,18.7,2026/06/28
2391,15804937,Payment Failure,Low,75.2,2026/03/02
2392,15577700,Card Problem,Low,132.7,2025/09/27
2393,15583033,Complaint,Low,41.5,2025/09/28
2394,15812279,Complaint,Low,4.8,2026/01/25
2395,15726289,Account Update,Medium,37.6,2026/05/14
2396,15694444,Loan Query,Medium,40.1,2026/07/05
2397,15682541,Fraud Alert,Low,112.1,2026/08/03
2398,15588123,Loan Query,Low  ,90.4,2026/08/13
2399,15636454,Login Issue, High ,7.8,2026/05/01
2400,15624471,Payment Failure,Medium,15.7,2026/01/27
2401,15642530,Loan Query,Low,102.5,2026/06/04
2402,15737071,Complaint,High,11.3,2025/09/07
2403,15698927,Loan Query,Low,88.0,2025/10/28
2404,15809800,Payment Failure,Critical,3.0,2026/04/11
2405,15592089,Login Issue,Low,118.0,2025/11/10
2406,15700813,Loan Query,Low,,2026/01/16
2407,15689526,Fraud Alert,Medium,16.5,2026/03/09
2408,15682070,Card Problem,Medium,26.2,2026/03/28
2409,15614215,Payment Failure,Medium,39.6,2026/03/09
2410,15583580,loginn issue,Medium,19.5,2025/09/26
2411,15719958,,Low,96.3,2026/03/27
2412,15631189,Account Update,Medium,14.0,2025/09/29
2413,15716781,Loan Query,High,3.3,2026/06/21
2414,15618258,Card Problem,Medium,20.7,2026/06/17
2415,15675522,Complaint,Low,10.8,2025/12/11
2416,15708505,Card Problem,Medium,19.5,2026/03/07
2417,15758769,Card Problem,Low,,2026/06/13
2418,15774696,Complaint,Medium,4.3,2026/01/28
2419,15645571,Account Update,Medium,22.2,2025/10/10
2420,15736302,Fraud Alert,Medium,16.9,2026/03/19
2421,15773260,Fraud Alert,Medium,15.9,2026/05/19
2422,15625632,Login Issue,Low,,2026/04/21
2423,15709861,Card Problem,Low,70.3,2026/06/11
2424,15567328,Card Problem,Critical,0.8,2026/01/24
2425,15694209,Card Problem,Critical,2.9,2026/07/19
2426,15764294,Complaint,Medium,36.7,2026/08/17
2427,15661412,App Bug,Low,,2026/07/12
2428,15791316,Account Update,Critical,3.6,2025/11/02
2429,15624850,Card Problem,Low,88.9,2025/11/07
2430,15653780,Payment Failure,Medium,21.1,2025/10/22
2431,15698792,Payment Failure,Medium,17.7,2026/03/23
2432,15569079,App Bug,Medium,,2026/03/13
2433,15671930,Payment Failure,Critical,0.5,2026/02/23
2434,15773890,Account Update,Critical,2.4,2026/06/15
2435,15587647,Account Update,Medium,29.0,2026/03/09
2436,15750121,loginn issue,Low,62.6,2025/11/15
2437,15771087,Login Issue,Critical,2.2,2025/12/13
2438,15632143,Account Update,Critical,0.8,2026/07/08
2439,15716000,App Bug, Medium ,36.6,2026/05/21
2440,15578375,Payment Failure,Medium,21.5,2026/03/27
2441,15633531,Loan Query,Low,71.8,2026/05/17
2442,15659651,Login Issue,Medium,11.5,2025/09/23
2443,15784700,Login Issue,Low,128.3,2025/09/26
2444,15693018,Fraud Alert,Low,89.6,2025/09/22
2445,15652658,Complaint,Low,79.2,2025/11/12
2446,15702430,Login Issue,Medium,34.2,2026/09/03
2447,15689616,Account Update,Critical,3.4,2026/02/20
2448,15584704,App Bug,Low  ,60.7,2026/05/03
2449,15708505,Loan Query,Low,87.3,2026/05/26
2450,15782236,Fraud Alert,Medium,33.0,2026/04/24
2451,15604130,Fraud Alert,High,4.8,2025/11/18
2452,15809772,Login Issue,Low,60.2,2026/07/10
2453,15622985,Fraud Alert,Medium,46.1,2026/05/24
2454,15705009,App Bug,High,9.5,2025/11/13
2455,15569867,Account Update,Medium,,2026/02/17
2456,15754053,Card Problem,High,4.4,2026/07/13
2457,15765093,Fraud Alert,High,6.9,2026/02/13
2458,15763922,Loan Query,Low,116.8,2025/11/25
2459,15655298,loginn issue,Low,74.1,2026/03/23
2460,15584453,Login Issue,Low,122.4,2026/07/15
2461,15737506,Login Issue,Low,142.3,2026/02/03
2462,15776921,Account Update,Low,83.2,2026/07/03
2463,15666652,Card Problem,Critical,3.4,2026/02/22
2464,15669805,Complaint,Medium,12.8,2026/05/20
2465,15773487,Complaint,Low,78.6,2026/05/21
2466,15625524,Account Update,Low,,2026/06/02
2467,15745326,Account Update,Medium,37.1,2026/05/11
2468,15708212,Login Issue,High,6.9,2026/08/31
2469,15566563,Login Issue,Medium,32.9,2026/06/18
2470,15652469,Complaint,Medium,35.9,2026/02/03
2471,15805565,App Bug,Medium,25.1,2026/05/04
2472,15706036,Fraud Alert,Critical,2.1,2025/09/11
2473,15626143,Card Problem,Low,37.7,2026/03/10
2474,15687752,loginn issue,Low,66.9,2026/02/19
2475,15645316,Loan Query,Medium,30.4,2026/08/13
2476,15722473,Login Issue,High,0.5,2025/10/29
2477,15596710,App Bug, Medium ,28.9,2026/04/04
2478,15654074,Login Issue,Critical,,2026/06/28
2479,15764892,Payment Failure,Low,70.0,2026/02/07
2480,15786680,Card Problem,Low,126.8,2026/08/21
2481,15767339,Loan Query,Medium,22.3,2026/07/22
2482,15666055,Fraud Alert,Low,77.2,2025/09/16
2483,15698349,Fraud Alert,Critical,2.0,2026/07/05
2484,15596962,Fraud Alert,High,9.9,2026/05/03
2485,15758136,Fraud Alert,Low,81.1,2026/01/16
2486,15692137,Complaint,High,3.5,2026/08/04
2487,15744295,Card Problem,Medium,17.6,2026/06/26
2488,15633233,Fraud Alert,Low,29.5,2026/06/25
2489,15655007,Payment Failure,Low,21.2,2025/12/28
2490,15623502,Account Update,Critical,2.5,2025/09/29
2491,15598744,Payment Failure,Medium,19.2,2026/06/28
2492,15700255,Payment Failure,Critical,2.8,2026/05/06
2493,15608845,Payment Failure,Medium,23.1,2025/11/29
2494,15580493,Card Problem,Medium,24.2,2026/05/29
2495,15781298,App Bug,High,5.5,2026/07/22
2496,15615012,Loan Query,High,0.5,2026/07/17
2497,15737173,Payment Failure,Low,87.6,2026/03/16
2498,15777639,Complaint,High,8.1,2025/11/17
2499,15585133,Account Update,Medium,30.2,2026/08/17
2500,15753895,Fraud Alert,High,5.1,2026/01/05
2501,15811589,App Bug,Critical,1.9,2025/09/19
2502,15681991,Payment Failure,Low,141.2,2026/06/23
2503,15681332,Fraud Alert,Medium,27.5,2026/08/27
2504,15600258,Account Update,Low,,2025/10/29
2505,15719649,Complaint,Medium,17.0,2025/12/09
2506,15610337,Payment Failure,High,4.3,2025/09/12
2507,15785865,Card Problem,Medium,22.1,2026/04/16
2508,15717995,,Low,75.8,2026/02/10
2509,15764226,Login Issue,Medium,31.4,2026/04/05
2510,15700654,Payment Failure,Low,62.5,2025/11/19
2511,15792250,Loan Query,High,6.4,2026/04/02
2512,15613713,Fraud Alert,Low,25.3,2026/08/22
2513,15672692,Payment Failure,High,5.1,2025/12/16
2514,15716347,Fraud Alert,High,6.5,2026/04/01
2515,15746805,Payment Failure,Medium,12.8,2026/05/17
2516,15720636,,Low,76.7,2026/07/13
2517,15641640,Loan Query,Medium,23.3,2026/05/02
2518,15787756,Complaint,LOW,94.5,2025/10/04
2519,15601892,,Critical,1.1,2026/08/30
2520,15761047,Loan Query,Medium,99999.0,2025/11/12
2521,15566740,Loan Query,Medium,30.5,2026/05/26
2522,15636541,Card Problem,High,9.1,2025/12/18
2523,15743293,App Bug,Critical,2.1,2026/06/17
2524,15703199,Card Problem,Critical,0.6,2026/02/16
2525,15747043,App Bug,Low,73.7,2026/08/08
2526,15646859,loginn issue,MEDIUM,32.3,2026/05/05
2527,15665963,Complaint,Medium,35.9,2026/05/30
2528,15715707,Account Update,High,3.1,2026/03/14
2529,15729832,Loan Query,Low,97.3,2026/02/10
2530,15674727,Loan Query,Medium,17.9,2025/11/30
2531,15622911,,Medium,33.9,2026/04/26
2532,15810786,Complaint,Low,33.5,2026/06/02
2533,15577398,Account Update,Low,16.2,2026/02/25
2534,15661528,Fraud Alert,Low,92.7,2026/06/09
2535,15707479,Payment Failure,Medium,,2026/03/03
2536,15715707,Card Problem,Low,71.2,2026/08/15
2537,15765518,Account Update,Medium,36.0,2026/08/17
2538,15758252,Payment Failure,High,8.1,2026/07/29
2539,15673372,Complaint,Medium,16.4,2026/08/23
2540,15713379,Loan Query,High,5.8,2026/01/16
2541,15785290,Login Issue,Medium,24.3,2026/07/12
2542,15661821,Login Issue,Low,47.1,2026/05/08
2543,15704746,Fraud Alert,Medium,31.4,2025/12/10
2544,15810786,Complaint,Low,-5.0,2026/01/07
2545,15630413,App Bug,Medium,16.1,2026/01/23
2546,15593976,Account Update,Medium,18.4,2026/06/15
2547,15636089,Loan Query,Medium,24.2,2026/02/02
2548,15590993,Loan Query,Medium,26.2,2025/12/27
2549,15665374,Account Update,Low,75.4,2026/02/02
2550,15777067,Payment Failure,Low,63.6,2026/01/28
2551,15802466,Complaint,Medium,29.3,2026/08/29
2552,15600510,Payment Failure,High,99999.0,2025/12/18
2553,15586183,Complaint,High,4.3,2026/08/22
2554,15669741,Complaint,Critical,,2026/08/29
2555,15616525,Card Problem,Low,99.8,2026/05/11
2556,15751549,Payment Failure,Medium,16.0,2026/02/12
2557,15805151,Card Problem,Low,102.1,2026/05/06
2558,15710726,App Bug,Medium,30.4,2026/02/28
2559,15748856,Complaint,low,78.8,2026/06/16
2560,15593715,Login Issue,High,5.2,2026/01/21
2561,15578156,Card Problem,Medium,39.5,2026/01/28
2562,15566633,Loan Query,High,11.4,2025/11/04
2563,15676835,App Bug,Low,,2026/06/23
2564,15799710,App Bug,Medium,38.5,2026/08/15
2565,15656597,Loan Query,Medium,17.3,2026/06/08
2566,15798975,Card Problem,High  ,5.4,2026/03/16
2567,15764294,Account Update,Medium,16.5,2026/03/24
2568,15754578,Loan Query,Medium,13.6,2026/02/26
2569,15696175,Login Issue,Low,23.9,2025/11/16
2570,15802501,Account Update, Low ,61.2,2026/01/29
2571,15747647,,Medium,7.4,2025/09/24
2572,15631406,Card Problem,Low,83.9,2026/01/28
2573,15791321,Complaint,High,7.9,2026/09/03
2574,15727021,Payment Failure,High,11.8,2025/10/13
2575,15762729,Complaint,Medium,42.7,2026/02/27
2576,15700826,Payment Failure,High,6.6,2026/04/17
2577,15571995,Payment Failure,Low,,2026/08/04
2578,15727041,Fraud Alert,High,4.2,2026/01/12
2579,15780359,Card Problem,High,5.6,2026/05/06
2580,15623277,Account Update,Low,96.1,2025/12/21
2581,15578238,Fraud Alert,Critical,3.0,2025/12/15
2582,15669516,App Bug,Critical,1.9,2026/06/05
2583,15809837,Loan Query,High,4.6,2026/01/19
2584,15569187,Complaint,Low,86.4,2026/06/17
2585,15701319,Card Problem,Medium,11.4,2026/08/25
2586,15736250,Login Issue,Medium,30.7,2026/01/20
2587,15684171,Complaint,High,5.4,2025/11/12
2588,15741275,App Bug,Medium,,2025/10/28
2589,15612615,App Bug,Medium,23.6,2026/07/15
2590,15800524,Account Update,Low,149.0,2026/06/30
2591,15790846,Login Issue,Low,21.2,2026/01/03
2592,15565714,Login Issue,Low,65.2,2026/01/05
2593,15656029,Fraud Alert,Critical,2.1,2025/09/28
2594,15645511,,Low,83.2,2026/08/11
2595,15712319,Payment Failure,Low,100.0,2026/06/01
2596,15592386,loginn issue,Critical,2.1,2025/12/27
2597,15665802,Login Issue,Low,112.3,2026/07/26
2598,15692575,Payment Failure,High,6.5,2025/12/31
2599,15790717,Complaint,Medium,30.1,2025/09/29
2600,15800703,Account Update,Medium,9.9,2025/10/24
2601,15743456,Fraud Alert,Critical,2.8,2026/04/02
2602,15586993,Login Issue,Low,51.0,2026/02/19
2603,15735522,App Bug,Medium,18.8,2026/05/02
2604,15793042,Login Issue,Medium,13.6,2025/10/24
2605,15744200,Payment Failure,Medium,18.0,2026/08/17
2606,15732563,Account Update,Medium,20.3,2025/11/12
2607,15730705,Fraud Alert,Medium,23.0,2025/09/05
2608,15729689,Loan Query,Critical,1.5,2026/06/11
2609,15565878,App Bug,Critical,1.6,2025/11/22
2610,15620268,Account Update,Low,70.5,2026/03/30
2611,15584580,Payment Failure,Low,92.3,2026/08/03
2612,15607526,Login Issue,Low,51.6,2026/05/04
2613,15740406,Payment Failure,Medium,19.5,2026/05/05
2614,15591107,App Bug,Medium,19.6,2026/08/02
2615,15714240,Payment Failure,Medium,27.3,2025/12/14
2616,15718769,Complaint,High,12.3,2026/01/28
2617,15631848,Payment Failure,Low,79.8,2026/02/14
2618,15658435,Payment Failure,Medium,16.7,2026/01/27
2619,15796505,Account Update,Low,96.3,2026/07/30
2620,15631912,Fraud Alert,High,99999.0,2025/10/03
2621,15644692,Loan Query,Low,41.3,2025/10/18
2622,15776156,Login Issue,Low,52.9,2026/08/02
2623,15587676,Account Update,Medium,25.5,2026/06/23
2624,15759038,Account Update,Low,127.6,2025/12/30
2625,15749381,,Low,9.3,2026/06/03
2626,15570947,Complaint,Medium,27.4,2025/09/22
2627,15812482,App Bug,Critical,0.6,2025/12/01
2628,15686461,Complaint,High,9.6,2026/04/04
2629,15779174,Complaint,High,3.5,2025/12/02
2630,15721433,Complaint,Medium,41.8,2025/09/21
2631,15714832,Payment Failure,Medium,22.3,2026/03/25
2632,15627002,App Bug, High ,6.5,2026/05/14
2633,15762927,Complaint,High,8.7,2025/12/07
2634,15670668,Account Update,Medium,27.8,2026/01/29
2635,15790958,Account Update,Critical,1.6,2025/09/22
2636,15734942,Card Problem,Low,64.3,2025/09/07
2637,15805303,Payment Failure,Low,71.5,2026/02/02
2638,15674620,Account Update,Critical,0.8,2026/06/20
2639,15738627,App Bug,Medium,30.3,2026/07/08
2640,15759690,App Bug,Low,46.2,2025/10/27
2641,15630321,Login Issue,Low,79.0,2026/02/21
2642,15691910,Payment Failure,Critical,1.1,2026/01/26
2643,15625586,Loan Query,Medium,26.2,2026/04/23
2644,15803121,Fraud Alert,Low,32.8,2026/07/28
2645,15681554,Card Problem,High,9.5,2026/06/08
2646,15730469,Card Problem,Low,83.6,2026/05/29
2647,15707199,Account Update,Low,91.1,2026/05/13
2648,15787602,Login Issue,Medium,13.0,2025/11/10
2649,15658306,Loan Query,Critical,2.0,2026/05/19
2650,15658504,Loan Query,Low,60.9,2026/04/30
2651,15640407,App Bug,Low,90.5,2026/01/20
2652,15669782,Complaint,High,11.8,2025/12/10
2653,15743067,Complaint,High,5.1,2025/10/30
2654,15617252,App Bug,Critical,,2026/02/19
2655,15734202,Loan Query,Low,102.5,2025/11/25
2656,15583755,Complaint,Low,67.1,2026/04/25
2657,15799710,Account Update,Low,113.9,2026/07/31
2658,15580845,,High,5.0,2026/01/12
2659,15761886,App Bug,Medium,25.8,2025/12/07
2660,15793671,Fraud Alert,Low,64.5,2025/09/10
2661,15593773,App Bug,Low,78.9,2026/02/22
2662,15636626,Payment Failure,Medium,29.0,2026/02/01
2663,15762615,App Bug,Medium,0.5,2026/06/20
2664,15579915,Card Problem,medium,23.9,2026/08/14
2665,15625151,loginn issue,Medium,,2025/12/10
2666,15591169,Fraud Alert,High,7.8,2025/12/01
2667,15686964,Loan Query,Low,,2026/07/12
2668,15736043,Card Problem,Critical,1.6,2026/07/27
2669,15675316,Card Problem,Medium,28.2,2026/03/29
2670,15741417,Login Issue,High,2.3,2026/04/09
2671,15665129,Card Problem,Medium,34.9,2026/05/24
2672,15764922,Card Problem,Medium,16.3,2026/02/17
2673,15726588,Account Update,Low,69.1,2025/10/17
2674,15680804,Loan Query,Critical,1.9,2026/03/27
2675,15814237,Fraud Alert,High,8.0,2026/08/11
2676,15595071,App Bug,Critical,2.4,2025/10/21
2677,15796838,App Bug,Critical,2.9,2025/12/06
2678,15770424,Account Update,Low,101.8,2025/11/13
2679,15607634,App Bug,High,-5.0,2026/05/05
2680,15783541,Login Issue,High,8.9,2026/02/15
2681,15663964,Fraud Alert,High,7.9,2026/01/08
2682,15646161,Card Problem,Low,132.7,2025/09/06
2683,15645847,Fraud Alert,High,11.1,2026/01/14
2684,15724200,Fraud Alert,Low,138.8,2026/03/18
2685,15770041,Fraud Alert,Low,4.0,2026/01/01
2686,15654878,Complaint,Medium,17.4,2026/04/19
2687,15609998,Card Problem,MEDIUM,21.3,2026/01/17
2688,15588341,Loan Query,Low,41.3,2026/02/18
2689,15613623,Account Update,Medium,1.9,2026/02/04
2690,15698749,Payment Failure,Critical,1.5,2026/06/28
2691,15601383,Complaint,Medium,18.5,2026/06/23
2692,15790599,Payment Failure,Low,62.9,2025/09/08
2693,15668289,Fraud Alert,Low,46.1,2026/01/14
2694,15755722,Login Issue,Medium,17.9,2026/08/03
2695,15600975,Fraud Alert,Low,54.8,2026/03/06
2696,15613630,Fraud Alert,High,7.0,2026/08/23
2697,15668009,Complaint,Low,52.1,2026/01/01
2698,15777896,Card Problem,Low,83.7,2025/10/04
2699,15576714,Loan Query,Medium,17.0,2026/08/10
2700,15686219,Login Issue,Medium,32.7,2025/11/02
2701,15679760,Login Issue,Medium,31.7,2026/04/29
2702,15757916,Account Update,Critical,2.7,2026/02/07
2703,15692671,Card Problem,Low,58.2,2025/11/23
2704,15657540,Payment Failure,High,4.5,2026/03/29
2705,15642579,Account Update,High,8.1,2026/08/20
2706,15712772,Payment Failure,LOW,41.9,2026/05/18
2707,15726490,App Bug,Low,73.0,2026/08/29
2708,15769312,loginn issue,Low,100.0,2026/02/09
2709,15759456,App Bug,Low,64.2,2026/08/22
2710,15627190,Payment Failure, Critical ,2.9,2025/11/02
2711,15724443,Account Update,Low,109.8,2026/07/27
2712,15805676,Login Issue,Critical,2.2,2026/02/01
2713,15718507,Payment Failure,Low,80.0,2026/03/10
2714,15749328,Account Update,Medium,31.6,2026/07/14
2715,15665416,Account Update,Medium,31.8,2025/12/25
2716,15740104,Payment Failure,High,8.7,2025/12/24
2717,15790247,Complaint,Medium,16.3,2025/11/10
2718,15778489,Login Issue,Low,113.9,2026/05/05
2719,15573086,Complaint,High,6.9,2025/11/20
2720,15600832,Loan Query,High,5.7,2026/04/23
2721,15718588,Fraud Alert,Critical,1.7,2026/07/10
2722,15626243,Loan Query,Low,51.7,2026/03/13
2723,15807245,Loan Query,Medium,12.5,2026/04/03
2724,15706729,Fraud Alert,High,6.6,2026/08/28
2725,15655274,Card Problem,High,4.4,2026/06/11
2726,15612966,Account Update,Medium,,2026/05/02
2727,15623668,Fraud Alert,High,,2026/06/05
2728,15656597,Complaint,Low,59.0,2026/08/09
2729,15798749,Payment Failure,Medium,21.5,2025/12/23
2730,15573280,Card Problem,Low,85.3,2026/01/07
2731,15795224,Login Issue,High,5.2,2026/08/17
2732,15654230,Payment Failure,High,7.8,2026/07/05
2733,15792649,Account Update,Critical,2.6,2025/10/14
2734,15720847,Complaint,Low,96.5,2026/05/30
2735,15680046,Login Issue,Medium,,2026/04/19
2736,15583499,Loan Query,low,80.9,2026/05/31
2737,15754301,Complaint,Medium,,2026/08/29
2738,15727384,App Bug,High,3.9,2026/03/07
2739,15701412,Fraud Alert,High,3.1,2025/10/12
2740,15662500,Login Issue,Medium,33.3,2026/06/18
2741,15665802,Complaint,Low,66.8,2025/10/30
2742,15686436,App Bug,Medium,26.1,2025/10/04
2743,15735878,Login Issue,Critical,3.1,2026/06/10
2744,15702434,Payment Failure,medium,26.1,2026/05/19
2745,15723488,Account Update,High,4.6,2025/12/15
2746,15572158,Login Issue,Medium,29.0,2026/06/23
2747,15621644,Fraud Alert,High,4.5,2026/06/04
2748,15723339,Login Issue,Critical,2.4,2025/11/18
2749,15697283,Fraud Alert,Low,65.6,2025/11/26
2750,15631063,Login Issue,Low,71.1,2026/02/17
2751,15599084,Login Issue,Low,25.6,2026/05/27
2752,15758171,Login Issue,Low,77.3,2026/04/17
2753,15615670,Fraud Alert,Low,87.5,2025/11/01
2754,15814519,Payment Failure,Critical,,2026/08/17
2755,15713160,loginn issue,Medium,22.7,2025/12/17
2756,15751120,App Bug,Medium,15.9,2026/06/28
2757,15704340,Fraud Alert,Critical,2.0,2026/05/11
2758,15806134,Complaint,High,8.9,2025/10/19
2759,15607713,Loan Query,Low,68.2,2026/05/22
2760,15679770,Login Issue,High,10.2,2026/04/19
2761,15737452,Fraud Alert,High,6.7,2025/10/01
2762,15682834,Complaint,Medium,30.2,2026/04/23
2763,15693764,Loan Query,Low,139.7,2025/11/09
2764,15727177,Loan Query,Medium,31.2,2026/05/23
2765,15647111,Fraud Alert,Low,103.2,2026/04/03
2766,15675231,Loan Query,Low,27.0,2026/04/24
2767,15769312,App Bug,Medium,28.6,2026/06/18
2768,15698117,Fraud Alert,Medium,27.7,2025/10/02
2769,15812279,Loan Query,Medium,29.4,2026/06/16
2770,15733777,Payment Failure,Medium,6.9,2026/04/27
2771,15588986,Loan Query,Low,72.6,2026/08/13
2772,15766137,Loan Query,Critical,1.9,2026/02/07
2773,15685476,Payment Failure,Low,82.6,2025/09/14
2774,15785519,Payment Failure,Low,74.4,2026/03/24
2775,15724623,Loan Query,High,3.9,2026/01/11
2776,15593976,Complaint,Low,81.9,2025/09/04
2777,15646784,App Bug,Low,38.5,2025/12/23
2778,15612627,Loan Query,Medium,,2026/06/26
2779,15679770,Loan Query,Critical,2.6,2025/10/10
2780,15801788,Fraud Alert,Critical,0.9,2025/09/26
2781,15806967,Card Problem,High,,2026/04/07
2782,15595440,Login Issue,Low,105.3,2026/02/26
2783,15670646,Fraud Alert,Medium,24.6,2026/08/27
2784,15650575,Loan Query,Medium,16.0,2025/10/05
2785,15599386,Loan Query,Critical,1.5,2026/06/07
2786,15641835,App Bug,Medium,14.8,2025/10/03
2787,15682421,Complaint,low,23.8,2025/10/08
2788,15774285,Card Problem, High ,4.6,2026/05/02
2789,15595588,Login Issue,Critical,1.1,2025/09/19
2790,15759966,Payment Failure,Low,41.2,2026/01/27
2791,15793585,Loan Query,Low,48.5,2026/03/31
2792,15590476,Card Problem,Low,59.8,2025/12/04
2793,15574012,App Bug,Low,105.2,2025/11/11
2794,15776936,App Bug,High,,2026/07/28
2795,15764021,Fraud Alert,Low,64.4,2026/07/30
2796,15810878,Complaint,Critical,3.0,2026/04/06
2797,15621893,Complaint,High,5.6,2026/03/13
2798,15805429,Login Issue,Low,103.3,2026/03/17
2799,15809309,App Bug,Low,60.1,2026/04/20
2800,15709846,Loan Query,Critical,3.1,2026/03/15
2801,15767432,Login Issue,Medium,23.1,2026/03/14
2802,15766137,Card Problem,Low,107.7,2025/10/14
2803,15719508,Card Problem, High ,7.9,2026/08/18
2804,15782939,Login Issue,Low,16.5,2026/08/07
2805,15655648,Account Update,High,10.9,2026/06/06
2806,15678571,Login Issue,Critical,2.0,2025/11/10
2807,15761717,Complaint,critical,-5.0,2026/08/03
2808,15724863,Fraud Alert,Low,77.7,2026/02/28
2809,15624510,Account Update,critical,2.0,2025/11/02
2810,15654457,Complaint,Medium,28.6,2025/12/03
2811,15764654,Complaint,medium,19.2,2026/06/05
2812,15726403,Fraud Alert,Medium,27.7,2026/03/23
2813,15585892,Login Issue,Critical,1.6,2026/05/31
2814,15705009,Loan Query,Medium,44.9,2025/11/07
2815,15805909,Fraud Alert,Critical,1.5,2025/12/26
2816,15790093,Complaint,High,9.3,2025/09/04
2817,15675176,Payment Failure,Medium,18.2,2025/09/14
2818,15754940,Fraud Alert,High,6.4,2026/02/02
2819,15803078,App Bug,Low,106.7,2026/04/28
2820,15672894,Fraud Alert,Medium,30.9,2026/08/13
2821,15633586,Payment Failure,Critical,1.8,2026/06/08
2822,15717398,Complaint,Medium,21.0,2026/04/08
2823,15725311,Complaint,Medium,43.2,2026/06/02
2824,15768566,Fraud Alert,Medium,33.9,2026/03/16
2825,15655632,App Bug, High ,4.7,2025/12/29
2826,15697948,Complaint,Low,,2026/01/07
2827,15642063,Complaint,Low,98.7,2026/04/26
2828,15615820,Loan Query,Low,85.9,2026/02/27
2829,15647890,Fraud Alert,High,6.0,2025/11/21
2830,15591169,Loan Query,Low,16.2,2026/01/22
2831,15736717,Complaint,High,1.7,2025/12/08
2832,15770424,Payment Failure,Critical,,2025/10/30
2833,15810563,Loan Query,Medium,8.3,2025/09/19
2834,15619616,Fraud Alert,Critical,1.8,2026/08/07
2835,15603830,Fraud Alert,Critical,3.5,2026/04/05
2836,15720687,App Bug,Critical,1.7,2026/07/14
2837,15756167,Fraud Alert,Medium,7.1,2025/09/11
2838,15706200,App Bug,Medium,25.3,2026/01/04
2839,15785705,Login Issue,Low,,2025/12/17
2840,15775153,Complaint,Medium,19.0,2025/10/07
2841,15753591,Loan Query,Critical,1.6,2025/10/24
2842,15762198,Complaint,Low,34.3,2026/07/04
2843,15614491,Loan Query,Low,137.4,2025/09/20
2844,15649124,App Bug,Low,61.8,2026/04/19
2845,15771417,Card Problem,Low,91.0,2026/07/06
2846,15740356,Card Problem,Critical,3.0,2026/08/13
2847,15712551,Login Issue,Medium,18.7,2026/08/29
2848,15726776,Login Issue,Low,60.4,2025/09/27
2849,15792649,Card Problem,Medium,40.3,2026/01/06
2850,15757777,Loan Query,Medium,15.4,2025/09/25
2851,15673747,Login Issue,Low,,2026/03/27
2852,15593283,Complaint,Low,22.6,2026/04/15
2853,15700854,Loan Query,High,,2025/12/31
2854,15631882,App Bug,High,5.3,2026/06/06
2855,15624715,Login Issue, High ,-5.0,2025/12/23
2856,15658972,App Bug,High,7.0,2025/10/01
2857,15792008,Complaint,Low,-5.0,2025/11/13
2858,15737705,App Bug,Low,13.9,2026/05/18
2859,15738715,Card Problem, High ,5.7,2026/01/29
2860,15716134,Payment Failure,Critical,3.3,2025/12/31
2861,15610403,Card Problem,Critical,2.0,2026/06/24
2862,15734312,Login Issue,Critical,2.3,2026/02/13
2863,15742820,Complaint,Low,79.6,2026/06/25
2864,15624528,App Bug,Medium,30.5,2026/07/06
2865,15680772,Card Problem,Medium,25.9,2026/08/13
2866,15757931,Fraud Alert,High,4.8,2026/02/14
2867,15779497,Payment Failure,Critical,1.7,2026/01/02
2868,15697183,Login Issue,Low,87.4,2026/02/04
2869,15786643,Fraud Alert,Low,65.5,2025/11/15
2870,15677828,App Bug,Medium,39.6,2026/08/07
2871,15595303,Payment Failure,Critical,1.0,2026/05/27
2872,15734762,Login Issue,Medium,31.9,2025/12/25
2873,15809263,Loan Query,High,4.0,2026/04/02
2874,15638463,Account Update,Medium,-5.0,2026/02/03
2875,15665008,Login Issue,Medium,25.3,2026/01/21
2876,15644753,App Bug,Critical,2.4,2025/10/04
2877,15585865,Login Issue,Critical,1.9,2026/06/15
2878,15677371,Complaint,Low,55.4,2026/07/02
2879,15795124,App Bug,Low,72.4,2025/12/01
2880,15617991,Payment Failure,Critical,1.7,2026/07/20
2881,15630725,Account Update, Medium ,23.7,2026/08/16
2882,15680587,Account Update,Low,95.8,2026/04/09
2883,15693526,Card Problem,High,,2026/06/14
2884,15782569,Complaint,Medium,99999.0,2026/05/14
2885,15644280,Payment Failure,Medium,28.6,2025/09/27
2886,15584897,loginn issue,Low,86.0,2026/02/26
2887,15677173,Login Issue,Medium,19.0,2026/07/29
2888,15808566,Account Update,Medium,45.5,2026/08/12
2889,15565996,Login Issue,High,6.6,2026/03/17
2890,15754999,Loan Query,Low,54.0,2026/05/29
2891,15790564,,Critical,0.5,2026/02/13
2892,15634950,Fraud Alert,High,,2026/08/25
2893,15621818,Complaint,Low,94.1,2026/04/04
2894,15708513,App Bug,High,9.0,2026/03/31
2895,15675450,Login Issue,High,1.2,2025/11/18
2896,15806455,Loan Query,Low,59.8,2026/02/03
2897,15596228,App Bug,Critical,2.4,2026/03/14
2898,15749557,Loan Query,Medium,24.0,2025/12/06
2899,15735106,Loan Query,Low,16.5,2026/06/05
2900,15742607,Card Problem,High,4.7,2026/05/03
2901,15710138,Payment Failure,Medium,13.2,2026/01/04
2902,15755649,Payment Failure,High,1.2,2025/12/27
2903,15652615,App Bug,High,3.0,2026/02/03
2904,15648951,Fraud Alert,Critical,2.6,2026/08/31
2905,15657342,App Bug,Medium,15.6,2025/11/15
2906,15721715,Card Problem,Low,107.9,2026/04/28
2907,15666559,Loan Query,Medium,19.8,2025/10/02
2908,15655574,App Bug,Low,76.3,2026/06/17
2909,15591550,Login Issue,High,5.1,2026/04/02
2910,15592751,Fraud Alert,High,3.4,2026/04/04
2911,15783875,Login Issue,Medium,19.0,2026/06/15
2912,15651802,Loan Query,High,6.8,2026/06/01
2913,15597394,Card Problem,Critical,1.6,2025/11/10
2914,15637315,Payment Failure,Medium,18.3,2026/03/20
2915,15722322,Complaint,Medium,15.1,2026/01/05
2916,15710366,Card Problem,Critical,1.9,2026/01/11
2917,15680201,Account Update,Medium,34.6,2025/12/16
2918,15689344,Fraud Alert,Low,27.7,2026/02/19
2919,15775663,Payment Failure,High,2.2,2026/07/31
2920,15607690,Complaint,Critical,1.7,2025/10/13
2921,15627305,Card Problem,High,7.3,2026/04/21
2922,15589449,Account Update,Medium,14.6,2026/03/11
2923,15742285,loginn issue,Medium,36.5,2025/10/20
2924,15626135,Fraud Alert,Low,82.2,2026/06/04
2925,15711249,App Bug,Critical,2.2,2025/12/09
2926,15667938,App Bug,Critical,1.7,2025/09/29
2927,15751137,Complaint,Low,79.7,2026/01/18
2928,15780498,Loan Query,Medium,22.0,2026/03/15
2929,15730076,App Bug,High,,2026/08/13
2930,15665579,Fraud Alert,Low,,2026/07/09
2931,15688264,Complaint,High,6.8,2026/07/08
2932,15784736,Payment Failure,High,8.4,2025/09/23
2933,15657085,Fraud Alert,Low,74.3,2025/10/10
2934,15694300,loginn issue,Medium,22.1,2025/12/08
2935,15653595,Card Problem,High,9.7,2026/06/30
2936,15590637,Loan Query,Low,113.8,2026/08/12
2937,15705918,Complaint,Medium,14.7,2026/06/16
2938,15692408,Card Problem,Medium,22.1,2025/12/23
2939,15713426,Account Update,Low,74.3,2026/05/06
2940,15775339,Card Problem,Medium  ,0.5,2025/12/18
2941,15606435,,Low,99999.0,2026/02/20
2942,15776824,Login Issue,Medium,41.0,2026/02/05
2943,15721592,Card Problem,Low,48.8,2025/09/10
2944,15570943,Account Update,Low,76.3,2025/12/20
2945,15647191,App Bug,Low,85.7,2025/12/09
2946,15705620,Complaint,Low,37.1,2025/11/02
2947,15660211,Loan Query,Low,23.0,2026/05/06
2948,15566708,Loan Query,Low  ,66.1,2026/01/05
2949,15695129,Payment Failure,High,5.8,2026/08/25
2950,15596405,Login Issue,Medium,20.5,2026/07/09
2951,15686776,Payment Failure,High,3.3,2026/08/29
2952,15635870,Fraud Alert,Low,55.1,2025/12/16
2953,15638068,Payment Failure,High,6.1,2026/03/25
2954,15587690,Fraud Alert,Medium,33.3,2026/01/03
2955,15668385,Login Issue,Medium,26.8,2026/06/12
2956,15719649,App Bug,Medium,21.8,2026/02/14
2957,15616471,Loan Query,Low,91.5,2026/01/25
2958,15567557,Account Update,Low,76.3,2026/03/16
2959,15591248,Payment Failure,Low,67.7,2026/04/29
2960,15717629,Loan Query,Low,29.8,2026/06/03
2961,15634719,Payment Failure,Low,55.7,2026/08/01
2962,15571144,Loan Query,Low,,2026/03/05
2963,15578809,Login Issue,Low,104.2,2026/02/07
2964,15726774,Loan Query,Low,,2026/01/14
2965,15647570,App Bug,Low,61.4,2026/03/06
2966,15671804,App Bug,Medium,29.3,2026/05/23
2967,15705707,Complaint,High,5.5,2026/05/15
2968,15614420,Login Issue,Low,93.1,2026/04/29
2969,15654457,Login Issue,High,10.3,2025/10/23
2970,15692226,Card Problem,Medium,38.5,2026/05/01
2971,15575428,Card Problem,Low,36.2,2026/02/13
2972,15744717,Login Issue,Low,62.9,2025/12/16
2973,15595588,App Bug,High,8.2,2026/03/11
2974,15733114,Complaint,Low,63.1,2026/02/10
2975,15713094,Fraud Alert,Low,98.2,2026/04/02
2976,15730076,Complaint,Critical,0.8,2025/09/26
2977,15705512,Loan Query,Medium,,2026/06/18
2978,15688963,Payment Failure,High,4.5,2025/12/25
2979,15643826,Login Issue,Low,84.2,2025/11/16
2980,15759684,,Critical,1.8,2025/09/11
2981,15688071,Loan Query,Medium,24.0,2026/01/14
2982,15598162,Loan Query,Low,53.4,2026/06/13
2983,15695679,Card Problem,Critical,1.9,2026/06/29
2984,15585985,Payment Failure,Medium,3.6,2026/06/26
2985,15662574,Loan Query,Medium,32.1,2026/04/04
2986,15679738,Fraud Alert,Low,46.1,2026/02/01
2987,15795586,Complaint,Low,93.7,2025/11/20
2988,15765902,Account Update,High,6.4,2025/12/12
2989,15634281,Payment Failure,Medium,20.2,2026/02/18
2990,15619932,Complaint,Medium,22.5,2025/12/29
2991,15641773,Card Problem,Low,34.3,2026/03/16
2992,15708256,loginn issue,Medium,12.6,2026/06/21
2993,15694200,Loan Query,Low,78.2,2026/01/06
2994,15668971,Complaint,Medium,18.7,2026/05/16
2995,15749004,Complaint,High,5.4,2026/06/11
2996,15787699,Fraud Alert,High,,2026/08/04
2997,15634719,Account Update,Medium,33.0,2026/08/19
2998,15666252,Account Update,Low,62.5,2026/02/22
2999,15807239,Payment Failure,Low,143.0,2026/01/12
3000,15813144,Payment Failure,Low,87.1,2026/05/11
3001,15675585,Loan Query,Low,45.7,2026/07/28
3002,15726466,Fraud Alert,Medium,-5.0,2026/05/12
3003,15617065,App Bug,Low,0.5,2026/04/26
3004,15758836,Card Problem,Medium,19.7,2025/11/28
3005,15651943,Fraud Alert,High,1.4,2026/03/02
3006,15778838,Login Issue,High,6.8,2025/11/28
3007,15724099,Login Issue, Low ,67.5,2025/11/13
3008,15668472,Account Update,Critical,3.1,2026/06/09
3009,15585853,Login Issue,Low,68.5,2026/05/11
3010,15781272,Fraud Alert,Medium,26.3,2025/12/06
3011,15614302,Fraud Alert,Critical,0.7,2026/06/07
3012,15781989,Fraud Alert,Medium,29.6,2026/07/28
3013,15618695,Fraud Alert,Critical,1.3,2025/10/03
3014,15810010,Fraud Alert,High,3.4,2026/05/29
3015,15661219,Loan Query,Critical,2.4,2025/09/20
3016,15569590,App Bug,Low,114.2,2025/10/11
3017,15711716,Login Issue,Medium,17.8,2026/08/11
3018,15658716,Card Problem,High,6.7,2025/09/27
3019,15583371,App Bug,Low,46.8,2025/09/06
3020,15767231,loginn issue,Medium,40.1,2026/04/02
3021,15611318,Fraud Alert,High,5.3,2025/11/12
3022,15726313,loginn issue,High,5.0,2026/07/22
3023,15746338,Account Update,Low,79.1,2025/12/30
3024,15733361,Card Problem,Low,27.1,2025/10/07
3025,15786063,Card Problem,Medium,18.1,2026/08/31
3026,15757931,Complaint,Medium,22.0,2025/11/19
3027,15576526,Login Issue,Medium,32.6,2025/09/07
3028,15585580,Fraud Alert,Medium,17.1,2025/12/23
3029,15758531,Complaint,Medium,13.0,2026/05/19
3030,15805909,Loan Query,Low,47.7,2026/04/24
3031,15697201,Loan Query,Low,110.7,2026/03/13
3032,15660144,Account Update,Low,96.5,2025/10/03
3033,15605447,Card Problem,Low,99999.0,2026/07/16
3034,15592994,Loan Query,Medium,19.2,2026/07/26
3035,15669301,Complaint,High,6.5,2026/08/10
3036,15694192,Complaint,Medium,7.9,2026/07/15
3037,15814092,Payment Failure,Low,,2026/05/08
3038,15658890,Complaint,Low,134.2,2026/08/06
3039,15660301,Account Update,Low,90.2,2026/05/10
3040,15800703,Login Issue,High,7.8,2025/09/11
3041,15702337,Loan Query,Low,70.3,2025/09/06
3042,15593694,Payment Failure,Low,-5.0,2026/06/02
3043,15671358,App Bug,Medium,21.6,2026/06/12
3044,15748552,Loan Query,Medium,8.2,2026/04/01
3045,15790412,Account Update,Medium,15.7,2025/09/09
3046,15719940,Login Issue,High,12.1,2025/09/11
3047,15724563,Fraud Alert,High,,2026/06/01
3048,15675964,Account Update,Low,91.2,2026/01/21
3049,15636977,Fraud Alert,Medium,20.2,2026/06/04
3050,15664521,Complaint,Low,,2026/01/27
3051,15791535,Loan Query,Low,94.7,2025/09/11
3052,15792453,Fraud Alert,Low,,2026/05/18
3053,15795151,Fraud Alert,Low,100.8,2026/08/26
3054,15686255,Fraud Alert,Critical,1.9,2026/08/14
3055,15774224,Fraud Alert,Medium,33.5,2026/04/11
3056,15730044,Payment Failure,Medium,35.6,2025/12/03
3057,15747772,Complaint,Medium,27.4,2025/10/27
3058,15726747,Fraud Alert,LOW,63.2,2025/10/22
3059,15566139,Fraud Alert,Low,83.5,2026/05/29
3060,15569571,Login Issue,High,5.7,2025/11/18
3061,15797293,Login Issue,Low,73.9,2026/01/04
3062,15606267,,Low,78.9,2025/12/10
3063,15698664,Loan Query,Medium,30.9,2026/07/17
3064,15569626,Login Issue,Critical,3.0,2026/05/30
3065,15649414,App Bug,Low,109.7,2026/01/10
3066,15706185,Complaint,Low,100.6,2026/03/03
3067,15747043,Login Issue,Critical,1.2,2026/01/17
3068,15656121,Loan Query,Low,,2026/03/25
3069,15698927,Payment Failure,Low,41.9,2025/10/13
3070,15728505,Payment Failure,Medium,,2026/03/13
3071,15765457,loginn issue,High,2.3,2026/03/29
3072,15812324,Complaint,Medium,7.1,2026/04/26
3073,15794493,Fraud Alert,Critical,1.3,2026/06/19
3074,15675176,Account Update,Critical,,2026/01/05
3075,15593795,Card Problem,Medium,5.0,2026/08/25
3076,15771580,Card Problem,Low,121.8,2025/12/27
3077,15653997,Fraud Alert,Medium,21.7,2026/02/03
3078,15724944,Payment Failure,Low,82.6,2026/08/19
3079,15728564,Card Problem,Low,45.7,2025/10/14
3080,15742834,Complaint,Medium,14.7,2026/08/03
3081,15762716,Fraud Alert,Medium,17.2,2026/08/01
3082,15608916,Payment Failure,High,4.4,2025/09/19
3083,15758510,Login Issue,Low,78.0,2025/10/20
3084,15727467,Login Issue,Critical,-5.0,2026/03/29
3085,15687688,Login Issue,High,5.9,2026/03/16
3086,15686302,Fraud Alert,Critical,2.4,2026/03/15
3087,15596088,Account Update,Low,93.0,2026/06/12
3088,15723720,Payment Failure,Low,67.8,2026/05/04
3089,15641285,Complaint,High,6.9,2025/10/01
3090,15749557,Login Issue,Medium,12.9,2026/07/26
3091,15744423,Card Problem,Medium,34.3,2025/09/07
3092,15743709,Payment Failure,HIGH,,2026/08/28
3093,15770435,Loan Query,Critical,2.4,2025/11/29
3094,15726267,App Bug,Low,110.5,2025/10/15
3095,15714939,Account Update,Critical,2.8,2026/05/16
3096,15709621,Account Update,Low,42.2,2026/04/13
3097,15747043,Login Issue,Low,94.7,2026/07/30
3098,15771873,,Low,34.9,2026/02/19
3099,15755642,App Bug,Low,102.4,2026/06/19
3100,15742480,Card Problem,Low,63.6,2025/10/21
3101,15715031,Login Issue,Low,77.0,2026/05/31
3102,15800554,Fraud Alert,Critical,1.3,2025/09/24
3103,15676707,Card Problem,High,3.3,2025/12/29
3104,15644446,Account Update,Low,56.2,2025/12/20
3105,15724423,Account Update,Medium,23.3,2026/08/23
3106,15726931,Complaint,Medium,30.6,2026/06/20
3107,15785488,Card Problem,Low,61.5,2026/05/04
3108,15728005,Card Problem,Critical,2.7,2026/01/19
3109,15650086,App Bug,Low,46.2,2025/09/26
3110,15719950,Payment Failure,High,99999.0,2025/10/11
3111,15804072,Login Issue,Medium,,2026/08/19
3112,15792004,Fraud Alert,High  ,4.5,2026/01/24
3113,15771702,Card Problem,Low,89.1,2026/06/08
3114,15728352,App Bug,High,9.5,2026/06/18
3115,15599660,Card Problem,Critical,1.0,2026/08/05
3116,15625141,Fraud Alert,Low,72.1,2025/09/19
3117,15583748,Login Issue,Medium,16.6,2025/12/03
3118,15690678,Loan Query,High,5.4,2026/02/11
3119,15813894,Login Issue,High,5.8,2025/09/11
3120,15760550,Complaint,Critical,1.9,2025/12/18
3121,15565806,Login Issue,Low,,2026/06/30
3122,15643903,Fraud Alert,Low,88.7,2025/11/15
3123,15660211,Payment Failure,MEDIUM,19.9,2026/09/02
3124,15605275,App Bug,Low,63.3,2026/03/25
3125,15771054,Card Problem,High,5.2,2025/10/12
3126,15608916,Card Problem,Low,58.3,2026/02/03
3127,15743759,Complaint,Low,67.8,2025/11/25
3128,15629117,Payment Failure,Medium,29.2,2026/06/18
3129,15589257,Complaint,High,12.4,2026/01/04
3130,15788556,Account Update,Critical,1.8,2026/06/20
3131,15622182,loginn issue,Medium,32.3,2026/03/21
3132,15626612,Fraud Alert,Low,64.4,2026/08/15
3133,15614365,Payment Failure,Medium,9.1,2026/06/06
3134,15571244,Fraud Alert,Low,114.2,2026/02/19
3135,15642291,Payment Failure,High,2.3,2026/03/18
3136,15691823,Login Issue,Medium,35.1,2025/11/13
3137,15801414,Loan Query,Medium,,2026/08/21
3138,15702095,Loan Query,Medium,23.4,2025/10/13
3139,15735784,Card Problem,Low,78.4,2026/05/17
3140,15800856,Fraud Alert,Low,85.2,2026/02/27
3141,15779529,Account Update,High,2.2,2025/09/30
3142,15714642,Card Problem,Low,74.5,2025/10/23
3143,15808228,,High,4.7,2026/04/14
3144,15694272,Login Issue,Low,15.9,2025/12/30
3145,15660417,Login Issue,Low,77.1,2025/10/11
3146,15715744,App Bug,Low,96.9,2026/02/24
3147,15695632,Fraud Alert,High,3.1,2026/07/09
3148,15607988,Loan Query,medium,31.6,2026/07/14
3149,15702337,Fraud Alert,Medium,5.5,2026/07/04
3150,15614782,,Low,48.7,2026/03/25
3151,15588918,Login Issue,Critical,3.2,2026/02/17
3152,15629338,Payment Failure,Low,64.0,2025/09/18
3153,15654230,Fraud Alert,Critical,3.1,2026/07/24
3154,15659149,Account Update,LOW,93.2,2026/01/20
3155,15724423,Fraud Alert,High,4.0,2026/04/21
3156,15696054,Complaint,Low,88.9,2026/05/12
3157,15804131,App Bug,Low,86.0,2025/12/28
3158,15763415,Login Issue,High,2.1,2026/03/04
3159,15775234,Login Issue,Low,93.0,2026/06/13
3160,15567431,Login Issue,Medium,99999.0,2026/03/14
3161,15626156,Fraud Alert,Low,89.6,2026/04/12
3162,15775295,Payment Failure,Critical,1.6,2025/12/07
3163,15581526,Loan Query,Medium,19.6,2026/08/17
3164,15653050,Loan Query,Low,80.9,2026/06/29
3165,15639590,Complaint,Critical,1.1,2026/08/07
3166,15810218,Complaint,Low,111.6,2026/03/16
3167,15698321,Login Issue,Medium,45.4,2025/10/16
3168,15773520,Loan Query,Medium,23.5,2026/07/16
3169,15754443,Card Problem,Low,95.7,2026/02/01
3170,15689351,App Bug,Medium,6.9,2026/01/07
3171,15780870,App Bug,MEDIUM,17.6,2026/09/03
3172,15803681,Card Problem,High,7.4,2025/10/10
3173,15573456,App Bug,high,-5.0,2025/10/15
3174,15815560,Loan Query,Critical,2.0,2026/01/18
3175,15719809,Account Update,Critical,1.2,2025/11/20
3176,15721047,Loan Query,Medium,,2026/03/16
3177,15567335,App Bug,Medium,36.0,2026/09/02
3178,15654238,Payment Failure,Medium,21.1,2026/07/24
3179,15737705,Fraud Alert,High,5.7,2025/11/20
3180,15746451,Loan Query,Medium,24.5,2026/03/21
3181,15683053,App Bug,High,2.9,2026/02/12
3182,15631868,Card Problem,High,6.9,2026/03/06
3183,15642022,Complaint,Medium,13.9,2025/10/27
3184,15723851,Account Update,Medium,12.2,2025/10/19
3185,15580935,Card Problem,High,8.1,2025/09/05
3186,15794560,Card Problem,Low,43.6,2026/02/07
3187,15814816,Fraud Alert,Medium,13.2,2026/04/18
3188,15813140,Card Problem,Medium,43.2,2026/03/06
3189,15715939,Fraud Alert,Medium,21.1,2026/01/19
3190,15584091,App Bug,Low,60.7,2025/10/25
3191,15664227,Card Problem,Low,19.1,2025/11/09
3192,15579345,Account Update,Medium,17.6,2025/10/17
3193,15713826,Card Problem,High,1.7,2025/12/07
3194,15777067,Complaint,Medium,18.9,2026/04/11
3195,15578722,Loan Query,Low,89.4,2026/04/20
3196,15596339,App Bug,Low,101.3,2026/06/15
3197,15739972,Loan Query,Medium,,2026/06/14
3198,15709252,Payment Failure,Critical,1.8,2026/05/23
3199,15640258,Account Update,Critical,1.3,2026/03/30
3200,15737169,Account Update,Critical,0.6,2025/10/25
3201,15630195,Login Issue,Medium,26.6,2025/09/16
3202,15759274,App Bug, High ,8.8,2025/10/18
3203,15661830,Account Update,Low,52.2,2026/03/03
3204,15735849,Payment Failure,Low,103.6,2026/06/13
3205,15649858,Login Issue,High,3.2,2025/10/20
3206,15756277,Payment Failure,Low,,2026/07/05
3207,15623647,Fraud Alert,Critical,1.8,2026/07/06
3208,15812513,App Bug,High,5.7,2026/02/16
3209,15690958,App Bug,Low,101.1,2026/03/19
3210,15637315,Card Problem,High,5.9,2025/09/09
3211,15800856,App Bug,Medium,,2026/01/30
3212,15566790,Fraud Alert,High,4.6,2026/04/02
3213,15601787,Account Update,Critical,1.2,2026/03/20
3214,15653773,Account Update,Low,85.3,2025/10/16
3215,15645896,Card Problem,High,3.6,2026/06/16
3216,15648989,Fraud Alert,Low,,2026/01/05
3217,15791972,Card Problem,Critical,,2026/06/22
3218,15642934,Account Update,High,9.4,2026/05/27
3219,15786463,Card Problem,Critical,1.4,2025/11/28
3220,15696564,Complaint,Low,7.6,2026/08/19
3221,15570533,,Critical,1.2,2026/03/16
3222,15728224,Payment Failure,High,5.9,2025/11/28
3223,15574169,Login Issue,Critical,3.0,2025/11/13
3224,15650391,Login Issue,Low,107.3,2026/01/18
3225,15681991,Fraud Alert,Low,108.2,2026/02/04
3226,15650018,Loan Query,Medium,22.8,2026/01/18
3227,15585388,Card Problem,Low,19.3,2026/05/13
3228,15583371,Card Problem,High,7.6,2025/11/16
3229,15791326,Loan Query,High,4.9,2025/10/05
3230,15576196,Account Update,Critical,1.9,2025/11/27
3231,15649418,Login Issue,Medium,15.8,2026/04/13
3232,15636428,Complaint,Critical,2.1,2026/01/22
3233,15604832,Payment Failure,Low,70.9,2026/04/06
3234,15680767,Loan Query,High,4.1,2026/02/03
3235,15580629,Complaint,Medium,16.4,2026/05/08
3236,15628558,Login Issue,Low,106.2,2025/10/12
3237,15795079,Fraud Alert,Medium,29.9,2026/03/06
3238,15609669,Complaint,Low,80.6,2026/01/09
3239,15627360,Card Problem,Critical,1.3,2026/01/07
3240,15689661,Account Update,Critical,3.8,2026/07/20
3241,15692463,loginn issue,Low,131.5,2026/05/14
3242,15788539,App Bug,Low,,2026/07/04
3243,15759684,Payment Failure,High,10.8,2026/07/15
3244,15658675,Fraud Alert,High,8.0,2025/12/12
3245,15644878,Account Update,HIGH,7.4,2026/04/25
3246,15590201,Login Issue,Medium  ,25.3,2025/10/27
3247,15643865,Complaint,Low,17.4,2025/11/11
3248,15778959,,Low,46.1,2026/02/05
3249,15750258,Loan Query,High,0.5,2025/09/06
3250,15762138,,Low,50.8,2026/03/24
3251,15636982,Fraud Alert,Medium,21.7,2026/02/20
3252,15770995,App Bug,Medium,17.8,2026/07/17
3253,15760851,App Bug,Medium,2.8,2026/03/16
3254,15614302,Card Problem,Medium,16.4,2026/02/18
3255,15612109,Loan Query,Medium,5.2,2026/04/16
3256,15699637,Login Issue,CRITICAL,2.8,2026/02/21
3257,15782144,Fraud Alert,Low,59.2,2026/04/11
3258,15640418,App Bug,Critical,1.4,2026/08/02
3259,15812071,Card Problem,Critical,1.8,2026/07/04
3260,15626948,App Bug,Low,73.5,2025/11/11
3261,15567446,Complaint,low,66.2,2026/02/03
3262,15621520,Complaint,High,2.9,2026/02/14
3263,15672983,Login Issue,Medium,20.3,2026/07/08
3264,15785358,Loan Query,Low,96.2,2026/08/24
3265,15756538,Account Update,Medium  ,,2025/12/14
3266,15759034,Login Issue,High,,2026/05/06
3267,15727177,Account Update,Low,111.4,2026/02/10
3268,15660636,Complaint,High,6.7,2025/12/02
3269,15793331,,Low,65.0,2026/03/25
3270,15685947,Login Issue,critical,1.6,2026/02/13
3271,15718779,Payment Failure,High,6.1,2026/01/30
3272,15716284,Login Issue,Critical,2.2,2026/08/24
3273,15775235,Payment Failure,Critical,2.9,2026/07/24
3274,15721793,Complaint,Medium,,2026/05/12
3275,15627042,,Low,95.1,2026/06/24
3276,15740147,Login Issue,Medium,30.5,2026/01/05
3277,15697360,Loan Query,Critical,1.4,2026/02/16
3278,15664547,Account Update,Critical,2.1,2026/03/14
3279,15809320,Loan Query,Medium,33.4,2026/01/24
3280,15781534,Card Problem,High,5.0,2026/03/23
3281,15687828,Payment Failure,medium,25.4,2026/03/08
3282,15677783,Login Issue,Medium,19.7,2025/10/31
3283,15600258,Login Issue, Medium ,28.8,2026/06/18
3284,15658852,Complaint,Medium,34.9,2025/12/14
3285,15738150,loginn issue,Critical,2.1,2026/07/03
3286,15589589,Login Issue,Low,46.2,2026/06/09
3287,15806318,Payment Failure,Medium,33.9,2025/12/04
3288,15660211,Payment Failure,MEDIUM,19.9,2026/08/18
3289,15623102,Login Issue,LOW,34.2,2026/06/11
3290,15723613,Fraud Alert,Low,103.4,2025/09/16
3291,15752508,App Bug,Medium  ,,2026/04/27
3292,15719856,Login Issue,High,4.2,2026/08/31
3293,15688251,Complaint,HIGH,7.2,2025/12/19
3294,15698285,App Bug,High,5.7,2026/04/15
3295,15636595,Loan Query,MEDIUM,32.2,2026/01/30
3296,15787174,Loan Query,Medium,46.8,2026/08/23
3297,15600337,Loan Query,Medium,14.2,2025/10/08
3298,15788776,Account Update,Critical,2.0,2026/03/31
3299,15703413,Loan Query,Critical,,2026/08/13
3300,15706186,Login Issue,Low,114.2,2026/05/16
3301,15633213,Complaint,High,6.6,2025/11/13
3302,15788676,Card Problem,Low,102.6,2026/07/24
3303,15584462,Complaint,Medium,20.9,2026/02/05
3304,15722765,Complaint,Low,86.1,2026/01/04
3305,15673907,Login Issue,Low,41.3,2026/01/10
3306,15775880,Loan Query,Low,43.7,2026/08/06
3307,15795458,App Bug,Low,77.3,2025/11/20
3308,15626233,App Bug,High,1.5,2026/04/07
3309,15719809,Fraud Alert,Low,97.6,2026/03/15
3310,15790489,Complaint,Low,81.6,2025/10/10
3311,15628824,Complaint,High,1.8,2026/04/20
3312,15623791,,Low,,2026/07/06
3313,15681220,Card Problem,Critical,1.8,2026/05/06
3314,15623712,Login Issue,Low,33.6,2026/06/28
3315,15648032,App Bug,High,3.4,2026/03/27
3316,15642162,Account Update,Medium,44.3,2026/06/03
3317,15680430,Fraud Alert,Low,38.4,2026/05/20
3318,15742511,Account Update, Low ,54.8,2026/08/23
3319,15704788,Card Problem,Medium,11.4,2026/04/05
3320,15713463,Loan Query,High,7.6,2026/06/08
3321,15697311,App Bug,Low,26.4,2025/09/21
3322,15758813,Loan Query,Medium,23.3,2026/03/06
3323,15730273,Complaint,Medium,23.0,2026/08/28
3324,15674000,Card Problem,High,4.9,2026/06/04
3325,15751203,Card Problem,Critical,2.1,2026/07/04
3326,15806926,Payment Failure,High,5.6,2026/07/26
3327,15684669,Loan Query,Critical,2.6,2025/10/16
3328,15705301,Account Update,Medium,36.7,2025/10/28
3329,15579781,Fraud Alert,Medium,9.1,2026/01/08
3330,15614962,Login Issue,Low,60.8,2026/08/05
3331,15690169,Fraud Alert,Low,47.3,2026/08/09
3332,15644692,Complaint,High,6.9,2026/03/03
3333,15768566,Payment Failure,Critical,1.6,2025/11/27
3334,15790267,Loan Query,High,7.8,2026/07/31
3335,15651272,Loan Query,High,8.1,2026/07/13
3336,15803685,Payment Failure,High,6.9,2025/09/25
3337,15606552,Card Problem,Low,28.8,2026/06/18
3338,15754068,App Bug,Medium,23.8,2026/07/30
3339,15619972,Complaint,Medium,24.5,2026/08/15
3340,15791533,Account Update,Low,64.9,2026/07/31
3341,15675585,Payment Failure,Low,29.0,2026/03/26
3342,15670552,Payment Failure,Low,92.9,2026/02/19
3343,15591986,Card Problem,Low,66.6,2026/04/11
3344,15663164,App Bug,High,4.5,2025/10/27
3345,15566689,Login Issue,High,5.6,2025/09/08
3346,15738174,,Critical,0.8,2025/10/23
3347,15602043,Account Update,Critical,2.4,2026/01/13
3348,15644501,Payment Failure,Low,100.3,2025/12/25
3349,15724876,Loan Query,Medium,10.4,2026/05/22
3350,15702190,Login Issue,Low,11.4,2026/05/26
3351,15632609,Card Problem,High,7.0,2026/06/15
3352,15602043,Fraud Alert,High,,2026/06/27
3353,15794257,loginn issue,Low,63.8,2026/08/21
3354,15578722,,Critical,2.1,2026/06/24
3355,15681671,Fraud Alert,Medium,26.8,2025/12/25
3356,15711181,Fraud Alert,Low,32.2,2026/04/19
3357,15588449,Card Problem,Medium,36.2,2026/03/13
3358,15571415,Loan Query,Critical,1.9,2026/03/22
3359,15713440,Loan Query,High,5.6,2026/04/28
3360,15676909,Login Issue,High,8.2,2026/08/16
3361,15791030,Card Problem,Medium,19.4,2026/07/01
3362,15660871,loginn issue,Low,69.7,2026/08/22
3363,15617301,Card Problem,High,8.2,2026/05/17
3364,15661409,Loan Query,Low,51.6,2025/11/19
3365,15575438,Payment Failure,Medium,41.5,2026/02/26
3366,15756481,Payment Failure,Low,78.5,2025/09/15
3367,15568876,Fraud Alert,High,9.8,2026/05/08
3368,15577398,Complaint,Low,87.8,2025/10/26
3369,15790630,Complaint,Low,64.1,2026/02/01
3370,15760570,Loan Query,Medium,16.5,2026/04/03
3371,15579616,Login Issue,Critical,1.6,2025/10/16
3372,15625445,Loan Query,Critical,2.1,2025/11/01
3373,15600692,Login Issue,Critical,2.0,2025/11/14
3374,15679760,Fraud Alert,Medium,18.9,2026/02/28
3375,15777067,Payment Failure, Medium ,27.8,2026/02/09
3376,15744717,Loan Query,Low,43.3,2026/02/25
3377,15769504,Fraud Alert,Low,46.6,2026/04/24
3378,15756610,Account Update,Critical,2.0,2025/12/17
3379,15748360,Loan Query,Low,79.7,2026/05/27
3380,15651713,App Bug,Medium,41.5,2026/05/08
3381,15672467,Fraud Alert,Low,72.7,2026/02/28
3382,15675316,Loan Query,Low,57.4,2026/05/04
3383,15720919,Account Update,Low,57.2,2025/10/22
3384,15600832,Payment Failure,Medium,22.9,2026/04/15
3385,15594864,Account Update,Low,,2026/08/25
3386,15773731,Loan Query,Critical,2.7,2026/04/22
3387,15706232,Complaint,High,6.8,2026/02/13
3388,15640268,Loan Query,Low,74.8,2025/10/07
3389,15717225,Login Issue, Low ,52.0,2026/02/03
3390,15751392,Fraud Alert,Medium,31.7,2025/09/25
3391,15597968,Payment Failure,Critical,,2026/09/01
3392,15626212,Complaint,Medium,33.9,2025/10/31
3393,15594577,Payment Failure,Critical,2.3,2025/09/14
3394,15649418,Account Update,Low,84.5,2026/02/25
3395,15667456,Payment Failure,High,3.6,2026/07/31
3396,15764195,Complaint,Critical,1.2,2025/10/28
3397,15642544,Loan Query,Critical,1.9,2026/08/15
3398,15651533,App Bug,Low,72.7,2025/11/26
3399,15668775,Loan Query,High,3.0,2026/01/05
3400,15691323,,Low,93.0,2026/05/25
3401,15577313,Account Update,Low,62.6,2025/12/01
3402,15608406,Account Update,Medium,,2026/06/12
3403,15713596,Login Issue,High,5.3,2025/11/23
3404,15675675,Payment Failure,Low,74.1,2026/02/19
3405,15600692,Card Problem,Low,80.0,2026/06/16
3406,15608166,Complaint,Medium,20.9,2026/04/09
3407,15654495,App Bug,Medium,18.3,2026/04/27
3408,15591552,Complaint,Low,54.8,2025/12/30
3409,15612050,loginn issue,Medium,12.2,2026/03/29
3410,15696141,App Bug,Medium,17.6,2026/07/22
3411,15622192,Payment Failure,MEDIUM,25.6,2025/12/06
3412,15714575,,Low,82.1,2025/12/07
3413,15754649,App Bug,Medium,20.3,2026/07/27
3414,15719090,Loan Query,High,4.3,2026/08/05
3415,15641782,Payment Failure,High,7.7,2026/04/12
3416,15603065,Card Problem,High,5.1,2026/03/24
3417,15636478,Account Update,High  ,5.1,2025/09/17
3418,15731327,Payment Failure,Medium,,2026/07/14
3419,15721469,Complaint,Critical,-5.0,2025/12/13
3420,15632665,Card Problem,MEDIUM,26.1,2026/04/21
3421,15621768,Account Update,Medium,24.9,2026/07/03
3422,15696506,Loan Query,Low,47.2,2026/04/10
3423,15605918,Payment Failure,Critical,1.6,2026/03/21
3424,15575438,App Bug,Medium,28.8,2025/09/05
3425,15749671,Login Issue,Medium,27.0,2026/08/29
3426,15785611,Payment Failure,High,2.2,2025/12/21
3427,15760550,Account Update,High,6.8,2025/12/17
3428,15596414,Complaint,Critical,2.3,2026/01/23
3429,15721487,Complaint,Low,108.2,2026/08/29
3430,15729975,Loan Query,Low,105.9,2025/10/05
3431,15776850,Complaint,Low,71.0,2026/06/25
3432,15574523,App Bug,Critical,2.3,2025/10/25
3433,15607713,Loan Query,Low,68.2,2026/06/04
3434,15698324,App Bug,critical,1.9,2025/12/07
3435,15586680,,Medium,21.8,2026/03/09
3436,15764343,App Bug, Medium ,23.9,2026/02/16
3437,15706163,Complaint,Medium,19.7,2025/12/12
3438,15630661,Complaint,Low,24.9,2026/04/25
3439,15714658,Loan Query,Medium,34.5,2025/10/31
3440,15572158,Complaint,Low,64.4,2026/01/15
3441,15670866,Complaint,High,6.1,2026/08/12
3442,15804864,Complaint,Medium,37.1,2026/05/11
3443,15567832,Account Update,Low,100.7,2026/05/31
3444,15767488,Account Update,Medium,26.9,2026/07/27
3445,15626806,Account Update,Critical,3.1,2026/02/10
3446,15733361,Account Update,Medium,29.9,2026/07/05
3447,15804211,Loan Query,Low,120.2,2026/03/20
3448,15611186,App Bug,Low,106.6,2026/07/12
3449,15629551,Complaint,Critical,1.9,2026/03/22
3450,15798960,Complaint,Medium,31.0,2026/06/30
3451,15582149,Login Issue,High,9.7,2025/10/31
3452,15686835,Fraud Alert,medium,0.5,2026/02/28
3453,15582129,Account Update,Medium,32.9,2026/03/02
3454,15745295,Complaint,Low,79.3,2026/04/25
3455,15621457,Account Update,High,4.5,2026/07/16
3456,15651389,Loan Query,Low,50.0,2025/11/30
3457,15804211,Loan Query,Low,120.2,2026/08/13
3458,15598266,Loan Query,High,8.7,2026/08/30
3459,15810390,Payment Failure,High,4.0,2026/02/02
3460,15811177,Complaint,Low,80.3,2026/07/14
3461,15601263,Loan Query,Low,91.7,2026/07/02
3462,15609998,Complaint,Low,98.5,2025/10/16
3463,15591711,Card Problem,Low,79.7,2026/08/13
3464,15799815,Account Update,Low,107.2,2025/11/10
3465,15724536,Loan Query,Low,81.8,2026/02/10
3466,15605059,Card Problem,High,4.9,2025/11/02
3467,15677739,Payment Failure,Low,105.0,2026/01/03
3468,15613844,Loan Query,Low,6.0,2026/02/06
3469,15800268,Account Update,Low,86.3,2025/11/01
3470,15737414,Complaint,Medium,22.4,2025/12/05
3471,15591740,App Bug,Low,77.5,2026/03/13
3472,15610105,Account Update,High,3.2,2026/08/24
3473,15809087,Loan Query,High,6.5,2025/11/14
3474,15806332,Login Issue,Medium,27.8,2026/05/22
3475,15707120,Complaint,Medium,13.2,2026/03/20
3476,15653547,Card Problem,High,7.7,2026/04/05
3477,15791769,Loan Query,Medium,46.1,2026/07/05
3478,15621116,Account Update,Medium,28.2,2025/11/12
3479,15659234,Loan Query,Medium,24.3,2026/06/24
3480,15679663,App Bug,Critical,1.5,2026/03/18
3481,15758372,Payment Failure,Medium,22.4,2026/04/07
3482,15666884,Account Update,Low,,2025/12/07
3483,15736769,App Bug,High,6.2,2026/05/10
3484,15634772,Payment Failure,Low,58.9,2026/07/25
3485,15727197,Login Issue,High,9.7,2026/06/05
3486,15662426,Account Update,Low,108.6,2026/08/24
3487,15660475,Payment Failure,Medium,22.8,2026/07/30
3488,15631848,Login Issue,Low,88.0,2025/11/30
3489,15801920,Login Issue,Medium,36.0,2026/06/14
3490,15767339,Loan Query, Critical ,0.5,2025/11/27
3491,15750772,Login Issue,Low,63.1,2026/05/11
3492,15598086,Fraud Alert,Low,74.3,2026/01/28
3493,15622192,Payment Failure,Medium,31.6,2025/11/13
3494,15712264,Card Problem,Medium,22.3,2025/12/07
3495,15790067,Fraud Alert,Medium,5.2,2026/02/11
3496,15815443,Complaint,Critical,2.4,2026/04/21
3497,15668460,Login Issue, Low ,49.7,2026/07/17
3498,15643865,App Bug,Low,67.8,2025/09/30
3499,15794056,Loan Query,Medium,30.1,2026/03/05
3500,15668958,Login Issue,Low,94.4,2025/09/07
3501,15586870,Account Update,High,6.7,2026/05/09
3502,15722479,Account Update,Low,19.1,2025/11/11
3503,15707114,Login Issue,Medium,34.1,2025/12/11
3504,15750574,App Bug,Medium,,2026/03/18
3505,15726358,Loan Query,Low,99999.0,2026/06/17
3506,15657439,Account Update,Medium,22.3,2026/05/19
3507,15728012,Account Update,Low,3.0,2026/08/03
3508,15608387,Complaint,High,4.3,2026/05/14
3509,15714380,Payment Failure,Critical,1.9,2026/03/31
3510,15730460,App Bug,Critical,0.8,2026/08/19
3511,15750099,Login Issue,Medium,21.9,2026/05/12
3512,15647306,App Bug,Medium,15.3,2026/04/03
3513,15779174,Loan Query,Critical,1.0,2026/09/01
3514,15811927,Fraud Alert,Low,98.2,2026/04/18
3515,15693752,Complaint,Medium,26.6,2026/05/11
3516,15631222,App Bug,Medium,11.5,2025/11/27
3517,15714610,Login Issue,Medium,29.1,2025/10/15
3518,15569595,Loan Query,Low,131.3,2026/06/19
3519,15574886,Account Update,Critical,3.3,2025/09/18
3520,15592994,Payment Failure,High,8.3,2025/12/24
3521,15682839,App Bug,Low,43.6,2026/01/30
3522,15589975,Complaint,Low,94.5,2025/09/19
3523,15602405,App Bug,Low,87.1,2026/01/21
3524,15651460,Loan Query,Low,108.4,2025/12/27
3525,15697310,Payment Failure,Medium,40.1,2026/06/05
3526,15678067,Loan Query,Medium,22.4,2026/01/28
3527,15782121,Loan Query,Medium,22.9,2025/11/28
3528,15748123,Login Issue,Medium,28.5,2026/04/25
3529,15718839,Payment Failure,Critical,1.9,2026/06/19
3530,15775192,Card Problem,High,3.9,2026/05/14
3531,15684960,Fraud Alert,Critical,2.2,2026/06/11
3532,15623450,Payment Failure,Critical,2.7,2026/05/22
3533,15787529,Loan Query,Low,54.7,2025/10/30
3534,15680767,Loan Query,Medium,20.5,2026/06/23
3535,15664737,Login Issue,Low,59.8,2025/10/31
3536,15583576,Loan Query,Medium,99999.0,2026/01/18
3537,15620579,App Bug,Medium,35.6,2026/06/08
3538,15655648,Fraud Alert,medium,15.2,2026/03/09
3539,15618774,App Bug,Low,46.5,2026/06/07
3540,15736397,Payment Failure,Low  ,126.4,2025/09/24
3541,15662021,Account Update,Critical,1.7,2026/04/16
3542,15634772,Payment Failure,Medium,15.1,2026/06/09
3543,15710543,Loan Query,High,8.4,2025/12/23
3544,15686941,,Low,52.4,2026/04/08
3545,15673790,Payment Failure,Low  ,1.4,2025/10/25
3546,15672905,Loan Query,Critical,3.2,2026/08/03
3547,15663939,App Bug,Low,79.3,2026/01/07
3548,15602354,Loan Query,Medium,27.2,2026/02/02
3549,15757568,Complaint,High,7.0,2025/09/19
3550,15762216,Account Update,Low,,2026/04/21
3551,15584967,Fraud Alert,Low,80.4,2026/01/15
3552,15569098,Login Issue,Medium,32.2,2026/02/28
3553,15588219,Login Issue,Critical,,2025/10/17
3554,15606601,Fraud Alert,Critical,2.5,2026/04/15
3555,15680001,Account Update,High,7.3,2025/11/02
3556,15765461,Account Update,Low,18.6,2026/01/02
3557,15782360,Fraud Alert,Low,51.4,2025/12/19
3558,15614520,Card Problem,Medium,18.8,2026/07/01
3559,15585928,Fraud Alert,Critical,0.9,2026/08/21
3560,15703119,App Bug,Medium,25.0,2026/03/01
3561,15744517,App Bug,Critical,1.3,2026/09/01
3562,15578603,Complaint,Medium,31.0,2026/07/12
3563,15615330,Login Issue,Low,87.2,2026/07/23
3564,15800688,Loan Query,Low,42.3,2026/04/10
3565,15684934,Account Update,Low,76.5,2025/11/26
3566,15681878,Payment Failure,High,5.8,2026/07/15
3567,15724161,Payment Failure,High,-5.0,2025/11/13
3568,15721383,Payment Failure,Medium,18.5,2025/12/17
3569,15810732,Payment Failure,Medium,8.0,2025/12/17
3570,15795963,Fraud Alert,Critical,2.6,2025/10/03
3571,15617136,Loan Query,Medium,27.8,2026/06/21
3572,15601045,Payment Failure,Low,59.0,2026/03/01
3573,15744041,Card Problem,Medium,23.5,2026/06/02
3574,15738191,Complaint,Low,50.9,2026/01/24
3575,15731478,Login Issue,Low,78.4,2026/07/05
3576,15635752,Loan Query,Low,74.6,2026/06/05
3577,15663263,Account Update,Medium,29.9,2025/11/28
3578,15706116,Card Problem,Low,77.8,2026/02/15
3579,15641158,Login Issue,Low,56.0,2026/08/29
3580,15810593,Payment Failure, Critical ,2.9,2026/01/30
3581,15690664,Login Issue,Low,62.2,2026/01/29
3582,15776947,Account Update,Critical,0.9,2026/06/23
3583,15680706,Payment Failure,Critical,-5.0,2026/01/17
3584,15807889,Account Update,Critical,3.0,2026/05/24
3585,15797227,Loan Query,Low,52.1,2026/08/16
3586,15687558,App Bug,Low,101.9,2025/10/21
3587,15745527,Payment Failure,High,3.1,2025/11/11
3588,15628155,App Bug,Low,97.6,2026/04/01
3589,15734714,Complaint,Medium,27.6,2025/10/03
3590,15747503,Complaint,Low,35.4,2026/01/22
3591,15626787,Complaint,low,105.4,2026/08/04
3592,15647402,Account Update,High,9.2,2025/11/06
3593,15782418,loginn issue,Low,73.7,2026/08/28
3594,15764174,Loan Query,Low,62.3,2025/11/09
3595,15566295,Account Update,Medium,9.8,2026/01/08
3596,15813681,Fraud Alert,Medium,28.4,2025/11/16
3597,15724691,Complaint,Medium,39.4,2026/09/02
3598,15796813,Payment Failure,High,5.7,2026/02/14
3599,15753110,Account Update,Medium,25.3,2026/01/07
3600,15692575,Loan Query,Medium,37.0,2026/08/15
3601,15642787,loginn issue,High,4.3,2026/03/23
3602,15617029,Fraud Alert,High,99999.0,2026/05/11
3603,15719958,Fraud Alert,Medium,13.5,2025/11/14
3604,15783629,Payment Failure,Low,68.5,2026/06/25
3605,15734461,Complaint,Low,51.6,2026/07/23
3606,15766887,Account Update,High,5.8,2026/01/18
3607,15597951,Account Update,Low,85.7,2026/07/21
3608,15772573,Payment Failure,Medium,26.4,2026/04/03
3609,15780498,Account Update,Critical,3.2,2026/03/14
3610,15777708,Fraud Alert,High,4.5,2026/04/22
3611,15622833,,Medium,27.1,2025/10/11
3612,15642912,Login Issue,Critical,1.9,2026/07/24
3613,15774402,Loan Query,Low,,2025/10/20
3614,15610343,Login Issue,Low,120.5,2026/03/28
3615,15672499,Loan Query,Critical,,2026/05/24
3616,15682686,,Low,70.5,2026/01/23
3617,15746569,Fraud Alert,Medium,25.9,2026/08/24
3618,15681755,Payment Failure,Medium,36.4,2026/03/10
3619,15614137,Complaint,Low,116.5,2026/04/23
3620,15693947,Payment Failure,Low,,2026/05/10
3621,15638806,Card Problem,High,6.4,2026/02/17
3622,15635116,App Bug,Medium,38.7,2026/06/27
3623,15787174,Complaint,High,7.2,2025/09/04
3624,15806230,Card Problem,Low,65.5,2025/10/20
3625,15644296,Complaint,Medium,20.5,2026/04/25
3626,15771702,Payment Failure,Low,50.9,2026/07/25
3627,15679024,Payment Failure,High,5.8,2026/08/09
3628,15637646,App Bug,High,11.4,2026/08/26
3629,15628145,Card Problem,Medium,36.7,2026/03/05
3630,15705448,,Low,80.9,2025/10/05
3631,15578546,App Bug,Critical,,2026/06/03
3632,15572145,Card Problem,Critical,2.4,2026/03/25
3633,15664895,Complaint,Low,58.8,2025/12/23
3634,15672610,Login Issue,High,12.8,2026/04/10
3635,15734312,Payment Failure,High,2.0,2025/12/20
3636,15625247,Fraud Alert,High,5.9,2026/05/14
3637,15570895,Loan Query,Critical,2.9,2026/01/18
3638,15589195,Login Issue,Medium  ,8.7,2026/02/15
3639,15792916,Complaint,Medium,0.5,2026/01/26
3640,15637118,Account Update,Low,55.6,2026/02/22
3641,15731569,App Bug,Low,69.7,2026/06/10
3642,15687688,Loan Query,Medium,7.3,2026/06/25
3643,15789548,Loan Query,Low,74.1,2025/11/08
3644,15612505,Login Issue,Critical,1.0,2026/06/19
3645,15679410,Loan Query,Medium,25.0,2026/05/09
3646,15608688,App Bug,High,6.9,2026/02/25
3647,15762455,Account Update,High,,2026/08/18
3648,15664547,Login Issue,Medium,27.9,2025/09/27
3649,15705918,Complaint,Medium,14.7,2025/09/26
3650,15770420,,Medium,6.7,2025/10/23
3651,15583212,Login Issue,Low,51.7,2026/07/20
3652,15708710,Card Problem,Medium,31.1,2026/04/26
3653,15613319,Fraud Alert,Low,32.4,2025/09/11
3654,15732660,Payment Failure,Low,-5.0,2025/11/05
3655,15742323,loginn issue,High,7.2,2025/11/22
3656,15656005,Fraud Alert,Medium,29.6,2026/04/16
3657,15569503,Card Problem,Low,54.4,2026/04/24
3658,15768530,Loan Query,Low  ,85.7,2025/09/03
3659,15683124,Login Issue,Critical,2.2,2026/04/10
3660,15745012,App Bug,Critical,1.5,2025/12/15
3661,15795228,Account Update,Medium,18.9,2026/08/21
3662,15663650,Loan Query,Low,45.6,2025/11/09
3663,15704769,Loan Query,Low,111.9,2026/08/01
3664,15721592,App Bug,Low,59.4,2026/02/04
3665,15812230,Loan Query,High,0.5,2025/11/23
3666,15600337,Loan Query,Medium,14.2,2026/01/21
3667,15815259,Login Issue,Low,40.5,2025/10/20
3668,15643826,Payment Failure,Low,65.1,2026/08/04
3669,15809901,App Bug,Medium  ,25.8,2026/03/06
3670,15786469,Login Issue,High,1.8,2026/01/09
3671,15809777,App Bug,Critical,1.4,2025/10/15
3672,15576644,Account Update,Medium,19.4,2026/03/12
3673,15763063,Loan Query,Critical,1.3,2026/08/09
3674,15752186,Login Issue,Medium,11.1,2026/08/01
3675,15581968,Card Problem,Medium,21.3,2025/11/26
3676,15750970,App Bug,Medium,19.8,2025/09/29
3677,15812706,Login Issue,High,8.9,2026/03/24
3678,15579212,Login Issue,Medium,34.2,2026/07/20
3679,15753861,,Medium,39.1,2026/02/06
3680,15809830,Login Issue,Low,21.4,2026/08/27
3681,15632850,Complaint,Low,74.7,2025/12/31
3682,15598161,Login Issue,Low,131.3,2026/04/10
3683,15611189,Fraud Alert,High,10.2,2026/08/04
3684,15664808,Complaint,Medium,32.0,2025/10/19
3685,15696141,Payment Failure,Critical,2.0,2026/08/29
3686,15591135,Login Issue, Critical ,2.1,2025/10/21
3687,15785819,Account Update,Low,57.9,2025/09/03
3688,15608328,Payment Failure,High,6.0,2025/12/21
3689,15726855,Card Problem,High,5.8,2026/05/05
3690,15789014,Account Update,Medium,-5.0,2025/10/12
3691,15776494,Complaint,Low,94.5,2025/11/09
3692,15615245,Login Issue,Medium,32.1,2026/07/03
3693,15679307,Fraud Alert,Low,73.5,2025/12/27
3694,15690744,App Bug,Low,66.2,2026/05/26
3695,15581811,Payment Failure,High,7.1,2026/08/17
3696,15715638,Account Update,High,4.8,2026/04/18
3697,15621818,Complaint,Low,119.4,2025/09/07
3698,15664720,Card Problem,Low,72.5,2025/09/07
3699,15747808,Complaint,HIGH,4.3,2026/08/25
3700,15732020,App Bug,Low,63.6,2026/02/25
3701,15725028,App Bug,Medium,19.7,2025/11/03
3702,15723950,App Bug,High,9.3,2026/04/07
3703,15715709,Payment Failure,High,8.5,2026/08/24
3704,15672481,Complaint,Critical,-5.0,2025/11/09
3705,15757646,Fraud Alert,Critical,2.3,2026/05/05
3706,15669169,Account Update,Low,57.9,2025/10/09
3707,15649668,Account Update,Low,61.8,2025/12/29
3708,15717164,App Bug,Critical,0.9,2026/03/18
3709,15746802,Loan Query,Medium,30.4,2025/10/18
3710,15765287,Login Issue,Low,109.5,2025/10/25
3711,15717770,Login Issue,Critical,1.8,2025/10/25
3712,15716605,Payment Failure,Medium,43.7,2026/02/10
3713,15723604,Complaint,Medium,21.8,2026/03/10
3714,15723053,Payment Failure,Medium,13.6,2026/02/03
3715,15772781,Card Problem,Critical,-5.0,2025/11/12
3716,15763922,Loan Query,Critical,3.1,2026/03/17
3717,15743582,App Bug,Critical,0.8,2025/11/10
3718,15787071,Loan Query,High,3.1,2026/07/28
3719,15598088,Account Update,Low,126.4,2026/08/15
3720,15566633,Loan Query,Medium,22.2,2025/11/15
3721,15619626,Payment Failure,Low,81.0,2025/10/08
3722,15759038,Card Problem,Low,83.4,2026/06/01
3723,15797246,App Bug,Critical,1.3,2026/06/18
3724,15775306,Account Update,Medium,12.4,2025/09/07
3725,15666856,Card Problem,Low,57.9,2026/07/12
3726,15757521,Loan Query,High,4.3,2026/08/01
3727,15668775,Account Update,High,6.0,2025/11/26
3728,15605531,Complaint,Low,54.0,2026/04/16
3729,15606472,App Bug,Medium,24.3,2026/03/01
3730,15703763,App Bug,Medium,36.5,2025/12/21
3731,15654519,Complaint,Critical,1.4,2026/07/21
3732,15745533,Fraud Alert,Critical,2.7,2025/11/19
3733,15613102,App Bug,Low,106.9,2026/04/01
3734,15747097,Card Problem,High,8.7,2026/07/15
3735,15575185,App Bug,Low,103.9,2026/08/20
3736,15704657,Complaint,Medium,32.0,2026/04/17
3737,15656333,Loan Query,High,7.0,2025/12/23
3738,15807432,,Low,114.6,2025/10/17
3739,15588535,Loan Query,Medium,30.3,2025/10/24
3740,15619029,loginn issue,Medium,-5.0,2025/11/13
3741,15695699,Fraud Alert,High,6.8,2025/11/05
3742,15617434,Card Problem,High,7.8,2026/07/01
3743,15765311,App Bug,Low,37.0,2026/03/18
3744,15736601,Complaint,Low,87.8,2026/03/01
3745,15710543,Complaint,Medium,38.1,2026/04/10
3746,15656829,Complaint,Critical,3.0,2026/02/11
3747,15616088,Complaint,Low,59.9,2025/11/13
3748,15778589,Card Problem,Low,23.6,2026/01/07
3749,15587584,Payment Failure,Medium,32.4,2026/01/22
3750,15772341,App Bug,Low,98.2,2026/07/30
3751,15609669,Complaint,Low,80.6,2025/10/16
3752,15688337,Account Update,Medium,28.0,2026/01/08
3753,15733876,Login Issue,Critical,0.8,2026/06/13
3754,15638159,Complaint,High,5.0,2026/07/07
3755,15611331,Loan Query,High,1.7,2026/07/07
3756,15580872,Complaint,High,3.8,2026/07/11
3757,15791373,Card Problem,High,4.6,2026/01/26
3758,15610426,loginn issue,High,5.4,2026/08/22
3759,15631305,Card Problem,Low  ,39.5,2025/09/16
3760,15767908,Loan Query,High,3.4,2026/08/06
3761,15745295,Fraud Alert,Low,31.1,2026/02/04
3762,15772073,Complaint,Low,49.8,2025/12/17
3763,15632538,Payment Failure,Critical,1.1,2026/05/26
3764,15592578,Payment Failure,Medium,22.5,2026/07/10
3765,15770811,Login Issue,Low,21.3,2026/05/21
3766,15596181,Card Problem,High,6.1,2025/12/08
3767,15583748,Payment Failure,Low,79.0,2026/03/22
3768,15625247,Card Problem,Medium,23.3,2026/02/01
3769,15601387,Payment Failure,Low,96.6,2026/07/30
3770,15678497,Login Issue,High,2.3,2025/09/30
3771,15623082,Card Problem,High,3.4,2026/01/03
3772,15728829,Loan Query,Medium,16.5,2026/05/14
3773,15574879,Fraud Alert,Critical,3.7,2026/03/19
3774,15718406,Fraud Alert,High,6.6,2025/10/30
3775,15682454,Account Update,Medium,36.6,2026/01/04
3776,15623219,Complaint,Medium,12.1,2026/05/16
3777,15581280,Login Issue,High,4.4,2026/07/26
3778,15748473,Account Update,Low,115.3,2026/07/04
3779,15720929,App Bug,Medium,17.5,2025/10/09
3780,15728010,Login Issue,High,7.1,2026/05/31
3781,15812071,Card Problem,Low,100.9,2025/09/09
3782,15661249,Complaint,Medium,21.0,2026/03/06
3783,15667602,App Bug,Medium,9.4,2026/02/12
3784,15770039,,Low,53.5,2025/11/09
3785,15783398,Payment Failure,Critical,1.5,2026/03/20
3786,15616529,Loan Query,Critical,1.2,2026/06/21
3787,15599272,Card Problem,Low,90.1,2026/04/06
3788,15773789,Complaint,Low,111.7,2026/03/09
3789,15707559,App Bug,Critical,1.4,2026/06/09
3790,15763327,Account Update,Medium  ,35.0,2026/08/18
3791,15692671,Payment Failure,Medium,7.9,2025/11/30
3792,15754012,App Bug,Low,87.8,2026/05/02
3793,15806688,Fraud Alert,High,5.8,2025/10/10
3794,15586821,Payment Failure,Medium,,2025/09/11
3795,15747980,Card Problem,High,3.1,2026/06/30
3796,15787014,Loan Query,Medium,23.8,2025/10/07
3797,15690332,Loan Query,Medium,-5.0,2025/09/10
3798,15744919,Fraud Alert,Medium,20.8,2026/01/15
3799,15621974,Payment Failure,Low,64.8,2025/12/22
3800,15788723,Payment Failure,High,3.3,2025/09/23
3801,15743245,Account Update,Low,57.4,2025/10/03
3802,15703292,Login Issue,Medium,33.9,2026/03/25
3803,15719779,Card Problem,Low,63.6,2026/05/20
3804,15570087,App Bug,High,2.8,2026/01/27
3805,15754112,Loan Query,Medium,9.2,2026/07/21
3806,15628170,Account Update,High,-5.0,2026/09/02
3807,15783338,Card Problem,Medium,1.8,2026/05/17
3808,15750867,Account Update,Medium,3.8,2026/04/03
3809,15707025,Account Update,Low,76.5,2026/04/07
3810,15714874,Account Update,Medium,34.2,2026/08/28
3811,15582944,Loan Query,Low,73.1,2026/03/27
3812,15577514,Account Update,Medium,22.1,2025/10/15
3813,15763859,Login Issue,Low,71.4,2026/07/27
3814,15680918,Payment Failure,Medium,23.3,2026/06/04
3815,15641582,App Bug,Critical,2.4,2026/06/05
3816,15628144,Account Update,low,55.4,2026/07/15
3817,15763055,Complaint,LOW,62.4,2025/11/20
3818,15679611,Fraud Alert,Low,83.5,2026/01/23
3819,15615050,Login Issue,Critical,4.2,2025/10/15
3820,15660980,Login Issue,High,8.5,2026/02/08
3821,15609669,Card Problem,Critical,2.0,2025/10/13
3822,15644400,App Bug,Medium,0.5,2026/05/22
3823,15583278,Payment Failure,Low,88.6,2025/12/16
3824,15764448,Payment Failure,Low,73.3,2025/11/21
3825,15751943,Card Problem,Medium,31.9,2026/06/04
3826,15740223,Account Update,Critical,1.8,2026/02/17
3827,15806407,Complaint,Critical,2.4,2026/03/22
3828,15768387,Payment Failure,MEDIUM,29.8,2026/06/30
3829,15713426,App Bug,High,5.1,2026/07/24
3830,15601417,Login Issue,High,5.6,2026/08/01
3831,15792649,Account Update,Low,59.8,2026/08/17
3832,15591279,Loan Query,Low,104.5,2026/07/29
3833,15643696,Account Update,Low,84.9,2025/10/06
3834,15760865,Fraud Alert,Critical,2.2,2026/02/08
3835,15814923,Loan Query,Low,57.8,2026/08/26
3836,15660871,Payment Failure,Low,125.7,2026/04/14
3837,15712403,Card Problem,Critical,3.2,2026/01/03
3838,15594685,Loan Query,Critical,3.5,2025/10/02
3839,15770631,App Bug,High,4.2,2026/01/06
3840,15585580,Payment Failure,Critical,1.7,2025/10/17
3841,15727499,Loan Query,Low,91.2,2026/04/13
3842,15709199,Payment Failure,Low,54.8,2025/11/01
3843,15804038,Loan Query,Low,82.0,2026/04/23
3844,15659064,Card Problem,Critical,2.2,2026/07/13
3845,15633866,Payment Failure,Low,56.7,2026/07/11
3846,15790689,Complaint,High,6.2,2025/10/01
3847,15611247,Payment Failure,Low,86.3,2026/02/08
3848,15582892,Card Problem,Low,102.0,2026/08/10
3849,15687372,Payment Failure,Low,45.6,2026/08/05
3850,15641413,Fraud Alert,Medium,30.0,2025/12/01
3851,15782879,Loan Query,Medium,16.8,2025/11/03
3852,15638983,Login Issue,Critical  ,1.8,2025/09/09
3853,15702801,Account Update,Medium,16.8,2026/08/31
3854,15716800,App Bug,Medium,15.6,2025/11/12
3855,15748481,Login Issue,High,5.6,2026/08/28
3856,15599126,Login Issue,High,5.0,2025/09/08
3857,15679024,Payment Failure,Medium,-5.0,2025/11/25
3858,15660980,Login Issue,Low,45.0,2026/05/15
3859,15682369,Loan Query,High,8.1,2026/02/27
3860,15635752,Loan Query,High,6.1,2026/05/28
3861,15590327,Card Problem,Medium,24.4,2026/05/25
3862,15638751,Payment Failure,Medium,15.6,2026/01/13
3863,15729018,Fraud Alert,High,3.1,2025/11/27
3864,15613854,Loan Query,Medium,31.9,2026/03/12
3865,15632977,Loan Query,Critical,1.6,2025/11/06
3866,15590876,App Bug,High,1.6,2026/01/18
3867,15712930,App Bug,Low,69.2,2025/11/02
3868,15589698,Account Update,Medium,,2025/09/18
3869,15780220,Payment Failure,High,5.6,2026/02/21
3870,15786153,Card Problem,Medium,26.6,2026/04/10
3871,15660528,Payment Failure, Medium ,42.3,2026/01/20
3872,15780909,Login Issue,Medium,21.4,2026/05/29
3873,15699753,Loan Query,Low,99.8,2025/10/05
3874,15700714,Payment Failure,Low,-5.0,2026/01/15
3875,15767064,App Bug,Medium,19.6,2026/09/02
3876,15758171,App Bug,Low,71.4,2026/06/25
3877,15664432,App Bug,Low,76.1,2026/07/21
3878,15746902,Complaint,Low,42.2,2025/10/12
3879,15752507,App Bug,Medium,15.7,2026/05/15
3880,15732660,Loan Query,Low  ,42.2,2026/04/24
3881,15669611,Card Problem,Low,87.2,2026/05/22
3882,15647807,Loan Query,Low,105.6,2026/03/06
3883,15659694,Loan Query,Medium,11.5,2025/10/01
3884,15615096,Complaint,Low,67.4,2026/05/16
3885,15730460,App Bug,Low,25.0,2026/06/20
3886,15682914,Account Update,Medium,26.1,2025/11/27
3887,15659092,Payment Failure,Medium,9.4,2026/03/10
3888,15792228,Account Update,Medium,44.4,2025/11/22
3889,15626008,Loan Query,Medium,27.5,2026/01/11
3890,15662189,Payment Failure,Low,62.5,2025/10/25
3891,15672374,Fraud Alert,Critical,2.1,2026/06/23
3892,15622985,Loan Query,Low,110.4,2026/08/14
3893,15709621,Account Update,Low,42.2,2025/11/01
3894,15725221,Account Update,Low,55.0,2025/12/28
3895,15649183,App Bug,High,3.4,2026/05/21
3896,15662884,Login Issue,Medium,25.5,2025/09/04
3897,15663164,Loan Query,Low,54.8,2025/09/25
3898,15665759,Payment Failure,High,11.7,2025/09/09
3899,15720463,Login Issue,Low,122.1,2026/01/06
3900,15773973,Account Update,High,5.2,2025/09/26
3901,15770030,App Bug,High,3.6,2026/05/02
3902,15603565,Fraud Alert,Medium,30.3,2026/03/08
3903,15643042,Fraud Alert,Low,49.1,2026/03/18
3904,15694890,Login Issue,Low,70.3,2025/11/18
3905,15762799,Complaint,Low,57.1,2025/12/03
3906,15773276,Account Update,Low,89.0,2025/09/21
3907,15601026,Account Update,High,10.4,2026/06/13
3908,15566091,App Bug,Medium,21.9,2026/09/03
3909,15630363,Payment Failure,Medium,21.5,2026/08/04
3910,15746012,Account Update,Critical,1.5,2026/04/05
3911,15685226,Fraud Alert,Low,44.4,2025/12/26
3912,15762729,Login Issue,High,0.5,2026/02/14
3913,15733597,Login Issue,Medium,7.5,2026/01/08
3914,15660200,Loan Query,Low,95.9,2026/04/04
3915,15572777,Account Update,High,9.8,2026/02/13
3916,15790322,Loan Query,Low,58.5,2026/01/19
3917,15751943,App Bug,Low,71.5,2025/10/12
3918,15613945,Card Problem,High,10.3,2026/06/22
3919,15687372,Fraud Alert,Critical,4.0,2026/03/12
3920,15616833,Complaint,Medium,40.7,2025/11/03
3921,15577398,Complaint,Critical,,2026/05/18
3922,15572174,Payment Failure,Medium,20.1,2026/08/13
3923,15606177,App Bug,High,,2025/09/29
3924,15658475,Complaint,Critical,2.6,2025/12/03
3925,15794939,,Medium,36.4,2025/12/26
3926,15637522,Loan Query,Critical,1.4,2026/05/25
3927,15611365,Fraud Alert,Low,79.1,2025/09/26
3928,15727281,Fraud Alert,Medium,32.3,2026/03/27
3929,15659031,Account Update,Medium,13.0,2025/10/08
3930,15760521,Payment Failure,Low,0.5,2026/04/29
3931,15709531,Login Issue,High,0.9,2026/01/25
3932,15771750,Payment Failure,Medium,20.9,2026/02/09
3933,15748552,Card Problem,Low,115.8,2026/02/17
3934,15642248,Loan Query,Medium,-5.0,2025/10/17
3935,15802617,Login Issue,Medium,35.9,2026/06/13
3936,15778884,Loan Query,Medium,31.3,2026/04/24
3937,15633213,Fraud Alert,Medium,22.8,2025/09/07
3938,15785170,Payment Failure,Low,57.4,2026/03/10
3939,15809100,Card Problem,Low,90.0,2025/12/14
3940,15617029,Account Update,Critical,2.8,2026/01/30
3941,15704014,App Bug,Low,125.8,2026/06/18
3942,15754105,Payment Failure,High,9.3,2026/02/05
3943,15697028,Complaint,Medium,23.3,2026/07/18
3944,15642824,loginn issue,medium,24.7,2026/01/05
3945,15807008,Fraud Alert,Low,92.6,2026/04/28
3946,15583033,Account Update,Low,52.1,2026/03/10
3947,15728224,Card Problem,Medium,17.7,2026/07/02
3948,15645353,Complaint,Low,90.9,2026/05/13
3949,15655298,Account Update, Medium ,26.7,2025/12/12
3950,15740476,App Bug,Low,79.2,2026/06/09
3951,15746076,Card Problem,Low,86.8,2026/01/06
3952,15723604,Login Issue,High,6.7,2025/11/19
3953,15703923,Loan Query,Medium,19.0,2025/09/06
3954,15617518,Login Issue,Critical,3.3,2026/03/31
3955,15796569,App Bug,Low,83.5,2025/09/15
3956,15751057,Login Issue,Low,73.9,2025/12/31
3957,15787835,Card Problem,Low,78.0,2026/06/07
3958,15694644,Fraud Alert,Low,50.6,2026/02/27
3959,15589437,Card Problem,Critical,3.0,2026/07/25
3960,15613014,Payment Failure,High,3.9,2026/08/24
3961,15573456,Loan Query,Low,119.3,2025/09/07
3962,15783882,Payment Failure,Medium,34.6,2026/02/21
3963,15792934,Account Update,Low,93.7,2025/09/03
3964,15629750,Loan Query,High,,2026/08/05
3965,15583597,Loan Query,Medium,26.4,2026/03/14
3966,15752984,Payment Failure,Medium,19.4,2026/02/07
3967,15783522,Account Update,Critical,2.7,2025/10/26
3968,15812198,Payment Failure,Medium,40.4,2025/12/17
3969,15658485,Payment Failure,Medium,34.0,2026/06/01
3970,15595917,Fraud Alert,Low,46.9,2026/01/02
3971,15815660,Fraud Alert,Medium,36.8,2026/04/05
3972,15811762,Payment Failure,High,3.9,2026/05/12
3973,15697307,Account Update,High,0.5,2025/10/03
3974,15778959,Account Update,Low,85.4,2025/11/14
3975,15711028,Complaint,High,,2026/09/02
3976,15631681,Payment Failure,Low,65.3,2026/01/24
3977,15647311,Payment Failure,Medium,18.2,2025/10/20
3978,15705515,Account Update,Low,59.9,2025/09/25
3979,15659355,Complaint,Critical,3.3,2025/12/30
3980,15663964,Account Update,Critical,-5.0,2026/05/27
3981,15784124,Loan Query,Critical,2.3,2026/04/02
3982,15569410,Complaint,Medium,20.7,2026/08/27
3983,15691170,Complaint,Critical,0.8,2026/03/12
3984,15667451,Login Issue,High,6.1,2026/04/25
3985,15690169,App Bug,Low,86.0,2025/10/16
3986,15568748,Fraud Alert,Medium,17.7,2026/06/27
3987,15577398,Complaint,Low,87.8,2025/10/21
3988,15785170,Loan Query,Low,54.9,2026/05/19
3989,15609254,Account Update,Medium,14.6,2025/11/10
3990,15750264,Card Problem,Medium,9.5,2026/07/26
3991,15718153,Complaint,Critical,2.5,2026/03/23
3992,15660602,App Bug,Medium,,2025/10/11
3993,15756850,Fraud Alert,Low,93.2,2026/07/03
3994,15708256,Payment Failure,High,3.4,2026/06/20
3995,15681402,App Bug,Low,57.5,2025/10/04
3996,15664270,Loan Query,Critical,3.0,2026/04/13
3997,15775234,Card Problem,Medium,9.6,2026/08/08
3998,15595917,Account Update,Medium,25.1,2025/11/08
3999,15772329,App Bug,Low,73.7,2026/01/02
4000,15791513,Fraud Alert,Low,46.8,2026/01/30
4001,15584037,Login Issue,Low,117.8,2026/01/14
4002,15710450,Login Issue,Medium,29.9,2026/02/11
4003,15576124,App Bug,Low,28.0,2026/03/23
4004,15694296,Loan Query,Medium,31.7,2026/08/27
4005,15655360,Payment Failure,Medium,14.3,2026/02/17
4006,15796179,Complaint,Low,72.2,2026/02/12
4007,15745605,Card Problem,Low,110.1,2026/04/22
4008,15667190,Loan Query,High,0.6,2026/01/20
4009,15697045,Payment Failure,Medium,24.4,2025/12/31
4010,15776725,Fraud Alert,High,4.2,2025/10/11
4011,15595388,App Bug,Medium,35.3,2025/12/15
4012,15716420,Account Update,Low,55.1,2025/11/11
4013,15725660,Loan Query,Low,42.8,2026/06/29
4014,15678725,Fraud Alert,Low,90.6,2025/10/28
4015,15778526,App Bug,Critical,2.3,2025/11/21
4016,15811970,App Bug,Low,90.0,2025/10/27
4017,15740175,Complaint,Critical,2.7,2025/11/26
4018,15705313,Account Update,Low,40.5,2026/04/21
4019,15675501,Loan Query,Low,84.5,2026/04/29
4020,15773751,Fraud Alert,High,3.2,2026/02/10
4021,15765812,Loan Query,Critical,2.8,2026/03/30
4022,15798256,Fraud Alert,Low,56.4,2025/11/03
4023,15756475,Complaint,low,99999.0,2026/06/04
4024,15784687,Fraud Alert,Low,94.3,2026/03/05
4025,15718465,Card Problem,Low,64.3,2025/12/18
4026,15632051,Login Issue,Medium,34.7,2026/04/22
4027,15723671,,Critical,2.2,2026/02/07
4028,15751137,Login Issue,Low,65.9,2026/04/28
4029,15627262,Complaint,Medium,9.5,2026/01/16
4030,15681928,Login Issue,Medium,12.5,2025/11/03
4031,15678206,Complaint,Low,19.0,2025/10/19
4032,15613673,Login Issue,Low,52.9,2025/11/22
4033,15807524,Complaint,Medium,20.8,2026/08/20
4034,15677783,Complaint,Medium,18.1,2026/02/05
4035,15676645,Card Problem,Medium,18.7,2026/08/29
4036,15569079,Payment Failure,High,4.5,2026/08/25
4037,15766869,Complaint,Low,46.9,2026/07/08
4038,15574584,Card Problem,Medium,29.3,2025/09/23
4039,15681562,Fraud Alert,Low,90.7,2025/12/22
4040,15724924,Fraud Alert,Medium,12.4,2026/02/17
4041,15592461,loginn issue,Medium,23.3,2025/11/17
4042,15611767,Complaint,Low,40.1,2025/10/19
4043,15749265,Loan Query, Medium ,16.2,2026/09/02
4044,15674671,Payment Failure,Low,62.0,2026/01/08
4045,15643496,Card Problem,Critical,0.8,2026/03/04
4046,15623196,Complaint,Low,-5.0,2026/03/24
4047,15645316,Fraud Alert,Medium,28.0,2026/05/23
4048,15627352,Complaint,High,3.8,2025/09/28
4049,15644400,Card Problem,Medium,7.3,2026/08/15
4050,15709004,Account Update,Low,61.9,2026/02/03
4051,15795933,Fraud Alert,Low,69.9,2026/01/14
4052,15698246,Card Problem,Medium,39.7,2025/12/01
4053,15615820,App Bug,HIGH,7.3,2025/09/18
4054,15732268,Loan Query,Low,86.5,2026/03/29
4055,15735439,Account Update,Low,47.6,2026/04/22
4056,15706071,Loan Query,Low,120.2,2026/06/14
4057,15568595,Payment Failure,Low,73.3,2026/06/11
4058,15775949,App Bug,Critical,1.0,2026/01/08
4059,15578788,Complaint,Medium,32.0,2025/10/21
4060,15607176,App Bug,Low,86.3,2026/04/27
4061,15644977,Login Issue,Medium,7.6,2025/10/25
4062,15773512,Account Update,Medium,16.7,2025/11/13
4063,15676576,Login Issue,High,7.3,2025/11/04
4064,15794122,Card Problem,Low,40.8,2025/09/09
4065,15788536,Complaint,Medium,29.9,2025/10/04
4066,15692137,Payment Failure,Low,76.7,2025/12/25
4067,15699095,Login Issue,Medium,23.7,2025/11/08
4068,15769346,Complaint,High,4.2,2025/12/13
4069,15632439,Card Problem,Low,118.3,2026/03/27
4070,15584967,Payment Failure,low,-5.0,2026/03/12
4071,15773338,Account Update,Critical,,2026/08/20
4072,15621550,Login Issue,Critical,1.7,2026/07/22
4073,15711540,Login Issue,High,5.0,2026/07/30
4074,15613854,Loan Query,Low,89.0,2025/10/16
4075,15637599,Account Update,Critical,2.1,2026/06/28
4076,15641250,,Medium,,2026/06/30
4077,15626243,App Bug,Medium,34.8,2026/01/13
4078,15808044,Account Update,Critical,2.0,2025/10/11
4079,15730590,Account Update,Low,117.0,2025/09/14
4080,15734626,Fraud Alert,Medium,28.4,2025/10/06
4081,15593241,Card Problem,Critical,2.1,2025/12/13
4082,15626898,Payment Failure,Medium,,2026/07/30
4083,15616954,App Bug,Low,49.2,2026/04/18
4084,15587038,Complaint,Low,11.8,2025/11/07
4085,15689328,Login Issue,Low,-5.0,2025/10/20
4086,15774551,Payment Failure,High,7.6,2026/02/19
4087,15723851,Card Problem,Medium,30.1,2025/11/04
4088,15660429,Loan Query,Critical,2.0,2025/09/24
4089,15677550,,Medium,29.2,2026/04/27
4090,15614934,Card Problem,Low,26.4,2025/09/28
4091,15613880,Account Update, Medium ,20.0,2025/11/28
4092,15750056,Card Problem,Low,,2026/06/23
4093,15717489,Login Issue,Medium,32.0,2026/04/12
4094,15799924,Account Update,Medium,45.4,2026/03/24
4095,15806796,loginn issue,Low,65.4,2026/05/15
4096,15770995,Loan Query,Medium,24.7,2025/09/18
4097,15690153,Account Update,High,7.6,2026/03/17
4098,15632275,Loan Query,High,7.0,2026/08/18
4099,15749557,Loan Query,Medium,28.0,2026/04/09
4100,15624755,Payment Failure,Low,83.0,2025/11/30
4101,15616745,Account Update,Critical,0.7,2026/03/03
4102,15679968,Account Update,Medium,16.4,2025/12/21
4103,15582910,Fraud Alert,Low,,2025/12/07
4104,15790659,Fraud Alert,Low,98.4,2026/01/21
4105,15567802,Payment Failure,High,8.5,2026/01/24
4106,15734765,Complaint,Low,57.5,2026/04/19
4107,15629338,App Bug,Low,54.1,2025/11/18
4108,15732266,Complaint,Low,95.3,2025/09/20
4109,15576124,Fraud Alert,Medium,29.6,2026/07/14
4110,15694765,Payment Failure,Low,44.8,2026/07/17
4111,15684103,Account Update,High,6.0,2026/07/15
4112,15660200,Complaint,Low,126.1,2026/01/06
4113,15591607,App Bug,Medium,23.1,2026/07/31
4114,15737080,Login Issue,Critical,2.3,2026/02/01
4115,15778149,Account Update,Medium,27.7,2026/05/16
4116,15801152,Loan Query,Low,66.1,2026/04/01
4117,15591489,Payment Failure,High,5.5,2026/06/11
4118,15594902,Loan Query,High,-5.0,2026/05/06
4119,15658233,Card Problem,Low,80.4,2025/10/04
4120,15664860,Fraud Alert,Medium,36.4,2025/10/17
4121,15690330,Login Issue,Low,15.6,2026/01/24
4122,15645355,Loan Query,High,2.6,2026/03/18
4123,15596181,Login Issue,Low,54.5,2025/11/12
4124,15605072,Complaint,High,5.1,2026/04/05
4125,15678626,Payment Failure,Medium,15.3,2025/12/14
4126,15706904,Complaint,Medium,28.8,2026/07/29
4127,15640865,Account Update,Low,68.5,2026/05/30
4128,15742204,Complaint,Critical,1.9,2026/01/08
4129,15725698,Complaint,Medium,24.3,2026/07/22
4130,15660611,Account Update,Low,,2026/06/08
4131,15581323,Login Issue,Critical,1.9,2025/09/12
4132,15815364,Loan Query,High,5.0,2026/03/17
4133,15652401,Complaint,Medium,6.8,2026/09/03
4134,15591986,Payment Failure,High,5.4,2026/03/05
4135,15790497,Account Update,High,7.1,2026/05/06
4136,15625698,Payment Failure,Medium,17.1,2026/06/08
4137,15720745,Account Update,Low,68.5,2026/05/09
4138,15778481,Card Problem,Low,48.7,2026/02/26
4139,15719352,Complaint,High,6.9,2026/06/19
4140,15598157,Complaint,High,3.4,2026/05/18
4141,15628123,Account Update,Low,108.5,2026/02/14
4142,15742504,Login Issue,Medium,20.4,2026/03/20
4143,15705383,App Bug,Critical,1.4,2026/01/19
4144,15627876,App Bug,Critical,2.4,2025/12/04
4145,15662291,Complaint,High,5.1,2025/09/16
4146,15581229,Account Update,Medium,99999.0,2026/02/13
4147,15744843,Login Issue,medium,12.0,2026/07/05
4148,15587421,Payment Failure,High,3.8,2025/12/24
4149,15597885,Loan Query,Low,44.1,2025/09/18
4150,15622774,Complaint,Critical,2.4,2026/01/24
4151,15624343,Card Problem,Medium,38.8,2025/10/02
4152,15579112,Card Problem,Medium,37.7,2026/05/02
4153,15806918,Loan Query,Medium,35.3,2026/06/01
4154,15684147,Complaint,Low,61.4,2026/03/05
4155,15792525,Card Problem,Low,90.6,2026/06/29
4156,15762351,Card Problem,Medium,28.5,2025/12/31
4157,15629133,Card Problem,Low,16.0,2025/11/23
4158,15651585,Login Issue,Critical,1.8,2025/10/24
4159,15681697,Payment Failure,Low  ,66.6,2026/01/07
4160,15674328,Payment Failure,Medium,28.0,2026/08/05
4161,15702801,Fraud Alert,Critical,3.1,2026/01/04
4162,15590434,Loan Query,Low,56.5,2026/01/17
4163,15815656,Account Update,Critical,2.2,2026/06/03
4164,15692631,Fraud Alert,Medium,11.6,2025/10/01
4165,15729087,Payment Failure,Low,75.8,2025/12/24
4166,15578515,Fraud Alert,High,4.4,2026/06/24
4167,15669219,Fraud Alert,Low,52.9,2026/03/20
4168,15594812,Loan Query,Medium,15.1,2026/03/03
4169,15750769,Login Issue,Medium,32.7,2025/11/30
4170,15685329,Loan Query,Low,69.2,2025/12/02
4171,15648069,Fraud Alert,Low,33.9,2026/01/02
4172,15585451,Loan Query,Medium,19.7,2026/07/03
4173,15584338,Loan Query,Low,85.2,2026/02/12
4174,15623966,,Critical,2.6,2026/08/26
4175,15775741,Account Update,Low,112.6,2026/03/05
4176,15755649,Complaint,Critical,1.1,2026/07/02
4177,15569432,Fraud Alert,Medium,41.4,2025/09/17
4178,15620204,Account Update,Critical,3.4,2026/08/29
4179,15619045,Loan Query,High,6.5,2026/08/27
4180,15626233,Card Problem,Medium,19.3,2026/03/02
4181,15605036,Complaint,High,9.2,2026/06/20
4182,15682048,Complaint,Critical,99999.0,2026/06/18
4183,15670898,Fraud Alert,Medium,21.9,2025/11/14
4184,15755223,,Critical,1.8,2026/06/18
4185,15801414,App Bug,Low,89.3,2025/12/08
4186,15576368,Login Issue,High,5.4,2026/05/13
4187,15573893,Payment Failure,Low,86.2,2026/06/07
4188,15639077,Loan Query,Medium,26.7,2026/02/08
4189,15717489,Complaint,Critical,3.1,2025/12/01
4190,15757646,Fraud Alert,Critical,2.3,2026/05/12
4191,15779497,Complaint,Low,77.0,2025/09/22
4192,15647191,Card Problem,Low,38.4,2025/10/19
4193,15679024,Account Update,High,7.9,2025/10/01
4194,15780925,Card Problem,Low,83.1,2025/12/31
4195,15804064,Loan Query,Medium,24.6,2026/07/08
4196,15695356,Complaint,High,,2025/12/24
4197,15656029,Fraud Alert,Critical,2.1,2025/09/13
4198,15786433,Login Issue,Low,68.9,2026/05/30
4199,15668886,Card Problem,Medium,35.1,2026/05/05
4200,15791172,Fraud Alert,Critical,2.2,2025/09/03
4201,15636551,App Bug,Low,24.0,2026/02/19
4202,15636820,App Bug,Medium,17.2,2026/07/14
4203,15757628,Fraud Alert,Medium,25.1,2025/12/15
4204,15634146,Loan Query,Medium,19.1,2025/11/08
4205,15758035,,Low,-5.0,2026/02/24
4206,15750658,Login Issue,Medium,43.8,2025/12/02
4207,15651955,Account Update,Low,106.5,2026/02/15
4208,15638751,Card Problem,Critical,0.5,2025/10/03
4209,15790757,Complaint,Low,63.7,2025/09/14
4210,15591724,Loan Query,Medium,22.8,2025/11/17
4211,15697606,Account Update,Low,73.5,2026/06/30
4212,15717138,App Bug,Low,55.5,2026/08/29
4213,15749528,Login Issue,LOW,52.4,2025/11/14
4214,15702095,Card Problem,Medium,13.6,2025/10/29
4215,15627854,Loan Query,Low,105.4,2026/05/30
4216,15789863,Fraud Alert,Medium,23.9,2026/03/08
4217,15764661,Account Update,Medium,7.4,2025/10/10
4218,15614220,Card Problem,Medium,15.3,2026/03/13
4219,15789714,Card Problem,Low,42.2,2026/08/29
4220,15736717,Complaint,High,1.7,2026/08/08
4221,15677538,Complaint,Medium,29.5,2026/03/24
4222,15572547,Payment Failure,Medium,16.6,2026/06/30
4223,15629793,Payment Failure,High,11.6,2025/10/24
4224,15700813,Payment Failure,Medium,,2026/02/22
4225,15785920,Fraud Alert,Low,67.2,2026/02/04
4226,15754494,Loan Query,Low,70.7,2026/02/15
4227,15729110,Complaint,Medium,17.5,2025/11/11
4228,15774630,Card Problem,Low,57.6,2025/11/22
4229,15694852,Fraud Alert,HIGH,,2026/04/14
4230,15680843,Card Problem,Low,38.2,2026/07/27
4231,15713637,Login Issue,Medium,17.4,2026/05/10
4232,15649297,Login Issue,High  ,7.9,2026/08/01
4233,15748499,Login Issue,Medium,24.3,2026/02/12
4234,15604813,Complaint,High,6.9,2025/12/01
4235,15626135,Complaint,Critical,2.5,2026/08/31
4236,15589431,Complaint,Low,68.3,2026/06/17
4237,15791030,App Bug,Medium,,2026/08/24
4238,15734565,Card Problem,Low,69.3,2026/07/14
4239,15722322,Complaint,Low,45.2,2026/03/04
4240,15710138,Loan Query,Critical,-5.0,2025/12/26
4241,15734491,Complaint,Critical,1.6,2026/08/09
4242,15681075,Payment Failure,High,3.9,2026/07/01
4243,15806941,,Medium,7.9,2025/12/01
4244,15709117,Loan Query,High,9.3,2026/03/15
4245,15753566,Loan Query,Low,41.7,2026/02/07
4246,15715541,Account Update,Low,94.3,2026/08/21
4247,15631436,App Bug,Medium,18.2,2026/01/31
4248,15693200,Account Update,Critical,2.7,2025/11/07
4249,15657386,App Bug,Medium,17.3,2025/12/02
4250,15590268,Login Issue,Critical,2.0,2025/09/03
4251,15696061,Payment Failure,High,7.1,2026/08/28
4252,15675749,Card Problem, Low ,79.4,2026/06/23
4253,15785350,Fraud Alert,Low,55.1,2026/03/22
4254,15659931,Loan Query,High,7.2,2026/06/20
4255,15590888,Card Problem,Low,38.6,2025/09/19
4256,15780411,Card Problem,Medium,18.2,2025/12/05
4257,15603594,Card Problem,Low,56.2,2026/07/08
4258,15602812,Fraud Alert,Low,125.8,2026/02/12
4259,15640905,Payment Failure,Medium,19.0,2026/07/13
4260,15702464,Fraud Alert,Medium,8.5,2025/12/25
4261,15808960,Payment Failure,Low,79.2,2026/07/27
4262,15635893,Payment Failure,Critical,1.5,2026/06/19
4263,15590337,Loan Query,Critical,1.7,2025/10/26
4264,15812241,Card Problem,High,4.7,2026/05/15
4265,15591248,Complaint,LOW,35.2,2025/11/14
4266,15610454,Account Update,Low,88.2,2026/02/19
4267,15761453,Loan Query,Medium,23.0,2025/10/12
4268,15601569,Account Update,Low,71.0,2026/01/02
4269,15689751,Complaint,Medium,-5.0,2026/02/27
4270,15806132,Login Issue,Low,100.6,2026/02/13
4271,15610454,Card Problem,Critical,1.1,2025/11/27
4272,15657809,Fraud Alert,Medium,12.9,2026/07/25
4273,15606855,Loan Query,Medium,19.5,2025/10/18
4274,15775104,Payment Failure,Medium,16.8,2026/08/31
4275,15740383,Loan Query,Critical,2.1,2026/08/12
4276,15785920,,Medium,18.1,2026/07/27
4277,15572728,Account Update,Medium,18.1,2026/02/21
4278,15696826,Loan Query,High,10.1,2026/04/19
4279,15659807,Account Update,LOW,65.0,2025/09/08
4280,15775803,App Bug, Critical ,1.0,2026/01/16
4281,15750778,Loan Query,Low,67.4,2025/12/19
4282,15689168,Fraud Alert,Medium,20.7,2026/01/08
4283,15779064,Card Problem,High,5.2,2026/08/23
4284,15815615,Fraud Alert,Medium,14.6,2025/10/07
4285,15691952,Card Problem,Critical,,2026/03/01
4286,15573599,Complaint,Medium,32.5,2026/01/12
4287,15725835,Complaint,Low,48.4,2025/10/28
4288,15683758,Complaint,Low,42.6,2025/09/03
4289,15648320,Login Issue,High,6.5,2025/09/27
4290,15606115,Complaint,Low,45.8,2026/03/19
4291,15631217,Loan Query,Medium,20.1,2026/04/15
4292,15763612,Payment Failure,High,0.5,2026/04/05
4293,15609998,Complaint,Low,98.5,2025/11/27
4294,15735968,App Bug,Critical,1.9,2026/04/02
4295,15696287,Payment Failure,Low,57.7,2026/05/13
4296,15658486,Login Issue,Low,99.3,2026/03/15
4297,15632859,Loan Query,Medium  ,13.4,2026/03/01
4298,15678201,Account Update,Critical,2.8,2026/06/09
4299,15775293,Payment Failure,Critical,2.3,2026/03/14
4300,15636454,Fraud Alert,Medium,33.9,2025/10/24
4301,15627876,,High,5.0,2026/05/06
4302,15609653,App Bug,Low,43.8,2026/06/25
4303,15632793,Loan Query,low,,2026/08/02
4304,15724334,Payment Failure,High,5.9,2026/08/20
4305,15577970,,High,1.6,2025/12/27
4306,15768244,App Bug,Medium,22.5,2025/11/25
4307,15738150,Payment Failure,Medium,33.7,2026/04/22
4308,15695299,App Bug,Medium,29.4,2025/10/10
4309,15590286,Loan Query,High,8.2,2025/09/20
4310,15583278,Payment Failure,Low,78.2,2026/01/31
4311,15572398,Fraud Alert,Low,16.9,2025/09/13
4312,15760456,Login Issue,Low,47.9,2026/02/13
4313,15762268,,MEDIUM,16.5,2026/01/14
4314,15687171,Login Issue,Medium,99999.0,2025/10/26
4315,15763415,Account Update,Medium,15.9,2025/10/10
4316,15586699,Payment Failure,High,2.9,2026/02/25
4317,15753895,Login Issue,Medium,39.3,2025/11/29
4318,15707110,App Bug,Low,53.6,2026/03/14
4319,15682541,Complaint,Medium,4.7,2025/11/24
4320,15757632,Loan Query,Low,62.3,2025/10/11
4321,15631159,Login Issue,Low,87.9,2026/06/10
4322,15755262,Payment Failure,High,8.0,2025/10/20
4323,15579183,Account Update,Critical,1.6,2026/02/23
4324,15706170,Login Issue,Low,34.2,2026/07/04
4325,15697318,Fraud Alert,Critical,1.8,2026/07/14
4326,15789379,Login Issue,Medium,7.8,2026/05/08
4327,15755731,,Low,103.2,2026/08/29
4328,15594928,Complaint,Medium,23.2,2025/09/18
4329,15807568,Loan Query,High,7.3,2026/04/11
4330,15623107,Payment Failure,Medium,16.0,2026/08/03
4331,15631436,Fraud Alert,Critical,4.0,2025/11/26
4332,15767954,Login Issue,Low,76.1,2026/07/10
4333,15713144,Card Problem, Low ,,2026/04/13
4334,15796167,Account Update,Critical,2.1,2025/11/22
4335,15637593,Account Update,High,6.5,2025/09/30
4336,15797767,Complaint,Medium,22.8,2025/10/24
4337,15684269,Payment Failure,Medium,23.4,2026/02/19
4338,15760514,Account Update,High,6.8,2025/12/17
4339,15806407,Loan Query,Medium,22.0,2025/12/09
4340,15570508,Card Problem,Low,33.5,2026/03/31
4341,15590676,Login Issue,Medium,17.7,2026/08/25
4342,15787222,Payment Failure,Low,81.8,2026/06/13
4343,15752694,Login Issue,Medium,21.2,2026/06/06
4344,15648967,Card Problem,Low,,2026/01/16
4345,15727467,Complaint,Medium,14.6,2026/08/07
4346,15814816,Card Problem,High,2.2,2026/01/25
4347,15566495,Loan Query,High,6.0,2026/02/02
4348,15706232,Complaint,High,6.8,2026/01/02
4349,15609928,App Bug,Critical,2.7,2025/10/22
4350,15761141,Loan Query,High,4.8,2025/09/28
4351,15680046,Payment Failure,High,,2026/03/23
4352,15813697,Complaint,Low,83.1,2026/06/22
4353,15726490,App Bug,Critical,2.5,2026/06/11
4354,15734161,Login Issue,High,5.8,2026/05/12
4355,15579109,Loan Query,Low,95.0,2025/11/20
4356,15708867,Fraud Alert,Medium,10.7,2025/09/30
4357,15569050,Complaint,Medium,29.5,2026/03/06
4358,15602034,App Bug,Low,97.2,2025/09/04
4359,15571756,Card Problem,Critical,2.5,2026/04/09
4360,15697307,Account Update,High,0.5,2025/10/17
4361,15662865,Fraud Alert,Low,20.7,2026/01/31
4362,15669414,Complaint,Critical,1.2,2026/08/07
4363,15779174,Login Issue,Low,49.1,2026/07/20
4364,15760446,Loan Query,High,8.1,2026/07/07
4365,15679200,Loan Query,High,6.0,2026/05/06
4366,15720649,Card Problem,Low,75.2,2025/12/14
4367,15751180,Complaint,High,7.1,2025/10/22
4368,15702601,Login Issue,Medium,22.6,2025/09/16
4369,15671137,Login Issue,Medium,30.5,2025/12/17
4370,15812647,Payment Failure,Critical,0.7,2025/11/29
4371,15811742,Login Issue,critical,3.3,2026/07/26
4372,15608109,,Medium,25.9,2026/01/30
4373,15595766,Complaint,Critical,-5.0,2025/10/14
4374,15745295,App Bug,High,9.5,2026/05/03
4375,15699195,Account Update,Low,110.4,2025/11/01
4376,15783097,Complaint,Critical,2.4,2026/02/07
4377,15719561,Loan Query,Medium,22.6,2026/03/25
4378,15693259,Loan Query,High,7.6,2026/05/02
4379,15716431,Login Issue,Critical,1.8,2026/05/11
4380,15669922,Card Problem,High,4.5,2026/08/07
4381,15789863,Fraud Alert,Low,71.2,2026/01/16
4382,15572956,Account Update,High,5.3,2025/10/19
4383,15710087,Fraud Alert,Critical,2.1,2026/07/28
4384,15654456,App Bug,Medium,28.2,2026/06/08
4385,15711716,,Medium,29.3,2026/03/20
4386,15777060,Loan Query,Critical,-5.0,2025/12/06
4387,15619955,Complaint,Low,105.5,2026/03/11
4388,15695846,Loan Query,Low,79.7,2026/03/17
4389,15720702,Fraud Alert,Medium,,2026/03/11
4390,15645463,App Bug,Low,99999.0,2025/12/07
4391,15734649,Login Issue,Critical,2.6,2026/04/19
4392,15705298,Login Issue,High,4.9,2025/09/25
4393,15738063,Payment Failure,Low,97.5,2026/01/15
4394,15633260,Payment Failure,Medium,29.6,2026/04/16
4395,15645815,Complaint,Medium,20.9,2026/04/29
4396,15765257,Login Issue,Medium,26.1,2026/01/15
4397,15685536,Card Problem,High,7.9,2025/12/27
4398,15815236,App Bug,High,2.5,2026/01/18
4399,15628972,Login Issue,Low,119.4,2026/06/18
4400,15771977,App Bug,Critical,0.5,2025/10/04
4401,15671766,Card Problem,Low,53.8,2025/11/19
4402,15801699,Login Issue,Medium,24.6,2026/08/25
4403,15809178,Fraud Alert,High,4.3,2026/08/10
4404,15623712,,Medium,31.6,2025/10/22
4405,15738605,Fraud Alert,Low,78.7,2025/10/16
4406,15692142,Complaint,Medium,20.6,2026/08/11
4407,15611331,App Bug,Medium,16.3,2026/02/26
4408,15611635,Complaint,Low,88.1,2026/06/07
4409,15591915,Complaint,Medium,17.2,2026/04/02
4410,15723484,Login Issue,Low,71.7,2026/07/01
4411,15590476,Account Update,Low,87.0,2025/12/28
4412,15768566,Loan Query,Medium,44.1,2026/06/13
4413,15591130,Account Update,Medium,30.0,2025/10/04
4414,15684512,Card Problem,Low,94.8,2026/03/20
4415,15694805,Card Problem,Low,92.3,2026/05/28
4416,15566494,Loan Query,Medium,38.2,2026/04/05
4417,15786153,Payment Failure,Low,45.7,2026/06/04
4418,15761713,Card Problem,Critical,2.6,2026/08/20
4419,15753161,Loan Query,Low,28.1,2026/05/04
4420,15627697,Loan Query,Low,35.0,2026/06/23
4421,15620111,App Bug,Medium,39.4,2026/01/01
4422,15723706,Loan Query,High,5.3,2026/05/04
4423,15585961,Payment Failure,Low,51.2,2026/02/03
4424,15753591,Card Problem,Medium,12.7,2025/10/13
4425,15693637,Loan Query,High,5.3,2026/03/24
4426,15775627,App Bug,Medium,16.9,2026/09/03
4427,15710316,Fraud Alert,High,7.3,2025/09/20
4428,15670343,Card Problem,Critical,0.5,2026/05/18
4429,15687218,Card Problem,Medium,12.9,2026/06/22
4430,15703707,Fraud Alert,Critical,1.5,2026/05/25
4431,15658233,App Bug,Low,53.4,2026/06/22
4432,15651554,Account Update,Critical,1.7,2026/08/15
4433,15603319,App Bug,Medium,28.5,2026/07/17
4434,15750447,Account Update,Medium,21.8,2025/11/17
4435,15786389,App Bug,Low,79.1,2025/11/03
4436,15676707,Payment Failure,Critical,2.5,2026/04/20
4437,15669945,App Bug,Medium,25.7,2025/11/30
4438,15762123,Loan Query,Low,97.8,2025/11/27
4439,15569451,Login Issue,Medium,19.2,2025/12/20
4440,15662085,Account Update,Low,56.4,2025/12/10
4441,15635598,Loan Query,Medium,,2025/11/06
4442,15577587,Payment Failure,MEDIUM,12.9,2025/09/24
4443,15577771,Login Issue,Low,81.6,2026/04/07
4444,15576156,Card Problem,High,9.4,2025/10/13
4445,15745623,Loan Query,Critical,2.2,2026/08/18
4446,15765643,Complaint,High,7.3,2026/04/13
4447,15610936,Loan Query,Low,91.6,2025/12/15
4448,15664270,,Low,44.5,2026/07/21
4449,15629739,Payment Failure,Low,94.7,2025/11/17
4450,15745083,Account Update,Medium,,2026/07/04
4451,15686345,Login Issue,High,,2026/01/13
4452,15777060,Complaint,Low,40.2,2026/02/13
4453,15676966,Loan Query,High,4.9,2025/10/07
4454,15672397,App Bug,High,5.0,2025/10/17
4455,15667265,Loan Query,Medium,22.7,2026/03/20
4456,15624186,Login Issue,Low,81.8,2026/06/14
4457,15646615,Fraud Alert,Critical,1.2,2026/03/25
4458,15661532,Account Update,Medium,,2026/06/12
4459,15662151,Account Update,High,11.2,2026/02/16
4460,15644977,Fraud Alert,Critical,1.3,2026/01/22
4461,15644296,Payment Failure,High,5.8,2026/05/27
4462,15739502,Login Issue,Medium,33.4,2026/04/25
4463,15699492,Account Update,Medium,33.8,2025/09/09
4464,15769389,Login Issue,Critical,1.6,2026/08/27
4465,15592877,Card Problem,Low,71.7,2026/07/19
4466,15660475,Complaint,Critical,2.3,2026/06/30
4467,15644400,App Bug,High,6.0,2026/05/28
4468,15648876,Payment Failure,High,10.1,2026/04/05
4469,15674851,Complaint,Low,18.5,2025/10/30
4470,15749123,App Bug,Critical,3.8,2026/04/03
4471,15618245,Complaint,Low,62.8,2025/11/18
4472,15641183,Payment Failure,Medium,18.2,2025/11/17
4473,15717065,Loan Query,Medium  ,,2026/06/20
4474,15633877,Card Problem,Low,32.4,2026/07/01
4475,15579996,loginn issue,Critical,3.0,2026/06/28
4476,15570134,Complaint,Low,76.7,2025/10/24
4477,15611223,Card Problem,Low,75.3,2025/10/27
4478,15756850,Account Update,High,0.6,2026/06/18
4479,15715345,Login Issue,Medium,45.3,2025/10/24
4480,15587038,Account Update,Critical,1.6,2026/01/27
4481,15722692,Payment Failure,High,3.7,2026/06/04
4482,15711455,Fraud Alert,High,3.5,2026/02/26
4483,15599386,Account Update,Medium,27.0,2026/04/01
4484,15795290,Fraud Alert,Medium,13.7,2026/01/16
4485,15685309,Complaint,Low,,2026/03/18
4486,15772363,Payment Failure,Low,71.0,2026/08/04
4487,15787151,,Critical,1.5,2026/05/09
4488,15624677,Loan Query,Medium,,2026/06/22
4489,15801701,Card Problem,Medium,,2026/07/11
4490,15718280,Account Update,Medium,-5.0,2026/05/03
4491,15636089,Payment Failure,Low,108.3,2025/09/22
4492,15677288,App Bug,Medium,25.4,2025/11/30
4493,15660271,Account Update,Medium,16.1,2026/01/22
4494,15615322,Card Problem,Medium,42.1,2026/03/28
4495,15646161,Payment Failure,Critical,0.7,2025/11/15
4496,15721917,App Bug,medium,11.3,2026/07/16
4497,15759751,Loan Query,Medium,15.1,2026/07/11
4498,15651280,Loan Query,Low,56.7,2026/08/17
4499,15733114,Account Update,Low,66.8,2026/08/24
4500,15785352,Complaint,High,9.6,2026/03/27
4501,15809124,App Bug,Medium,34.0,2025/09/22
4502,15775892,Complaint,Low,,2026/03/24
4503,15736534,App Bug,Low,119.3,2026/02/19
4504,15707362,Complaint,Critical,1.1,2026/08/22
4505,15727944,Login Issue,Low,95.1,2026/01/02
4506,15726289,Payment Failure,Low,105.3,2025/09/28
4507,15732476,Payment Failure,High,3.6,2026/05/04
4508,15718673,App Bug,Medium,25.3,2026/01/18
4509,15741416,Card Problem,Low,77.6,2026/03/12
4510,15589493,Card Problem,Medium,19.5,2025/09/13
4511,15626042,Account Update,Medium,31.8,2026/02/22
4512,15613962,Loan Query,Low,20.0,2026/02/05
4513,15630910,Card Problem,Medium,8.5,2026/02/09
4514,15595883,Payment Failure,Low,92.7,2026/01/24
4515,15716608,Complaint,High,4.8,2026/05/12
4516,15661626,Login Issue,Low,73.2,2026/08/25
4517,15590146,Loan Query,High,10.1,2026/08/19
4518,15732621,Login Issue,Medium,17.9,2025/10/23
4519,15607748,Fraud Alert,High,3.7,2025/12/28
4520,15638730,Account Update,High,5.5,2025/11/10
4521,15735358,Account Update,Low,64.9,2026/02/03
4522,15744582,Card Problem,Medium,43.4,2026/04/17
4523,15717156,Fraud Alert,High,6.9,2026/02/14
4524,15658972,Account Update,High,3.9,2026/01/18
4525,15611318,Loan Query,Medium,18.6,2026/04/04
4526,15738980,Loan Query,Low,56.3,2026/07/09
4527,15652626,App Bug,Low,118.4,2026/07/30
4528,15743538,Complaint,Low,98.4,2025/10/18
4529,15709412,Payment Failure,High,7.3,2025/12/08
4530,15777892,Card Problem,High,7.0,2026/04/17
4531,15604345,Loan Query,Low,77.3,2025/12/20
4532,15724428,Complaint,Critical  ,2.6,2026/03/30
4533,15731507,App Bug,Medium,40.3,2026/05/09
4534,15752915,Complaint,Low,101.7,2026/05/25
4535,15567834,,Medium,17.6,2026/03/13
4536,15579714,Login Issue,Medium,42.6,2025/10/01
4537,15615322,Login Issue,Critical,1.7,2026/05/24
4538,15645517,Card Problem,High,1.7,2025/11/23
4539,15606115,Card Problem,Medium,22.8,2025/10/06
4540,15710687,Loan Query,Low,92.4,2026/02/09
4541,15737521,Fraud Alert,Low,69.9,2026/09/01
4542,15643487,Account Update,Low,105.4,2026/05/20
4543,15621195,Fraud Alert,Low,74.0,2026/03/28
4544,15658233,App Bug,Low,0.5,2025/11/11
4545,15719940,Login Issue,High,12.1,2026/05/29
4546,15739578,Account Update,Low  ,39.4,2026/06/21
4547,15709474,Login Issue,Medium,22.2,2025/09/17
4548,15782939,Card Problem,Low,72.0,2025/11/30
4549,15658946,App Bug,Low,87.4,2025/12/10
4550,15769596,Account Update,Medium,11.6,2025/12/14
4551,15621550,Account Update,Critical,99999.0,2025/10/02
4552,15636541,Account Update,Critical,2.1,2026/01/08
4553,15755330,Loan Query,Medium,30.8,2025/09/19
4554,15569079,Payment Failure,High,6.1,2026/04/24
4555,15764314,Loan Query,Medium,35.4,2025/09/28
4556,15796334,Complaint,Critical,2.8,2026/03/06
4557,15760177,Payment Failure,Critical,2.1,2026/08/29
4558,15614813,Payment Failure,low,,2025/12/13
4559,15697311,Complaint,Low,45.7,2026/01/21
4560,15674840,loginn issue,Critical,2.6,2026/03/10
4561,15760924,Complaint,Low,64.8,2026/04/28
4562,15714689,Account Update,Low,81.2,2026/05/19
4563,15592104,Card Problem,Medium,20.7,2026/03/25
4564,15745794,Login Issue,Medium,24.3,2026/07/25
4565,15622003,loginn issue,Low,69.4,2025/11/05
4566,15738672,Loan Query,Low,42.1,2026/08/17
4567,15778489,Loan Query,Low,33.8,2025/09/18
4568,15609977,Card Problem,Low,108.9,2026/01/04
4569,15733014,Complaint,Medium,25.7,2026/03/12
4570,15766378,Payment Failure,Medium,20.6,2026/05/11
4571,15806956,App Bug,Medium,22.3,2026/07/04
4572,15762418,Fraud Alert,Low,84.1,2026/04/19
4573,15656840,,Low,68.6,2025/12/02
4574,15648951,Payment Failure,Critical,,2026/05/03
4575,15694453,,Medium,23.7,2026/06/30
4576,15633586,Card Problem,Medium,29.0,2026/06/12
4577,15605698,Payment Failure,High,5.7,2026/03/01
4578,15732943,App Bug,Low,75.6,2026/02/26
4579,15719809,Account Update,Medium,15.7,2025/11/25
4580,15668057,Login Issue,Low,97.4,2026/01/13
4581,15804201,Account Update,Medium,,2026/08/21
4582,15636590,App Bug,Medium,45.5,2025/10/19
4583,15639662,App Bug,Medium,23.9,2026/01/26
4584,15608916,App Bug,Medium,30.6,2025/09/17
4585,15664897,Account Update,Critical,2.8,2026/03/19
4586,15605737,Payment Failure,Critical,0.5,2025/09/28
4587,15621466,Complaint,Low,67.9,2025/11/25
4588,15807163,Card Problem,Low,90.2,2026/06/22
4589,15648858,Account Update,Low,63.9,2025/12/21
4590,15576156,Account Update,MEDIUM,32.0,2025/12/25
4591,15632263,Complaint,Critical,2.2,2026/07/31
4592,15623357,App Bug,Low,64.1,2025/12/27
4593,15667190,Complaint,Medium,13.7,2026/08/15
4594,15799217,Fraud Alert,Critical,1.6,2025/12/17
4595,15711219,Payment Failure,Low,117.9,2026/01/18
4596,15723737,Card Problem,Low,90.4,2026/08/02
4597,15645200,,Low,119.9,2026/03/31
4598,15608956,App Bug,Medium,26.0,2026/05/23
4599,15812616,Login Issue,Medium,29.5,2025/09/13
4600,15758477,Fraud Alert,Critical,1.8,2026/08/18
4601,15577398,Account Update,Medium,,2025/09/07
4602,15757310,Payment Failure,Low,85.3,2026/05/03
4603,15577913,Loan Query,Low,46.7,2025/11/09
4604,15717426,Card Problem,Critical,1.0,2026/07/31
4605,15702566,Account Update,Low,65.0,2025/11/30
4606,15700476,App Bug,Low,119.3,2026/07/07
4607,15736154,Loan Query, High ,3.6,2025/09/07
4608,15622993,Login Issue,High,99999.0,2025/12/26
4609,15710012,Card Problem, Medium ,-5.0,2026/01/10
4610,15674331,Loan Query,Medium,44.2,2026/07/11
4611,15759387,Login Issue,Medium,11.7,2026/02/06
4612,15720637,Account Update,Low,101.4,2026/09/02
4613,15742358,Payment Failure,High,,2026/09/01
4614,15645896,Loan Query,Medium,39.6,2026/07/29
4615,15799635,Login Issue,Low,33.9,2026/01/21
4616,15775153,Account Update,Critical,2.7,2026/04/07
4617,15608109,Complaint,Critical,2.4,2026/03/14
4618,15610337,Payment Failure,Low,10.4,2026/02/28
4619,15814536,Account Update,Medium,46.6,2026/04/26
4620,15677062,Login Issue,Low,39.1,2026/01/10
4621,15660429,Login Issue, High ,10.3,2025/12/23
4622,15738715,Card Problem,High,10.2,2026/04/29
4623,15724890,Payment Failure,Low,103.0,2026/02/04
4624,15763055,Card Problem,Low,43.1,2026/08/15
4625,15752838,Complaint,Medium,44.9,2026/05/27
4626,15677135,Loan Query,Medium,19.6,2026/07/19
4627,15627801,Loan Query,Medium,31.4,2026/03/25
4628,15651581,Card Problem,Critical,1.6,2026/06/29
4629,15781574,Account Update,Low,157.6,2025/10/25
4630,15680998,App Bug,Medium,12.5,2025/09/06
4631,15576022,Account Update,High,4.0,2026/05/22
4632,15735263,Complaint,Medium,40.6,2026/08/08
4633,15674671,App Bug,Low,93.6,2026/03/13
4634,15717879,Payment Failure,High,4.0,2026/06/17
4635,15571059,Loan Query,MEDIUM,35.9,2026/07/31
4636,15575024,,High,4.5,2026/07/04
4637,15585192,Account Update,Low,108.7,2026/07/11
4638,15771540,Login Issue,Low,100.2,2026/01/25
4639,15787529,Loan Query,Low,91.3,2026/02/02
4640,15699911,Fraud Alert,Critical,,2026/08/19
4641,15658889,Loan Query,Low,102.8,2025/10/28
4642,15788659,,Critical,1.0,2026/05/07
4643,15795298,App Bug,Medium,13.2,2025/10/05
4644,15748947,Payment Failure,High,2.7,2026/02/22
4645,15644280,Payment Failure,High,7.0,2026/01/22
4646,15693732,Fraud Alert,Critical,1.3,2026/07/27
4647,15724296,,Critical,1.6,2026/02/16
4648,15710111,App Bug,Critical,0.5,2026/01/22
4649,15786392,Loan Query,Low,88.3,2026/01/14
4650,15646091,Account Update,Medium,27.8,2026/08/04
4651,15584091,Login Issue,Low,14.8,2026/09/02
4652,15793491,Login Issue,Critical,1.8,2026/08/02
4653,15605455,App Bug,High,4.8,2026/02/02
4654,15802381,Fraud Alert,Medium,28.5,2025/12/08
4655,15610753,Account Update,Low,85.4,2025/11/18
4656,15793424,loginn issue,critical,1.1,2026/05/25
4657,15582591,Fraud Alert,Medium,35.5,2026/01/04
4658,15696175,Fraud Alert,Medium,13.8,2025/10/02
4659,15600280,Card Problem,Medium,15.4,2026/07/07
4660,15689294,App Bug,Medium,25.1,2026/03/28
4661,15574004,App Bug,Low,128.8,2026/08/07
4662,15723250,Loan Query,Medium,23.3,2026/02/13
4663,15566563,,High,5.9,2026/08/17
4664,15759067,Payment Failure,Low,62.3,2025/11/13
4665,15774250,Account Update,Critical,3.2,2025/09/16
4666,15668385,Complaint,Medium,13.5,2026/08/04
4667,15694601,Complaint, Low ,15.7,2026/05/15
4668,15670562,Loan Query,High,8.8,2026/02/01
4669,15776844,Account Update,Medium,21.4,2026/01/13
4670,15749583,Card Problem,Low,75.4,2026/04/05
4671,15725772,,Medium,26.2,2026/03/29
4672,15677336,Fraud Alert,High,6.1,2026/03/20
4673,15615016,Complaint,Critical,2.4,2025/09/21
4674,15812982,Fraud Alert,Medium,30.5,2026/06/28
4675,15582903,Login Issue,Critical,1.7,2026/08/31
4676,15784301,Account Update,Low,48.2,2026/06/22
4677,15668818,Login Issue,Medium,,2025/12/09
4678,15653455,Fraud Alert,Medium,18.7,2026/02/25
4679,15669945,Fraud Alert,Critical,-5.0,2026/09/03
4680,15809736,App Bug,Critical,0.9,2025/12/25
4681,15581505,Loan Query,High,6.9,2026/08/20
4682,15778219,App Bug,Medium,14.9,2026/06/03
4683,15608968,Loan Query,Low,54.9,2026/07/26
4684,15646764,Payment Failure,High,1.3,2026/05/04
4685,15762268,Complaint,High,6.3,2026/08/12
4686,15633474,Payment Failure,High,4.5,2026/03/05
4687,15781903,Login Issue,Critical,1.7,2026/05/20
4688,15681402,Card Problem,Critical,1.4,2026/02/03
4689,15639303,App Bug,Medium,6.4,2025/11/29
4690,15615016,Payment Failure,Medium,32.1,2026/08/05
4691,15625675,Fraud Alert,Low,59.6,2026/06/15
4692,15657937,Card Problem,Critical,3.2,2025/12/04
4693,15620936,Account Update,Low,59.6,2026/01/31
4694,15690695,Account Update,Critical,2.6,2025/10/22
4695,15752508,Payment Failure,Low,101.1,2026/05/02
4696,15719479,Payment Failure,High,6.4,2025/11/07
4697,15723989,Login Issue,medium,2.8,2026/01/13
4698,15602043,App Bug,Critical,2.3,2026/06/16
4699,15605130,Loan Query,Medium,24.5,2025/12/05
4700,15713983,Login Issue,Low,43.7,2026/08/17
4701,15600813,App Bug,Low,70.6,2026/02/21
4702,15609623,Account Update,Critical,2.1,2026/08/04
4703,15736534,App Bug,Medium,23.8,2025/10/18
4704,15632324,Account Update,Medium,99999.0,2025/12/25
4705,15724200,App Bug,Low,47.0,2026/03/03
4706,15683553,Login Issue,Medium,20.5,2025/12/26
4707,15631800,Loan Query,Low,96.3,2026/02/07
4708,15644994,Fraud Alert,High,7.7,2026/04/06
4709,15687171,Login Issue,Medium,99999.0,2026/02/19
4710,15632899,Card Problem,Low,,2026/03/12
4711,15732307,Fraud Alert,Medium,23.8,2026/01/14
4712,15618950,Loan Query,Medium,33.5,2026/06/29
4713,15651554,Login Issue,Medium,16.6,2026/01/31
4714,15787597,Account Update,Low,87.9,2026/04/28
4715,15590828,Fraud Alert,Medium,22.4,2025/11/02
4716,15580953,Account Update,Low,86.8,2026/05/01
4717,15803689,Payment Failure,Critical,1.7,2025/09/30
4718,15614137,App Bug,Medium,24.5,2026/07/24
4719,15680736,Complaint,Low,100.7,2026/06/28
4720,15679148,App Bug,High,7.5,2026/06/27
4721,15781802,Fraud Alert,Low,69.0,2026/07/17
4722,15807663,Fraud Alert,HIGH,5.3,2025/10/09
4723,15611088,Account Update,Medium,34.1,2026/05/02
4724,15728906,Payment Failure,Critical,0.5,2025/12/11
4725,15737732,Account Update,Critical,1.9,2026/05/17
4726,15613923,Fraud Alert,High,4.9,2025/11/03
4727,15785782,Login Issue,Critical,2.8,2026/08/17
4728,15747174,Complaint,High,7.9,2026/03/17
4729,15792722,App Bug,Low,95.2,2026/06/01
4730,15734850,Fraud Alert,Low,94.7,2026/02/02
4731,15722993,,High,4.2,2026/04/02
4732,15743817,Payment Failure,Critical,1.8,2025/09/30
4733,15624180,Card Problem,Medium,23.3,2025/11/19
4734,15574283,Payment Failure,Medium,22.1,2025/11/12
4735,15747014,Card Problem,Low,66.0,2025/12/14
4736,15715715,Complaint,Medium,18.2,2026/02/25
4737,15801265,Account Update,High,6.3,2026/03/31
4738,15631848,Complaint,Medium,17.9,2026/06/21
4739,15705506,Card Problem,Medium,24.3,2026/04/25
4740,15757559,Account Update,Low,72.9,2025/11/15
4741,15665861,Payment Failure,Medium,32.0,2026/02/11
4742,15673333,Fraud Alert,Medium,11.7,2025/12/04
4743,15603035,Account Update,Low,89.3,2025/10/14
4744,15693893,Payment Failure,High,3.7,2026/05/10
4745,15645835,Card Problem,Critical,2.3,2026/02/20
4746,15629519,Account Update,High,6.9,2026/07/23
4747,15754443,Complaint,Low,102.1,2025/12/02
4748,15764444,Loan Query,Medium,22.0,2026/02/10
4749,15669414,Card Problem,Medium,7.3,2026/07/24
4750,15595067,App Bug,Critical,1.3,2025/10/02
4751,15772250,App Bug,Low,37.6,2025/09/05
4752,15617538,Fraud Alert,Low,23.3,2026/04/22
4753,15696361,App Bug,Low,89.7,2026/01/21
4754,15709523,Loan Query,High,6.7,2025/12/19
4755,15649418,Loan Query,Low,76.8,2025/11/28
4756,15748352,Fraud Alert,Critical,2.5,2026/06/25
4757,15792029,Account Update, Low ,68.7,2025/11/23
4758,15757931,Login Issue,Low,61.0,2026/05/11
4759,15776096,Login Issue,Low,88.7,2025/10/18
4760,15788483,Account Update,Critical,1.0,2025/11/08
4761,15763431,Complaint,Low,144.8,2026/07/14
4762,15759618,App Bug,Critical,1.5,2026/04/13
4763,15570002,App Bug,High,4.4,2026/07/24
4764,15633944,Login Issue,Low,73.9,2026/04/10
4765,15762716,Payment Failure,Low,85.3,2026/03/28
4766,15576760,Fraud Alert,Medium,99999.0,2026/04/10
4767,15773852,Payment Failure,Low,70.7,2026/05/05
4768,15786852,Login Issue,Critical,2.2,2026/03/18
4769,15691950,Account Update,Medium,,2025/09/05
4770,15757933,Account Update,Medium,8.9,2025/09/22
4771,15810786,Fraud Alert,Low,104.6,2026/06/03
4772,15739548,App Bug,Critical,2.9,2025/12/14
4773,15573628,Fraud Alert,Low,,2026/03/13
4774,15568429,Card Problem,Low,81.5,2025/09/10
4775,15781272,Account Update,Medium,19.1,2026/02/14
4776,15698510,Payment Failure,Low,62.1,2026/06/01
4777,15744582,Card Problem,High,7.9,2025/12/09
4778,15633612,Payment Failure,Low,61.1,2025/09/12
4779,15670753,Fraud Alert,High,3.9,2026/08/15
4780,15608226,loginn issue,Low,50.4,2025/09/05
4781,15802809,Fraud Alert,Low,48.4,2026/07/20
4782,15717056,Card Problem,High,3.4,2026/01/08
4783,15692718,Fraud Alert,High,6.7,2025/12/27
4784,15627697,Complaint,High  ,7.4,2026/08/24
4785,15629744,App Bug,Low,62.1,2026/02/26
4786,15680046,Login Issue,Critical,1.7,2026/02/09
4787,15590730,Account Update,High,8.3,2025/11/08
4788,15688395,Payment Failure,Low,,2025/10/25
4789,15681180,Loan Query,High,5.8,2026/03/18
4790,15779522,Payment Failure,Medium,19.0,2026/05/18
4791,15785980,Loan Query,Low,69.9,2026/07/01
4792,15670343,Login Issue,Medium,,2026/02/06
4793,15809909,Account Update,Low,73.7,2025/11/27
4794,15723064,App Bug,High,5.8,2025/10/06
4795,15642248,Loan Query,High,5.5,2025/09/26
4796,15575417,Account Update, Critical ,3.6,2026/02/02
4797,15669987,Card Problem,High  ,4.7,2026/01/29
4798,15776733,Complaint,Medium,26.6,2026/04/24
4799,15671915,Complaint,High,4.2,2026/05/27
4800,15585777,Account Update,Low,76.8,2026/07/05
4801,15705620,Loan Query,Critical,0.7,2026/05/29
4802,15613085,Login Issue,Low,26.8,2026/02/22
4803,15773512,Account Update,Low,,2026/04/13
4804,15667462,Loan Query,Critical,0.5,2026/08/20
4805,15718507,Fraud Alert,Medium,22.1,2025/11/10
4806,15781347,,High,4.1,2026/02/25
4807,15694272,Loan Query,Medium,,2026/05/11
4808,15731744,App Bug,Low,16.1,2026/03/05
4809,15781307,Complaint,Low,75.0,2025/12/08
4810,15773809,Login Issue,LOW,74.1,2025/11/26
4811,15614962,Login Issue,Low,60.8,2026/03/28
4812,15580935,Login Issue,Low,107.4,2025/09/12
4813,15698816,Loan Query,High,9.6,2025/12/28
4814,15604551,Card Problem,High,7.6,2025/12/26
4815,15657529,Loan Query,Medium,15.9,2025/11/09
4816,15584271,Fraud Alert,Low,127.6,2025/12/20
4817,15670172,Account Update,Medium,24.2,2025/09/14
4818,15636478,Payment Failure,Low,110.7,2026/07/01
4819,15677955,Fraud Alert,Critical,0.6,2026/05/19
4820,15716449,Login Issue,Critical,99999.0,2025/11/28
4821,15772650,Card Problem,Medium,24.9,2025/11/05
4822,15595657,Payment Failure,Low,64.1,2026/03/09
4823,15693264,Card Problem,Medium,13.9,2026/09/02
4824,15569917,App Bug,Critical,2.1,2026/08/02
4825,15702175,Loan Query,Medium,43.8,2025/09/22
4826,15602994,Login Issue,Medium,33.1,2026/03/14
4827,15738181,Payment Failure,Low,45.0,2026/07/27
4828,15668767,Payment Failure,Medium,21.8,2026/01/11
4829,15694321,Fraud Alert,High,1.4,2026/06/03
4830,15761670,Complaint,Low,49.4,2026/07/19
4831,15742809,Account Update,Critical,2.9,2025/09/27
4832,15572547,Login Issue,Critical,1.6,2026/07/04
4833,15741554,Card Problem,Low,67.1,2025/09/27
4834,15683124,Payment Failure,High,3.7,2026/08/07
4835,15800703,Complaint,Critical,1.8,2025/10/28
4836,15745324,App Bug,Medium,29.0,2026/08/03
4837,15676958,Loan Query,Low,102.4,2025/09/13
4838,15779659,Loan Query,Low,122.9,2025/09/27
4839,15657449,Complaint,Medium  ,42.9,2026/08/22
4840,15628950,Complaint,Critical,1.2,2025/11/01
4841,15791131,Loan Query,High,2.8,2026/04/04
4842,15765415,Account Update,Low,80.9,2026/04/18
4843,15571550,Card Problem,Medium,26.2,2026/03/16
4844,15761158,Account Update,Critical,2.3,2025/11/05
4845,15627517,Card Problem,Low,95.1,2026/06/10
4846,15568748,Account Update,Medium,22.1,2026/01/10
4847,15737521,Complaint,Medium,25.6,2026/05/03
4848,15704586,Account Update,High,4.7,2026/08/28
4849,15730738,Fraud Alert,Low,100.7,2025/11/20
4850,15623357,App Bug,Low,64.1,2025/12/17
4851,15596713,Account Update,Low,61.4,2026/08/24
4852,15712938,Loan Query,Medium,19.3,2026/08/20
4853,15623972,Fraud Alert,Low,44.3,2026/07/22
4854,15730590,Fraud Alert,Medium,12.9,2025/09/07
4855,15678206,Complaint,Medium,41.5,2026/02/04
4856,15677369,Payment Failure,Low,76.8,2026/04/06
4857,15737080,Fraud Alert,Critical,2.7,2026/08/07
4858,15583392,Payment Failure,Low,164.9,2025/10/24
4859,15772601,Account Update,Low,88.2,2026/08/08
4860,15639217,Login Issue,Low,,2026/05/27
4861,15705379,App Bug,Low,74.7,2026/01/19
4862,15634591,Complaint,Low,52.5,2026/07/18
4863,15609058,App Bug,High,6.0,2026/07/10
4864,15789611,loginn issue,Medium,26.2,2026/08/27
4865,15814750,App Bug,Critical,1.1,2025/11/12
4866,15624993,Complaint,Critical,1.9,2026/04/05
4867,15644621,Login Issue,Low,66.1,2025/10/26
4868,15697702,Payment Failure,Low,72.5,2026/05/22
4869,15784890,Payment Failure,High,-5.0,2026/07/16
4870,15704681,Loan Query,High,1.3,2025/11/02
4871,15578809,Login Issue,Low,30.5,2026/01/25
4872,15796313,Loan Query,High,6.6,2025/10/31
4873,15648362,,Low,48.1,2025/10/27
4874,15787255,App Bug,Medium,26.8,2026/05/15
4875,15729763,Login Issue,Low,,2025/12/13
4876,15745844,Loan Query,Critical,0.5,2026/07/11
4877,15589358,App Bug,Medium,30.0,2025/12/14
4878,15609735,Fraud Alert,Medium,32.4,2026/01/15
4879,15718839,Complaint,Low,52.6,2026/05/28
4880,15765322,Login Issue,High,5.8,2025/12/15
4881,15677112,Card Problem,Low,45.1,2026/03/05
4882,15711901,Complaint,Medium,19.8,2026/08/29
4883,15809823,Card Problem,Medium,20.1,2026/03/31
4884,15784890,Payment Failure,High,-5.0,2026/02/01
4885,15782778,App Bug,Medium,28.8,2025/11/24
4886,15647295,Complaint,Low,87.5,2025/09/23
4887,15796343,Account Update,Medium,32.6,2026/06/10
4888,15697034,Complaint,Medium,16.8,2026/05/15
4889,15709354,Fraud Alert,Medium,20.2,2025/12/18
4890,15651585,App Bug,High,5.5,2026/08/21
4891,15679909,App Bug,High,6.8,2026/05/07
4892,15648681,Card Problem,Medium,14.2,2026/02/19
4893,15673439,Loan Query,Low,32.2,2026/01/01
4894,15776629,Complaint,Medium,27.9,2025/09/04
4895,15812184,Complaint,Low,,2025/09/09
4896,15631639,Complaint,High,5.2,2026/08/12
4897,15607560,Complaint,Low,97.6,2025/10/18
4898,15566211,Card Problem,Low,94.7,2025/10/29
4899,15781903,App Bug,Medium,18.4,2026/06/23
4900,15598097,Account Update,Medium,29.8,2026/08/11
4901,15631310,App Bug,Medium,11.1,2026/05/13
4902,15608338,Fraud Alert,medium,16.3,2025/11/18
4903,15667190,Account Update,High,3.1,2025/10/19
4904,15658548,,High,7.2,2026/05/22
4905,15764448,Login Issue,Low,116.8,2025/10/11
4906,15679531,Loan Query,Critical,2.0,2025/10/24
4907,15789095,Payment Failure,Low,83.3,2026/01/12
4908,15588090,Fraud Alert,Medium,,2026/07/29
4909,15776921,Account Update,High,4.1,2025/12/30
4910,15670702,Fraud Alert,High,9.8,2026/04/24
4911,15601569,Payment Failure,Critical,1.8,2026/02/01
4912,15796957,App Bug,High,,2026/01/16
4913,15693690,App Bug,Critical,2.8,2026/04/28
4914,15617617,App Bug,Critical,2.2,2025/09/28
4915,15787014,Loan Query,High,9.1,2025/10/24
4916,15706537,Login Issue,Medium,,2025/12/01
4917,15794137,App Bug,Critical,1.1,2025/09/23
4918,15784099,Login Issue,High,3.0,2026/01/29
4919,15809137,Account Update,Critical,3.4,2026/03/06
4920,15693233,App Bug,Medium,20.1,2026/08/15
4921,15801188,Fraud Alert,Medium,99999.0,2026/02/10
4922,15594502,Account Update,Critical,0.5,2026/04/09
4923,15794841,Loan Query,Low,83.7,2025/11/01
4924,15576216,App Bug,Low,80.7,2025/10/21
4925,15707011,Complaint,Low,50.4,2025/09/26
4926,15796617,Loan Query,Low,102.8,2025/09/07
4927,15766826,Fraud Alert,Medium,41.3,2025/11/12
4928,15635752,Card Problem,Low,87.4,2026/08/08
4929,15636767,Login Issue,High,8.8,2026/07/31
4930,15645942,Loan Query,Medium,34.0,2025/11/29
4931,15645815,loginn issue,High,5.9,2026/02/18
4932,15754053,Login Issue,Critical,0.5,2026/03/05
4933,15682834,Account Update,High,5.2,2026/04/15
4934,15663421,Card Problem,Low,69.3,2026/07/18
4935,15797964,Loan Query,Medium,30.7,2026/01/18
4936,15693337,Complaint,Low,98.5,2025/10/20
4937,15617538,Fraud Alert,Low,92.5,2026/03/12
4938,15686909,Login Issue,Critical,2.1,2026/02/25
4939,15765257,Complaint,Low,115.5,2025/12/05
4940,15592222,Login Issue, Medium ,10.5,2025/10/31
4941,15750684,Loan Query,Low,70.5,2026/03/27
4942,15583681,Login Issue,High,6.8,2026/03/26
4943,15762455,Card Problem,High,8.4,2026/04/24
4944,15632850,Account Update,Low,65.1,2026/01/20
4945,15596074,Complaint,Low,92.9,2026/03/19
4946,15748597,Fraud Alert,Medium,20.9,2026/08/22
4947,15693162,Payment Failure,Critical,1.3,2026/05/05
4948,15663168,Payment Failure,Low,25.3,2026/04/06
4949,15780804,Account Update,Low,49.0,2026/08/01
4950,15734161,Account Update,Low,53.4,2025/11/27
4951,15767954,Login Issue,Medium,23.3,2025/10/30
4952,15600110,Complaint,Critical,0.5,2025/11/09
4953,15706463,Loan Query,Low,86.1,2026/08/25
4954,15687903,Complaint,Medium,18.3,2025/10/03
4955,15814033,Fraud Alert,Low,99999.0,2025/11/23
4956,15579131,Account Update,Low,65.9,2025/10/26
4957,15620000,App Bug,Low,106.3,2026/04/04
4958,15693267,Payment Failure,Critical,1.0,2026/07/02
4959,15782121,Fraud Alert,Medium,13.3,2026/05/08
4960,15583090,Payment Failure,Medium,26.1,2026/06/21
4961,15795079,Card Problem,Low,151.2,2026/08/16
4962,15732987,Fraud Alert,Critical,2.1,2026/04/15
4963,15635893,Payment Failure,Critical,1.5,2025/12/04
4964,15640280,Fraud Alert,Medium,6.5,2026/07/12
4965,15718944,Fraud Alert,Low,,2026/03/16
4966,15766288,Loan Query,High,7.6,2026/03/05
4967,15637599,Fraud Alert,High  ,9.5,2026/07/13
4968,15587394,Loan Query,Medium,22.6,2025/09/17
4969,15632210,Card Problem,High,5.8,2026/08/19
4970,15642710,Card Problem, High ,7.8,2025/11/08
4971,15674148,Complaint,Medium,32.1,2026/05/08
4972,15713774,App Bug,Low,69.0,2026/05/10
4973,15699637,Card Problem,Medium,21.7,2025/10/30
4974,15635598,Fraud Alert,Low,49.6,2026/04/01
4975,15640789,Account Update,Medium,29.4,2026/04/16
4976,15667971,Account Update,Low,59.2,2025/09/26
4977,15756538,Account Update,Medium,50.6,2025/10/05
4978,15667742,App Bug,Medium,,2026/01/14
4979,15605742,Card Problem,Medium,27.7,2026/08/04
4980,15664737,App Bug,Low,109.8,2026/02/10
4981,15576706,Fraud Alert,Medium,19.0,2025/09/09
4982,15733777,Card Problem,High,6.1,2026/08/29
4983,15806284,Login Issue,Critical,2.6,2026/08/16
4984,15797204,Fraud Alert,Low,70.0,2026/05/29
4985,15633194,,High,9.1,2026/06/25
4986,15607598,App Bug,High,8.8,2026/06/19
4987,15745452,Loan Query,Medium,28.9,2025/12/26
4988,15779627,App Bug,Low,36.7,2026/08/11
4989,15579826,Card Problem, High ,3.2,2026/02/23
4990,15650018,Loan Query,Low,64.5,2026/05/26
4991,15717191,App Bug,Low,60.7,2026/05/28
4992,15627232,Loan Query,Medium,21.9,2026/08/21
4993,15596671,Login Issue,High,7.1,2026/08/27
4994,15566467,Loan Query,Medium,20.7,2026/07/16
4995,15715951,Account Update,High,9.9,2025/10/21
4996,15714046,loginn issue,Low,67.1,2026/04/12
4997,15685096,Card Problem,Medium,20.9,2026/08/07
4998,15658432,App Bug,Low,40.2,2026/01/08
4999,15573280,Payment Failure,High,4.3,2026/05/07
5000,15761717,Complaint,High,6.1,2026/02/27
5001,15693200,Account Update,Low,73.8,2026/08/08
5002,15750299,Fraud Alert,Critical,2.4,2026/08/15
5003,15797905,App Bug,High,8.3,2026/07/28
5004,15575510,Fraud Alert,Low,94.2,2026/03/19
5005,15674583,Loan Query, Critical ,2.3,2025/11/18
5006,15660809,Payment Failure,Critical,1.1,2026/06/15
5007,15718039,Login Issue,medium,29.4,2026/07/13
5008,15686611,Account Update,Low,63.1,2025/09/30
5009,15751203,,Medium,44.0,2025/09/08
5010,15708791,Account Update,Medium,25.5,2026/07/29
5011,15571940,Complaint,Medium,15.9,2025/11/22
5012,15810732,Login Issue,Critical,3.5,2026/05/19
5013,15744983,Loan Query,Low,90.4,2026/05/01
5014,15704771,Fraud Alert,High,,2026/05/14
5015,15592389,Login Issue,Medium,19.7,2025/11/26
5016,15753719,App Bug,High,9.0,2025/10/11
5017,15611644,Payment Failure,medium,17.4,2026/05/12
5018,15698786,App Bug,Low,69.3,2026/02/14
5019,15747878,Card Problem,Low,83.5,2026/01/04
5020,15601274,Account Update,Low,68.7,2026/02/19
5021,15568240,App Bug,High,7.0,2026/01/23
5022,15744914,Payment Failure,Medium,47.0,2025/09/28
5023,15730657,Loan Query,Medium,28.6,2026/05/20
5024,15642099,Fraud Alert,Critical,2.3,2025/12/26
5025,15679966,Login Issue,Critical,,2026/06/11
5026,15809736,App Bug,Critical,0.9,2026/07/29
5027,15693683,Complaint,High,4.5,2026/03/15
5028,15719541,Login Issue,High,4.7,2026/03/28
5029,15630413,Login Issue,Medium,28.8,2026/01/01
5030,15658852,Fraud Alert,Medium,29.2,2025/10/13
5031,15770030,Payment Failure,High,6.6,2026/04/26
5032,15600692,App Bug,High,8.2,2026/04/18
5033,15670029,Fraud Alert,Low,82.9,2026/06/23
5034,15650488,Account Update,High,8.7,2026/04/20
5035,15690182,Loan Query,Medium,16.3,2025/10/18
5036,15745624,Complaint,Medium,25.6,2026/05/16
5037,15752463,Payment Failure,High,8.4,2026/04/19
5038,15582849,Loan Query,Low,140.1,2026/02/11
5039,15690372,Loan Query,Medium,24.0,2025/11/02
5040,15602497,Complaint,Low,94.6,2026/05/15
5041,15621075,Fraud Alert,Medium,99999.0,2026/08/03
5042,15615126,Fraud Alert,High,7.3,2025/09/12
5043,15623478,Card Problem,Low,-5.0,2025/10/25
5044,15600911,Fraud Alert,High,7.1,2026/03/28
5045,15593622,Fraud Alert,Low,15.0,2026/04/02
5046,15600879,Complaint,Low,28.7,2025/09/21
5047,15628274,App Bug,Low,47.0,2026/06/15
5048,15725355,Payment Failure,Medium,19.6,2026/06/11
5049,15707861,Complaint,Low,41.0,2025/09/03
5050,15661548,Loan Query,High,,2025/10/19
5051,15782468,Card Problem,Medium,25.5,2026/07/09
5052,15796413,,Low,85.6,2026/07/16
5053,15800031,Loan Query,High,7.5,2026/07/26
5054,15688059,Account Update,Critical,1.5,2026/02/05
5055,15685640,Account Update,Low,42.3,2026/05/21
5056,15641732,Payment Failure,Low,91.7,2026/06/17
5057,15659149,Payment Failure,low,106.4,2025/12/17
5058,15637131,Account Update,Low,135.2,2026/08/04
5059,15688264,Complaint,Medium,99999.0,2026/08/12
5060,15676513,Payment Failure,Low,74.4,2026/04/24
5061,15794493,Fraud Alert,Low,91.1,2026/02/24
5062,15655339,App Bug,Low,69.6,2026/03/08
5063,15657830,Account Update,Critical,2.3,2025/09/30
5064,15592389,Loan Query,High,4.5,2025/12/26
5065,15726484,App Bug,Medium,-5.0,2026/04/23
5066,15704340,Card Problem,Low,57.5,2026/02/19
5067,15624623,Payment Failure,Low,89.1,2026/06/16
5068,15785819,Payment Failure,High,7.8,2026/07/17
5069,15678317,Payment Failure,Low,41.0,2026/07/07
5070,15585100,Loan Query,High,,2026/05/03
5071,15713483,Loan Query,Medium,,2026/08/05
5072,15724620,Card Problem,High,4.3,2026/03/08
5073,15785519,Loan Query,Critical,1.6,2026/04/22
5074,15719579,Complaint,Critical,3.8,2025/10/31
5075,15613713,Fraud Alert,Medium,21.0,2025/10/22
5076,15637131,Account Update,Medium,24.2,2026/08/06
5077,15589496,Login Issue,High,4.5,2025/12/25
5078,15774262,Account Update,Low,72.9,2025/09/04
5079,15635396,Loan Query,low,74.6,2026/02/24
5080,15591552,Fraud Alert,High,,2026/03/03
5081,15702430,Account Update,High  ,12.7,2026/07/24
5082,15631639,Fraud Alert,Medium,26.1,2026/01/30
5083,15749019,Payment Failure,Critical,0.8,2026/06/10
5084,15796787,Card Problem,Critical,2.8,2026/05/28
5085,15612627,Complaint,High,4.0,2026/03/13
5086,15749177,Fraud Alert,Critical,2.5,2026/08/28
5087,15646859,Fraud Alert,Low,75.6,2025/10/27
5088,15811842,Account Update,Low,71.2,2025/09/26
5089,15794493,Loan Query,High,5.7,2025/11/26
5090,15774179,Fraud Alert,Critical,1.6,2026/05/13
5091,15756538,Account Update,Critical,1.8,2025/11/13
5092,15808851,Complaint,Low,93.2,2026/03/31
5093,15695475,Complaint,low,0.5,2025/10/27
5094,15651280,Login Issue,Critical,0.5,2026/01/11
5095,15660840,Complaint,Low,66.5,2026/07/12
5096,15774250,Fraud Alert,High,4.0,2025/12/12
5097,15683339,Payment Failure,Critical,0.5,2025/12/08
5098,15691004,Payment Failure,Critical,0.7,2025/11/03
5099,15776947,Complaint,High,8.0,2026/03/23
5100,15737705,App Bug,High,1.2,2025/12/22
5101,15743067,loginn issue,Medium,,2026/04/25
5102,15772892,Card Problem,Medium,37.8,2025/12/09
5103,15648876,Card Problem,Low,64.1,2026/02/23
5104,15603741,Login Issue,Low,67.9,2025/10/28
5105,15609510,App Bug,Critical,1.6,2026/04/03
5106,15804602,Payment Failure,Low,66.5,2025/09/26
5107,15665053,Payment Failure,Critical,2.0,2026/07/24
5108,15610056,Loan Query,Low,65.2,2026/08/13
5109,15804853,App Bug,Low,100.5,2026/07/01
5110,15635660,Account Update,Low,62.8,2025/11/05
5111,15717498,Fraud Alert,Low,69.2,2026/04/21
5112,15768887,App Bug,Low,79.7,2026/04/25
5113,15644446,App Bug,Low,85.3,2026/08/06
5114,15715003,Loan Query,High,,2026/07/01
5115,15609824,,High,11.4,2026/05/19
5116,15732293,Login Issue,High,4.7,2025/11/10
5117,15691323,Account Update,Critical,3.0,2026/05/16
5118,15654183,Login Issue,High,3.8,2025/09/05
5119,15636626,Login Issue,High,4.4,2026/06/01
5120,15712584,Loan Query,Medium,29.9,2025/09/27
5121,15762716,Fraud Alert,Critical,1.9,2026/06/13
5122,15582714,Card Problem,Low,122.4,2026/04/12
5123,15636105,App Bug,Low,137.0,2026/06/29
5124,15678882,Complaint,Low,67.8,2026/05/08
5125,15662698,Fraud Alert,High,4.4,2026/05/21
5126,15762605,Loan Query,Low,31.1,2025/12/02
5127,15800233,Complaint,Low,79.3,2026/08/23
5128,15603065,Loan Query,High,6.7,2026/06/26
5129,15772777,loginn issue,Medium,27.2,2025/11/30
5130,15705383,,Low,121.0,2025/11/07
5131,15604891,Card Problem,Low,32.3,2025/10/26
5132,15626322,Fraud Alert,medium,25.3,2026/03/20
5133,15780835,Loan Query,High,7.6,2026/08/05
5134,15706899,Card Problem,Low,92.3,2026/07/07
5135,15605263,Card Problem,Low,107.2,2026/07/10
5136,15646539,Payment Failure,Medium,16.8,2026/02/14
5137,15655298,Loan Query,Medium,27.8,2026/05/19
5138,15585367,App Bug,High,7.1,2026/03/18
5139,15781702,Loan Query,Medium,9.5,2026/04/05
5140,15570601,Account Update,High,6.9,2026/07/11
5141,15656597,App Bug,Critical,2.8,2026/08/23
5142,15637110,Payment Failure,Low,98.2,2026/01/08
5143,15651554,Loan Query,High,5.6,2026/01/21
5144,15709928,Loan Query,LOW,65.7,2026/03/25
5145,15568106,Account Update,Critical,2.2,2026/02/25
5146,15655229,Payment Failure,Low,79.2,2026/01/31
5147,15749947,Card Problem,Critical,2.1,2026/04/22
5148,15716218,App Bug,High,5.5,2025/11/10
5149,15814750,App Bug,Low,86.4,2025/11/12
5150,15810845,Complaint,Medium,12.0,2026/04/02
5151,15797293,Card Problem,Critical,2.3,2026/07/08
5152,15703682,,Low,99999.0,2026/08/27
5153,15791172,Card Problem,High,4.1,2026/05/23
5154,15676645,Complaint,Low,131.4,2026/02/03
5155,15686913,Login Issue,Low,30.5,2026/08/28
5156,15728542,Account Update,Medium,18.4,2026/06/10
5157,15654964,Payment Failure,High,5.7,2026/02/10
5158,15621205,App Bug,Medium,30.3,2026/09/02
5159,15772573,Loan Query,Critical,1.0,2026/06/13
5160,15613292,App Bug,Low,77.5,2026/07/23
5161,15804072,Card Problem,Critical,2.8,2025/12/23
5162,15751333,Payment Failure,Medium,22.0,2025/12/14
5163,15797748,Payment Failure,Low,50.7,2025/12/19
5164,15746410,App Bug,Low,94.1,2026/07/19
5165,15710671,Card Problem,High,4.7,2026/09/03
5166,15680918,Card Problem,Medium  ,16.2,2026/01/29
5167,15654074,Payment Failure,High,9.3,2026/08/20
5168,15585823,App Bug,Medium,23.4,2026/02/26
5169,15638774,App Bug,Low,79.0,2026/08/13
5170,15748625,Loan Query,High,6.4,2025/11/09
5171,15718247,Login Issue,Critical,1.7,2026/09/01
5172,15792989,Payment Failure,Medium,39.3,2026/08/01
5173,15567802,Login Issue,Low,60.2,2025/12/03
5174,15812611,Card Problem,Critical,0.8,2026/05/18
5175,15715750,Card Problem,Medium,0.5,2026/06/07
5176,15749365,Login Issue,Low,48.6,2026/08/24
5177,15716449,Account Update,Low,74.1,2026/07/26
5178,15709368,Loan Query,High,5.2,2026/02/15
5179,15575679,Loan Query,Critical,1.7,2026/09/01
5180,15764195,Account Update,Critical,1.9,2025/11/01
5181,15775905,Account Update,Medium,-5.0,2026/03/02
5182,15775042,Payment Failure,Low,55.6,2026/06/17
5183,15802106,Fraud Alert, Critical ,2.3,2026/05/06
5184,15754012,Complaint,Medium,24.8,2026/06/28
5185,15782993,Login Issue,Low,34.5,2026/06/22
5186,15700366,,Medium,-5.0,2026/08/10
5187,15608688,Payment Failure, Medium ,31.7,2026/09/01
5188,15700710,Loan Query,Medium,24.2,2026/04/04
5189,15661380,Account Update,Low  ,,2026/08/14
5190,15659325,Card Problem,High,8.6,2026/06/03
5191,15739548,Loan Query,Low,62.6,2026/01/27
5192,15628558,Account Update,Medium,30.5,2026/04/07
5193,15581252,Fraud Alert,High,7.6,2025/09/09
5194,15793196,Loan Query,Low,79.0,2026/05/28
5195,15664802,Card Problem,Medium,14.8,2025/10/27
5196,15618243,App Bug,High,6.7,2025/09/15
5197,15800517,Payment Failure,Low,18.2,2026/03/17
5198,15594577,Login Issue,Low,33.5,2025/11/16
5199,15669887,Account Update,Medium,21.3,2025/09/30
5200,15638989,Login Issue,medium,12.9,2026/08/12
5201,15611961,Card Problem,High,6.4,2025/10/01
5202,15577078,Complaint,Critical,2.1,2025/12/14
5203,15814116,Card Problem,Low,29.2,2026/01/17
5204,15783541,Login Issue,High,8.9,2025/11/24
5205,15774258,Loan Query,Low,32.7,2026/01/27
5206,15765345,Account Update,Critical,0.6,2026/08/18
5207,15641009,Login Issue,Critical,2.0,2026/01/09
5208,15655859,Loan Query,Critical,2.7,2025/11/16
5209,15714087,loginn issue,High,5.4,2025/10/04
5210,15782456,Fraud Alert,High,9.2,2026/08/22
5211,15629519,App Bug,Critical,1.4,2026/02/01
5212,15583764,Loan Query,Low,0.5,2025/12/16
5213,15566251,App Bug,Low,,2026/06/07
5214,15797748,Payment Failure,High,4.2,2025/09/19
5215,15778830,Complaint,Critical,1.7,2026/03/05
5216,15787229,Login Issue,High,8.2,2026/04/22
5217,15641170,Payment Failure,Low,57.7,2025/10/25
5218,15813862,Loan Query,High,6.1,2026/07/15
5219,15810457,Account Update,Low,89.7,2026/08/14
5220,15677112,App Bug,Medium  ,29.5,2026/06/17
5221,15569178,Payment Failure,Critical,1.4,2025/12/26
5222,15771702,Fraud Alert,High,7.0,2026/07/31
5223,15572728,App Bug,Low,88.5,2026/06/17
5224,15697546,Fraud Alert,Low,130.1,2026/03/21
5225,15680046,Fraud Alert,High,1.8,2026/01/02
5226,15756824,Complaint,Medium,28.8,2026/05/22
5227,15705515,Complaint,Medium,26.2,2026/08/25
5228,15737071,Card Problem,MEDIUM,38.7,2026/01/28
5229,15585133,Loan Query,Medium,-5.0,2026/08/23
5230,15592846,Account Update,Medium,26.5,2026/08/09
5231,15574842,Loan Query,Low,99.4,2025/09/27
5232,15600392,Complaint,Medium,26.4,2026/03/17
5233,15579334,Account Update,Critical,2.6,2026/03/20
5234,15699492,App Bug,High,3.7,2026/04/04
5235,15713559,Account Update,Low,95.7,2026/08/19
5236,15669253,Fraud Alert,Medium,35.3,2026/02/10
5237,15811565,App Bug,High,9.2,2026/06/12
5238,15771540,Loan Query,Low,96.9,2025/09/30
5239,15655360,Card Problem,Low,97.7,2025/09/09
5240,15628674,Account Update,High,6.0,2026/01/09
5241,15737782,Account Update,Medium,30.3,2025/12/15
5242,15808689,Card Problem,High,2.8,2026/07/17
5243,15735106,Payment Failure,Medium,14.2,2026/04/17
5244,15774551,Complaint,High,4.4,2025/12/27
5245,15625905,Card Problem,High,,2026/07/24
5246,15696054,Fraud Alert,Low,88.0,2026/08/29
5247,15693752,Complaint,Medium,26.6,2026/09/01
5248,15768777,Payment Failure,Low,26.6,2026/07/31
5249,15813645,Complaint,High,8.6,2026/03/10
5250,15569438,loginn issue,Low,86.1,2026/07/01
5251,15627360,Payment Failure,High,6.9,2026/06/09
5252,15751491,App Bug,Medium,30.0,2026/07/08
5253,15791700,,High,7.2,2025/12/12
5254,15792305,Card Problem,High,3.0,2025/12/11
5255,15609623,Account Update,Critical,2.1,2026/01/31
5256,15603082,App Bug,Medium,29.5,2026/04/20
5257,15623649,Fraud Alert,Low,102.8,2025/12/02
5258,15797627,Fraud Alert,Low,75.4,2026/08/18
5259,15697460,Complaint,Low,38.9,2025/10/11
5260,15686776,Card Problem,Medium,27.1,2025/12/07
5261,15755416,Card Problem,Low,106.1,2025/11/30
5262,15810878,Payment Failure,High,5.4,2026/05/24
5263,15590820,Account Update,Low,72.8,2025/11/03
5264,15674932,Loan Query,Medium,25.4,2026/03/15
5265,15594786,Account Update,Critical,2.9,2025/09/23
5266,15780835,Complaint,High,5.2,2026/04/10
5267,15783629,Complaint,High,5.8,2026/01/23
5268,15654300,Account Update,Low,103.4,2026/06/14
5269,15773221,Login Issue,High,4.1,2026/01/16
5270,15646161,Card Problem,Low,132.7,2025/11/08
5271,15636023,Account Update,High,7.3,2025/11/24
5272,15609510,Payment Failure,Low,93.7,2026/06/29
5273,15681550,Login Issue,Low,128.1,2026/01/11
5274,15737795,Account Update,High,9.9,2025/09/05
5275,15738634,Fraud Alert,Low,35.6,2026/02/19
5276,15622478,Payment Failure,Low,91.5,2026/04/29
5277,15662238,,High,3.8,2026/09/01
5278,15628034,Loan Query,Low,33.5,2025/11/21
5279,15753874,Card Problem,Medium,24.9,2025/09/23
5280,15580134,Card Problem,Critical,99999.0,2025/11/20
5281,15799480,Fraud Alert,Medium,20.9,2026/02/15
5282,15723620,Complaint,Medium,9.1,2026/07/05
5283,15576760,Account Update,Low,25.0,2025/09/29
5284,15698792,Loan Query,High,9.2,2026/07/20
5285,15625706,Loan Query, Low ,54.6,2026/07/15
5286,15729019,Account Update,Critical,3.1,2026/08/07
5287,15776156,Fraud Alert,Medium,16.9,2026/02/04
5288,15750476,Loan Query,Critical,1.2,2026/05/12
5289,15615575,Fraud Alert,Medium,13.0,2026/06/23
5290,15704763,Fraud Alert,High,3.5,2026/06/11
5291,15637977,Card Problem,low,118.1,2026/03/05
5292,15630617,Card Problem,Medium  ,29.3,2025/10/10
5293,15646521,App Bug,High,1.4,2026/08/31
5294,15632816,App Bug,Critical,1.6,2026/02/12
5295,15586425,Account Update,High,2.4,2026/05/30
5296,15791373,Account Update,Medium,30.6,2025/12/24
5297,15815316,Loan Query,LOW,45.8,2025/12/06
5298,15690175,Complaint,Low,92.9,2026/05/27
5299,15730657,Complaint,Critical,1.9,2025/10/07
5300,15674206,App Bug,Medium,23.5,2026/05/19
5301,15642824,Loan Query,Low,46.4,2025/11/23
5302,15654025,Login Issue,Medium,19.8,2026/04/03
5303,15596021,Complaint,High,,2026/06/08
5304,15761886,Login Issue,High,,2026/06/04
5305,15602929,Loan Query,High,6.0,2026/03/28
5306,15773792,App Bug,High,5.4,2025/10/20
5307,15771668,Loan Query,Medium,17.7,2026/02/28
5308,15605455,Fraud Alert,Medium,21.0,2025/12/25
5309,15714380,Complaint,Critical,0.5,2025/12/21
5310,15770995,Payment Failure,Low,96.9,2026/08/08
5311,15720508,Card Problem,Medium,8.7,2026/02/19
5312,15644699,Card Problem,MEDIUM,29.8,2026/02/19
5313,15642619,App Bug,Low,44.1,2026/03/06
5314,15754526,Fraud Alert,High,5.3,2026/01/31
5315,15645095,Payment Failure,Medium,,2025/12/23
5316,15645835,App Bug,low,68.8,2026/07/16
5317,15591010,Loan Query,Critical,3.4,2026/06/01
5318,15773013,Card Problem,Medium,45.4,2026/05/04
5319,15766659,Loan Query,Critical,2.7,2026/06/17
5320,15573077,Account Update,Low,31.6,2026/08/01
5321,15683118,Login Issue,Low  ,97.8,2025/09/07
5322,15768476,Loan Query,Low,42.5,2025/10/31
5323,15577514,Account Update,Medium,37.3,2026/08/11
5324,15600173,Loan Query,Low,49.1,2026/02/27
5325,15788068,Card Problem,Low,47.9,2026/04/19
5326,15775206,Complaint,High,5.4,2026/01/04
5327,15617134,Fraud Alert,Medium,36.5,2026/07/28
5328,15686812,Complaint,Medium,32.7,2026/07/14
5329,15787459,Card Problem,Medium,27.4,2026/07/18
5330,15634844,App Bug,Low,97.6,2026/01/05
5331,15623630,Loan Query,Low,84.0,2025/09/23
5332,15720713,Complaint,Medium,12.7,2026/08/18
5333,15659175,Account Update,Medium,5.1,2026/02/14
5334,15766765,Payment Failure,Medium,36.5,2026/03/17
5335,15652401,Loan Query,Low,75.2,2025/10/31
5336,15665634,App Bug,Low,109.4,2026/03/19
5337,15586183,Fraud Alert, Low ,22.0,2026/01/12
5338,15793842,Complaint,Critical,2.6,2026/06/06
5339,15641110,Card Problem,Low,33.0,2026/01/25
5340,15666095,Card Problem,Critical,1.6,2025/09/15
5341,15794875,Complaint,Critical,2.6,2026/05/25
5342,15662063,Complaint,Low,56.5,2026/03/13
5343,15586629,App Bug,Medium,34.9,2026/05/24
5344,15658100,Payment Failure,High,,2026/05/21
5345,15650086,Payment Failure,Critical,0.9,2026/04/19
5346,15770516,App Bug,High,8.5,2026/05/10
5347,15623828,loginn issue,Low,66.7,2025/09/25
5348,15644296,Fraud Alert,Critical,3.3,2026/02/01
5349,15805449,Account Update,High,3.1,2026/08/02
5350,15583597,Account Update,Low,63.1,2025/12/10
5351,15569503,Fraud Alert,Low,75.6,2026/02/14
5352,15710111,App Bug,High,10.0,2026/05/24
5353,15685109,Loan Query,Medium,26.1,2025/10/15
5354,15733261,loginn issue,Critical,1.1,2025/10/22
5355,15742210,Login Issue,Low,39.2,2025/11/27
5356,15625942,Login Issue,Critical,,2026/06/05
5357,15793331,App Bug,High,4.9,2026/06/03
5358,15712930,Complaint,Medium,9.1,2025/09/06
5359,15640407,Login Issue,Medium,37.0,2026/07/20
5360,15737489,Login Issue,Low,92.0,2025/10/06
5361,15693817,Card Problem,Critical,2.0,2025/12/19
5362,15607395,Payment Failure,Critical,2.1,2026/08/12
5363,15770567,Payment Failure,Low,59.6,2026/07/22
5364,15588450,Fraud Alert,Critical,2.4,2025/12/21
5365,15662865,Fraud Alert,Low,20.7,2026/08/19
5366,15622729,Payment Failure,Low,69.5,2026/04/08
5367,15651336,Loan Query,medium,23.9,2025/10/26
5368,15790067,App Bug,High,7.8,2025/12/17
5369,15573280,Complaint,Medium,30.9,2026/06/05
5370,15785975,Account Update,Critical,-5.0,2026/08/28
5371,15677307,Loan Query,Low,32.0,2026/04/13
5372,15645200,App Bug,Low,116.5,2026/07/31
5373,15611794,Complaint,Medium,,2025/10/09
5374,15745375,Loan Query,Low,,2026/08/20
5375,15793324,Payment Failure,Medium,32.6,2025/11/20
5376,15737408,Account Update,Low,92.2,2025/09/15
5377,15757607,Payment Failure,MEDIUM,28.4,2026/04/26
5378,15694860,Loan Query,Low,93.5,2026/02/19
5379,15708650,Loan Query,Low,76.5,2025/09/22
5380,15652835,Loan Query,Medium,26.5,2025/10/17
5381,15764604,Card Problem,Critical,,2025/10/10
5382,15608381,Loan Query,High,8.9,2025/09/30
5383,15602812,Card Problem,Low,85.1,2025/12/03
5384,15616922,App Bug,Medium,28.7,2026/01/09
5385,15640454,Login Issue,Low,89.8,2026/06/15
5386,15788025,loginn issue,Low,,2025/10/09
5387,15779743,Loan Query,Low,70.8,2026/06/24
5388,15619343,Card Problem,High,3.4,2025/12/28
5389,15641122,Login Issue,MEDIUM,11.0,2026/01/13
5390,15775905,loginn issue,High,5.5,2026/03/30
5391,15640686,Complaint,Critical,1.9,2026/03/20
5392,15800784,Card Problem,High,4.0,2026/04/21
5393,15766659,,Low,59.4,2026/07/22
5394,15592937,Payment Failure,Low,57.5,2026/03/29
5395,15806455,App Bug,Low,72.4,2026/04/12
5396,15776558,Loan Query, Low ,82.2,2026/02/11
5397,15692430,Complaint,Low,75.5,2025/09/11
5398,15675949,Payment Failure,Medium,18.2,2026/03/21
5399,15755084,Fraud Alert,Low,88.1,2026/08/13
5400,15773869,Card Problem,Medium,35.8,2025/11/02
5401,15769005,Card Problem,Medium,13.4,2026/06/03
5402,15782236,Fraud Alert,Medium,21.9,2025/09/06
5403,15607691,Account Update,Critical,2.4,2026/07/28
5404,15722090,Fraud Alert,Medium,21.7,2026/07/16
5405,15687688,Account Update,High,3.7,2025/10/05
5406,15730418,Fraud Alert,Medium,19.8,2026/06/29
5407,15699446,Loan Query,Low,60.7,2025/09/26
5408,15772363,Loan Query,Medium,19.3,2026/08/27
5409,15766185,Loan Query,Low,60.9,2025/10/10
5410,15808662,Complaint,Low,128.5,2026/03/05
5411,15752857,Account Update,Medium,16.6,2026/05/18
5412,15649450,Payment Failure,MEDIUM,12.3,2025/10/27
5413,15605872,Fraud Alert,Critical,2.7,2026/01/29
5414,15642063,Account Update,Low,65.6,2026/08/20
5415,15582519,Account Update,Medium,29.7,2026/02/04
5416,15724321,Loan Query,Medium  ,24.1,2026/07/10
5417,15621210,,High,4.8,2025/10/17
5418,15591512,Payment Failure,MEDIUM,26.6,2026/01/25
5419,15627232,Fraud Alert,Medium,36.8,2026/04/15
5420,15778219,Complaint,Medium,12.2,2026/03/17
5421,15614716,Fraud Alert,Low,37.1,2026/03/24
5422,15619360,Card Problem,Low,63.9,2026/08/07
5423,15613786,Complaint,Low,87.3,2025/09/18
5424,15583278,Loan Query,Medium,36.7,2026/05/03
5425,15752534,Login Issue,Low,,2025/11/22
5426,15704987,Payment Failure,Critical,1.3,2026/06/03
5427,15749671,Loan Query,Critical,0.9,2025/12/24
5428,15573876,Fraud Alert,Medium,99999.0,2025/11/11
5429,15745605,Fraud Alert,Low,102.2,2026/03/22
5430,15704769,Account Update,Medium,-5.0,2026/06/09
5431,15744913,Complaint,Medium,-5.0,2026/02/01
5432,15752956,loginn issue,Low,35.8,2026/07/24
5433,15627971,Login Issue,Critical,1.3,2025/11/15
5434,15618225,,Low,66.0,2026/02/02
5435,15695078,Card Problem,High,5.4,2026/08/15
5436,15626042,Fraud Alert,High,2.3,2026/07/31
5437,15680666,Account Update,Low,90.7,2026/03/13
5438,15712199,Login Issue,Medium,9.7,2025/09/08
5439,15789379,Fraud Alert,Medium,30.1,2026/06/13
5440,15673570,Account Update,Medium,38.5,2026/06/14
5441,15575243,App Bug,Medium,,2025/11/14
5442,15612358,Login Issue,Medium,15.4,2025/11/05
5443,15765643,Card Problem,High,8.9,2025/09/24
5444,15743570,Login Issue,Low,35.6,2025/09/05
5445,15662063,Complaint,Low,56.5,2026/06/23
5446,15621004,Payment Failure,Medium,32.6,2026/07/05
5447,15613172,Payment Failure,High,5.8,2026/03/23
5448,15681327,Complaint,Medium,1.4,2026/06/05
5449,15661591,Account Update,Low,114.9,2026/06/10
5450,15727281,Payment Failure,Medium,32.5,2025/10/16
5451,15567991,Payment Failure,Low,15.4,2026/02/06
5452,15776128,Fraud Alert,Medium,12.5,2025/12/19
5453,15592773,Loan Query,High,7.7,2026/02/26
5454,15576824,Card Problem,Medium  ,22.8,2025/12/20
5455,15608344,App Bug,Medium,18.7,2026/04/02
5456,15697100,Complaint,Medium,17.6,2026/07/30
5457,15575691,Payment Failure,Medium,14.2,2026/05/23
5458,15629010,Complaint,Medium,0.5,2025/11/14
5459,15717191,Login Issue,Medium,10.9,2025/11/24
5460,15640268,Account Update,High,1.7,2025/12/06
5461,15680430,Payment Failure,Medium,11.7,2025/12/25
5462,15695197,App Bug,Medium,30.8,2026/07/15
5463,15595657,Payment Failure,High,5.8,2026/01/10
5464,15784320,Loan Query,Medium,26.2,2025/12/11
5465,15617078,Login Issue,Critical,2.6,2025/10/31
5466,15607263,Account Update,High,5.6,2025/12/04
5467,15671139,Complaint,High,7.4,2026/08/12
5468,15737971,Loan Query,Low,43.4,2026/06/20
5469,15762615,App Bug,Low,54.9,2025/09/30
5470,15738785,Login Issue,Medium,1.5,2026/06/11
5471,15672145,Payment Failure,Medium,14.7,2026/04/27
5472,15772601,Loan Query,Low,46.2,2026/07/30
5473,15763662,Account Update,Medium,33.4,2026/06/11
5474,15734970,Loan Query,Low,19.1,2025/10/10
5475,15774393,App Bug,Critical,2.6,2026/01/29
5476,15772604,Loan Query,Low,100.7,2026/08/12
5477,15714466,Card Problem,Medium,29.0,2025/10/07
5478,15672970,Complaint,Low,75.2,2026/01/09
5479,15710034,Loan Query,Medium,16.2,2025/10/23
5480,15774401,Payment Failure,Low,59.4,2025/12/13
5481,15694349,Complaint,Low,109.9,2026/06/27
5482,15737556,Account Update,Critical,2.6,2026/05/10
5483,15724563,Fraud Alert,Low,42.7,2026/02/19
5484,15623072,Login Issue,Medium,20.4,2026/03/04
5485,15760861,Complaint,Medium,21.4,2025/11/07
5486,15687626,Account Update,Low,20.3,2026/08/12
5487,15595047,Account Update,High,9.8,2026/08/04
5488,15602554,Account Update,Low,51.4,2026/01/01
5489,15671609,Payment Failure,Critical,1.4,2025/10/24
5490,15724834,Card Problem,Low,106.9,2026/01/26
5491,15684645,Card Problem,high,6.4,2026/07/17
5492,15673790,Payment Failure,High,6.5,2025/10/08
5493,15579914,Payment Failure,Low,69.7,2025/12/11
5494,15796218,App Bug,Low,69.8,2026/02/12
5495,15581295,,Low,-5.0,2026/05/09
5496,15638231,Account Update,Critical,2.6,2026/04/21
5497,15668289,,Medium,23.7,2026/02/18
5498,15597914,App Bug,Low,59.6,2026/07/15
5499,15593501,Card Problem,Medium,32.3,2026/08/06
5500,15677184,Payment Failure,Low,33.0,2026/02/06
5501,15588446,Loan Query,Critical,0.9,2026/08/24
5502,15633531,App Bug,Low,27.3,2026/06/29
5503,15688984,Fraud Alert,High,1.6,2025/11/20
5504,15684367,Card Problem,Medium,29.8,2026/06/19
5505,15809320,Loan Query,Low,30.0,2026/06/20
5506,15669946,Payment Failure,High,4.9,2026/03/08
5507,15809263,Card Problem,Medium,15.9,2026/02/11
5508,15595221,Login Issue,Low,124.6,2026/04/10
5509,15757897,Complaint,Medium,19.9,2025/11/28
5510,15661745,Account Update,Medium,5.2,2025/09/05
5511,15780514,Account Update,High,5.1,2026/02/10
5512,15654574,App Bug,Medium,16.0,2026/01/07
5513,15603914,App Bug,Critical,1.8,2025/12/25
5514,15778830,Loan Query,Medium,16.0,2026/09/02
5515,15647725,Card Problem,Medium,33.1,2026/07/28
5516,15620000,Fraud Alert,Critical,1.1,2026/04/14
5517,15717560,Login Issue,Critical,1.8,2026/01/22
5518,15737133,Account Update,Low,,2026/03/06
5519,15726556,Card Problem,High,6.3,2025/11/10
5520,15634310,Complaint,Critical,2.3,2026/08/16
5521,15702968,Payment Failure,Low,106.8,2026/02/19
5522,15661745,Card Problem,High,8.1,2026/05/06
5523,15589030,Login Issue,Low,52.0,2026/04/27
5524,15800583,Card Problem,Medium  ,6.5,2026/04/19
5525,15655007,Payment Failure,Low,21.2,2026/03/05
5526,15773322,Login Issue,Critical,2.2,2026/02/06
5527,15603082,Card Problem,Medium,39.7,2026/05/10
5528,15730161,Card Problem,Low,22.4,2026/06/12
5529,15679743,Complaint,Low,89.1,2025/10/28
5530,15804962,Account Update,High,3.4,2025/12/01
5531,15791780,Loan Query,Low,71.5,2026/07/30
5532,15762543,Payment Failure,Medium,15.6,2026/07/10
5533,15588350,Account Update,Medium,34.2,2025/10/14
5534,15768471,Loan Query,Low,101.4,2026/01/24
5535,15620443,Complaint,High,6.3,2025/11/13
5536,15648178,Account Update,Low,83.6,2026/06/05
5537,15687634,Complaint,Low,35.4,2025/12/12
5538,15649738,Complaint,Critical,3.3,2026/01/15
5539,15721779,Complaint,Low,78.7,2026/07/20
5540,15702968,Payment Failure,Low,106.8,2025/10/12
5541,15623566,Card Problem,High,4.1,2025/10/11
5542,15638003,App Bug,High,8.4,2025/09/12
5543,15615991,Payment Failure,Critical,1.2,2026/05/20
5544,15604804,App Bug, Low ,49.9,2026/07/23
5545,15745324,Fraud Alert,High,4.4,2025/09/18
5546,15704442,Card Problem,High,5.5,2026/06/27
5547,15691111,Fraud Alert,High,12.6,2026/06/26
5548,15568562,Account Update,Low,99999.0,2026/03/29
5549,15678720,App Bug,Medium,28.7,2026/07/02
5550,15589320,Fraud Alert,Critical,,2025/12/20
5551,15745623,Complaint,High,5.4,2025/09/21
5552,15619238,Login Issue,Low,79.5,2026/06/12
5553,15732438,App Bug,Medium,30.0,2026/01/14
5554,15807340,Fraud Alert,LOW,28.9,2026/06/08
5555,15680046,Fraud Alert,Medium,36.9,2026/06/06
5556,15623668,Complaint,Low,65.5,2026/05/02
5557,15631189,Account Update,High,6.1,2026/08/03
5558,15662976,App Bug,High,6.8,2025/11/18
5559,15709117,Complaint,Medium,-5.0,2026/03/09
5560,15741865,Login Issue,Low,74.3,2026/03/22
5561,15621083,Account Update,Medium,5.2,2025/12/26
5562,15812766,App Bug,Medium,27.0,2026/07/01
5563,15720919,Payment Failure,Low,64.6,2026/01/29
5564,15698271,App Bug,High,8.6,2025/11/10
5565,15752816,Account Update,Medium,16.3,2026/04/28
5566,15613085,Complaint,Low,69.6,2026/05/17
5567,15582903,Loan Query,Low,39.3,2026/05/22
5568,15690175,App Bug,High,3.4,2025/10/19
5569,15577999,Complaint,High,8.1,2026/03/25
5570,15783097,Login Issue,Medium,36.6,2026/03/08
5571,15658240,Complaint,Low,41.9,2026/05/18
5572,15613749,Login Issue,Critical,2.3,2025/09/08
5573,15804038,Loan Query,Low,82.0,2026/08/08
5574,15669301,Payment Failure,High,12.8,2026/01/03
5575,15739292,Card Problem,High,,2026/07/14
5576,15737509,Account Update,Low,94.8,2026/08/19
5577,15593622,Loan Query,Low,102.3,2025/11/26
5578,15607753,Login Issue,Low,91.9,2026/05/24
5579,15569572,App Bug,Low,107.0,2025/11/13
5580,15702416,Fraud Alert,MEDIUM,38.7,2026/04/19
5581,15627881,Account Update,High,8.4,2025/11/23
5582,15801277,Complaint,High,8.5,2025/12/03
5583,15788442,Payment Failure,CRITICAL,1.0,2026/06/19
5584,15679760,Account Update,High,4.7,2026/06/19
5585,15770039,App Bug,Medium,26.8,2026/08/06
5586,15683213,App Bug,Low,137.0,2025/11/16
5587,15762984,Loan Query,Medium,36.4,2026/05/08
5588,15674720,Fraud Alert,High,6.8,2026/03/05
5589,15761670,Loan Query,High,9.2,2025/09/23
5590,15721582,Complaint,Critical,-5.0,2025/12/24
5591,15617320,Fraud Alert,High,6.0,2026/05/10
5592,15614923,Loan Query,High,8.7,2025/12/30
5593,15733303,Card Problem,Low,58.6,2025/10/05
5594,15571940,Account Update,Medium,33.2,2026/01/16
5595,15802274,Card Problem,High,10.1,2026/03/11
5596,15749482,Loan Query,Low,49.2,2025/12/31
5597,15715796,Loan Query,Low,,2025/09/24
5598,15656822,App Bug,Medium,13.3,2026/08/11
5599,15713250,Payment Failure,Medium,19.6,2025/12/17
5600,15581089,Card Problem,Low,,2026/05/26
5601,15641158,Account Update,Critical,3.5,2026/03/06
5602,15606552,loginn issue,Medium,16.4,2026/03/20
5603,15685243,,Medium,8.2,2026/05/01
5604,15669957,Account Update,Low,18.7,2026/04/23
5605,15758039,Loan Query,High,8.8,2025/09/26
5606,15641715,Login Issue,Medium  ,50.9,2025/09/23
5607,15738936,Card Problem,High,6.7,2026/08/01
5608,15640078,Loan Query,Medium,29.7,2026/02/15
5609,15634310,Loan Query,High,4.5,2025/10/25
5610,15737556,Account Update,High,5.4,2026/08/29
5611,15774393,Login Issue,Medium,23.6,2026/05/27
5612,15648702,Loan Query,Medium,15.2,2026/07/24
5613,15748696,App Bug,Low,99999.0,2026/01/21
5614,15713843,App Bug,LOW,-5.0,2026/01/15
5615,15725665,App Bug,Medium  ,20.3,2026/06/26
5616,15659325,Card Problem,Medium,25.9,2026/06/08
5617,15606613,Fraud Alert,High,6.4,2026/06/21
5618,15774262,Payment Failure,High,10.5,2025/12/01
5619,15762091,Payment Failure,Low,81.6,2026/03/14
5620,15799626,Payment Failure,Critical,2.1,2026/08/03
5621,15627002,Login Issue,Medium,29.6,2026/03/15
5622,15656627,Account Update,Medium,26.2,2026/03/09
5623,15738291,Payment Failure,High,8.6,2026/06/30
5624,15725997,Loan Query,Medium,1.9,2026/08/03
5625,15802486,App Bug,Medium,22.7,2025/10/12
5626,15703177,,Low,102.0,2026/05/25
5627,15567335,Card Problem,Critical,2.2,2026/01/09
5628,15572792,Account Update,Medium,29.9,2026/03/14
5629,15728006,Loan Query,Critical,3.0,2025/12/26
5630,15600337,Fraud Alert,Low,44.2,2026/05/25
5631,15692929,Fraud Alert,Low,59.6,2026/03/29
5632,15661507,Card Problem,Critical,3.1,2026/03/02
5633,15665760,Loan Query,Low,,2026/02/26
5634,15704770,Login Issue,Medium,25.2,2026/05/10
5635,15757821,Complaint,Medium,26.8,2026/05/07
5636,15607629,Payment Failure,High,2.4,2026/07/09
5637,15668270,Complaint,Critical,3.0,2025/09/06
5638,15774164,Loan Query,Low,125.8,2026/05/17
5639,15611409,Fraud Alert,Medium,12.3,2025/11/13
5640,15814930,Payment Failure,Critical,1.5,2026/04/16
5641,15632669,Account Update,High,4.9,2025/11/26
5642,15694852,Login Issue,Low,99999.0,2025/12/29
5643,15775741,Card Problem,Critical,3.3,2025/10/12
5644,15598485,Payment Failure,Medium,14.8,2026/05/24
5645,15648967,loginn issue,Critical,2.1,2026/07/29
5646,15723858,Complaint,High,6.1,2026/01/24
5647,15752601,Account Update,High,5.1,2025/12/20
5648,15567893,App Bug,Low,84.1,2025/11/18
5649,15800746,Account Update,Low,32.6,2025/12/07
5650,15793425,Account Update,Medium,28.1,2025/11/22
5651,15727696,Loan Query,Low,0.5,2026/03/07
5652,15673984,Payment Failure,High,3.2,2026/07/08
5653,15673342,Fraud Alert,High,3.7,2025/11/02
5654,15809817,Card Problem,High,9.6,2026/08/07
5655,15722479,Fraud Alert,Medium,19.8,2025/12/29
5656,15726103,Payment Failure,High,5.4,2026/04/03
5657,15771535,Loan Query,Medium,10.3,2026/02/19
5658,15662494,Complaint,Critical,-5.0,2025/10/31
5659,15763111,Payment Failure,Medium,29.5,2026/05/07
5660,15752984,App Bug,Medium,30.4,2026/08/14
5661,15766609,App Bug,Medium,27.9,2026/05/06
5662,15731281,Fraud Alert,Critical,,2026/05/06
5663,15572145,Loan Query,Critical,2.2,2025/12/19
5664,15628205,Payment Failure,Medium,39.9,2026/07/02
5665,15647453,App Bug,Low  ,71.3,2025/11/24
5666,15689152,Complaint,Low,90.0,2026/07/31
5667,15626612,Complaint,High,9.9,2026/04/01
5668,15665168,Card Problem,Medium,15.2,2025/09/14
5669,15643487,Account Update,Medium,32.6,2026/01/05
5670,15581036,Login Issue,Low,88.7,2025/09/25
5671,15668580,Login Issue,Low,63.5,2025/11/07
5672,15771054,Payment Failure,Critical,2.1,2026/06/23
5673,15810786,Account Update,Medium,14.7,2026/07/03
5674,15659800,Payment Failure,Low,11.5,2025/11/24
5675,15633818,App Bug,High,9.5,2025/11/10
5676,15683657,,Low,,2026/07/22
5677,15726556,Login Issue,Low,18.5,2026/05/23
5678,15739123,Payment Failure,Low,110.2,2025/09/23
5679,15583595,Complaint,low,106.1,2026/06/23
5680,15801904,Card Problem,Medium,25.9,2025/11/17
5681,15658057,,Low,43.2,2025/10/01
5682,15718039,App Bug,Low,67.2,2025/11/27
5683,15790599,Login Issue,Low,46.5,2026/01/13
5684,15732672,Loan Query,High,4.5,2025/12/04
5685,15655274,Login Issue,Low,41.8,2026/05/25
5686,15736495,Complaint,LOW,104.6,2026/03/29
5687,15659949,Payment Failure,Low,82.0,2026/07/06
5688,15806511,Account Update,Critical,1.4,2026/06/18
5689,15747974,Account Update,Low,20.0,2026/07/26
5690,15622518,Card Problem,High,4.7,2025/09/12
5691,15666197,App Bug,High,5.9,2026/08/07
5692,15677184,Card Problem,Critical,,2026/01/26
5693,15786078,Payment Failure,Medium,13.7,2025/10/16
5694,15797149,Loan Query,Critical,2.2,2025/12/22
5695,15631339,Card Problem,Low,15.2,2026/04/20
5696,15603741,Card Problem,Low,61.1,2026/07/10
5697,15773876,Account Update,High,4.2,2026/05/02
5698,15769308,Account Update,Medium,20.3,2026/05/07
5699,15596088,,High,1.5,2025/11/29
5700,15613734,Card Problem,Medium,14.1,2025/12/24
5701,15803654,Complaint,Medium,23.0,2026/04/01
5702,15784000,Card Problem,High,7.9,2026/07/07
5703,15660263,Card Problem,Low,81.2,2025/11/15
5704,15716984,Login Issue,High,6.7,2026/06/28
5705,15701605,Loan Query,Medium,10.4,2025/12/05
5706,15583137,Payment Failure,Critical,1.1,2026/07/19
5707,15812766,Complaint,Low,75.6,2026/08/06
5708,15601324,Login Issue,Medium,32.0,2026/05/22
5709,15592531,Loan Query,Medium,28.7,2026/01/16
5710,15654390,Login Issue,Low,132.5,2025/11/27
5711,15694601,Payment Failure,Critical,0.9,2026/08/20
5712,15652782,App Bug,Medium,,2026/02/25
5713,15790678,Account Update,High,6.1,2026/04/23
5714,15689594,Card Problem,Low,27.3,2026/07/05
5715,15725076,Card Problem,Medium,27.7,2026/07/02
5716,15571221,Loan Query,Low,67.8,2025/10/08
5717,15698932,Complaint,Low,99999.0,2025/12/29
5718,15582797,Payment Failure,Medium,35.1,2026/03/15
5719,15634896,Card Problem,Medium,22.2,2026/03/19
5720,15713770,App Bug,MEDIUM,35.8,2025/11/09
5721,15616471,Loan Query,Low,91.5,2025/10/28
5722,15641110,Payment Failure,Low,57.8,2025/09/11
5723,15715527,Login Issue,low,84.6,2025/12/15
5724,15728352,Fraud Alert,Low,86.9,2026/05/28
5725,15815295,Complaint,High,7.0,2026/05/19
5726,15697574,Account Update,Critical,1.6,2026/08/19
5727,15666559,Loan Query,Medium,19.8,2026/04/05
5728,15566292,Login Issue,Low,70.4,2025/11/18
5729,15615207,Card Problem,Low,41.0,2026/07/10
5730,15758513,Account Update,High,9.9,2025/10/22
5731,15649211,Account Update,Low,43.0,2025/12/02
5732,15771442,Fraud Alert,Low,,2026/05/04
5733,15630551,Login Issue,Low,64.7,2026/07/14
5734,15672299,Payment Failure,High,6.4,2026/07/07
5735,15714046,Fraud Alert,Low,-5.0,2025/09/22
5736,15646521,Complaint,Low,2.8,2026/06/02
5737,15672357,Complaint,Critical,2.9,2026/05/18
5738,15652469,Complaint,Critical,1.9,2025/11/02
5739,15676433,Payment Failure,Medium,27.0,2025/10/20
5740,15704746,Account Update,Critical,2.7,2026/05/07
5741,15709459,Complaint,Medium,21.4,2026/08/06
5742,15732448,,High,4.2,2025/11/08
5743,15578096,Loan Query,Critical,2.7,2026/07/08
5744,15609319,App Bug,Low,135.6,2026/06/06
5745,15626385,Card Problem,low,34.6,2025/09/03
5746,15625126,Fraud Alert,Critical,2.8,2026/08/16
5747,15575676,App Bug,Critical,1.3,2026/08/01
5748,15649359,Payment Failure,Medium,31.7,2026/04/11
5749,15665129,Login Issue,Low,97.2,2026/05/28
5750,15800031,Card Problem,Medium,,2026/04/06
5751,15736413,Card Problem,Medium,15.6,2026/03/11
5752,15693902,Login Issue,Critical,1.4,2025/09/25
5753,15625524,Account Update,Low,,2026/08/26
5754,15798943,,Medium,30.6,2026/06/01
5755,15767891,Payment Failure,Medium,,2026/04/10
5756,15804721,Loan Query,Critical,2.2,2025/12/29
5757,15692137,Card Problem,Low,94.3,2026/05/07
5758,15729489,Loan Query,Low,114.8,2026/03/17
5759,15611318,Fraud Alert,Low,107.9,2026/03/01
5760,15593510,loginn issue,Low,78.5,2026/07/01
5761,15762803,Login Issue,Medium,14.1,2026/08/25
5762,15653595,Complaint,High,4.8,2026/06/24
5763,15627848,Payment Failure,High,7.0,2025/10/23
5764,15609475,Account Update,Low,108.1,2026/04/08
5765,15684440,Account Update,Low,105.6,2025/11/10
5766,15652782,Payment Failure,Low,109.8,2026/01/11
5767,15734999,Loan Query,High,9.4,2026/05/05
5768,15676835,Loan Query,Medium,22.3,2025/12/31
5769,15714241,Account Update,High,7.3,2025/10/15
5770,15815530,Payment Failure,Low,71.9,2026/01/26
5771,15639946,Loan Query,Low,97.6,2026/07/06
5772,15814923,Fraud Alert,Critical,2.3,2026/06/08
5773,15690925,Complaint,Low,58.1,2026/03/31
5774,15772896,Card Problem,High,6.3,2026/01/12
5775,15665110,Card Problem,Low,97.3,2025/12/08
5776,15625311,Loan Query,Low,57.0,2025/09/05
5777,15723008,Login Issue, Medium ,15.5,2026/09/01
5778,15790235,Fraud Alert,high,4.3,2025/09/06
5779,15706200,Login Issue,Medium,40.8,2026/06/25
5780,15766047,Account Update,Medium,13.5,2026/05/28
5781,15693893,Fraud Alert,Medium,26.7,2025/11/02
5782,15723028,Account Update,Critical,1.7,2026/05/27
5783,15622442,,Low,94.3,2025/09/06
5784,15797197,Card Problem,Low,49.5,2026/03/14
5785,15677796,Fraud Alert,Medium,32.6,2026/08/04
5786,15697214,App Bug,Medium,44.3,2025/12/17
5787,15624471,,Low,97.3,2026/08/21
5788,15686885,App Bug,Low,98.5,2026/02/11
5789,15803456,Loan Query,Low,-5.0,2026/03/31
5790,15782456,Card Problem,Low,-5.0,2026/03/07
5791,15733261,Loan Query,Critical,1.7,2025/10/27
5792,15721779,loginn issue,Medium,36.3,2025/11/21
5793,15657085,App Bug,Medium,23.2,2026/04/09
5794,15740104,Login Issue,High,6.2,2026/08/02
5795,15788634,App Bug,Low,29.4,2026/06/29
5796,15660271,Fraud Alert,Medium,5.3,2026/01/10
5797,15624428,App Bug,Low,53.6,2026/01/14
5798,15686776,Payment Failure,High,3.3,2026/06/04
5799,15641114,Payment Failure,Low,67.7,2026/04/07
5800,15795224,Complaint,High,,2026/06/19
5801,15750099,Login Issue,High,4.4,2026/03/09
5802,15809100,loginn issue,High,5.7,2026/07/13
5803,15776229,App Bug,Medium,27.4,2026/01/22
5804,15578603,,Medium,,2026/08/17
5805,15689351,loginn issue,High,2.8,2026/03/25
5806,15728012,Login Issue,Low,67.8,2025/12/16
5807,15801934,Complaint,Low,90.4,2026/04/02
5808,15637522,Account Update,Low,55.6,2026/06/12
5809,15790235,loginn issue,High,8.1,2026/06/15
5810,15794101,Loan Query,Low,47.0,2026/05/08
5811,15569678,Loan Query,High,4.8,2025/12/03
5812,15699797,Account Update,Medium,99999.0,2026/03/11
5813,15635776,Card Problem,High,9.0,2026/06/16
5814,15669664,Account Update,Low,92.3,2026/06/14
5815,15583026,App Bug,Medium,,2026/05/08
5816,15667742,Fraud Alert,Critical,2.0,2026/01/10
5817,15779744,Complaint,Medium,31.3,2026/02/07
5818,15750549,App Bug,Low,106.2,2026/06/25
5819,15715643,Login Issue,Low,64.7,2026/02/26
5820,15733616,Fraud Alert,Medium,25.0,2026/08/30
5821,15750778,Account Update,Critical,99999.0,2026/03/25
5822,15684960,App Bug,Critical,1.4,2025/11/12
5823,15758477,Account Update,Medium,19.2,2026/08/06
5824,15700864,Complaint,Critical,0.7,2025/11/02
5825,15706269,loginn issue,Critical,1.8,2025/12/29
5826,15772423,Login Issue,Low,41.1,2026/04/19
5827,15606554,Fraud Alert,Low,62.0,2026/08/27
5828,15679801,Account Update,Low,63.3,2025/11/24
5829,15698324,Fraud Alert,Medium,27.3,2025/10/24
5830,15814430,App Bug,High,10.0,2025/12/21
5831,15747168,Fraud Alert,High,5.0,2026/05/21
5832,15725076,Loan Query,Low,91.4,2026/03/27
5833,15667476,,Medium,33.2,2026/02/23
5834,15753679,Account Update,Medium,3.9,2026/06/11
5835,15620341,Card Problem,High,0.5,2026/07/14
5836,15694039,Login Issue,Critical,2.7,2026/08/25
5837,15715031,Complaint,low,89.4,2026/08/19
5838,15738267,Card Problem,Low,76.3,2026/08/30
5839,15649793,Card Problem,Medium,16.6,2025/09/29
5840,15685329,Complaint,High,4.4,2025/11/24
5841,15771417,Login Issue,High,3.4,2026/03/21
5842,15812850,Fraud Alert,Critical,1.1,2026/07/25
5843,15566251,App Bug,Medium,32.6,2025/09/05
5844,15611973,Loan Query,Medium,34.2,2025/10/19
5845,15701074,Account Update,Low,42.5,2025/11/16
5846,15743545,App Bug,Medium,,2026/05/02
5847,15623196,Complaint,Low,-5.0,2026/07/07
5848,15734365,Loan Query,Low,75.5,2026/04/13
5849,15677123,App Bug,Low,75.5,2025/10/18
5850,15583303,Fraud Alert,Low,110.9,2025/10/05
5851,15734711,Account Update,Medium,35.3,2026/01/15
5852,15685706,Loan Query,High,7.2,2025/12/25
5853,15777352,Fraud Alert,High,7.7,2026/03/11
5854,15752137,Card Problem,LOW,43.0,2025/10/13
5855,15730590,Fraud Alert,Medium,12.9,2026/07/11
5856,15659475,Payment Failure,Low,91.4,2025/09/22
5857,15740283,Card Problem,Low,55.9,2026/03/18
5858,15783659,App Bug,Medium,24.4,2026/03/27
5859,15767804,Account Update,High,6.9,2026/07/14
5860,15670266,Card Problem,High,7.2,2026/08/04
5861,15656176,Fraud Alert,Low,96.7,2026/05/27
5862,15808283,App Bug,Critical,2.9,2026/01/27
5863,15781409,App Bug,Low,41.4,2026/09/02
5864,15590876,App Bug,Low,74.6,2026/07/05
5865,15569807,Card Problem,Medium,,2025/10/02
5866,15665629,Loan Query,Medium,27.2,2025/12/01
5867,15729412,App Bug,Critical,2.3,2026/07/27
5868,15589881,App Bug,Low,81.8,2026/05/14
5869,15667215,Complaint,Critical,3.8,2026/04/15
5870,15671137,Account Update,Medium,20.3,2025/09/08
5871,15670080,Fraud Alert,Low,38.4,2025/12/15
5872,15579892,App Bug,Medium,26.8,2026/08/05
5873,15624437,Payment Failure,Medium,19.7,2026/05/26
5874,15708362,Payment Failure,Critical,2.3,2026/01/27
5875,15631681,Payment Failure,Low,83.8,2025/12/11
5876,15647333,Payment Failure,Critical,1.2,2025/09/20
5877,15619116,Complaint,High,4.9,2026/07/06
5878,15690337,Account Update,High,7.7,2026/05/22
5879,15656263,Fraud Alert,Low,91.5,2026/05/25
5880,15715707,Complaint,Medium,27.8,2026/08/26
5881,15694300,App Bug,Low  ,101.4,2025/12/30
5882,15809178,Login Issue,Low,94.1,2026/07/14
5883,15757535,Loan Query,High,3.7,2025/11/28
5884,15594898,Card Problem,Low,39.0,2026/08/14
5885,15806230,Payment Failure,Low,64.7,2025/09/21
5886,15672082,Loan Query,Medium,35.4,2026/03/06
5887,15748034,Card Problem,Low,71.1,2026/01/03
5888,15629390,Fraud Alert,High,,2026/08/04
5889,15751333,Account Update,Medium,36.3,2025/09/03
5890,15748920,Account Update,Medium,28.9,2025/11/22
5891,15566139,Fraud Alert,Low,83.5,2025/10/17
5892,15622507,Complaint,Low,38.0,2026/01/22
5893,15766649,App Bug,High,6.1,2026/03/26
5894,15787318,Payment Failure,Critical,1.7,2026/03/02
5895,15689526,Complaint,Medium,5.7,2026/08/11
5896,15768293,Account Update,Low,59.1,2026/03/24
5897,15690440,,High,6.4,2026/03/29
5898,15709604,Complaint,Medium,15.6,2026/06/30
5899,15742480,Payment Failure,Medium,,2025/12/14
5900,15656840,Payment Failure,Low,,2026/05/26
5901,15634551,App Bug,Low  ,67.8,2025/09/10
5902,15732563,Loan Query,Low,56.5,2026/08/29
5903,15790689,App Bug,Low,91.0,2025/10/08
5904,15622470,Card Problem,Medium,25.6,2025/10/19
5905,15627854,Account Update,Low,78.0,2026/06/11
5906,15585595,Login Issue,Low,80.5,2026/01/26
5907,15706128,Card Problem,Medium,0.5,2026/06/16
5908,15702464,Payment Failure,Medium,10.6,2026/06/28
5909,15734609,Complaint,Low,4.3,2026/02/28
5910,15630920,Fraud Alert,High,7.3,2026/02/27
5911,15747345,Payment Failure,Critical,1.9,2026/01/22
5912,15605333,Card Problem,Medium,9.0,2025/12/27
5913,15624695,Account Update,Low,110.4,2026/07/10
5914,15591995,Account Update,Low,73.9,2025/12/11
5915,15592578,Login Issue,Low,84.9,2026/04/23
5916,15719479,Account Update,Critical,3.3,2026/03/28
5917,15693326,Login Issue,Low,70.3,2026/06/24
5918,15581370,Complaint,Low,75.9,2025/09/05
5919,15626898,Fraud Alert,Medium,27.1,2026/01/14
5920,15799825,Complaint,Low,121.2,2025/12/01
5921,15686219,App Bug,High,8.6,2026/03/30
5922,15692631,Fraud Alert,Low,117.2,2026/05/20
5923,15785819,Fraud Alert,Medium,15.3,2025/10/27
5924,15756538,Loan Query,High,7.0,2026/06/16
5925,15739068,Loan Query,High,4.8,2025/10/10
5926,15631436,Loan Query,Medium,23.3,2026/05/18
5927,15662021,Payment Failure,Medium,25.2,2026/01/31
5928,15660390,App Bug,High,8.6,2026/02/24
5929,15578156,Card Problem,Critical,2.6,2025/11/01
5930,15622658,Account Update,Critical,2.3,2026/05/23
5931,15685329,Loan Query,Medium,31.6,2026/01/12
5932,15584812,Account Update,High,1.5,2026/06/05
5933,15793196,App Bug,Critical,-5.0,2026/06/24
5934,15607278,Card Problem,Medium,10.4,2026/01/09
5935,15709199,Card Problem,Low,72.6,2026/08/24
5936,15705309,Payment Failure,High,3.2,2026/04/17
5937,15631054,Account Update,High,7.7,2026/03/15
5938,15637678,Card Problem,High,11.2,2026/06/18
5939,15773868,Login Issue,Medium,9.4,2026/05/08
5940,15666633,Complaint,Medium,25.5,2026/01/05
5941,15792180,Fraud Alert,Low,121.2,2026/02/23
5942,15776743,Payment Failure,High,9.1,2026/04/25
5943,15756425,Login Issue, Medium ,14.5,2026/08/17
5944,15743532,Loan Query,LOW,69.3,2026/04/26
5945,15650889,Card Problem,Critical  ,2.0,2026/06/30
5946,15658485,Card Problem,Low  ,70.3,2025/09/17
5947,15698321,Payment Failure,High,8.4,2026/05/07
5948,15790247,Login Issue,Medium,46.4,2025/11/01
5949,15581548,Complaint,High,4.5,2026/01/13
5950,15580935,Account Update,Medium,,2025/10/07
5951,15782530,Loan Query,Low,67.9,2026/03/17
5952,15689514,App Bug,Medium,13.3,2026/07/24
5953,15735246,Payment Failure,Medium,21.8,2025/12/24
5954,15716781,App Bug,Medium,6.6,2026/08/15
5955,15812356,App Bug,High,2.6,2026/08/28
5956,15592937,Login Issue,Medium,,2025/12/29
5957,15568032,Card Problem,High,6.2,2026/02/11
5958,15585388,Card Problem, Low ,128.2,2026/04/02
5959,15649292,Payment Failure,Critical,1.4,2026/03/02
5960,15806081,App Bug,Low,82.6,2026/05/25
5961,15803078,,Low,61.6,2026/06/04
5962,15582090,Account Update,Low,51.7,2025/09/07
5963,15648933,App Bug,Critical,3.2,2026/08/27
5964,15600975,Loan Query,Medium,34.1,2026/01/15
5965,15799468,App Bug,Low,90.3,2026/01/08
5966,15768367,Payment Failure,Medium,27.8,2026/01/28
5967,15799785,Complaint,Medium,7.5,2025/10/20
5968,15768881,Complaint,High,7.4,2026/03/26
5969,15659694,Fraud Alert,Medium,8.3,2026/08/13
5970,15727605,App Bug,Medium,20.5,2026/02/25
5971,15653780,Login Issue,High,3.7,2025/10/11
5972,15610686,Complaint,Low,114.2,2026/06/13
5973,15622729,Loan Query,Medium,15.9,2025/12/03
5974,15780386,Login Issue,Medium,19.2,2026/05/04
5975,15757952,Card Problem,Low,113.9,2026/02/10
5976,15581229,App Bug,Low,55.1,2026/03/03
5977,15728082,Complaint,High,1.1,2025/12/23
5978,15791342,Complaint,Low,66.4,2026/06/23
5979,15658240,Fraud Alert,Low  ,94.3,2026/01/18
5980,15733842,Login Issue,High,6.4,2025/12/05
5981,15691457,Payment Failure,High,,2026/08/18
5982,15644699,Complaint,high,4.0,2025/12/09
5983,15658980,Complaint,Low,112.7,2026/05/16
5984,15812230,Fraud Alert,Critical,2.7,2025/12/14
5985,15776404,Complaint,Critical,3.6,2026/01/01
5986,15644849,App Bug,High,6.5,2026/01/04
5987,15722409,Loan Query,Critical,2.5,2026/01/16
5988,15739054,App Bug,Low,100.3,2025/12/17
5989,15691387,Account Update,Critical,2.4,2025/12/29
5990,15675926,App Bug,Low,77.5,2025/12/15
5991,15790958,Fraud Alert,High,9.1,2026/01/08
5992,15577683,Payment Failure,Medium,18.1,2026/07/16
5993,15788946,App Bug,Medium,17.6,2026/03/04
5994,15806880,Fraud Alert,Low  ,64.6,2025/11/21
5995,15711901,Payment Failure,Medium,27.7,2025/10/27
5996,15622370,Card Problem,High,7.9,2025/11/03
5997,15688059,Fraud Alert,Medium,15.1,2025/10/13
5998,15636673,App Bug,Low,64.1,2026/08/15
5999,15787693,Loan Query,Medium  ,25.0,2026/08/08
6000,15581700,Card Problem,Medium,23.5,2026/05/13
6001,15717879,Fraud Alert,Medium,21.7,2026/07/14
6002,15653937,Login Issue,High,,2025/09/06
6003,15741921,Payment Failure,Critical,2.5,2026/06/07
6004,15766427,Payment Failure,Medium,18.0,2025/09/24
6005,15771997,loginn issue,Medium,16.0,2026/05/07
6006,15738605,Login Issue,Medium,12.0,2026/03/12
6007,15747000,Complaint,High,8.1,2026/07/17
6008,15755018,Complaint,Medium,27.1,2026/02/11
6009,15693382,Account Update,Low,47.8,2026/05/13
6010,15585490,Loan Query,Low,45.6,2026/06/24
6011,15664214,loginn issue,Low,40.6,2026/01/21
6012,15701364,App Bug,Medium,33.7,2026/05/12
6013,15725511,App Bug,Medium,18.6,2025/12/05
6014,15591932,App Bug,Low,84.3,2026/05/22
6015,15709737,Fraud Alert,Low,89.9,2026/01/24
6016,15631436,Fraud Alert,Critical,4.0,2026/03/25
6017,15727857,Card Problem,High,3.2,2025/12/25
6018,15795640,Login Issue,Low,70.7,2026/06/25
6019,15714634,Payment Failure,Low,9.9,2025/11/07
6020,15761775,Payment Failure,Low,84.9,2025/09/30
6021,15638257,Account Update,Critical,3.8,2026/05/30
6022,15704844,Complaint,Medium,15.9,2026/04/07
6023,15619801,Account Update,High,9.4,2026/05/05
6024,15761976,Loan Query,Critical,1.9,2026/06/06
6025,15734610,Fraud Alert,Low,60.5,2025/09/19
6026,15693771,App Bug,Low,44.5,2026/05/18
6027,15626212,Payment Failure,High,4.2,2026/02/27
6028,15762927,Card Problem,HIGH,11.2,2026/03/23
6029,15631406,Card Problem,Low,49.6,2026/08/20
6030,15718839,,Medium,12.2,2025/12/01
6031,15732704,Card Problem,Low,109.5,2026/04/25
6032,15700964,Loan Query,Medium,18.4,2025/11/03
6033,15664849,Payment Failure,Low,55.5,2026/08/26
6034,15690939,Complaint,High,3.2,2026/05/26
6035,15594502,Complaint,Medium,9.7,2026/04/26
6036,15699309,App Bug,Low,77.7,2026/02/11
6037,15627517,Login Issue, Medium ,15.6,2026/08/21
6038,15647975,Payment Failure,Low,103.5,2025/09/07
6039,15633648,Payment Failure,Medium,1.0,2025/09/09
6040,15661409,Loan Query,Low,51.6,2026/08/14
6041,15635396,Card Problem,Medium,39.5,2025/12/19
6042,15775206,Fraud Alert,Low,127.4,2026/03/16
6043,15711396,Loan Query,Low,77.8,2026/06/27
6044,15701885,Login Issue,High,8.4,2025/10/24
6045,15749964,Payment Failure,Critical,2.4,2026/02/16
6046,15791302,App Bug,Critical,3.0,2026/03/07
6047,15792176,Loan Query,High,8.1,2026/07/13
6048,15576990,Account Update,Critical,2.8,2026/01/13
6049,15740458,Complaint,High,3.4,2025/12/07
6050,15775042,App Bug,Critical,0.7,2026/06/10
6051,15684196,App Bug,Low,29.2,2026/01/15
6052,15651460,Account Update,Low,67.3,2026/01/02
6053,15590637,Login Issue,Critical,1.3,2026/01/18
6054,15617877,Account Update,Low,117.4,2026/05/02
6055,15770516,Payment Failure,Low,59.5,2026/07/13
6056,15809830,Login Issue,Low,21.4,2026/02/25
6057,15716501,Card Problem,Low,13.8,2026/03/09
6058,15579969,Account Update,Medium,32.1,2025/12/06
6059,15806929,Payment Failure, Low ,96.8,2026/05/16
