offer_id,customer_id,offer_type,accepted,date_offered
1,15784148,Cashback,True,2025/09/03
2,15687329,Cashback,True,2025/09/04
3,15738150,Investment Plan,True,2025/09/05
4,15602497,Cashback,False,2025/09/06
5,15777599,Insurance Bundle,False,2025/09/07
6,15758477,Cashback,False,2025/09/08
7,15645103,Insurance Bundle,False,2025/09/09
8,15696175,Personal Loan,False,2025/09/10
9,15800268,,True,2025/09/11
10,15658409,Personal Loan,False,2025/09/12
11,15637977,Cashback,False,2025/09/13
12,15567834,Investment Plan,False,2025/09/14
13,15782456,Insurance Bundle,True,2025/09/15
14,15699257,Credit Card Upgrade,false,2025/09/16
15,15681554,Investment Plan,False,2025/09/17
16,15731744,,Y,2025/09/18
17,15720463,Cashback,True,2025/09/19
18,15639946,Credit Card Upgrade,True,2025/09/20
19,15773876,Investment Plan,True,2025/09/21
20,15582180,Credit Card Upgrade,True,2025/09/22
21,15626507,Credit Card Upgrade,True,2025/09/23
22,15681956,Investment Plan,False,2025/09/24
23,15749528,Insurance Bundle,True,2025/09/25
24,15813862,Personal Loan,true,2025/09/26
25,15658435,Insurance Bundle,False,2025/09/27
26,15638329,Cashback,0,2025/09/28
27,15700864,Insurance Bundle,False,2025/09/29
28,15629545,Investment Plan,Yes,2025/09/30
29,15815316,Personal Loan,False,2025/10/01
30,15730161,Credit Card Upgrade,False,2025/10/02
31,15661591,,No,2025/10/03
32,15614934,Insurance Bundle,False,2025/10/04
33,15617065,Insurance Bundle,true,2025/10/05
34,15738063,Cashback,False,2025/10/06
35,15770214,Cashback,False,2025/10/07
36,15631310,Cashback,N,2025/10/08
37,15734626,Insurance Bundle,N,2025/10/09
38,15602994,Personal Loan,False,2025/10/10
39,15642022,Cashback,False,2025/10/11
40,15723851,Insurance Bundle,false,2025/10/12
41,15721303,Credit Card Upgrade,False,2025/10/13
42,15647333,Investment Plan,False,2025/10/14
43,15594502,Personal Loan,True,2025/10/15
44,15662091,Cashback,False,2025/10/16
45,15605737,Insurance Bundle,False,2025/10/17
46,15664793,Credit Card Upgrade,True,2025/10/18
47,15592994,Credit Card Upgrade,False,2025/10/19
48,15627232,Credit Card Upgrade,True,2025/10/20
49,15651802,Insurance Bundle,false,2025/10/21
50,15737452,Investment Plan,0,2025/10/22
51,15796179,Investment Plan,False,2025/10/23
52,15698324,Insurance Bundle,False,2025/10/24
53,15607330,Investment Plan,True,2025/10/25
54,15815316,Personal Loan,N,2025/10/26
55,15757821,Investment Plan,false,2025/10/27
56,15683553,Credit Card Upgrade,True,2025/10/28
57,15569641,Personal Loan,True,2025/10/29
58,15660263,Credit Card Upgrade,True,2025/10/30
59,15637599,Personal Loan,False,2025/10/31
60,15711316,,False,2025/11/01
61,15632051,Insurance Bundle,False,2025/11/02
62,15807432,Insurance Bundle,True,2025/11/03
63,15733119,Credit Card Upgrade,False,2025/11/04
64,15640442,Investment Plan,False,2025/11/05
65,15694852,Insurance Bundle,False,2025/11/06
66,15598586,Insurance Bundle,True,2025/11/07
67,15582154,Cashback,True,2025/11/08
68,15654495,Investment Plan,False,2025/11/09
69,15800856,Insurance Bundle,True,2025/11/10
70,15792008,Insurance Bundle,False,2025/11/11
71,15619087,Credit Card Upgrade,False,2025/11/12
72,15636626,Credit Card Upgrade,False,2025/11/13
73,15792453,Credit Card Upgrade,False,2025/11/14
74,15763194,Cashback,False,2025/11/15
75,15654025,Insurance Bundle,True,2025/11/16
76,15754053,Cashback,True,2025/11/17
77,15581736,Personal Loan,True,2025/11/18
78,15785865,Cashback,False,2025/11/19
79,15743673,Personal Loan,False,2025/11/20
80,15624451,Insurance Bundle,False,2025/11/21
81,15568595,Cashback,False,2025/11/22
82,15742504,Personal Loan,False,2025/11/23
83,15625047,Credit Card Upgrade,True,2025/11/24
84,15672299,Cashback,True,2025/11/25
85,15813660,Cashback,True,2025/11/26
86,15738605,Credit Card Upgrade,False,2025/11/27
87,15737385,Cashback,False,2025/11/28
88,15566467,Credit Card Upgrade,1,2025/11/29
89,15699550,Credit Card Upgrade,False,2025/11/30
90,15584899,Personal Loan,False,2025/12/01
91,15812518,Cashback,false,2025/12/02
92,15737782,Investment Plan,False,2025/12/03
93,15764892,Investment Plan,False,2025/12/04
94,15679770,Credit Card Upgrade,False,2025/12/05
95,15676707,Cashback,False,2025/12/06
96,15570134,Credit Card Upgrade,False,2025/12/07
97,15661548,Insurance Bundle,Y,2025/12/08
98,15590337,Cashback,False,2025/12/09
99,15588928,Cashback,False,2025/12/10
100,15675964,Insurance Bundle,0,2025/12/11
101,15736769,Investment Plan,False,2025/12/12
102,15705506,Insurance Bundle,False,2025/12/13
103,15791700,Insurance Bundle,N,2025/12/14
104,15708917,Personal Loan,N,2025/12/15
105,15573893,,True,2025/12/16
106,15602043,Insurance Bundle,False,2025/12/17
107,15599386,Insurance Bundle,False,2025/12/18
108,15595766,Credit Card Upgrade,True,2025/12/19
109,15742504,Personal Loan,False,2025/12/20
110,15740175,Personal Loan,False,2025/12/21
111,15609070,Insurance Bundle,False,2025/12/22
112,15752694,Cashback,False,2025/12/23
113,15573851,Investment Plan,False,2025/12/24
114,15692137,Personal Loan,False,2025/12/25
115,15587421,Investment Plan,False,2025/12/26
116,15745624,Cashback,False,2025/12/27
117,15753679,Investment Plan,0,2025/12/28
118,15773789,Credit Card Upgrade,False,2025/12/29
119,15633854,Credit Card Upgrade,False,2025/12/30
120,15782456,Cashback,True,2025/12/31
121,15680706,Cashback,False,2026/01/01
122,15574842,Credit Card Upgrade,Y,2026/01/02
123,15714240,Credit Card Upgrade,True,2026/01/03
124,15721592,Cashback,false,2026/01/04
125,15796569,Investment Plan,False,2026/01/05
126,15717560,Credit Card Upgrade,True,2026/01/06
127,15673790,Cashback,True,2026/01/07
128,15676909,Credit Card Upgrade,False,2026/01/08
129,15770309,Investment Plan,N,2026/01/09
130,15669987,Credit Card Upgrade,False,2026/01/10
131,15753566,Insurance Bundle,False,2026/01/11
132,15712551,Investment Plan,False,2026/01/12
133,15775339,Cashback,N,2026/01/13
134,15751057,Personal Loan,False,2026/01/14
135,15695699,Cashback,False,2026/01/15
136,15573086,Investment Plan,True,2026/01/16
137,15782418,Personal Loan,False,2026/01/17
138,15638257,Cashback,True,2026/01/18
139,15578096,Cashback,false,2026/01/19
140,15575676,Cashback,False,2026/01/20
141,15591577,Personal Loan,False,2026/01/21
142,15704081,Insurance Bundle,false,2026/01/22
143,15741988,Insurance Bundle,False,2026/01/23
144,15682778,Insurance Bundle,False,2026/01/24
145,15617065,Insurance Bundle,False,2026/01/25
146,15622182,Credit Card Upgrade,True,2026/01/26
147,15607395,Insurance Bundle,False,2026/01/27
148,15780254,Credit Card Upgrade,False,2026/01/28
149,15752507,Credit Card Upgrade,True,2026/01/29
150,15692291,Cashback,False,2026/01/30
151,15726289,Personal Loan,False,2026/01/31
152,15601383,Investment Plan,False,2026/02/01
153,15687372,Credit Card Upgrade,False,2026/02/02
154,15669987,Personal Loan,False,2026/02/03
155,15579112,Credit Card Upgrade,True,2026/02/04
156,15726776,Personal Loan,False,2026/02/05
157,15570931,Personal Loan,False,2026/02/06
158,15614934,Credit Card Upgrade,True,2026/02/07
159,15662532,,False,2026/02/08
160,15789097,Investment Plan,False,2026/02/09
161,15649738,Personal Loan,False,2026/02/10
162,15736078,Personal Loan,True,2026/02/11
163,15740223,Investment Plan,False,2026/02/12
164,15682541,Credit Card Upgrade,False,2026/02/13
165,15677828,Cashback,True,2026/02/14
166,15713983,Personal Loan,False,2026/02/15
167,15813681,,False,2026/02/16
168,15710671,Credit Card Upgrade,False,2026/02/17
169,15740147,Personal Loan,False,2026/02/18
170,15801293,Insurance Bundle,False,2026/02/19
171,15620204,Insurance Bundle,True,2026/02/20
172,15632365,Cashback,False,2026/02/21
173,15642468,Credit Card Upgrade,True,2026/02/22
174,15645095,Cashback,False,2026/02/23
175,15619045,Cashback,True,2026/02/24
176,15737169,Investment Plan,True,2026/02/25
177,15751137,,False,2026/02/26
178,15641170,Credit Card Upgrade,No,2026/02/27
179,15590637,Personal Loan,False,2026/02/28
180,15689294,Personal Loan,False,2026/03/01
181,15759690,Insurance Bundle,False,2026/03/02
182,15624993,Credit Card Upgrade,True,2026/03/03
183,15624755,Credit Card Upgrade,False,2026/03/04
184,15811588,Personal Loan,False,2026/03/05
185,15650068,Cashback,True,2026/03/06
186,15737814,Personal Loan,False,2026/03/07
187,15787189,Credit Card Upgrade,True,2026/03/08
188,15663987,Credit Card Upgrade,False,2026/03/09
189,15742534,Insurance Bundle,False,2026/03/10
190,15755868,Cashback,True,2026/03/11
191,15675252,Personal Loan,False,2026/03/12
192,15735221,Personal Loan,False,2026/03/13
193,15634551,Investment Plan,False,2026/03/14
194,15588350,Cashback,False,2026/03/15
195,15617617,Insurance Bundle,True,2026/03/16
196,15633877,Personal Loan,True,2026/03/17
197,15636423,Cashback,N,2026/03/18
198,15638272,Insurance Bundle,False,2026/03/19
199,15745533,Insurance Bundle,False,2026/03/20
200,15605275,Insurance Bundle,False,2026/03/21
201,15594502,Insurance Bundle,False,2026/03/22
202,15780254,Investment Plan,false,2026/03/23
203,15616270,Investment Plan,False,2026/03/24
204,15763055,Investment Plan,False,2026/03/25
205,15809087,Personal Loan,True,2026/03/26
206,15806511,Insurance Bundle,True,2026/03/27
207,15644280,Credit Card Upgrade,False,2026/03/28
208,15609623,Personal Loan,0,2026/03/29
209,15741554,Personal Loan,True,2026/03/30
210,15711219,Investment Plan,False,2026/03/31
211,15784280,Cashback,false,2026/04/01
212,15750772,Insurance Bundle,False,2026/04/02
213,15810457,Cashback,False,2026/04/03
214,15697045,Insurance Bundle,False,2026/04/04
215,15717156,Insurance Bundle,False,2026/04/05
216,15633930,Cashback,False,2026/04/06
217,15621687,Insurance Bundle,True,2026/04/07
218,15605698,Credit Card Upgrade,False,2026/04/08
219,15642093,Personal Loan,Yes,2026/04/09
220,15642063,Insurance Bundle,False,2026/04/10
221,15574879,Credit Card Upgrade,True,2026/04/11
222,15617617,Insurance Bundle,True,2026/04/12
223,15586629,Credit Card Upgrade,False,2026/04/13
224,15582180,Cashback,false,2026/04/14
225,15603914,Credit Card Upgrade,True,2026/04/15
226,15679663,Personal Loan,False,2026/04/16
227,15716082,Cashback,False,2026/04/17
228,15640418,Insurance Bundle,True,2026/04/18
229,15737647,Investment Plan,True,2026/04/19
230,15576517,Credit Card Upgrade,False,2026/04/20
231,15585255,Investment Plan,False,2026/04/21
232,15694765,Investment Plan,False,2026/04/22
233,15679663,Insurance Bundle,No,2026/04/23
234,15747174,Investment Plan,False,2026/04/24
235,15718765,Cashback,False,2026/04/25
236,15577751,Cashback,False,2026/04/26
237,15789924,,False,2026/04/27
238,15709994,Investment Plan,False,2026/04/28
239,15566708,Personal Loan,False,2026/04/29
240,15804962,,False,2026/04/30
241,15747503,Personal Loan,True,2026/05/01
242,15812720,Personal Loan,False,2026/05/02
243,15710138,Investment Plan,True,2026/05/03
244,15802823,Personal Loan,False,2026/05/04
245,15725660,Insurance Bundle,False,2026/05/05
246,15608226,Insurance Bundle,False,2026/05/06
247,15569503,Personal Loan,False,2026/05/07
248,15643330,Personal Loan,True,2026/05/08
249,15611579,Credit Card Upgrade,0,2026/05/09
250,15754012,Credit Card Upgrade,False,2026/05/10
251,15621031,Personal Loan,False,2026/05/11
252,15682541,Insurance Bundle,False,2026/05/12
253,15626243,Investment Plan,False,2026/05/13
254,15686885,Personal Loan,False,2026/05/14
255,15783083,Credit Card Upgrade,True,2026/05/15
256,15674148,Personal Loan,False,2026/05/16
257,15590286,Insurance Bundle,False,2026/05/17
258,15747174,Investment Plan,True,2026/05/18
259,15646091,Personal Loan,True,2026/05/19
260,15723008,Insurance Bundle,True,2026/05/20
261,15640421,Investment Plan,True,2026/05/21
262,15646632,Investment Plan,False,2026/05/22
263,15789611,Cashback,False,2026/05/23
264,15761775,Cashback,False,2026/05/24
265,15698664,Insurance Bundle,false,2026/05/25
266,15694805,Personal Loan,False,2026/05/26
267,15705009,Investment Plan,True,2026/05/27
268,15672610,Investment Plan,True,2026/05/28
269,15638463,Personal Loan,False,2026/05/29
270,15714240,Investment Plan,False,2026/05/30
271,15723053,Investment Plan,False,2026/05/31
272,15717995,Credit Card Upgrade,True,2026/06/01
273,15603830,Insurance Bundle,False,2026/06/02
274,15789611,Personal Loan,False,2026/06/03
275,15718843,Insurance Bundle,No,2026/06/04
276,15814664,Personal Loan,No,2026/06/05
277,15772250,Personal Loan,False,2026/06/06
278,15586821,Credit Card Upgrade,True,2026/06/07
279,15662865,Insurance Bundle,False,2026/06/08
280,15661412,Credit Card Upgrade,False,2026/06/09
281,15661249,Insurance Bundle,False,2026/06/10
282,15723671,Credit Card Upgrade,False,2026/06/11
283,15566467,Personal Loan,0,2026/06/12
284,15613656,Personal Loan,False,2026/06/13
285,15624781,Insurance Bundle,True,2026/06/14
286,15755330,Cashback,True,2026/06/15
287,15654183,Credit Card Upgrade,True,2026/06/16
288,15605531,Cashback,True,2026/06/17
289,15601857,Cashback,True,2026/06/18
290,15641480,Insurance Bundle,No,2026/06/19
291,15636982,Investment Plan,false,2026/06/20
292,15633854,Personal Loan,True,2026/06/21
293,15611961,Investment Plan,False,2026/06/22
294,15646784,Personal Loan,True,2026/06/23
295,15810457,Personal Loan,True,2026/06/24
296,15592000,Investment Plan,False,2026/06/25
297,15755863,,False,2026/06/26
298,15771702,Insurance Bundle,False,2026/06/27
299,15647807,Investment Plan,False,2026/06/28
300,15689526,Cashback,True,2026/06/29
301,15718454,Insurance Bundle,False,2026/06/30
302,15668580,Credit Card Upgrade,True,2026/07/01
303,15794580,Credit Card Upgrade,False,2026/07/02
304,15664793,Personal Loan,True,2026/07/03
305,15775490,Insurance Bundle,True,2026/07/04
306,15574830,Credit Card Upgrade,False,2026/07/05
307,15804131,Investment Plan,Y,2026/07/06
308,15676707,Investment Plan,False,2026/07/07
309,15614782,Credit Card Upgrade,Yes,2026/07/08
310,15674720,Credit Card Upgrade,False,2026/07/09
311,15583680,Investment Plan,Y,2026/07/10
312,15644994,Personal Loan,False,2026/07/11
313,15728906,Personal Loan,True,2026/07/12
314,15572728,Cashback,False,2026/07/13
315,15665634,Personal Loan,False,2026/07/14
316,15626507,Investment Plan,False,2026/07/15
317,15751057,Investment Plan,True,2026/07/16
318,15587299,Insurance Bundle,No,2026/07/17
319,15638610,Credit Card Upgrade,True,2026/07/18
320,15631436,Insurance Bundle,True,2026/07/19
321,15664521,Credit Card Upgrade,False,2026/07/20
322,15812356,Investment Plan,False,2026/07/21
323,15674254,Cashback,No,2026/07/22
324,15647890,Insurance Bundle,False,2026/07/23
325,15777994,Credit Card Upgrade,True,2026/07/24
326,15620341,Insurance Bundle,False,2026/07/25
327,15598266,Insurance Bundle,False,2026/07/26
328,15617252,Insurance Bundle,False,2026/07/27
329,15722845,Personal Loan,False,2026/07/28
330,15711455,Investment Plan,True,2026/07/29
331,15601387,Investment Plan,False,2026/07/30
332,15585466,Cashback,Yes,2026/07/31
333,15749019,Cashback,False,2026/08/01
334,15708228,Personal Loan,False,2026/08/02
335,15568595,,False,2026/08/03
336,15734609,Insurance Bundle,True,2026/08/04
337,15670080,Investment Plan,false,2026/08/05
338,15690169,Cashback,False,2026/08/06
339,15671987,Insurance Bundle,false,2026/08/07
340,15773487,Cashback,False,2026/08/08
341,15709846,Insurance Bundle,True,2026/08/09
342,15607278,Insurance Bundle,False,2026/08/10
343,15659800,Personal Loan,False,2026/08/11
344,15643042,Personal Loan,False,2026/08/12
345,15726358,Cashback,False,2026/08/13
346,15590888,Investment Plan,N,2026/08/14
347,15772262,Cashback,True,2026/08/15
348,15642004,Personal Loan,True,2026/08/16
349,15602909,Insurance Bundle,False,2026/08/17
350,15749123,Personal Loan,False,2026/08/18
351,15672145,Insurance Bundle,False,2026/08/19
352,15788131,Cashback,False,2026/08/20
353,15591010,Insurance Bundle,False,2026/08/21
354,15736601,Insurance Bundle,False,2026/08/22
355,15586993,Insurance Bundle,False,2026/08/23
356,15620988,Personal Loan,No,2026/08/24
357,15776921,Credit Card Upgrade,False,2026/08/25
358,15651955,Investment Plan,False,2026/08/26
359,15589881,Insurance Bundle,False,2026/08/27
360,15782210,Cashback,0,2026/08/28
361,15715079,Cashback,False,2026/08/29
362,15584899,Credit Card Upgrade,True,2026/08/30
363,15773520,Personal Loan,False,2026/08/31
364,15658486,Investment Plan,False,2026/09/01
365,15804357,Personal Loan,True,2026/09/02
366,15704014,Cashback,True,2026/09/03
367,15706647,Investment Plan,False,2025/09/03
368,15727251,Cashback,True,2025/09/04
369,15780220,Cashback,True,2025/09/05
370,15584364,Insurance Bundle,False,2025/09/06
371,15677906,Insurance Bundle,True,2025/09/07
372,15642833,Personal Loan,False,2025/09/08
373,15646161,Cashback,True,2025/09/09
374,15758252,,False,2025/09/10
375,15623502,Investment Plan,True,2025/09/11
376,15675964,Personal Loan,False,2025/09/12
377,15610936,Investment Plan,True,2025/09/13
378,15773591,Personal Loan,false,2025/09/14
379,15779743,Personal Loan,True,2025/09/15
380,15738191,Insurance Bundle,False,2025/09/16
381,15705515,Cashback,False,2025/09/17
382,15584364,Cashback,False,2025/09/18
383,15694160,,True,2025/09/19
384,15752186,Insurance Bundle,No,2025/09/20
385,15747014,Credit Card Upgrade,True,2025/09/21
386,15761286,Investment Plan,No,2025/09/22
387,15802758,Insurance Bundle,True,2025/09/23
388,15796313,Cashback,False,2025/09/24
389,15637118,Cashback,True,2025/09/25
390,15743570,Credit Card Upgrade,0,2025/09/26
391,15567860,Insurance Bundle,False,2025/09/27
392,15745826,Investment Plan,False,2025/09/28
393,15566139,Cashback,False,2025/09/29
394,15583580,Cashback,No,2025/09/30
395,15813660,,No,2025/10/01
396,15773868,Insurance Bundle,No,2025/10/02
397,15645095,Insurance Bundle,True,2025/10/03
398,15660636,Cashback,False,2025/10/04
399,15706116,Insurance Bundle,False,2025/10/05
400,15657228,Investment Plan,False,2025/10/06
401,15614834,Insurance Bundle,False,2025/10/07
402,15780835,Credit Card Upgrade,0,2025/10/08
403,15683553,Investment Plan,False,2025/10/09
404,15741275,Personal Loan,True,2025/10/10
405,15715527,Investment Plan,False,2025/10/11
406,15773876,Personal Loan,False,2025/10/12
407,15596405,Insurance Bundle,True,2025/10/13
408,15671137,Personal Loan,True,2025/10/14
409,15585839,Cashback,false,2025/10/15
410,15589493,Credit Card Upgrade,false,2025/10/16
411,15640789,Insurance Bundle,False,2025/10/17
412,15571816,Personal Loan,False,2025/10/18
413,15724834,Personal Loan,False,2025/10/19
414,15787204,Cashback,True,2025/10/20
415,15582246,Personal Loan,True,2025/10/21
416,15581295,Investment Plan,True,2025/10/22
417,15688409,Investment Plan,False,2025/10/23
418,15700964,Personal Loan,True,2025/10/24
419,15778149,Credit Card Upgrade,True,2025/10/25
420,15748947,Insurance Bundle,Y,2025/10/26
421,15625445,Credit Card Upgrade,True,2025/10/27
422,15585192,Investment Plan,False,2025/10/28
423,15695932,Insurance Bundle,True,2025/10/29
424,15724536,Insurance Bundle,True,2025/10/30
425,15631339,Investment Plan,False,2025/10/31
426,15682355,Investment Plan,False,2025/11/01
427,15702175,Investment Plan,False,2025/11/02
428,15756850,Insurance Bundle,False,2025/11/03
429,15671591,,True,2025/11/04
430,15661936,Cashback,False,2025/11/05
431,15636572,Insurance Bundle,False,2025/11/06
432,15763859,Credit Card Upgrade,True,2025/11/07
433,15592765,Credit Card Upgrade,False,2025/11/08
434,15602845,Cashback,No,2025/11/09
435,15624072,Credit Card Upgrade,True,2025/11/10
436,15773789,Cashback,False,2025/11/11
437,15786680,Insurance Bundle,False,2025/11/12
438,15687626,Investment Plan,N,2025/11/13
439,15573171,Personal Loan,True,2025/11/14
440,15690589,,False,2025/11/15
441,15787318,Credit Card Upgrade,False,2025/11/16
442,15813095,Investment Plan,True,2025/11/17
443,15809263,Personal Loan,False,2025/11/18
444,15713426,Cashback,False,2025/11/19
445,15665110,Investment Plan,False,2025/11/20
446,15747503,Investment Plan,False,2025/11/21
447,15680772,Credit Card Upgrade,true,2025/11/22
448,15690440,Insurance Bundle,False,2025/11/23
449,15750769,Personal Loan,True,2025/11/24
450,15605918,Cashback,False,2025/11/25
451,15633546,Insurance Bundle,False,2025/11/26
452,15707674,Investment Plan,False,2025/11/27
453,15773098,Investment Plan,True,2025/11/28
454,15801915,Investment Plan,False,2025/11/29
455,15579914,Cashback,Yes,2025/11/30
456,15637753,Credit Card Upgrade,False,2025/12/01
457,15631800,Personal Loan,False,2025/12/02
458,15566139,Cashback,False,2025/12/03
459,15777639,Credit Card Upgrade,False,2025/12/04
460,15694296,Personal Loan,0,2025/12/05
461,15684367,Investment Plan,False,2025/12/06
462,15591357,Cashback,False,2025/12/07
463,15570533,Investment Plan,false,2025/12/08
464,15779497,Personal Loan,False,2025/12/09
465,15786643,Personal Loan,N,2025/12/10
466,15595047,Insurance Bundle,True,2025/12/11
467,15730447,Personal Loan,True,2025/12/12
468,15794360,Credit Card Upgrade,False,2025/12/13
469,15685329,Investment Plan,True,2025/12/14
470,15735439,Investment Plan,False,2025/12/15
471,15755678,Personal Loan,False,2025/12/16
472,15660475,Investment Plan,true,2025/12/17
473,15631681,Insurance Bundle,False,2025/12/18
474,15570002,Investment Plan,0,2025/12/19
475,15626983,Investment Plan,False,2025/12/20
476,15772363,Investment Plan,False,2025/12/21
477,15669782,Cashback,True,2025/12/22
478,15774179,Investment Plan,False,2025/12/23
479,15791321,Insurance Bundle,False,2025/12/24
480,15641122,Investment Plan,False,2025/12/25
481,15582519,Investment Plan,True,2025/12/26
482,15590146,Insurance Bundle,False,2025/12/27
483,15657937,Insurance Bundle,False,2025/12/28
484,15748473,Investment Plan,False,2025/12/29
485,15653547,Credit Card Upgrade,True,2025/12/30
486,15694677,Cashback,True,2025/12/31
487,15631882,Insurance Bundle,True,2026/01/01
488,15624866,Investment Plan,N,2026/01/02
489,15656176,Personal Loan,False,2026/01/03
490,15690695,Credit Card Upgrade,true,2026/01/04
491,15680736,Personal Loan,False,2026/01/05
492,15632365,Cashback,False,2026/01/06
493,15671987,,False,2026/01/07
494,15704788,Insurance Bundle,No,2026/01/08
495,15622729,Investment Plan,True,2026/01/09
496,15646756,,False,2026/01/10
497,15738042,Investment Plan,False,2026/01/11
498,15743545,Credit Card Upgrade,False,2026/01/12
499,15641715,Cashback,False,2026/01/13
500,15685640,Investment Plan,True,2026/01/14
501,15680736,Investment Plan,False,2026/01/15
502,15583137,Personal Loan,1,2026/01/16
503,15756305,Credit Card Upgrade,False,2026/01/17
504,15580845,Insurance Bundle,True,2026/01/18
505,15725311,Cashback,True,2026/01/19
506,15775293,,True,2026/01/20
507,15669253,Insurance Bundle,False,2026/01/21
508,15612627,Cashback,False,2026/01/22
509,15628274,Credit Card Upgrade,True,2026/01/23
510,15756472,Investment Plan,False,2026/01/24
511,15781409,Cashback,False,2026/01/25
512,15657468,Credit Card Upgrade,True,2026/01/26
513,15576714,Personal Loan,False,2026/01/27
514,15605872,Cashback,True,2026/01/28
515,15766355,Insurance Bundle,False,2026/01/29
516,15736078,Cashback,False,2026/01/30
517,15783029,Personal Loan,False,2026/01/31
518,15621205,Insurance Bundle,True,2026/02/01
519,15665374,Insurance Bundle,False,2026/02/02
520,15714939,Cashback,false,2026/02/03
521,15622507,Cashback,True,2026/02/04
522,15790489,Credit Card Upgrade,0,2026/02/05
523,15692929,Cashback,False,2026/02/06
524,15708505,Insurance Bundle,False,2026/02/07
525,15601589,Personal Loan,False,2026/02/08
526,15677955,Cashback,0,2026/02/09
527,15737556,Personal Loan,False,2026/02/10
528,15807563,Cashback,False,2026/02/11
529,15776725,Insurance Bundle,True,2026/02/12
530,15591286,Personal Loan,No,2026/02/13
531,15625916,Personal Loan,false,2026/02/14
532,15674254,Investment Plan,0,2026/02/15
533,15610156,Investment Plan,False,2026/02/16
534,15812198,Credit Card Upgrade,True,2026/02/17
535,15605950,Cashback,N,2026/02/18
536,15707199,Insurance Bundle,False,2026/02/19
537,15567991,Investment Plan,Yes,2026/02/20
538,15624850,,False,2026/02/21
539,15747974,Credit Card Upgrade,False,2026/02/22
540,15691723,Insurance Bundle,True,2026/02/23
541,15595324,Personal Loan,False,2026/02/24
542,15606887,Credit Card Upgrade,False,2026/02/25
543,15651336,Credit Card Upgrade,N,2026/02/26
544,15623644,,False,2026/02/27
545,15589431,Investment Plan,Yes,2026/02/28
546,15813894,Cashback,False,2026/03/01
547,15578788,Personal Loan,False,2026/03/02
548,15812184,Personal Loan,False,2026/03/03
549,15762455,Personal Loan,True,2026/03/04
550,15750056,,False,2026/03/05
551,15639217,Credit Card Upgrade,False,2026/03/06
552,15661409,Insurance Bundle,True,2026/03/07
553,15755330,Cashback,true,2026/03/08
554,15791321,Credit Card Upgrade,False,2026/03/09
555,15655298,Investment Plan,False,2026/03/10
556,15612615,Investment Plan,true,2026/03/11
557,15786170,Credit Card Upgrade,True,2026/03/12
558,15583580,Personal Loan,True,2026/03/13
559,15812611,Insurance Bundle,True,2026/03/14
560,15586699,Personal Loan,Y,2026/03/15
561,15604551,Insurance Bundle,False,2026/03/16
562,15632669,Credit Card Upgrade,False,2026/03/17
563,15578096,Credit Card Upgrade,False,2026/03/18
564,15734161,Credit Card Upgrade,False,2026/03/19
565,15578375,Personal Loan,No,2026/03/20
566,15725076,Cashback,True,2026/03/21
567,15649112,Credit Card Upgrade,False,2026/03/22
568,15751491,Insurance Bundle,True,2026/03/23
569,15781914,Investment Plan,False,2026/03/24
570,15678720,Credit Card Upgrade,True,2026/03/25
571,15712199,Credit Card Upgrade,False,2026/03/26
572,15593331,Investment Plan,True,2026/03/27
573,15585067,Personal Loan,1,2026/03/28
574,15776939,Investment Plan,True,2026/03/29
575,15712930,Investment Plan,False,2026/03/30
576,15651336,,False,2026/03/31
577,15753874,Personal Loan,False,2026/04/01
578,15775880,Insurance Bundle,0,2026/04/02
579,15639590,Credit Card Upgrade,N,2026/04/03
580,15694677,Personal Loan,True,2026/04/04
581,15656029,Personal Loan,True,2026/04/05
582,15705313,Personal Loan,True,2026/04/06
583,15568429,Insurance Bundle,False,2026/04/07
584,15682070,Credit Card Upgrade,True,2026/04/08
585,15641773,Credit Card Upgrade,False,2026/04/09
586,15703413,Credit Card Upgrade,No,2026/04/10
587,15796957,Cashback,False,2026/04/11
588,15800583,Credit Card Upgrade,False,2026/04/12
589,15713559,Cashback,No,2026/04/13
590,15797227,,True,2026/04/14
591,15601026,Credit Card Upgrade,False,2026/04/15
592,15792004,,False,2026/04/16
593,15617078,Insurance Bundle,False,2026/04/17
594,15694444,Personal Loan,False,2026/04/18
595,15813862,Insurance Bundle,False,2026/04/19
596,15808846,Cashback,False,2026/04/20
597,15630551,Cashback,True,2026/04/21
598,15664214,Insurance Bundle,False,2026/04/22
599,15615126,Cashback,False,2026/04/23
600,15691323,Cashback,No,2026/04/24
601,15791780,Cashback,False,2026/04/25
602,15635240,Insurance Bundle,False,2026/04/26
603,15578251,Personal Loan,False,2026/04/27
604,15598782,Insurance Bundle,False,2026/04/28
605,15662532,Credit Card Upgrade,False,2026/04/29
606,15703923,Investment Plan,False,2026/04/30
607,15568595,Cashback,False,2026/05/01
608,15717489,Cashback,False,2026/05/02
609,15790093,Credit Card Upgrade,False,2026/05/03
610,15713774,Cashback,False,2026/05/04
611,15623219,Personal Loan,False,2026/05/05
612,15591107,Investment Plan,False,2026/05/06
613,15761775,Personal Loan,True,2026/05/07
614,15762928,Credit Card Upgrade,False,2026/05/08
615,15737169,Insurance Bundle,True,2026/05/09
616,15622774,Cashback,False,2026/05/10
617,15753102,Investment Plan,False,2026/05/11
618,15611331,Investment Plan,False,2026/05/12
619,15681671,,False,2026/05/13
620,15596713,Investment Plan,False,2026/05/14
621,15788131,Credit Card Upgrade,False,2026/05/15
622,15640421,Cashback,Y,2026/05/16
623,15662294,Personal Loan,True,2026/05/17
624,15766185,Personal Loan,True,2026/05/18
625,15618695,Credit Card Upgrade,False,2026/05/19
626,15802106,Insurance Bundle,False,2026/05/20
627,15627665,Personal Loan,true,2026/05/21
628,15696506,Insurance Bundle,True,2026/05/22
629,15704053,Credit Card Upgrade,False,2026/05/23
630,15707861,Personal Loan,False,2026/05/24
631,15751120,Credit Card Upgrade,false,2026/05/25
632,15594862,Investment Plan,True,2026/05/26
633,15640078,Investment Plan,False,2026/05/27
634,15565806,Personal Loan,False,2026/05/28
635,15783338,Cashback,N,2026/05/29
636,15647333,Cashback,False,2026/05/30
637,15698349,Investment Plan,Yes,2026/05/31
638,15734365,Insurance Bundle,True,2026/06/01
639,15797905,Investment Plan,True,2026/06/02
640,15757568,Cashback,Y,2026/06/03
641,15699772,Credit Card Upgrade,False,2026/06/04
642,15773487,Investment Plan,True,2026/06/05
643,15734714,Insurance Bundle,True,2026/06/06
644,15791780,Personal Loan,False,2026/06/07
645,15641285,Personal Loan,False,2026/06/08
646,15710138,Insurance Bundle,True,2026/06/09
647,15798975,Insurance Bundle,N,2026/06/10
648,15809736,,False,2026/06/11
649,15690337,Credit Card Upgrade,True,2026/06/12
650,15669253,Personal Loan,False,2026/06/13
651,15642162,Insurance Bundle,False,2026/06/14
652,15617065,Credit Card Upgrade,True,2026/06/15
653,15699309,Credit Card Upgrade,False,2026/06/16
654,15794257,Cashback,False,2026/06/17
655,15686941,Investment Plan,True,2026/06/18
656,15652835,Insurance Bundle,false,2026/06/19
657,15593510,Cashback,False,2026/06/20
658,15662291,Personal Loan,No,2026/06/21
659,15633818,Insurance Bundle,True,2026/06/22
660,15624866,Credit Card Upgrade,False,2026/06/23
661,15625706,Credit Card Upgrade,False,2026/06/24
662,15660475,Credit Card Upgrade,False,2026/06/25
663,15733616,Personal Loan,True,2026/06/26
664,15711602,Investment Plan,false,2026/06/27
665,15809901,Personal Loan,1,2026/06/28
666,15697034,Credit Card Upgrade,False,2026/06/29
667,15785899,Cashback,False,2026/06/30
668,15602554,Personal Loan,False,2026/07/01
669,15583748,Personal Loan,False,2026/07/02
670,15669664,Cashback,True,2026/07/03
671,15649183,Personal Loan,False,2026/07/04
672,15699446,Cashback,False,2026/07/05
673,15717498,Personal Loan,True,2026/07/06
674,15762268,Insurance Bundle,False,2026/07/07
675,15777639,Cashback,False,2026/07/08
676,15797751,Investment Plan,True,2026/07/09
677,15573280,Personal Loan,False,2026/07/10
678,15732672,Insurance Bundle,False,2026/07/11
679,15599829,Insurance Bundle,No,2026/07/12
680,15755678,Insurance Bundle,True,2026/07/13
681,15661275,Investment Plan,False,2026/07/14
682,15598782,Insurance Bundle,True,2026/07/15
683,15591489,Insurance Bundle,False,2026/07/16
684,15617252,Personal Loan,True,2026/07/17
685,15644280,Credit Card Upgrade,true,2026/07/18
686,15752601,Investment Plan,False,2026/07/19
687,15756610,Insurance Bundle,False,2026/07/20
688,15756241,Personal Loan,False,2026/07/21
689,15774285,,false,2026/07/22
690,15591150,Credit Card Upgrade,False,2026/07/23
691,15808662,Insurance Bundle,No,2026/07/24
692,15680804,Cashback,False,2026/07/25
693,15606613,Cashback,False,2026/07/26
694,15737385,Personal Loan,False,2026/07/27
695,15790067,Credit Card Upgrade,True,2026/07/28
696,15730273,Credit Card Upgrade,False,2026/07/29
697,15797197,Insurance Bundle,False,2026/07/30
698,15648362,,False,2026/07/31
699,15666096,Cashback,True,2026/08/01
700,15713144,,False,2026/08/02
701,15710257,Insurance Bundle,False,2026/08/03
702,15576156,Credit Card Upgrade,No,2026/08/04
703,15778219,Investment Plan,True,2026/08/05
704,15639590,Insurance Bundle,Y,2026/08/06
705,15691952,Investment Plan,False,2026/08/07
706,15724834,Investment Plan,False,2026/08/08
707,15659325,Personal Loan,False,2026/08/09
708,15746451,Cashback,True,2026/08/10
709,15772777,Cashback,False,2026/08/11
710,15593241,Cashback,False,2026/08/12
711,15584190,Investment Plan,False,2026/08/13
712,15735636,Personal Loan,True,2026/08/14
713,15734628,Credit Card Upgrade,False,2026/08/15
714,15581229,Investment Plan,False,2026/08/16
715,15611189,Personal Loan,False,2026/08/17
716,15737173,Credit Card Upgrade,false,2026/08/18
717,15776404,Insurance Bundle,True,2026/08/19
718,15667265,Insurance Bundle,True,2026/08/20
719,15722692,Investment Plan,Yes,2026/08/21
720,15718843,Personal Loan,False,2026/08/22
721,15631339,Personal Loan,True,2026/08/23
722,15754112,Credit Card Upgrade,False,2026/08/24
723,15799825,Cashback,True,2026/08/25
724,15659092,Cashback,False,2026/08/26
725,15603554,Credit Card Upgrade,No,2026/08/27
726,15581840,Cashback,True,2026/08/28
727,15639049,,False,2026/08/29
728,15772601,Insurance Bundle,True,2026/08/30
729,15787907,Investment Plan,False,2026/08/31
730,15744553,Cashback,False,2026/09/01
731,15785183,Investment Plan,True,2026/09/02
732,15753161,Personal Loan,False,2026/09/03
733,15730447,Credit Card Upgrade,True,2025/09/03
734,15782360,Personal Loan,True,2025/09/04
735,15711062,Personal Loan,True,2025/09/05
736,15615207,Insurance Bundle,True,2025/09/06
737,15681755,Credit Card Upgrade,False,2025/09/07
738,15645593,Personal Loan,False,2025/09/08
739,15812241,Cashback,False,2025/09/09
740,15808846,Investment Plan,True,2025/09/10
741,15795290,Credit Card Upgrade,False,2025/09/11
742,15785782,Personal Loan,True,2025/09/12
743,15775741,Insurance Bundle,False,2025/09/13
744,15738181,Cashback,False,2025/09/14
745,15615245,Investment Plan,False,2025/09/15
746,15805523,Cashback,False,2025/09/16
747,15581968,Personal Loan,False,2025/09/17
748,15711316,Cashback,True,2025/09/18
749,15615245,Insurance Bundle,Yes,2025/09/19
750,15730076,Insurance Bundle,False,2025/09/20
751,15668248,,False,2025/09/21
752,15710450,Personal Loan,False,2025/09/22
753,15674331,Investment Plan,False,2025/09/23
754,15582149,Credit Card Upgrade,False,2025/09/24
755,15665629,Personal Loan,False,2025/09/25
756,15581229,Personal Loan,True,2025/09/26
757,15569626,Investment Plan,False,2025/09/27
758,15589147,Personal Loan,True,2025/09/28
759,15763327,Credit Card Upgrade,True,2025/09/29
760,15732334,Personal Loan,True,2025/09/30
761,15754526,Credit Card Upgrade,False,2025/10/01
762,15646168,Investment Plan,False,2025/10/02
763,15753874,Investment Plan,False,2025/10/03
764,15660429,Investment Plan,True,2025/10/04
765,15815316,Personal Loan,False,2025/10/05
766,15591135,Cashback,N,2025/10/06
767,15690182,Cashback,False,2025/10/07
768,15608381,Insurance Bundle,False,2025/10/08
769,15567399,Credit Card Upgrade,False,2025/10/09
770,15680767,Investment Plan,True,2025/10/10
771,15608688,Credit Card Upgrade,False,2025/10/11
772,15618245,Credit Card Upgrade,N,2025/10/12
773,15737080,Personal Loan,False,2025/10/13
774,15702298,Investment Plan,False,2025/10/14
775,15699772,Personal Loan,True,2025/10/15
776,15760514,Cashback,No,2025/10/16
777,15649418,Insurance Bundle,True,2025/10/17
778,15685357,Investment Plan,False,2025/10/18
779,15718454,Investment Plan,True,2025/10/19
780,15572777,Personal Loan,False,2025/10/20
781,15774393,Personal Loan,False,2025/10/21
782,15707479,Investment Plan,False,2025/10/22
783,15778149,Insurance Bundle,False,2025/10/23
784,15581700,Credit Card Upgrade,True,2025/10/24
785,15579262,Credit Card Upgrade,No,2025/10/25
786,15629744,Credit Card Upgrade,True,2025/10/26
787,15580935,Investment Plan,0,2025/10/27
788,15676707,Insurance Bundle,False,2025/10/28
789,15685564,Investment Plan,True,2025/10/29
790,15665861,Personal Loan,True,2025/10/30
791,15645095,Credit Card Upgrade,True,2025/10/31
792,15628170,Insurance Bundle,True,2025/11/01
793,15777599,Insurance Bundle,False,2025/11/02
794,15710295,Personal Loan,No,2025/11/03
795,15754053,Investment Plan,False,2025/11/04
796,15710689,Insurance Bundle,True,2025/11/05
797,15651802,,0,2025/11/06
798,15728012,Personal Loan,False,2025/11/07
799,15592877,Cashback,False,2025/11/08
800,15719940,Insurance Bundle,False,2025/11/09
801,15771270,Insurance Bundle,True,2025/11/10
802,15601184,Investment Plan,False,2025/11/11
803,15744919,Investment Plan,False,2025/11/12
804,15615096,Personal Loan,False,2025/11/13
805,15724563,Insurance Bundle,0,2025/11/14
806,15592025,Personal Loan,N,2025/11/15
807,15774402,Insurance Bundle,True,2025/11/16
808,15636595,Investment Plan,True,2025/11/17
809,15797204,Cashback,False,2025/11/18
810,15762573,Personal Loan,False,2025/11/19
811,15764431,Credit Card Upgrade,False,2025/11/20
812,15720702,Credit Card Upgrade,False,2025/11/21
813,15802368,Investment Plan,False,2025/11/22
814,15699335,Investment Plan,False,2025/11/23
815,15777892,Investment Plan,False,2025/11/24
816,15618182,Cashback,False,2025/11/25
817,15628008,Insurance Bundle,true,2025/11/26
818,15793491,Investment Plan,False,2025/11/27
819,15572174,Investment Plan,False,2025/11/28
820,15716000,Personal Loan,True,2025/11/29
821,15759038,Credit Card Upgrade,False,2025/11/30
822,15807663,Investment Plan,False,2025/12/01
823,15807768,Personal Loan,True,2025/12/02
824,15592000,Investment Plan,False,2025/12/03
825,15613844,Investment Plan,false,2025/12/04
826,15592773,Cashback,True,2025/12/05
827,15652289,Personal Loan,No,2025/12/06
828,15633574,Insurance Bundle,False,2025/12/07
829,15775880,Insurance Bundle,False,2025/12/08
830,15697028,Investment Plan,False,2025/12/09
831,15809847,Personal Loan,False,2025/12/10
832,15623502,Investment Plan,False,2025/12/11
833,15664543,Investment Plan,False,2025/12/12
834,15783398,Insurance Bundle,True,2025/12/13
835,15703763,Insurance Bundle,False,2025/12/14
836,15664849,Credit Card Upgrade,True,2025/12/15
837,15734161,Personal Loan,False,2025/12/16
838,15681180,Insurance Bundle,True,2025/12/17
839,15647807,Credit Card Upgrade,1,2025/12/18
840,15572174,Insurance Bundle,False,2025/12/19
841,15589869,Insurance Bundle,True,2025/12/20
842,15664752,Investment Plan,False,2025/12/21
843,15799710,Personal Loan,True,2025/12/22
844,15712938,Personal Loan,False,2025/12/23
845,15613844,Personal Loan,False,2025/12/24
846,15623277,Personal Loan,False,2025/12/25
847,15569451,Personal Loan,False,2025/12/26
848,15748608,Cashback,No,2025/12/27
849,15789936,Credit Card Upgrade,false,2025/12/28
850,15772363,Insurance Bundle,False,2025/12/29
851,15609319,Personal Loan,False,2025/12/30
852,15686461,Credit Card Upgrade,False,2025/12/31
853,15660422,Personal Loan,False,2026/01/01
854,15713250,,True,2026/01/02
855,15710316,Investment Plan,False,2026/01/03
856,15806455,Credit Card Upgrade,True,2026/01/04
857,15687218,Personal Loan,True,2026/01/05
858,15712584,Insurance Bundle,False,2026/01/06
859,15639530,Credit Card Upgrade,False,2026/01/07
860,15649536,Personal Loan,No,2026/01/08
861,15746902,Investment Plan,False,2026/01/09
862,15676909,Investment Plan,1,2026/01/10
863,15774250,Investment Plan,False,2026/01/11
864,15781298,Personal Loan,False,2026/01/12
865,15568748,Personal Loan,True,2026/01/13
866,15575492,Credit Card Upgrade,N,2026/01/14
867,15745624,Insurance Bundle,false,2026/01/15
868,15658548,Cashback,False,2026/01/16
869,15694444,Credit Card Upgrade,True,2026/01/17
870,15631868,Insurance Bundle,N,2026/01/18
871,15658306,Credit Card Upgrade,False,2026/01/19
872,15659807,Credit Card Upgrade,False,2026/01/20
873,15647570,Investment Plan,False,2026/01/21
874,15579706,Credit Card Upgrade,False,2026/01/22
875,15760774,Personal Loan,False,2026/01/23
876,15604130,Credit Card Upgrade,True,2026/01/24
877,15659651,Credit Card Upgrade,True,2026/01/25
878,15796167,Investment Plan,False,2026/01/26
879,15617482,Personal Loan,False,2026/01/27
880,15810732,Insurance Bundle,True,2026/01/28
881,15800554,Cashback,False,2026/01/29
882,15615991,Personal Loan,False,2026/01/30
883,15608387,Investment Plan,N,2026/01/31
884,15659094,Cashback,False,2026/02/01
885,15794493,Investment Plan,False,2026/02/02
886,15801767,,True,2026/02/03
887,15643330,Personal Loan,False,2026/02/04
888,15660679,Credit Card Upgrade,False,2026/02/05
889,15691723,Insurance Bundle,False,2026/02/06
890,15645316,,True,2026/02/07
891,15812324,Credit Card Upgrade,true,2026/02/08
892,15618774,Investment Plan,True,2026/02/09
893,15625501,Insurance Bundle,False,2026/02/10
894,15801904,Insurance Bundle,True,2026/02/11
895,15593178,Personal Loan,False,2026/02/12
896,15769356,Investment Plan,True,2026/02/13
897,15623966,Investment Plan,True,2026/02/14
898,15726855,Credit Card Upgrade,False,2026/02/15
899,15645511,Insurance Bundle,False,2026/02/16
900,15649508,Personal Loan,True,2026/02/17
901,15575748,Personal Loan,True,2026/02/18
902,15687884,Personal Loan,False,2026/02/19
903,15769356,Investment Plan,No,2026/02/20
904,15599131,Cashback,False,2026/02/21
905,15668472,Investment Plan,False,2026/02/22
906,15595162,Investment Plan,False,2026/02/23
907,15778838,Personal Loan,False,2026/02/24
908,15661219,Investment Plan,False,2026/02/25
909,15774127,Credit Card Upgrade,False,2026/02/26
910,15757916,Personal Loan,False,2026/02/27
911,15765287,Credit Card Upgrade,False,2026/02/28
912,15765415,Personal Loan,False,2026/03/01
913,15708228,,False,2026/03/02
914,15594862,,False,2026/03/03
915,15784286,,True,2026/03/04
916,15769312,Insurance Bundle,false,2026/03/05
917,15795933,Investment Plan,False,2026/03/06
918,15716501,Investment Plan,False,2026/03/07
919,15679410,Credit Card Upgrade,False,2026/03/08
920,15707674,Cashback,False,2026/03/09
921,15790254,Investment Plan,False,2026/03/10
922,15806230,,False,2026/03/11
923,15614847,Insurance Bundle,False,2026/03/12
924,15665238,Investment Plan,True,2026/03/13
925,15615820,Personal Loan,False,2026/03/14
926,15579781,Cashback,False,2026/03/15
927,15610781,Cashback,False,2026/03/16
928,15711249,Credit Card Upgrade,False,2026/03/17
929,15664808,Credit Card Upgrade,0,2026/03/18
930,15807473,Cashback,True,2026/03/19
931,15687558,,True,2026/03/20
932,15595447,Investment Plan,N,2026/03/21
933,15795878,Investment Plan,True,2026/03/22
934,15577751,Investment Plan,False,2026/03/23
935,15649292,Insurance Bundle,True,2026/03/24
936,15797767,Personal Loan,False,2026/03/25
937,15785980,Credit Card Upgrade,True,2026/03/26
938,15726358,Cashback,False,2026/03/27
939,15694852,Cashback,True,2026/03/28
940,15813871,Credit Card Upgrade,True,2026/03/29
941,15809830,Investment Plan,False,2026/03/30
942,15659175,Credit Card Upgrade,False,2026/03/31
943,15703117,Investment Plan,N,2026/04/01
944,15703264,Credit Card Upgrade,True,2026/04/02
945,15673790,Insurance Bundle,False,2026/04/03
946,15730590,Credit Card Upgrade,false,2026/04/04
947,15724691,Personal Loan,True,2026/04/05
948,15621195,Personal Loan,N,2026/04/06
949,15751180,Credit Card Upgrade,False,2026/04/07
950,15703399,,False,2026/04/08
951,15770435,,True,2026/04/09
952,15733883,Insurance Bundle,False,2026/04/10
953,15690182,Investment Plan,False,2026/04/11
954,15617136,Cashback,Y,2026/04/12
955,15797149,Investment Plan,False,2026/04/13
956,15574947,,Yes,2026/04/14
957,15721383,Cashback,False,2026/04/15
958,15672798,Investment Plan,False,2026/04/16
959,15754342,Personal Loan,True,2026/04/17
960,15737795,Investment Plan,False,2026/04/18
961,15734942,Cashback,False,2026/04/19
962,15757916,Credit Card Upgrade,False,2026/04/20
963,15803538,Investment Plan,False,2026/04/21
964,15689671,Personal Loan,False,2026/04/22
965,15792222,Investment Plan,False,2026/04/23
966,15615931,Personal Loan,True,2026/04/24
967,15772781,Cashback,False,2026/04/25
968,15682834,Credit Card Upgrade,True,2026/04/26
969,15743817,Insurance Bundle,No,2026/04/27
970,15634551,Investment Plan,True,2026/04/28
971,15776096,Cashback,Yes,2026/04/29
972,15580623,Cashback,False,2026/04/30
973,15677135,Insurance Bundle,False,2026/05/01
974,15747772,Insurance Bundle,False,2026/05/02
975,15714380,Insurance Bundle,False,2026/05/03
976,15800703,Investment Plan,True,2026/05/04
977,15728542,Investment Plan,False,2026/05/05
978,15799710,Credit Card Upgrade,False,2026/05/06
979,15581280,Personal Loan,True,2026/05/07
980,15698117,Cashback,False,2026/05/08
981,15643865,Cashback,False,2026/05/09
982,15759915,Personal Loan,0,2026/05/10
983,15724663,Investment Plan,False,2026/05/11
984,15802823,Investment Plan,True,2026/05/12
985,15785485,Cashback,False,2026/05/13
986,15721303,Investment Plan,False,2026/05/14
987,15787189,,False,2026/05/15
988,15680767,Personal Loan,True,2026/05/16
989,15640922,Credit Card Upgrade,0,2026/05/17
990,15573893,Insurance Bundle,False,2026/05/18
991,15734850,Insurance Bundle,False,2026/05/19
992,15669946,Insurance Bundle,False,2026/05/20
993,15713637,Cashback,False,2026/05/21
994,15806546,Cashback,0,2026/05/22
995,15783083,Insurance Bundle,False,2026/05/23
996,15597131,,False,2026/05/24
997,15629475,Insurance Bundle,1,2026/05/25
998,15795079,Cashback,True,2026/05/26
999,15749671,Credit Card Upgrade,False,2026/05/27
1000,15792916,Personal Loan,True,2026/05/28
1001,15591135,Insurance Bundle,Yes,2026/05/29
1002,15739548,Investment Plan,False,2026/05/30
1003,15625021,Insurance Bundle,False,2026/05/31
1004,15644501,Personal Loan,False,2026/06/01
1005,15814237,,True,2026/06/02
1006,15613786,Personal Loan,True,2026/06/03
1007,15786392,Credit Card Upgrade,False,2026/06/04
1008,15774164,Insurance Bundle,False,2026/06/05
1009,15656263,Cashback,False,2026/06/06
1010,15696826,Cashback,False,2026/06/07
1011,15740406,Insurance Bundle,False,2026/06/08
1012,15673790,Insurance Bundle,True,2026/06/09
1013,15808846,Personal Loan,True,2026/06/10
1014,15605072,Investment Plan,False,2026/06/11
1015,15803538,,False,2026/06/12
1016,15713479,Insurance Bundle,N,2026/06/13
1017,15795963,Insurance Bundle,False,2026/06/14
1018,15698285,Personal Loan,False,2026/06/15
1019,15570947,Personal Loan,False,2026/06/16
1020,15624180,Cashback,False,2026/06/17
1021,15659677,Cashback,True,2026/06/18
1022,15672397,Credit Card Upgrade,True,2026/06/19
1023,15575024,Cashback,False,2026/06/20
1024,15758901,Investment Plan,False,2026/06/21
1025,15628008,Personal Loan,False,2026/06/22
1026,15793343,Investment Plan,False,2026/06/23
1027,15702277,Cashback,False,2026/06/24
1028,15814664,Personal Loan,True,2026/06/25
1029,15621818,Insurance Bundle,True,2026/06/26
1030,15653997,Cashback,False,2026/06/27
1031,15609070,Cashback,False,2026/06/28
1032,15570205,Credit Card Upgrade,No,2026/06/29
1033,15664737,Credit Card Upgrade,True,2026/06/30
1034,15705918,Investment Plan,True,2026/07/01
1035,15766765,Credit Card Upgrade,False,2026/07/02
1036,15658306,Cashback,True,2026/07/03
1037,15757777,Personal Loan,True,2026/07/04
1038,15612966,Cashback,True,2026/07/05
1039,15720929,Insurance Bundle,False,2026/07/06
1040,15770030,Insurance Bundle,True,2026/07/07
1041,15638231,Investment Plan,False,2026/07/08
1042,15813844,Credit Card Upgrade,False,2026/07/09
1043,15633141,Cashback,False,2026/07/10
1044,15631217,Insurance Bundle,True,2026/07/11
1045,15646817,Investment Plan,True,2026/07/12
1046,15792649,Insurance Bundle,0,2026/07/13
1047,15673599,Cashback,False,2026/07/14
1048,15606177,Insurance Bundle,False,2026/07/15
1049,15688409,Credit Card Upgrade,False,2026/07/16
1050,15806922,Insurance Bundle,False,2026/07/17
1051,15792934,Insurance Bundle,True,2026/07/18
1052,15579345,Personal Loan,True,2026/07/19
1053,15802071,Personal Loan,False,2026/07/20
1054,15567446,Cashback,True,2026/07/21
1055,15734765,Cashback,False,2026/07/22
1056,15790564,Credit Card Upgrade,False,2026/07/23
1057,15666297,Credit Card Upgrade,false,2026/07/24
1058,15694860,Investment Plan,True,2026/07/25
1059,15725076,Credit Card Upgrade,False,2026/07/26
1060,15802486,Investment Plan,True,2026/07/27
1061,15772781,Cashback,False,2026/07/28
1062,15629739,Investment Plan,True,2026/07/29
1063,15722479,Credit Card Upgrade,False,2026/07/30
1064,15699492,Personal Loan,False,2026/07/31
1065,15580953,Cashback,False,2026/08/01
1066,15592846,Cashback,False,2026/08/02
1067,15611669,Credit Card Upgrade,False,2026/08/03
1068,15719579,Investment Plan,True,2026/08/04
1069,15718673,Investment Plan,False,2026/08/05
1070,15724307,Personal Loan,False,2026/08/06
1071,15694566,Credit Card Upgrade,False,2026/08/07
1072,15693637,Credit Card Upgrade,False,2026/08/08
1073,15737051,Personal Loan,False,2026/08/09
1074,15696361,Personal Loan,True,2026/08/10
1075,15569595,Investment Plan,True,2026/08/11
1076,15575438,Personal Loan,False,2026/08/12
1077,15783026,Investment Plan,0,2026/08/13
1078,15806049,Personal Loan,True,2026/08/14
1079,15671514,Investment Plan,true,2026/08/15
1080,15681180,Investment Plan,true,2026/08/16
1081,15791991,Personal Loan,False,2026/08/17
1082,15710726,Investment Plan,False,2026/08/18
1083,15645095,Cashback,False,2026/08/19
1084,15611961,Investment Plan,True,2026/08/20
1085,15760446,Insurance Bundle,False,2026/08/21
1086,15604345,Credit Card Upgrade,True,2026/08/22
1087,15706116,Credit Card Upgrade,False,2026/08/23
1088,15659931,Insurance Bundle,False,2026/08/24
1089,15645517,Personal Loan,False,2026/08/25
1090,15758451,Investment Plan,0,2026/08/26
1091,15647333,Insurance Bundle,True,2026/08/27
1092,15568849,Investment Plan,false,2026/08/28
1093,15766458,Credit Card Upgrade,True,2026/08/29
1094,15692718,Personal Loan,True,2026/08/30
1095,15644280,Investment Plan,No,2026/08/31
1096,15692110,Credit Card Upgrade,False,2026/09/01
1097,15565706,Credit Card Upgrade,False,2026/09/02
1098,15674331,Personal Loan,False,2026/09/03
1099,15694404,Investment Plan,True,2025/09/03
1100,15649858,Cashback,False,2025/09/04
1101,15785183,Cashback,False,2025/09/05
1102,15716082,Personal Loan,False,2025/09/06
1103,15773071,Insurance Bundle,True,2025/09/07
1104,15628144,Personal Loan,true,2025/09/08
1105,15602812,Insurance Bundle,True,2025/09/09
1106,15642099,Personal Loan,False,2025/09/10
1107,15697028,Insurance Bundle,False,2025/09/11
1108,15787071,Insurance Bundle,False,2025/09/12
1109,15659364,Cashback,False,2025/09/13
1110,15578603,Insurance Bundle,False,2025/09/14
1111,15797595,Investment Plan,True,2025/09/15
1112,15793324,Cashback,False,2025/09/16
1113,15799534,Insurance Bundle,False,2025/09/17
1114,15782418,Investment Plan,True,2025/09/18
1115,15808283,Investment Plan,True,2025/09/19
1116,15676433,Credit Card Upgrade,No,2025/09/20
1117,15701412,Personal Loan,false,2025/09/21
1118,15716347,Personal Loan,False,2025/09/22
1119,15611551,Credit Card Upgrade,True,2025/09/23
1120,15761713,Investment Plan,False,2025/09/24
1121,15684512,Investment Plan,False,2025/09/25
1122,15718454,Personal Loan,False,2025/09/26
1123,15699029,Insurance Bundle,False,2025/09/27
1124,15644977,Investment Plan,False,2025/09/28
1125,15799825,Investment Plan,True,2025/09/29
1126,15638983,Credit Card Upgrade,False,2025/09/30
1127,15781210,Insurance Bundle,0,2025/10/01
1128,15702434,Credit Card Upgrade,False,2025/10/02
1129,15651868,Credit Card Upgrade,False,2025/10/03
1130,15664860,Credit Card Upgrade,False,2025/10/04
1131,15700854,,False,2025/10/05
1132,15705009,Cashback,True,2025/10/06
1133,15626806,Credit Card Upgrade,False,2025/10/07
1134,15690332,Personal Loan,False,2025/10/08
1135,15773876,Insurance Bundle,False,2025/10/09
1136,15642726,Investment Plan,No,2025/10/10
1137,15809279,Cashback,True,2025/10/11
1138,15594084,Credit Card Upgrade,False,2025/10/12
1139,15724924,Personal Loan,False,2025/10/13
1140,15754301,Cashback,True,2025/10/14
1141,15803456,Investment Plan,False,2025/10/15
1142,15601387,Personal Loan,True,2025/10/16
1143,15646521,Personal Loan,False,2025/10/17
1144,15681332,Credit Card Upgrade,False,2025/10/18
1145,15636590,Investment Plan,True,2025/10/19
1146,15614934,Insurance Bundle,False,2025/10/20
1147,15729689,Credit Card Upgrade,False,2025/10/21
1148,15770984,Cashback,False,2025/10/22
1149,15702298,Insurance Bundle,True,2025/10/23
1150,15737452,Insurance Bundle,False,2025/10/24
1151,15814032,Insurance Bundle,Y,2025/10/25
1152,15572158,Credit Card Upgrade,True,2025/10/26
1153,15626042,Insurance Bundle,False,2025/10/27
1154,15631406,Credit Card Upgrade,False,2025/10/28
1155,15629750,Credit Card Upgrade,True,2025/10/29
1156,15680918,Cashback,False,2025/10/30
1157,15783398,Credit Card Upgrade,True,2025/10/31
1158,15613180,Credit Card Upgrade,False,2025/11/01
1159,15574122,Investment Plan,No,2025/11/02
1160,15769356,Credit Card Upgrade,False,2025/11/03
1161,15625311,Personal Loan,False,2025/11/04
1162,15718839,Cashback,false,2025/11/05
1163,15718280,Investment Plan,False,2025/11/06
1164,15733876,Cashback,N,2025/11/07
1165,15595883,Investment Plan,False,2025/11/08
1166,15614520,,False,2025/11/09
1167,15792989,Personal Loan,0,2025/11/10
1168,15759274,Personal Loan,Yes,2025/11/11
1169,15751193,Personal Loan,False,2025/11/12
1170,15735388,Insurance Bundle,False,2025/11/13
1171,15627854,Credit Card Upgrade,False,2025/11/14
1172,15582903,Investment Plan,True,2025/11/15
1173,15694039,Credit Card Upgrade,False,2025/11/16
1174,15733361,Credit Card Upgrade,False,2025/11/17
1175,15604348,Credit Card Upgrade,False,2025/11/18
1176,15715643,Personal Loan,False,2025/11/19
1177,15645815,Credit Card Upgrade,False,2025/11/20
1178,15663987,Investment Plan,false,2025/11/21
1179,15785975,Personal Loan,False,2025/11/22
1180,15684196,Insurance Bundle,False,2025/11/23
1181,15576824,Investment Plan,False,2025/11/24
1182,15746569,Credit Card Upgrade,True,2025/11/25
1183,15591740,Credit Card Upgrade,False,2025/11/26
1184,15679801,Cashback,True,2025/11/27
1185,15727499,Cashback,True,2025/11/28
1186,15587299,Insurance Bundle,False,2025/11/29
1187,15814816,,False,2025/11/30
1188,15659931,Personal Loan,False,2025/12/01
1189,15569571,Personal Loan,False,2025/12/02
1190,15728505,Insurance Bundle,False,2025/12/03
1191,15621644,Cashback,False,2025/12/04
1192,15596181,Investment Plan,1,2025/12/05
1193,15699753,Credit Card Upgrade,False,2025/12/06
1194,15704586,Insurance Bundle,True,2025/12/07
1195,15778149,Personal Loan,False,2025/12/08
1196,15724423,Cashback,True,2025/12/09
1197,15606836,Cashback,True,2025/12/10
1198,15752534,Insurance Bundle,False,2025/12/11
1199,15683758,Personal Loan,False,2025/12/12
1200,15772262,Investment Plan,True,2025/12/13
1201,15658668,Investment Plan,False,2025/12/14
1202,15672798,Insurance Bundle,False,2025/12/15
1203,15701318,Credit Card Upgrade,True,2025/12/16
1204,15714241,Personal Loan,False,2025/12/17
1205,15607988,Insurance Bundle,True,2025/12/18
1206,15719561,Investment Plan,True,2025/12/19
1207,15566708,Insurance Bundle,False,2025/12/20
1208,15776939,Credit Card Upgrade,True,2025/12/21
1209,15631222,Credit Card Upgrade,False,2025/12/22
1210,15738150,Investment Plan,True,2025/12/23
1211,15610090,Credit Card Upgrade,False,2025/12/24
1212,15765257,Insurance Bundle,True,2025/12/25
1213,15779862,Insurance Bundle,False,2025/12/26
1214,15710687,Insurance Bundle,false,2025/12/27
1215,15797227,Cashback,False,2025/12/28
1216,15758513,Investment Plan,N,2025/12/29
1217,15598266,Insurance Bundle,True,2025/12/30
1218,15660528,Cashback,0,2025/12/31
1219,15678626,Insurance Bundle,No,2026/01/01
1220,15602812,Insurance Bundle,Y,2026/01/02
1221,15796480,Personal Loan,1,2026/01/03
1222,15660541,Investment Plan,True,2026/01/04
1223,15572398,Personal Loan,True,2026/01/05
1224,15636860,Cashback,True,2026/01/06
1225,15690332,Cashback,True,2026/01/07
1226,15774127,Investment Plan,False,2026/01/08
1227,15791780,Credit Card Upgrade,True,2026/01/09
1228,15654959,Insurance Bundle,False,2026/01/10
1229,15639576,Insurance Bundle,False,2026/01/11
1230,15661548,Insurance Bundle,False,2026/01/12
1231,15709199,Insurance Bundle,N,2026/01/13
1232,15585985,Credit Card Upgrade,False,2026/01/14
1233,15745452,Personal Loan,0,2026/01/15
1234,15731815,Credit Card Upgrade,N,2026/01/16
1235,15616525,Credit Card Upgrade,False,2026/01/17
1236,15654300,,False,2026/01/18
1237,15566543,Insurance Bundle,N,2026/01/19
1238,15714939,Investment Plan,0,2026/01/20
1239,15783477,Personal Loan,True,2026/01/21
1240,15676645,Personal Loan,False,2026/01/22
1241,15781903,Insurance Bundle,True,2026/01/23
1242,15648933,Personal Loan,True,2026/01/24
1243,15812197,Cashback,False,2026/01/25
1244,15619087,Investment Plan,False,2026/01/26
1245,15582910,Cashback,False,2026/01/27
1246,15609735,Cashback,True,2026/01/28
1247,15708867,Investment Plan,False,2026/01/29
1248,15617655,Personal Loan,false,2026/01/30
1249,15794580,Insurance Bundle,True,2026/01/31
1250,15677804,Cashback,True,2026/02/01
1251,15589348,Investment Plan,False,2026/02/02
1252,15665374,Credit Card Upgrade,True,2026/02/03
1253,15778489,Cashback,False,2026/02/04
1254,15706365,Insurance Bundle,True,2026/02/05
1255,15647890,Credit Card Upgrade,False,2026/02/06
1256,15756824,Personal Loan,True,2026/02/07
1257,15713949,Insurance Bundle,True,2026/02/08
1258,15626948,Investment Plan,True,2026/02/09
1259,15715750,Investment Plan,False,2026/02/10
1260,15723894,Personal Loan,False,2026/02/11
1261,15788189,Credit Card Upgrade,False,2026/02/12
1262,15732020,Insurance Bundle,False,2026/02/13
1263,15759874,Investment Plan,False,2026/02/14
1264,15716431,Cashback,False,2026/02/15
1265,15727041,Investment Plan,False,2026/02/16
1266,15780909,Investment Plan,False,2026/02/17
1267,15598884,Cashback,Y,2026/02/18
1268,15770214,Investment Plan,False,2026/02/19
1269,15639217,Investment Plan,False,2026/02/20
1270,15748499,Cashback,True,2026/02/21
1271,15792934,Insurance Bundle,True,2026/02/22
1272,15689514,Credit Card Upgrade,False,2026/02/23
1273,15589449,Cashback,False,2026/02/24
1274,15658668,Investment Plan,No,2026/02/25
1275,15666633,Personal Loan,False,2026/02/26
1276,15617934,Investment Plan,True,2026/02/27
1277,15724863,Cashback,False,2026/02/28
1278,15799641,Investment Plan,False,2026/03/01
1279,15801293,Personal Loan,False,2026/03/02
1280,15785290,Insurance Bundle,True,2026/03/03
1281,15706764,Investment Plan,False,2026/03/04
1282,15803654,Personal Loan,False,2026/03/05
1283,15674206,Personal Loan,False,2026/03/06
1284,15690372,Cashback,False,2026/03/07
1285,15667889,Investment Plan,False,2026/03/08
1286,15608328,Investment Plan,False,2026/03/09
1287,15762984,Credit Card Upgrade,False,2026/03/10
1288,15774164,Cashback,N,2026/03/11
1289,15731148,Personal Loan,False,2026/03/12
1290,15694890,Credit Card Upgrade,False,2026/03/13
1291,15724296,Investment Plan,False,2026/03/14
1292,15679410,Investment Plan,False,2026/03/15
1293,15740406,,False,2026/03/16
1294,15692671,Personal Loan,False,2026/03/17
1295,15665629,Personal Loan,False,2026/03/18
1296,15753110,Insurance Bundle,True,2026/03/19
1297,15610090,Cashback,False,2026/03/20
1298,15688059,Personal Loan,False,2026/03/21
1299,15574206,Personal Loan,True,2026/03/22
1300,15592089,Investment Plan,False,2026/03/23
1301,15604813,Cashback,True,2026/03/24
1302,15680736,Cashback,False,2026/03/25
1303,15631162,Investment Plan,True,2026/03/26
1304,15718064,Insurance Bundle,False,2026/03/27
1305,15721779,Credit Card Upgrade,False,2026/03/28
1306,15765643,Cashback,True,2026/03/29
1307,15624993,Insurance Bundle,False,2026/03/30
1308,15779497,Insurance Bundle,True,2026/03/31
1309,15761775,Investment Plan,False,2026/04/01
1310,15730590,Credit Card Upgrade,False,2026/04/02
1311,15579892,Investment Plan,False,2026/04/03
1312,15699492,Credit Card Upgrade,False,2026/04/04
1313,15653952,Insurance Bundle,False,2026/04/05
1314,15641122,Insurance Bundle,False,2026/04/06
1315,15786852,Insurance Bundle,N,2026/04/07
1316,15589881,Investment Plan,False,2026/04/08
1317,15587299,Cashback,False,2026/04/09
1318,15750497,Credit Card Upgrade,False,2026/04/10
1319,15795224,Cashback,True,2026/04/11
1320,15659149,Personal Loan,True,2026/04/12
1321,15745826,Credit Card Upgrade,False,2026/04/13
1322,15733119,Personal Loan,False,2026/04/14
1323,15620111,Personal Loan,0,2026/04/15
1324,15770435,Investment Plan,False,2026/04/16
1325,15697045,Investment Plan,False,2026/04/17
1326,15568834,Cashback,False,2026/04/18
1327,15717225,Investment Plan,True,2026/04/19
1328,15688868,Cashback,False,2026/04/20
1329,15642833,Investment Plan,False,2026/04/21
1330,15603065,Personal Loan,True,2026/04/22
1331,15710553,Cashback,False,2026/04/23
1332,15662532,Cashback,False,2026/04/24
1333,15705298,Personal Loan,False,2026/04/25
1334,15803337,Cashback,False,2026/04/26
1335,15619801,Cashback,0,2026/04/27
1336,15757931,Credit Card Upgrade,False,2026/04/28
1337,15796480,Insurance Bundle,True,2026/04/29
1338,15589195,Credit Card Upgrade,False,2026/04/30
1339,15812184,Cashback,False,2026/05/01
1340,15633194,Investment Plan,False,2026/05/02
1341,15792180,Credit Card Upgrade,No,2026/05/03
1342,15602034,Cashback,False,2026/05/04
1343,15689168,Cashback,False,2026/05/05
1344,15640454,Personal Loan,Yes,2026/05/06
1345,15588449,Investment Plan,True,2026/05/07
1346,15617134,Cashback,False,2026/05/08
1347,15659736,Insurance Bundle,False,2026/05/09
1348,15780411,Insurance Bundle,False,2026/05/10
1349,15704657,,Yes,2026/05/11
1350,15742534,Insurance Bundle,1,2026/05/12
1351,15771417,Cashback,False,2026/05/13
1352,15793042,Investment Plan,False,2026/05/14
1353,15790489,Personal Loan,False,2026/05/15
1354,15653937,Investment Plan,False,2026/05/16
1355,15784526,Cashback,True,2026/05/17
1356,15660528,Investment Plan,0,2026/05/18
1357,15753591,Investment Plan,False,2026/05/19
1358,15791991,Credit Card Upgrade,False,2026/05/20
1359,15806318,Personal Loan,False,2026/05/21
1360,15693817,Credit Card Upgrade,False,2026/05/22
1361,15653937,Personal Loan,True,2026/05/23
1362,15624428,Personal Loan,False,2026/05/24
1363,15710527,Insurance Bundle,True,2026/05/25
1364,15797905,Personal Loan,False,2026/05/26
1365,15790235,Personal Loan,True,2026/05/27
1366,15707441,Credit Card Upgrade,False,2026/05/28
1367,15621075,Insurance Bundle,False,2026/05/29
1368,15703117,Cashback,False,2026/05/30
1369,15605742,Investment Plan,No,2026/05/31
1370,15698271,Insurance Bundle,False,2026/06/01
1371,15579262,Insurance Bundle,False,2026/06/02
1372,15670646,Credit Card Upgrade,False,2026/06/03
1373,15654878,Credit Card Upgrade,False,2026/06/04
1374,15743456,Investment Plan,True,2026/06/05
1375,15705298,Insurance Bundle,True,2026/06/06
1376,15651823,Insurance Bundle,False,2026/06/07
1377,15627042,Personal Loan,True,2026/06/08
1378,15651272,,False,2026/06/09
1379,15582129,Credit Card Upgrade,False,2026/06/10
1380,15701074,Personal Loan,False,2026/06/11
1381,15637354,Investment Plan,False,2026/06/12
1382,15751392,Insurance Bundle,False,2026/06/13
1383,15731815,Credit Card Upgrade,True,2026/06/14
1384,15626475,Personal Loan,false,2026/06/15
1385,15772941,Cashback,False,2026/06/16
1386,15814116,Personal Loan,False,2026/06/17
1387,15629739,Credit Card Upgrade,True,2026/06/18
1388,15616471,Insurance Bundle,False,2026/06/19
1389,15588090,Personal Loan,False,2026/06/20
1390,15711602,Credit Card Upgrade,False,2026/06/21
1391,15689594,Insurance Bundle,False,2026/06/22
1392,15646859,Investment Plan,True,2026/06/23
1393,15773751,Cashback,False,2026/06/24
1394,15700366,Investment Plan,False,2026/06/25
1395,15787174,Personal Loan,False,2026/06/26
1396,15600110,Cashback,False,2026/06/27
1397,15806956,Personal Loan,False,2026/06/28
1398,15627328,Credit Card Upgrade,true,2026/06/29
1399,15623649,Insurance Bundle,Yes,2026/06/30
1400,15700864,Credit Card Upgrade,False,2026/07/01
1401,15722090,Cashback,True,2026/07/02
1402,15808662,Investment Plan,False,2026/07/03
1403,15659651,,False,2026/07/04
1404,15685309,Credit Card Upgrade,True,2026/07/05
1405,15683027,Investment Plan,True,2026/07/06
1406,15734610,Cashback,False,2026/07/07
1407,15648681,Insurance Bundle,False,2026/07/08
1408,15738662,Cashback,N,2026/07/09
1409,15694601,Personal Loan,True,2026/07/10
1410,15800856,Credit Card Upgrade,True,2026/07/11
1411,15763612,Insurance Bundle,True,2026/07/12
1412,15614365,Credit Card Upgrade,True,2026/07/13
1413,15809137,Cashback,No,2026/07/14
1414,15607526,Personal Loan,False,2026/07/15
1415,15672145,Cashback,False,2026/07/16
1416,15614687,Personal Loan,0,2026/07/17
1417,15606267,Investment Plan,N,2026/07/18
1418,15626507,Investment Plan,False,2026/07/19
1419,15755262,Credit Card Upgrade,False,2026/07/20
1420,15681081,Investment Plan,False,2026/07/21
1421,15777896,Investment Plan,True,2026/07/22
1422,15718280,Personal Loan,True,2026/07/23
1423,15768530,Investment Plan,True,2026/07/24
1424,15620443,Insurance Bundle,False,2026/07/25
1425,15628034,Investment Plan,True,2026/07/26
1426,15796179,Credit Card Upgrade,False,2026/07/27
1427,15584462,Cashback,False,2026/07/28
1428,15771417,Credit Card Upgrade,False,2026/07/29
1429,15728706,Investment Plan,True,2026/07/30
1430,15577587,Insurance Bundle,False,2026/07/31
1431,15660144,Insurance Bundle,True,2026/08/01
1432,15629793,Credit Card Upgrade,True,2026/08/02
1433,15617320,Credit Card Upgrade,True,2026/08/03
1434,15734085,Investment Plan,True,2026/08/04
1435,15743067,Cashback,False,2026/08/05
1436,15744041,,False,2026/08/06
1437,15771997,Cashback,True,2026/08/07
1438,15583371,Investment Plan,True,2026/08/08
1439,15613880,Personal Loan,True,2026/08/09
1440,15732967,Cashback,True,2026/08/10
1441,15579915,Personal Loan,True,2026/08/11
1442,15627232,Investment Plan,True,2026/08/12
1443,15754649,Personal Loan,False,2026/08/13
1444,15813917,Investment Plan,False,2026/08/14
1445,15765093,Insurance Bundle,False,2026/08/15
1446,15688963,Investment Plan,False,2026/08/16
1447,15708650,Investment Plan,No,2026/08/17
1448,15814664,Credit Card Upgrade,True,2026/08/18
1449,15636820,Insurance Bundle,False,2026/08/19
1450,15734711,Credit Card Upgrade,True,2026/08/20
1451,15591130,Credit Card Upgrade,False,2026/08/21
1452,15638983,Credit Card Upgrade,True,2026/08/22
1453,15780909,Credit Card Upgrade,True,2026/08/23
1454,15747808,Cashback,False,2026/08/24
1455,15631882,Personal Loan,1,2026/08/25
1456,15638003,Insurance Bundle,False,2026/08/26
1457,15611287,Credit Card Upgrade,False,2026/08/27
1458,15772604,Insurance Bundle,True,2026/08/28
1459,15789936,Cashback,False,2026/08/29
1460,15667889,Cashback,False,2026/08/30
1461,15627854,Personal Loan,Y,2026/08/31
1462,15661249,Investment Plan,True,2026/09/01
1463,15766355,Personal Loan,False,2026/09/02
1464,15572398,Investment Plan,True,2026/09/03
1465,15785705,Credit Card Upgrade,False,2025/09/03
1466,15666652,Insurance Bundle,False,2025/09/04
1467,15649744,Insurance Bundle,True,2025/09/05
1468,15569432,Insurance Bundle,True,2025/09/06
1469,15747503,Personal Loan,False,2025/09/07
1470,15587038,Investment Plan,False,2025/09/08
1471,15795511,Insurance Bundle,False,2025/09/09
1472,15802501,Credit Card Upgrade,True,2025/09/10
1473,15688264,Cashback,true,2025/09/11
1474,15745295,Investment Plan,False,2025/09/12
1475,15608701,Insurance Bundle,False,2025/09/13
1476,15717879,Cashback,True,2025/09/14
1477,15764444,Insurance Bundle,True,2025/09/15
1478,15590327,Personal Loan,true,2025/09/16
1479,15566735,Investment Plan,False,2025/09/17
1480,15730161,Insurance Bundle,Yes,2025/09/18
1481,15610765,Personal Loan,True,2025/09/19
1482,15572547,Investment Plan,False,2025/09/20
1483,15584812,Credit Card Upgrade,False,2025/09/21
1484,15776454,Credit Card Upgrade,False,2025/09/22
1485,15583680,Investment Plan,False,2025/09/23
1486,15814092,Personal Loan,True,2025/09/24
1487,15812356,Credit Card Upgrade,False,2025/09/25
1488,15755223,Investment Plan,False,2025/09/26
1489,15580227,Insurance Bundle,True,2025/09/27
1490,15670266,Credit Card Upgrade,True,2025/09/28
1491,15611973,Cashback,True,2025/09/29
1492,15612615,,True,2025/09/30
1493,15669987,Credit Card Upgrade,1,2025/10/01
1494,15663939,Credit Card Upgrade,True,2025/10/02
1495,15625247,Cashback,True,2025/10/03
1496,15580629,Credit Card Upgrade,True,2025/10/04
1497,15768777,Personal Loan,False,2025/10/05
1498,15663168,Cashback,False,2025/10/06
1499,15653306,Investment Plan,False,2025/10/07
1500,15609669,Personal Loan,True,2025/10/08
1501,15750803,Investment Plan,True,2025/10/09
1502,15583681,Credit Card Upgrade,False,2025/10/10
1503,15678206,Investment Plan,N,2025/10/11
1504,15792228,Insurance Bundle,False,2025/10/12
1505,15636590,Insurance Bundle,False,2025/10/13
1506,15573456,Cashback,False,2025/10/14
1507,15624170,Insurance Bundle,False,2025/10/15
1508,15796617,Investment Plan,False,2025/10/16
1509,15620268,Cashback,False,2025/10/17
1510,15663312,Cashback,False,2025/10/18
1511,15667438,Insurance Bundle,False,2025/10/19
1512,15706186,Investment Plan,False,2025/10/20
1513,15699309,Insurance Bundle,False,2025/10/21
1514,15593178,Investment Plan,False,2025/10/22
1515,15755642,Investment Plan,False,2025/10/23
1516,15623966,,False,2025/10/24
1517,15643826,Personal Loan,True,2025/10/25
1518,15775153,Personal Loan,True,2025/10/26
1519,15743067,,False,2025/10/27
1520,15726556,Insurance Bundle,False,2025/10/28
1521,15736534,Cashback,True,2025/10/29
1522,15661219,Credit Card Upgrade,False,2025/10/30
1523,15697310,Investment Plan,No,2025/10/31
1524,15736601,Cashback,True,2025/11/01
1525,15637977,Personal Loan,False,2025/11/02
1526,15664227,Credit Card Upgrade,False,2025/11/03
1527,15583278,Personal Loan,True,2025/11/04
1528,15801699,Cashback,False,2025/11/05
1529,15792679,Credit Card Upgrade,False,2025/11/06
1530,15626144,Credit Card Upgrade,0,2025/11/07
1531,15663263,Cashback,False,2025/11/08
1532,15722692,Investment Plan,true,2025/11/09
1533,15627262,Personal Loan,False,2025/11/10
1534,15706186,Insurance Bundle,False,2025/11/11
1535,15627352,Cashback,False,2025/11/12
1536,15613923,Investment Plan,False,2025/11/13
1537,15688264,Investment Plan,0,2025/11/14
1538,15641250,Personal Loan,False,2025/11/15
1539,15705707,Insurance Bundle,False,2025/11/16
1540,15766185,,False,2025/11/17
1541,15662532,Credit Card Upgrade,False,2025/11/18
1542,15806318,Insurance Bundle,False,2025/11/19
1543,15788676,Investment Plan,True,2025/11/20
1544,15716284,Insurance Bundle,True,2025/11/21
1545,15584620,Investment Plan,False,2025/11/22
1546,15741275,,False,2025/11/23
1547,15615207,Investment Plan,True,2025/11/24
1548,15815660,Investment Plan,True,2025/11/25
1549,15640268,Insurance Bundle,False,2025/11/26
1550,15724428,Insurance Bundle,False,2025/11/27
1551,15749947,Personal Loan,False,2025/11/28
1552,15735263,Credit Card Upgrade,True,2025/11/29
1553,15708650,Insurance Bundle,True,2025/11/30
1554,15782939,Credit Card Upgrade,False,2025/12/01
1555,15662245,Investment Plan,True,2025/12/02
1556,15658432,Insurance Bundle,False,2025/12/03
1557,15681554,Credit Card Upgrade,False,2025/12/04
1558,15641009,Credit Card Upgrade,Yes,2025/12/05
1559,15603065,Insurance Bundle,False,2025/12/06
1560,15718064,Personal Loan,False,2025/12/07
1561,15706463,Credit Card Upgrade,False,2025/12/08
1562,15727177,Cashback,True,2025/12/09
1563,15677062,Investment Plan,0,2025/12/10
1564,15636590,Credit Card Upgrade,False,2025/12/11
1565,15664752,,False,2025/12/12
1566,15690153,Insurance Bundle,True,2025/12/13
1567,15803840,Credit Card Upgrade,False,2025/12/14
1568,15682686,Cashback,False,2025/12/15
1569,15718843,Personal Loan,False,2025/12/16
1570,15642448,Credit Card Upgrade,False,2025/12/17
1571,15710034,Insurance Bundle,True,2025/12/18
1572,15624170,Investment Plan,False,2025/12/19
1573,15625698,Cashback,True,2025/12/20
1574,15628274,Investment Plan,False,2025/12/21
1575,15642063,Insurance Bundle,False,2025/12/22
1576,15694566,Credit Card Upgrade,False,2025/12/23
1577,15690664,Investment Plan,True,2025/12/24
1578,15598097,Investment Plan,false,2025/12/25
1579,15682778,Personal Loan,False,2025/12/26
1580,15761047,Insurance Bundle,True,2025/12/27
1581,15718064,Insurance Bundle,False,2025/12/28
1582,15770041,Personal Loan,False,2025/12/29
1583,15737732,Investment Plan,False,2025/12/30
1584,15667742,Investment Plan,False,2025/12/31
1585,15751022,Credit Card Upgrade,False,2026/01/01
1586,15583499,Personal Loan,False,2026/01/02
1587,15773869,Personal Loan,False,2026/01/03
1588,15650351,Personal Loan,False,2026/01/04
1589,15694805,Insurance Bundle,False,2026/01/05
1590,15727384,Insurance Bundle,True,2026/01/06
1591,15690492,Cashback,False,2026/01/07
1592,15764922,Credit Card Upgrade,False,2026/01/08
1593,15643770,Cashback,True,2026/01/09
1594,15710257,Insurance Bundle,N,2026/01/10
1595,15778149,Cashback,False,2026/01/11
1596,15633574,Cashback,True,2026/01/12
1597,15606836,Investment Plan,False,2026/01/13
1598,15589204,Insurance Bundle,N,2026/01/14
1599,15571121,Investment Plan,True,2026/01/15
1600,15710138,Insurance Bundle,False,2026/01/16
1601,15726796,Cashback,False,2026/01/17
1602,15730447,Insurance Bundle,True,2026/01/18
1603,15652693,Personal Loan,false,2026/01/19
1604,15636590,Personal Loan,true,2026/01/20
1605,15791533,Cashback,False,2026/01/21
1606,15815070,Investment Plan,False,2026/01/22
1607,15633474,Insurance Bundle,Y,2026/01/23
1608,15573280,Insurance Bundle,1,2026/01/24
1609,15691703,Insurance Bundle,True,2026/01/25
1610,15619616,Credit Card Upgrade,False,2026/01/26
1611,15760924,Cashback,False,2026/01/27
1612,15749947,Investment Plan,0,2026/01/28
1613,15659651,Investment Plan,False,2026/01/29
1614,15718153,Credit Card Upgrade,True,2026/01/30
1615,15773605,Insurance Bundle,True,2026/01/31
1616,15805523,Investment Plan,False,2026/02/01
1617,15642391,Investment Plan,No,2026/02/02
1618,15582246,Personal Loan,False,2026/02/03
1619,15614962,Insurance Bundle,False,2026/02/04
1620,15656249,Personal Loan,False,2026/02/05
1621,15568238,Credit Card Upgrade,False,2026/02/06
1622,15762110,Personal Loan,True,2026/02/07
1623,15679410,Investment Plan,True,2026/02/08
1624,15791321,Investment Plan,False,2026/02/09
1625,15626135,Cashback,1,2026/02/10
1626,15750549,Investment Plan,1,2026/02/11
1627,15686885,Investment Plan,False,2026/02/12
1628,15732307,Personal Loan,False,2026/02/13
1629,15611105,,True,2026/02/14
1630,15629744,Insurance Bundle,False,2026/02/15
1631,15691823,Insurance Bundle,False,2026/02/16
1632,15718057,Personal Loan,False,2026/02/17
1633,15660200,,True,2026/02/18
1634,15579915,Insurance Bundle,False,2026/02/19
1635,15686835,Personal Loan,False,2026/02/20
1636,15693088,Cashback,True,2026/02/21
1637,15614365,Cashback,True,2026/02/22
1638,15661409,Credit Card Upgrade,True,2026/02/23
1639,15609735,Credit Card Upgrade,True,2026/02/24
1640,15802809,Investment Plan,True,2026/02/25
1641,15746569,Cashback,False,2026/02/26
1642,15631709,Credit Card Upgrade,True,2026/02/27
1643,15662189,Cashback,False,2026/02/28
1644,15729087,Cashback,True,2026/03/01
1645,15660611,Personal Loan,False,2026/03/02
1646,15714575,Investment Plan,False,2026/03/03
1647,15582168,Insurance Bundle,True,2026/03/04
1648,15606115,Credit Card Upgrade,1,2026/03/05
1649,15613085,Credit Card Upgrade,False,2026/03/06
1650,15784099,Personal Loan,False,2026/03/07
1651,15625524,Cashback,0,2026/03/08
1652,15690925,Investment Plan,False,2026/03/09
1653,15812534,Insurance Bundle,False,2026/03/10
1654,15689514,Cashback,False,2026/03/11
1655,15783875,Cashback,True,2026/03/12
1656,15613216,Investment Plan,False,2026/03/13
1657,15613172,Insurance Bundle,False,2026/03/14
1658,15605950,,False,2026/03/15
1659,15609735,Insurance Bundle,True,2026/03/16
1660,15674110,Insurance Bundle,False,2026/03/17
1661,15765257,Insurance Bundle,False,2026/03/18
1662,15770516,Insurance Bundle,Y,2026/03/19
1663,15700826,Cashback,False,2026/03/20
1664,15574584,Credit Card Upgrade,True,2026/03/21
1665,15801699,Cashback,False,2026/03/22
1666,15663164,Personal Loan,False,2026/03/23
1667,15734491,Investment Plan,True,2026/03/24
1668,15735878,Investment Plan,True,2026/03/25
1669,15799534,Personal Loan,True,2026/03/26
1670,15812982,Investment Plan,False,2026/03/27
1671,15750970,Credit Card Upgrade,True,2026/03/28
1672,15806918,Insurance Bundle,False,2026/03/29
1673,15775153,Credit Card Upgrade,true,2026/03/30
1674,15782778,Investment Plan,False,2026/03/31
1675,15761497,Personal Loan,False,2026/04/01
1676,15777772,Investment Plan,True,2026/04/02
1677,15736413,Personal Loan,False,2026/04/03
1678,15611551,Credit Card Upgrade,True,2026/04/04
1679,15694272,Insurance Bundle,True,2026/04/05
1680,15732660,Credit Card Upgrade,False,2026/04/06
1681,15698167,Personal Loan,Yes,2026/04/07
1682,15572145,Personal Loan,False,2026/04/08
1683,15593014,,True,2026/04/09
1684,15662085,Insurance Bundle,False,2026/04/10
1685,15747878,Cashback,False,2026/04/11
1686,15768293,Insurance Bundle,True,2026/04/12
1687,15715951,Credit Card Upgrade,False,2026/04/13
1688,15704844,Insurance Bundle,False,2026/04/14
1689,15742210,Investment Plan,No,2026/04/15
1690,15571121,Credit Card Upgrade,False,2026/04/16
1691,15681878,Insurance Bundle,True,2026/04/17
1692,15689526,Insurance Bundle,N,2026/04/18
1693,15675896,Cashback,False,2026/04/19
1694,15581505,Insurance Bundle,false,2026/04/20
1695,15687372,Cashback,False,2026/04/21
1696,15716984,Credit Card Upgrade,False,2026/04/22
1697,15682914,Investment Plan,False,2026/04/23
1698,15692142,Investment Plan,True,2026/04/24
1699,15788131,Cashback,False,2026/04/25
1700,15732967,Investment Plan,False,2026/04/26
1701,15567399,Credit Card Upgrade,False,2026/04/27
1702,15725311,Credit Card Upgrade,False,2026/04/28
1703,15642787,Personal Loan,False,2026/04/29
1704,15700696,Cashback,True,2026/04/30
1705,15624623,Credit Card Upgrade,True,2026/05/01
1706,15654230,Cashback,False,2026/05/02
1707,15698028,Cashback,False,2026/05/03
1708,15573086,Cashback,False,2026/05/04
1709,15611088,Credit Card Upgrade,True,2026/05/05
1710,15704746,Cashback,True,2026/05/06
1711,15724834,Insurance Bundle,True,2026/05/07
1712,15765257,Personal Loan,True,2026/05/08
1713,15686611,Personal Loan,False,2026/05/09
1714,15702499,Cashback,False,2026/05/10
1715,15712568,Credit Card Upgrade,False,2026/05/11
1716,15809087,Credit Card Upgrade,False,2026/05/12
1717,15677371,Cashback,False,2026/05/13
1718,15585388,Investment Plan,True,2026/05/14
1719,15627665,Cashback,False,2026/05/15
1720,15640769,Insurance Bundle,False,2026/05/16
1721,15628144,Insurance Bundle,False,2026/05/17
1722,15772341,Insurance Bundle,True,2026/05/18
1723,15603065,Investment Plan,False,2026/05/19
1724,15619857,Insurance Bundle,False,2026/05/20
1725,15677112,Investment Plan,False,2026/05/21
1726,15573851,Personal Loan,False,2026/05/22
1727,15772941,Investment Plan,True,2026/05/23
1728,15570947,Investment Plan,true,2026/05/24
1729,15773973,Credit Card Upgrade,False,2026/05/25
1730,15780359,Personal Loan,False,2026/05/26
1731,15800784,Personal Loan,True,2026/05/27
1732,15806688,,True,2026/05/28
1733,15624170,Insurance Bundle,False,2026/05/29
1734,15648681,Investment Plan,True,2026/05/30
1735,15596181,Cashback,True,2026/05/31
1736,15691119,Investment Plan,False,2026/06/01
1737,15694296,Insurance Bundle,False,2026/06/02
1738,15758081,Personal Loan,False,2026/06/03
1739,15598161,Credit Card Upgrade,False,2026/06/04
1740,15696141,Credit Card Upgrade,True,2026/06/05
1741,15685096,,True,2026/06/06
1742,15813697,Investment Plan,False,2026/06/07
1743,15783097,Cashback,False,2026/06/08
1744,15800814,Credit Card Upgrade,False,2026/06/09
1745,15709928,Insurance Bundle,False,2026/06/10
1746,15665811,Investment Plan,False,2026/06/11
1747,15626135,Insurance Bundle,False,2026/06/12
1748,15642468,,0,2026/06/13
1749,15770039,Insurance Bundle,False,2026/06/14
1750,15568834,Investment Plan,False,2026/06/15
1751,15670702,Cashback,True,2026/06/16
1752,15647008,Credit Card Upgrade,False,2026/06/17
1753,15811927,Investment Plan,False,2026/06/18
1754,15806407,Personal Loan,False,2026/06/19
1755,15704340,,True,2026/06/20
1756,15694129,Investment Plan,False,2026/06/21
1757,15693267,Investment Plan,False,2026/06/22
1758,15795571,Insurance Bundle,False,2026/06/23
1759,15766649,Investment Plan,False,2026/06/24
1760,15628824,Personal Loan,True,2026/06/25
1761,15692142,Insurance Bundle,True,2026/06/26
1762,15654964,Cashback,True,2026/06/27
1763,15757897,Cashback,Yes,2026/06/28
1764,15731166,Credit Card Upgrade,False,2026/06/29
1765,15667602,Credit Card Upgrade,True,2026/06/30
1766,15624781,Cashback,False,2026/07/01
1767,15672145,Cashback,True,2026/07/02
1768,15610337,Personal Loan,True,2026/07/03
1769,15629519,Credit Card Upgrade,False,2026/07/04
1770,15757559,Credit Card Upgrade,1,2026/07/05
1771,15613656,Insurance Bundle,N,2026/07/06
1772,15750258,Investment Plan,False,2026/07/07
1773,15605918,Insurance Bundle,0,2026/07/08
1774,15775627,Investment Plan,False,2026/07/09
1775,15761453,Cashback,False,2026/07/10
1776,15642099,Credit Card Upgrade,True,2026/07/11
1777,15602497,Investment Plan,False,2026/07/12
1778,15608328,Insurance Bundle,False,2026/07/13
1779,15663168,Credit Card Upgrade,true,2026/07/14
1780,15685564,Cashback,True,2026/07/15
1781,15618182,Credit Card Upgrade,false,2026/07/16
1782,15694209,Investment Plan,true,2026/07/17
1783,15788151,,True,2026/07/18
1784,15581840,Credit Card Upgrade,False,2026/07/19
1785,15728005,Cashback,False,2026/07/20
1786,15789874,Cashback,False,2026/07/21
1787,15566312,Investment Plan,False,2026/07/22
1788,15741275,Cashback,Y,2026/07/23
1789,15625740,Credit Card Upgrade,False,2026/07/24
1790,15697310,Cashback,False,2026/07/25
1791,15570601,Credit Card Upgrade,False,2026/07/26
1792,15575445,Insurance Bundle,False,2026/07/27
1793,15640409,Personal Loan,False,2026/07/28
1794,15617136,Insurance Bundle,No,2026/07/29
1795,15703820,,false,2026/07/30
1796,15575024,Investment Plan,False,2026/07/31
1797,15613945,Cashback,False,2026/08/01
1798,15648876,Credit Card Upgrade,False,2026/08/02
1799,15703117,Investment Plan,False,2026/08/03
1800,15709941,Personal Loan,False,2026/08/04
1801,15631310,Personal Loan,True,2026/08/05
1802,15676091,Insurance Bundle,N,2026/08/06
1803,15633474,Insurance Bundle,True,2026/08/07
1804,15705301,Insurance Bundle,false,2026/08/08
1805,15713250,Investment Plan,True,2026/08/09
1806,15736420,Cashback,True,2026/08/10
1807,15680001,Credit Card Upgrade,False,2026/08/11
1808,15764604,Cashback,False,2026/08/12
1809,15646632,Insurance Bundle,false,2026/08/13
1810,15613749,Insurance Bundle,N,2026/08/14
1811,15681755,Cashback,True,2026/08/15
1812,15782360,Credit Card Upgrade,N,2026/08/16
1813,15679801,Credit Card Upgrade,False,2026/08/17
1814,15624397,Credit Card Upgrade,True,2026/08/18
1815,15628034,Insurance Bundle,False,2026/08/19
1816,15705515,Investment Plan,False,2026/08/20
1817,15581370,Personal Loan,1,2026/08/21
1818,15732438,Personal Loan,False,2026/08/22
1819,15649150,Insurance Bundle,False,2026/08/23
1820,15697311,Investment Plan,False,2026/08/24
1821,15630328,,True,2026/08/25
1822,15807768,Cashback,True,2026/08/26
1823,15740494,Insurance Bundle,False,2026/08/27
1824,15722350,Credit Card Upgrade,False,2026/08/28
1825,15590476,Insurance Bundle,False,2026/08/29
1826,15708713,Investment Plan,False,2026/08/30
1827,15723864,Personal Loan,False,2026/08/31
1828,15813412,Investment Plan,False,2026/09/01
1829,15590476,Credit Card Upgrade,False,2026/09/02
1830,15641009,Investment Plan,True,2026/09/03
1831,15775892,Cashback,No,2025/09/03
1832,15698285,Credit Card Upgrade,True,2025/09/04
1833,15612050,Personal Loan,True,2025/09/05
1834,15617136,Cashback,True,2025/09/06
1835,15621466,Cashback,True,2025/09/07
1836,15756148,Insurance Bundle,False,2025/09/08
1837,15780411,Credit Card Upgrade,False,2025/09/09
1838,15610454,Credit Card Upgrade,false,2025/09/10
1839,15595388,Cashback,False,2025/09/11
1840,15714658,Credit Card Upgrade,True,2025/09/12
1841,15656322,Cashback,False,2025/09/13
1842,15671334,Cashback,false,2025/09/14
1843,15690182,Investment Plan,False,2025/09/15
1844,15683213,Cashback,False,2025/09/16
1845,15632050,Insurance Bundle,False,2025/09/17
1846,15760774,Credit Card Upgrade,False,2025/09/18
1847,15619674,Insurance Bundle,False,2025/09/19
1848,15612505,Cashback,False,2025/09/20
1849,15776404,Insurance Bundle,False,2025/09/21
1850,15619616,Investment Plan,False,2025/09/22
1851,15754940,Credit Card Upgrade,False,2025/09/23
1852,15758136,Investment Plan,True,2025/09/24
1853,15614813,Cashback,True,2025/09/25
1854,15757632,Cashback,False,2025/09/26
1855,15698786,Credit Card Upgrade,False,2025/09/27
1856,15689616,Insurance Bundle,True,2025/09/28
1857,15813412,Credit Card Upgrade,Y,2025/09/29
1858,15690664,Investment Plan,0,2025/09/30
1859,15574842,Investment Plan,True,2025/10/01
1860,15679410,Insurance Bundle,False,2025/10/02
1861,15670753,Credit Card Upgrade,False,2025/10/03
1862,15657085,Insurance Bundle,False,2025/10/04
1863,15802088,,False,2025/10/05
1864,15737647,,False,2025/10/06
1865,15797204,Insurance Bundle,Yes,2025/10/07
1866,15623828,Investment Plan,False,2025/10/08
1867,15575428,Investment Plan,False,2025/10/09
1868,15745844,Personal Loan,N,2025/10/10
1869,15698117,Personal Loan,False,2025/10/11
1870,15774258,Insurance Bundle,False,2025/10/12
1871,15581736,Investment Plan,False,2025/10/13
1872,15593795,Investment Plan,No,2025/10/14
1873,15587394,Credit Card Upgrade,0,2025/10/15
1874,15706537,Cashback,False,2025/10/16
1875,15755868,Cashback,False,2025/10/17
1876,15785798,Cashback,False,2025/10/18
1877,15568748,Personal Loan,True,2025/10/19
1878,15763111,Cashback,False,2025/10/20
1879,15666197,Personal Loan,True,2025/10/21
1880,15764294,Credit Card Upgrade,False,2025/10/22
1881,15791316,Credit Card Upgrade,True,2025/10/23
1882,15609998,Credit Card Upgrade,False,2025/10/24
1883,15572956,Investment Plan,True,2025/10/25
1884,15737385,Cashback,False,2025/10/26
1885,15782530,Credit Card Upgrade,False,2025/10/27
1886,15692430,Investment Plan,False,2025/10/28
1887,15738627,Insurance Bundle,False,2025/10/29
1888,15696061,,False,2025/10/30
1889,15732884,Cashback,True,2025/10/31
1890,15706463,Personal Loan,true,2025/11/01
1891,15776939,Insurance Bundle,False,2025/11/02
1892,15695932,Cashback,True,2025/11/03
1893,15767954,Investment Plan,Yes,2025/11/04
1894,15634844,Personal Loan,True,2025/11/05
1895,15734461,Insurance Bundle,True,2025/11/06
1896,15795290,Credit Card Upgrade,False,2025/11/07
1897,15662976,Investment Plan,True,2025/11/08
1898,15674328,Insurance Bundle,False,2025/11/09
1899,15727059,Personal Loan,False,2025/11/10
1900,15752601,Insurance Bundle,True,2025/11/11
1901,15794560,Investment Plan,True,2025/11/12
1902,15746553,,False,2025/11/13
1903,15653780,Insurance Bundle,False,2025/11/14
1904,15636673,Insurance Bundle,True,2025/11/15
1905,15717879,Credit Card Upgrade,True,2025/11/16
1906,15591932,Investment Plan,True,2025/11/17
1907,15711316,Personal Loan,false,2025/11/18
1908,15644005,Insurance Bundle,Yes,2025/11/19
1909,15572777,Cashback,False,2025/11/20
1910,15585133,,True,2025/11/21
1911,15712584,Cashback,False,2025/11/22
1912,15680736,Personal Loan,N,2025/11/23
1913,15783541,Insurance Bundle,Y,2025/11/24
1914,15575623,Cashback,False,2025/11/25
1915,15801904,Cashback,N,2025/11/26
1916,15773973,Cashback,True,2025/11/27
1917,15691823,Insurance Bundle,False,2025/11/28
1918,15734714,Insurance Bundle,False,2025/11/29
1919,15676645,Credit Card Upgrade,False,2025/11/30
1920,15595657,Insurance Bundle,True,2025/12/01
1921,15589449,Cashback,true,2025/12/02
1922,15689328,,False,2025/12/03
1923,15762729,Personal Loan,False,2025/12/04
1924,15653547,Credit Card Upgrade,False,2025/12/05
1925,15765457,Personal Loan,False,2025/12/06
1926,15724402,Insurance Bundle,Y,2025/12/07
1927,15731148,Investment Plan,Yes,2025/12/08
1928,15733032,Credit Card Upgrade,Y,2025/12/09
1929,15581089,Credit Card Upgrade,True,2025/12/10
1930,15775206,Cashback,False,2025/12/11
1931,15769504,Investment Plan,True,2025/12/12
1932,15796218,Credit Card Upgrade,True,2025/12/13
1933,15813844,Credit Card Upgrade,True,2025/12/14
1934,15636541,Credit Card Upgrade,False,2025/12/15
1935,15755642,Cashback,0,2025/12/16
1936,15608760,Credit Card Upgrade,No,2025/12/17
1937,15707011,Insurance Bundle,False,2025/12/18
1938,15640442,Cashback,True,2025/12/19
1939,15764604,Investment Plan,False,2025/12/20
1940,15622774,Investment Plan,False,2025/12/21
1941,15782418,Insurance Bundle,True,2025/12/22
1942,15693259,Insurance Bundle,1,2025/12/23
1943,15787071,Insurance Bundle,True,2025/12/24
1944,15713770,Personal Loan,True,2025/12/25
1945,15607713,Investment Plan,True,2025/12/26
1946,15606944,Personal Loan,True,2025/12/27
1947,15579212,Personal Loan,False,2025/12/28
1948,15711687,Credit Card Upgrade,True,2025/12/29
1949,15622834,Insurance Bundle,True,2025/12/30
1950,15709368,Credit Card Upgrade,True,2025/12/31
1951,15753549,Personal Loan,False,2026/01/01
1952,15606887,Credit Card Upgrade,False,2026/01/02
1953,15715003,Personal Loan,False,2026/01/03
1954,15654878,Investment Plan,No,2026/01/04
1955,15593501,Insurance Bundle,N,2026/01/05
1956,15727857,Investment Plan,False,2026/01/06
1957,15726313,Insurance Bundle,False,2026/01/07
1958,15793196,Insurance Bundle,True,2026/01/08
1959,15703763,Cashback,False,2026/01/09
1960,15590820,Insurance Bundle,False,2026/01/10
1961,15704081,Cashback,False,2026/01/11
1962,15693683,Investment Plan,Yes,2026/01/12
1963,15592028,Investment Plan,N,2026/01/13
1964,15724161,Investment Plan,False,2026/01/14
1965,15630920,Credit Card Upgrade,True,2026/01/15
1966,15662151,,True,2026/01/16
1967,15697034,Investment Plan,False,2026/01/17
1968,15602034,Personal Loan,False,2026/01/18
1969,15675749,Insurance Bundle,True,2026/01/19
1970,15684103,Credit Card Upgrade,0,2026/01/20
1971,15687329,Investment Plan,0,2026/01/21
1972,15596181,Insurance Bundle,True,2026/01/22
1973,15599860,Cashback,N,2026/01/23
1974,15576706,Personal Loan,True,2026/01/24
1975,15628274,Personal Loan,N,2026/01/25
1976,15586183,Cashback,False,2026/01/26
1977,15761976,Cashback,True,2026/01/27
1978,15770424,Credit Card Upgrade,False,2026/01/28
1979,15592578,Personal Loan,True,2026/01/29
1980,15590327,Cashback,False,2026/01/30
1981,15645200,Personal Loan,No,2026/01/31
1982,15603035,Credit Card Upgrade,False,2026/02/01
1983,15723950,Investment Plan,False,2026/02/02
1984,15623102,,0,2026/02/03
1985,15653997,Insurance Bundle,True,2026/02/04
1986,15785782,Personal Loan,No,2026/02/05
1987,15643696,Insurance Bundle,True,2026/02/06
1988,15622192,Investment Plan,True,2026/02/07
1989,15574761,Insurance Bundle,False,2026/02/08
1990,15808223,,True,2026/02/09
1991,15706163,Cashback,False,2026/02/10
1992,15663650,Cashback,False,2026/02/11
1993,15794048,Credit Card Upgrade,True,2026/02/12
1994,15755239,Personal Loan,False,2026/02/13
1995,15737556,Insurance Bundle,False,2026/02/14
1996,15737173,Insurance Bundle,False,2026/02/15
1997,15626135,Investment Plan,True,2026/02/16
1998,15735878,Insurance Bundle,True,2026/02/17
1999,15743153,Insurance Bundle,False,2026/02/18
2000,15616745,Credit Card Upgrade,False,2026/02/19
2001,15633474,Credit Card Upgrade,False,2026/02/20
2002,15699753,Cashback,True,2026/02/21
2003,15686974,Cashback,No,2026/02/22
2004,15709459,Personal Loan,False,2026/02/23
2005,15799422,,True,2026/02/24
2006,15587690,Investment Plan,False,2026/02/25
2007,15678374,Investment Plan,False,2026/02/26
2008,15656005,Investment Plan,0,2026/02/27
2009,15602551,Insurance Bundle,True,2026/02/28
2010,15732202,Investment Plan,True,2026/03/01
2011,15727499,Personal Loan,0,2026/03/02
2012,15661528,Personal Loan,False,2026/03/03
2013,15699637,Credit Card Upgrade,False,2026/03/04
2014,15773890,Cashback,False,2026/03/05
2015,15722090,Insurance Bundle,Yes,2026/03/06
2016,15742210,Cashback,True,2026/03/07
2017,15585823,Credit Card Upgrade,True,2026/03/08
2018,15679928,Cashback,True,2026/03/09
2019,15729718,Credit Card Upgrade,false,2026/03/10
2020,15575679,Cashback,False,2026/03/11
2021,15750099,Credit Card Upgrade,False,2026/03/12
2022,15671172,Cashback,True,2026/03/13
2023,15623647,Personal Loan,False,2026/03/14
2024,15812766,Credit Card Upgrade,1,2026/03/15
2025,15766765,,True,2026/03/16
2026,15710295,Personal Loan,False,2026/03/17
2027,15811588,Credit Card Upgrade,False,2026/03/18
2028,15739972,Insurance Bundle,0,2026/03/19
2029,15776518,Credit Card Upgrade,False,2026/03/20
2030,15587647,Cashback,False,2026/03/21
2031,15709639,Credit Card Upgrade,False,2026/03/22
2032,15697034,Personal Loan,False,2026/03/23
2033,15721303,Cashback,No,2026/03/24
2034,15777352,Investment Plan,True,2026/03/25
2035,15667190,Credit Card Upgrade,False,2026/03/26
2036,15654390,Insurance Bundle,True,2026/03/27
2037,15698324,Investment Plan,True,2026/03/28
2038,15756305,Investment Plan,False,2026/03/29
2039,15777994,Cashback,True,2026/03/30
2040,15778149,Credit Card Upgrade,N,2026/03/31
2041,15636551,Credit Card Upgrade,False,2026/04/01
2042,15734312,Personal Loan,False,2026/04/02
2043,15753102,,False,2026/04/03
2044,15757607,Credit Card Upgrade,False,2026/04/04
2045,15649292,Cashback,false,2026/04/05
2046,15627517,Cashback,False,2026/04/06
2047,15815428,Credit Card Upgrade,No,2026/04/07
2048,15650313,,False,2026/04/08
2049,15568120,,False,2026/04/09
2050,15626042,Cashback,False,2026/04/10
2051,15655298,Insurance Bundle,False,2026/04/11
2052,15626900,Cashback,False,2026/04/12
2053,15688637,Insurance Bundle,False,2026/04/13
2054,15769596,Cashback,False,2026/04/14
2055,15731148,Cashback,False,2026/04/15
2056,15716605,Investment Plan,True,2026/04/16
2057,15637599,Credit Card Upgrade,False,2026/04/17
2058,15653997,Insurance Bundle,False,2026/04/18
2059,15729238,Insurance Bundle,True,2026/04/19
2060,15713426,Insurance Bundle,False,2026/04/20
2061,15588918,Insurance Bundle,0,2026/04/21
2062,15582519,Personal Loan,False,2026/04/22
2063,15783629,Insurance Bundle,False,2026/04/23
2064,15677804,Credit Card Upgrade,No,2026/04/24
2065,15789095,Insurance Bundle,True,2026/04/25
2066,15713637,Personal Loan,False,2026/04/26
2067,15716347,Investment Plan,True,2026/04/27
2068,15674840,Cashback,False,2026/04/28
2069,15618258,Insurance Bundle,False,2026/04/29
2070,15677550,Insurance Bundle,True,2026/04/30
2071,15596713,Credit Card Upgrade,False,2026/05/01
2072,15745452,Cashback,False,2026/05/02
2073,15642833,Investment Plan,True,2026/05/03
2074,15634719,Credit Card Upgrade,True,2026/05/04
2075,15622774,Credit Card Upgrade,False,2026/05/05
2076,15749671,Insurance Bundle,True,2026/05/06
2077,15627251,Investment Plan,False,2026/05/07
2078,15724336,Insurance Bundle,False,2026/05/08
2079,15621116,Cashback,True,2026/05/09
2080,15734491,Investment Plan,False,2026/05/10
2081,15763898,Personal Loan,True,2026/05/11
2082,15647292,Credit Card Upgrade,False,2026/05/12
2083,15736154,Investment Plan,0,2026/05/13
2084,15687752,Personal Loan,True,2026/05/14
2085,15744517,Investment Plan,False,2026/05/15
2086,15707479,Insurance Bundle,False,2026/05/16
2087,15635660,,False,2026/05/17
2088,15747980,Credit Card Upgrade,False,2026/05/18
2089,15577398,Credit Card Upgrade,False,2026/05/19
2090,15590676,Cashback,True,2026/05/20
2091,15575417,Credit Card Upgrade,True,2026/05/21
2092,15764226,Personal Loan,False,2026/05/22
2093,15803840,Credit Card Upgrade,True,2026/05/23
2094,15567802,Investment Plan,False,2026/05/24
2095,15741416,Personal Loan,False,2026/05/25
2096,15655859,Insurance Bundle,No,2026/05/26
2097,15692761,Cashback,False,2026/05/27
2098,15591357,Credit Card Upgrade,False,2026/05/28
2099,15614137,Cashback,False,2026/05/29
2100,15790689,Credit Card Upgrade,Yes,2026/05/30
2101,15642787,Cashback,True,2026/05/31
2102,15676433,Personal Loan,0,2026/06/01
2103,15640454,Insurance Bundle,False,2026/06/02
2104,15609669,Investment Plan,False,2026/06/03
2105,15571121,Insurance Bundle,1,2026/06/04
2106,15578156,Credit Card Upgrade,False,2026/06/05
2107,15767804,,False,2026/06/06
2108,15680804,Cashback,True,2026/06/07
2109,15809800,Investment Plan,False,2026/06/08
2110,15617982,Investment Plan,False,2026/06/09
2111,15647306,Investment Plan,False,2026/06/10
2112,15749365,Cashback,True,2026/06/11
2113,15625092,,False,2026/06/12
2114,15720702,Credit Card Upgrade,False,2026/06/13
2115,15705885,Credit Card Upgrade,False,2026/06/14
2116,15632538,Credit Card Upgrade,False,2026/06/15
2117,15783477,Credit Card Upgrade,False,2026/06/16
2118,15709117,Personal Loan,1,2026/06/17
2119,15620000,Cashback,0,2026/06/18
2120,15737173,Investment Plan,False,2026/06/19
2121,15646784,Investment Plan,True,2026/06/20
2122,15694677,Personal Loan,True,2026/06/21
2123,15737509,Insurance Bundle,False,2026/06/22
2124,15724428,Cashback,False,2026/06/23
2125,15669782,Investment Plan,True,2026/06/24
2126,15576644,Insurance Bundle,false,2026/06/25
2127,15724127,,False,2026/06/26
2128,15814092,Personal Loan,False,2026/06/27
2129,15676353,Cashback,False,2026/06/28
2130,15573280,Insurance Bundle,False,2026/06/29
2131,15668767,Investment Plan,False,2026/06/30
2132,15684147,Personal Loan,False,2026/07/01
2133,15704769,Insurance Bundle,False,2026/07/02
2134,15694677,Investment Plan,True,2026/07/03
2135,15611365,Credit Card Upgrade,False,2026/07/04
2136,15735784,Personal Loan,False,2026/07/05
2137,15697045,Personal Loan,True,2026/07/06
2138,15636105,Credit Card Upgrade,False,2026/07/07
2139,15756481,Insurance Bundle,False,2026/07/08
2140,15756472,Insurance Bundle,False,2026/07/09
2141,15812616,Credit Card Upgrade,False,2026/07/10
2142,15792029,Cashback,False,2026/07/11
2143,15713843,Credit Card Upgrade,0,2026/07/12
2144,15687828,Insurance Bundle,False,2026/07/13
2145,15570931,Personal Loan,False,2026/07/14
2146,15629551,Cashback,Yes,2026/07/15
2147,15673790,Cashback,Yes,2026/07/16
2148,15593976,Credit Card Upgrade,True,2026/07/17
2149,15795878,Personal Loan,True,2026/07/18
2150,15676091,Personal Loan,True,2026/07/19
2151,15752984,Investment Plan,False,2026/07/20
2152,15637110,Personal Loan,N,2026/07/21
2153,15732987,Investment Plan,False,2026/07/22
2154,15580629,Personal Loan,False,2026/07/23
2155,15734161,Credit Card Upgrade,True,2026/07/24
2156,15790630,Insurance Bundle,True,2026/07/25
2157,15782210,Insurance Bundle,True,2026/07/26
2158,15780870,Credit Card Upgrade,True,2026/07/27
2159,15667971,Cashback,True,2026/07/28
2160,15591047,Cashback,False,2026/07/29
2161,15716984,Insurance Bundle,False,2026/07/30
2162,15648681,Investment Plan,True,2026/07/31
2163,15654964,Personal Loan,0,2026/08/01
2164,15580845,Insurance Bundle,False,2026/08/02
2165,15785042,Cashback,False,2026/08/03
2166,15805104,Insurance Bundle,False,2026/08/04
2167,15809320,Cashback,False,2026/08/05
2168,15811177,Credit Card Upgrade,False,2026/08/06
2169,15797197,Personal Loan,False,2026/08/07
2170,15749947,Insurance Bundle,True,2026/08/08
2171,15581332,Insurance Bundle,False,2026/08/09
2172,15681220,Personal Loan,False,2026/08/10
2173,15627298,Credit Card Upgrade,Y,2026/08/11
2174,15641773,Personal Loan,False,2026/08/12
2175,15644621,Personal Loan,1,2026/08/13
2176,15610337,,False,2026/08/14
2177,15757821,Investment Plan,Y,2026/08/15
2178,15622993,Personal Loan,True,2026/08/16
2179,15773098,Investment Plan,True,2026/08/17
2180,15768367,Personal Loan,False,2026/08/18
2181,15694852,Investment Plan,False,2026/08/19
2182,15802106,Investment Plan,True,2026/08/20
2183,15749265,Cashback,False,2026/08/21
2184,15623525,Credit Card Upgrade,False,2026/08/22
2185,15600510,Credit Card Upgrade,1,2026/08/23
2186,15623357,Investment Plan,False,2026/08/24
2187,15654300,Insurance Bundle,False,2026/08/25
2188,15631305,Cashback,False,2026/08/26
2189,15617657,Insurance Bundle,True,2026/08/27
2190,15780359,Insurance Bundle,False,2026/08/28
2191,15677828,Credit Card Upgrade,0,2026/08/29
2192,15701537,Cashback,False,2026/08/30
2193,15692631,Credit Card Upgrade,False,2026/08/31
2194,15642710,Insurance Bundle,False,2026/09/01
2195,15639004,Credit Card Upgrade,True,2026/09/02
2196,15680772,Personal Loan,N,2026/09/03
2197,15615322,Personal Loan,False,2025/09/03
2198,15753874,Personal Loan,True,2025/09/04
2199,15696506,Cashback,N,2025/09/05
2200,15618243,Cashback,False,2025/09/06
2201,15734711,Cashback,False,2025/09/07
2202,15772073,Cashback,False,2025/09/08
2203,15646302,Investment Plan,False,2025/09/09
2204,15667462,Credit Card Upgrade,True,2025/09/10
2205,15754301,Investment Plan,Y,2025/09/11
2206,15718280,Cashback,True,2025/09/12
2207,15785490,Insurance Bundle,Yes,2025/09/13
2208,15735106,Personal Loan,False,2025/09/14
2209,15654390,Cashback,False,2025/09/15
2210,15724863,Insurance Bundle,False,2025/09/16
2211,15804211,Credit Card Upgrade,True,2025/09/17
2212,15715951,Credit Card Upgrade,False,2025/09/18
2213,15591915,Personal Loan,True,2025/09/19
2214,15726556,Personal Loan,False,2025/09/20
2215,15689168,Personal Loan,False,2025/09/21
2216,15725355,Cashback,False,2025/09/22
2217,15632899,Personal Loan,False,2025/09/23
2218,15695078,Cashback,True,2025/09/24
2219,15658972,Credit Card Upgrade,False,2025/09/25
2220,15650018,Cashback,False,2025/09/26
2221,15717225,Insurance Bundle,True,2025/09/27
2222,15578369,Insurance Bundle,True,2025/09/28
2223,15774179,Insurance Bundle,True,2025/09/29
2224,15668270,Personal Loan,Yes,2025/09/30
2225,15805429,Cashback,False,2025/10/01
2226,15615177,Cashback,False,2025/10/02
2227,15761886,Investment Plan,False,2025/10/03
2228,15660541,Cashback,True,2025/10/04
2229,15707120,Investment Plan,False,2025/10/05
2230,15673333,Investment Plan,True,2025/10/06
2231,15700964,Cashback,true,2025/10/07
2232,15674620,Personal Loan,True,2025/10/08
2233,15728362,Investment Plan,False,2025/10/09
2234,15801152,Investment Plan,False,2025/10/10
2235,15754342,Cashback,False,2025/10/11
2236,15627305,Cashback,True,2025/10/12
2237,15627298,Insurance Bundle,False,2025/10/13
2238,15754301,Investment Plan,True,2025/10/14
2239,15620443,Personal Loan,True,2025/10/15
2240,15658716,Personal Loan,True,2025/10/16
2241,15711396,Credit Card Upgrade,False,2025/10/17
2242,15786469,Personal Loan,True,2025/10/18
2243,15624993,Investment Plan,False,2025/10/19
2244,15710012,Personal Loan,False,2025/10/20
2245,15630321,Investment Plan,True,2025/10/21
2246,15711254,Investment Plan,False,2025/10/22
2247,15583137,Credit Card Upgrade,False,2025/10/23
2248,15585839,Investment Plan,False,2025/10/24
2249,15737506,Cashback,0,2025/10/25
2250,15756610,Credit Card Upgrade,False,2025/10/26
2251,15744717,Personal Loan,False,2025/10/27
2252,15659736,Insurance Bundle,Yes,2025/10/28
2253,15583026,Credit Card Upgrade,False,2025/10/29
2254,15720338,Insurance Bundle,True,2025/10/30
2255,15660429,Credit Card Upgrade,True,2025/10/31
2256,15595221,Personal Loan,False,2025/11/01
2257,15610765,Personal Loan,False,2025/11/02
2258,15634591,Personal Loan,False,2025/11/03
2259,15672692,Insurance Bundle,False,2025/11/04
2260,15642912,Investment Plan,True,2025/11/05
2261,15760924,Credit Card Upgrade,false,2025/11/06
2262,15641782,Insurance Bundle,False,2025/11/07
2263,15610056,Investment Plan,False,2025/11/08
2264,15769308,Credit Card Upgrade,Yes,2025/11/09
2265,15668009,Credit Card Upgrade,False,2025/11/10
2266,15645316,Insurance Bundle,False,2025/11/11
2267,15678317,Credit Card Upgrade,False,2025/11/12
2268,15699029,Personal Loan,False,2025/11/13
2269,15660263,Insurance Bundle,False,2025/11/14
2270,15754267,Investment Plan,False,2025/11/15
2271,15730447,Insurance Bundle,True,2025/11/16
2272,15633648,Personal Loan,True,2025/11/17
2273,15671804,Credit Card Upgrade,false,2025/11/18
2274,15800554,Credit Card Upgrade,True,2025/11/19
2275,15596647,Insurance Bundle,True,2025/11/20
2276,15744295,Insurance Bundle,No,2025/11/21
2277,15680901,Investment Plan,True,2025/11/22
2278,15729110,Personal Loan,False,2025/11/23
2279,15805565,Personal Loan,True,2025/11/24
2280,15672798,Insurance Bundle,False,2025/11/25
2281,15617617,Investment Plan,False,2025/11/26
2282,15606435,Insurance Bundle,False,2025/11/27
2283,15751445,Personal Loan,False,2025/11/28
2284,15567431,Credit Card Upgrade,False,2025/11/29
2285,15741417,Insurance Bundle,True,2025/11/30
2286,15654183,Credit Card Upgrade,False,2025/12/01
2287,15679743,Insurance Bundle,False,2025/12/02
2288,15810834,Credit Card Upgrade,True,2025/12/03
2289,15571816,Credit Card Upgrade,False,2025/12/04
2290,15668695,,N,2025/12/05
2291,15705009,Credit Card Upgrade,False,2025/12/06
2292,15600813,Investment Plan,False,2025/12/07
2293,15735221,Investment Plan,False,2025/12/08
2294,15696054,Investment Plan,True,2025/12/09
2295,15584812,Credit Card Upgrade,False,2025/12/10
2296,15695932,Credit Card Upgrade,True,2025/12/11
2297,15648681,Investment Plan,False,2025/12/12
2298,15641091,Cashback,True,2025/12/13
2299,15642934,Insurance Bundle,False,2025/12/14
2300,15621687,Cashback,False,2025/12/15
2301,15644692,Cashback,False,2025/12/16
2302,15799815,Personal Loan,True,2025/12/17
2303,15695356,Cashback,False,2025/12/18
2304,15613786,,Y,2025/12/19
2305,15592765,Personal Loan,N,2025/12/20
2306,15668774,Personal Loan,True,2025/12/21
2307,15668774,Cashback,True,2025/12/22
2308,15593773,Personal Loan,Y,2025/12/23
2309,15773852,,True,2025/12/24
2310,15766185,Insurance Bundle,False,2025/12/25
2311,15610936,Insurance Bundle,True,2025/12/26
2312,15598782,Personal Loan,False,2025/12/27
2313,15775490,Cashback,N,2025/12/28
2314,15667602,Insurance Bundle,True,2025/12/29
2315,15753102,Investment Plan,True,2025/12/30
2316,15663987,Insurance Bundle,False,2025/12/31
2317,15742534,Insurance Bundle,0,2026/01/01
2318,15726791,Insurance Bundle,false,2026/01/02
2319,15704378,Personal Loan,False,2026/01/03
2320,15640454,Personal Loan,False,2026/01/04
2321,15799825,Cashback,False,2026/01/05
2322,15628034,Personal Loan,True,2026/01/06
2323,15797627,Personal Loan,False,2026/01/07
2324,15623668,Insurance Bundle,False,2026/01/08
2325,15684103,Investment Plan,False,2026/01/09
2326,15569590,Insurance Bundle,False,2026/01/10
2327,15796071,Insurance Bundle,False,2026/01/11
2328,15575623,Credit Card Upgrade,False,2026/01/12
2329,15726931,Credit Card Upgrade,True,2026/01/13
2330,15651533,Insurance Bundle,False,2026/01/14
2331,15606267,Investment Plan,True,2026/01/15
2332,15657779,Insurance Bundle,false,2026/01/16
2333,15752463,Investment Plan,False,2026/01/17
2334,15685357,Investment Plan,False,2026/01/18
2335,15719940,Cashback,False,2026/01/19
2336,15787619,Cashback,True,2026/01/20
2337,15707120,Personal Loan,False,2026/01/21
2338,15780925,Insurance Bundle,True,2026/01/22
2339,15679738,Insurance Bundle,False,2026/01/23
2340,15790678,Investment Plan,False,2026/01/24
2341,15612418,Personal Loan,False,2026/01/25
2342,15782360,,False,2026/01/26
2343,15569641,Investment Plan,False,2026/01/27
2344,15629475,Cashback,False,2026/01/28
2345,15570895,Personal Loan,False,2026/01/29
2346,15673342,Investment Plan,True,2026/01/30
2347,15599329,Credit Card Upgrade,True,2026/01/31
2348,15628123,Investment Plan,True,2026/02/01
2349,15795458,Cashback,True,2026/02/02
2350,15596671,Personal Loan,True,2026/02/03
2351,15785488,Credit Card Upgrade,False,2026/02/04
2352,15622370,Cashback,False,2026/02/05
2353,15597131,Cashback,False,2026/02/06
2354,15812647,Credit Card Upgrade,False,2026/02/07
2355,15608408,Personal Loan,True,2026/02/08
2356,15590201,Cashback,False,2026/02/09
2357,15675316,Investment Plan,False,2026/02/10
2358,15651802,Cashback,1,2026/02/11
2359,15633854,Personal Loan,False,2026/02/12
2360,15773809,Credit Card Upgrade,False,2026/02/13
2361,15604804,Cashback,False,2026/02/14
2362,15665168,Credit Card Upgrade,True,2026/02/15
2363,15720338,Insurance Bundle,True,2026/02/16
2364,15726791,Personal Loan,Yes,2026/02/17
2365,15738181,Investment Plan,False,2026/02/18
2366,15647570,Cashback,0,2026/02/19
2367,15697283,Insurance Bundle,0,2026/02/20
2368,15699257,Credit Card Upgrade,True,2026/02/21
2369,15565996,Cashback,False,2026/02/22
2370,15785358,Investment Plan,No,2026/02/23
2371,15628674,,False,2026/02/24
2372,15664802,Credit Card Upgrade,True,2026/02/25
2373,15719561,Investment Plan,False,2026/02/26
2374,15790254,Credit Card Upgrade,1,2026/02/27
2375,15748947,Insurance Bundle,Yes,2026/02/28
2376,15598940,Investment Plan,True,2026/03/01
2377,15608760,Personal Loan,False,2026/03/02
2378,15616525,Cashback,False,2026/03/03
2379,15590637,Insurance Bundle,False,2026/03/04
2380,15593976,Cashback,True,2026/03/05
2381,15643770,Cashback,False,2026/03/06
2382,15702416,Personal Loan,False,2026/03/07
2383,15642394,Personal Loan,False,2026/03/08
2384,15668009,Investment Plan,False,2026/03/09
2385,15734626,Insurance Bundle,N,2026/03/10
2386,15706036,Insurance Bundle,False,2026/03/11
2387,15647295,Insurance Bundle,True,2026/03/12
2388,15583462,Personal Loan,True,2026/03/13
2389,15682048,Personal Loan,True,2026/03/14
2390,15727041,Credit Card Upgrade,True,2026/03/15
2391,15702190,Credit Card Upgrade,1,2026/03/16
2392,15647782,Cashback,True,2026/03/17
2393,15574169,Credit Card Upgrade,False,2026/03/18
2394,15808662,Personal Loan,0,2026/03/19
2395,15688251,Credit Card Upgrade,0,2026/03/20
2396,15623277,Personal Loan,False,2026/03/21
2397,15672970,Credit Card Upgrade,True,2026/03/22
2398,15592222,Personal Loan,False,2026/03/23
2399,15667451,Personal Loan,True,2026/03/24
2400,15571940,Cashback,false,2026/03/25
2401,15688644,Cashback,False,2026/03/26
2402,15801152,Personal Loan,True,2026/03/27
2403,15664555,Cashback,False,2026/03/28
2404,15789714,Insurance Bundle,True,2026/03/29
2405,15790093,Cashback,False,2026/03/30
2406,15593795,Cashback,False,2026/03/31
2407,15607176,Personal Loan,False,2026/04/01
2408,15741032,Personal Loan,True,2026/04/02
2409,15599660,Personal Loan,False,2026/04/03
2410,15608109,Cashback,True,2026/04/04
2411,15591711,,False,2026/04/05
2412,15616088,Cashback,Y,2026/04/06
2413,15630725,Personal Loan,False,2026/04/07
2414,15772329,Credit Card Upgrade,False,2026/04/08
2415,15605275,Insurance Bundle,False,2026/04/09
2416,15785980,Insurance Bundle,False,2026/04/10
2417,15811588,Insurance Bundle,False,2026/04/11
2418,15707110,Investment Plan,Yes,2026/04/12
2419,15718839,Cashback,True,2026/04/13
2420,15725355,,False,2026/04/14
2421,15599660,Insurance Bundle,True,2026/04/15
2422,15734610,Insurance Bundle,False,2026/04/16
2423,15680767,Credit Card Upgrade,True,2026/04/17
2424,15753549,Personal Loan,No,2026/04/18
2425,15693264,Personal Loan,True,2026/04/19
2426,15617065,Personal Loan,False,2026/04/20
2427,15717138,Credit Card Upgrade,No,2026/04/21
2428,15701037,Personal Loan,True,2026/04/22
2429,15812518,Cashback,False,2026/04/23
2430,15748499,Insurance Bundle,False,2026/04/24
2431,15667190,Cashback,True,2026/04/25
2432,15589437,,True,2026/04/26
2433,15619955,Insurance Bundle,False,2026/04/27
2434,15662758,Credit Card Upgrade,False,2026/04/28
2435,15809736,Insurance Bundle,False,2026/04/29
2436,15665760,Investment Plan,False,2026/04/30
2437,15644280,Investment Plan,False,2026/05/01
2438,15618950,Cashback,False,2026/05/02
2439,15782236,,False,2026/05/03
2440,15720338,Personal Loan,False,2026/05/04
2441,15625675,Investment Plan,False,2026/05/05
2442,15638272,Insurance Bundle,False,2026/05/06
2443,15785920,Insurance Bundle,False,2026/05/07
2444,15705515,Cashback,False,2026/05/08
2445,15669987,Credit Card Upgrade,0,2026/05/09
2446,15573456,Insurance Bundle,False,2026/05/10
2447,15629133,Credit Card Upgrade,False,2026/05/11
2448,15598884,Credit Card Upgrade,False,2026/05/12
2449,15713426,,false,2026/05/13
2450,15776824,Investment Plan,False,2026/05/14
2451,15661290,Personal Loan,False,2026/05/15
2452,15674526,Personal Loan,False,2026/05/16
2453,15797748,Credit Card Upgrade,False,2026/05/17
2454,15642022,Insurance Bundle,False,2026/05/18
2455,15605742,Cashback,False,2026/05/19
2456,15671917,Credit Card Upgrade,0,2026/05/20
2457,15815259,Insurance Bundle,True,2026/05/21
2458,15703763,Insurance Bundle,False,2026/05/22
2459,15719508,Investment Plan,false,2026/05/23
2460,15815656,Insurance Bundle,False,2026/05/24
2461,15685640,Cashback,True,2026/05/25
2462,15660301,Credit Card Upgrade,True,2026/05/26
2463,15730830,Insurance Bundle,True,2026/05/27
2464,15726358,Credit Card Upgrade,False,2026/05/28
2465,15793425,Insurance Bundle,False,2026/05/29
2466,15640421,Cashback,No,2026/05/30
2467,15807709,Personal Loan,True,2026/05/31
2468,15713144,Personal Loan,False,2026/06/01
2469,15581526,Insurance Bundle,True,2026/06/02
2470,15764661,Insurance Bundle,0,2026/06/03
2471,15666884,Investment Plan,False,2026/06/04
2472,15812356,Personal Loan,False,2026/06/05
2473,15795586,Personal Loan,Y,2026/06/06
2474,15663168,,false,2026/06/07
2475,15706706,Personal Loan,True,2026/06/08
2476,15806132,Insurance Bundle,True,2026/06/09
2477,15717629,Insurance Bundle,False,2026/06/10
2478,15763460,Personal Loan,False,2026/06/11
2479,15726776,Personal Loan,False,2026/06/12
2480,15690182,Cashback,False,2026/06/13
2481,15637646,Personal Loan,False,2026/06/14
2482,15740175,Investment Plan,True,2026/06/15
2483,15783083,Personal Loan,0,2026/06/16
2484,15732884,Investment Plan,False,2026/06/17
2485,15605742,Personal Loan,False,2026/06/18
2486,15775192,Credit Card Upgrade,False,2026/06/19
2487,15604813,Credit Card Upgrade,True,2026/06/20
2488,15694129,Insurance Bundle,N,2026/06/21
2489,15698271,Cashback,False,2026/06/22
2490,15802741,Cashback,False,2026/06/23
2491,15606507,Insurance Bundle,False,2026/06/24
2492,15584928,Investment Plan,True,2026/06/25
2493,15732672,Investment Plan,False,2026/06/26
2494,15596575,Credit Card Upgrade,True,2026/06/27
2495,15679283,Personal Loan,False,2026/06/28
2496,15773751,Credit Card Upgrade,False,2026/06/29
2497,15692744,Investment Plan,False,2026/06/30
2498,15787071,Credit Card Upgrade,Y,2026/07/01
2499,15647453,Cashback,False,2026/07/02
2500,15661275,Investment Plan,False,2026/07/03
2501,15607263,Cashback,False,2026/07/04
2502,15771270,Investment Plan,False,2026/07/05
2503,15627042,Personal Loan,True,2026/07/06
2504,15629744,Cashback,False,2026/07/07
2505,15778481,Investment Plan,True,2026/07/08
2506,15784526,Investment Plan,True,2026/07/09
2507,15785980,Investment Plan,False,2026/07/10
2508,15722322,Investment Plan,True,2026/07/11
2509,15694765,Personal Loan,0,2026/07/12
2510,15575185,Insurance Bundle,True,2026/07/13
2511,15569503,Credit Card Upgrade,0,2026/07/14
2512,15670668,Insurance Bundle,False,2026/07/15
2513,15634772,Cashback,False,2026/07/16
2514,15741988,Personal Loan,true,2026/07/17
2515,15726791,Cashback,False,2026/07/18
2516,15706163,Credit Card Upgrade,1,2026/07/19
2517,15796505,Insurance Bundle,False,2026/07/20
2518,15759274,,False,2026/07/21
2519,15815615,Investment Plan,True,2026/07/22
2520,15703707,Cashback,True,2026/07/23
2521,15567832,Investment Plan,0,2026/07/24
2522,15768476,Personal Loan,False,2026/07/25
2523,15629744,Personal Loan,False,2026/07/26
2524,15783541,Investment Plan,False,2026/07/27
2525,15608408,Credit Card Upgrade,True,2026/07/28
2526,15598044,Cashback,0,2026/07/29
2527,15609824,Personal Loan,False,2026/07/30
2528,15791174,Credit Card Upgrade,False,2026/07/31
2529,15732884,Credit Card Upgrade,False,2026/08/01
2530,15749123,Investment Plan,Yes,2026/08/02
2531,15715638,Cashback,No,2026/08/03
2532,15582149,Personal Loan,False,2026/08/04
2533,15717225,Insurance Bundle,False,2026/08/05
2534,15606507,,False,2026/08/06
2535,15622470,Cashback,Yes,2026/08/07
2536,15610686,Insurance Bundle,False,2026/08/08
2537,15712199,Personal Loan,True,2026/08/09
2538,15629750,Credit Card Upgrade,True,2026/08/10
2539,15735221,Insurance Bundle,True,2026/08/11
2540,15757811,Cashback,True,2026/08/12
2541,15605827,Credit Card Upgrade,False,2026/08/13
2542,15668009,Personal Loan,False,2026/08/14
2543,15711489,Insurance Bundle,False,2026/08/15
2544,15776454,Insurance Bundle,False,2026/08/16
2545,15660422,Insurance Bundle,False,2026/08/17
2546,15780254,Personal Loan,True,2026/08/18
2547,15683553,Insurance Bundle,False,2026/08/19
2548,15806929,Investment Plan,False,2026/08/20
2549,15622017,Credit Card Upgrade,No,2026/08/21
2550,15657529,Cashback,False,2026/08/22
2551,15690939,Insurance Bundle,False,2026/08/23
2552,15697510,Personal Loan,True,2026/08/24
2553,15663441,Insurance Bundle,True,2026/08/25
2554,15650933,Credit Card Upgrade,0,2026/08/26
2555,15756241,Investment Plan,True,2026/08/27
2556,15738181,Credit Card Upgrade,0,2026/08/28
2557,15693690,Credit Card Upgrade,False,2026/08/29
2558,15713463,Investment Plan,True,2026/08/30
2559,15799422,Credit Card Upgrade,False,2026/08/31
2560,15804211,Cashback,False,2026/09/01
2561,15709338,Cashback,True,2026/09/02
2562,15619972,Investment Plan,True,2026/09/03
2563,15792916,Cashback,0,2025/09/03
2564,15627365,Insurance Bundle,True,2025/09/04
2565,15705885,Investment Plan,True,2025/09/05
2566,15744517,Personal Loan,False,2025/09/06
2567,15785782,Insurance Bundle,True,2025/09/07
2568,15796179,Cashback,False,2025/09/08
2569,15615050,Cashback,False,2025/09/09
2570,15730830,Cashback,False,2025/09/10
2571,15761886,Investment Plan,False,2025/09/11
2572,15682686,Investment Plan,True,2025/09/12
2573,15749528,Cashback,False,2025/09/13
2574,15645463,Insurance Bundle,False,2025/09/14
2575,15742609,Investment Plan,False,2025/09/15
2576,15589147,Personal Loan,False,2025/09/16
2577,15793324,Insurance Bundle,False,2025/09/17
2578,15692430,Investment Plan,False,2025/09/18
2579,15627232,Cashback,False,2025/09/19
2580,15609475,Credit Card Upgrade,True,2025/09/20
2581,15643752,Insurance Bundle,False,2025/09/21
2582,15727944,,False,2025/09/22
2583,15568562,Insurance Bundle,No,2025/09/23
2584,15607395,Investment Plan,True,2025/09/24
2585,15812513,Personal Loan,False,2025/09/25
2586,15608968,Personal Loan,False,2025/09/26
2587,15728005,Insurance Bundle,False,2025/09/27
2588,15754168,Investment Plan,True,2025/09/28
2589,15764343,Credit Card Upgrade,true,2025/09/29
2590,15681402,Credit Card Upgrade,False,2025/09/30
2591,15773751,Personal Loan,False,2025/10/01
2592,15623478,Investment Plan,false,2025/10/02
2593,15600974,Personal Loan,true,2025/10/03
2594,15569626,,No,2025/10/04
2595,15769064,Cashback,False,2025/10/05
2596,15728006,Credit Card Upgrade,N,2025/10/06
2597,15813645,Investment Plan,False,2025/10/07
2598,15653547,Personal Loan,1,2025/10/08
2599,15756472,Investment Plan,False,2025/10/09
2600,15670266,Cashback,False,2025/10/10
2601,15638806,Insurance Bundle,N,2025/10/11
2602,15610426,Personal Loan,false,2025/10/12
2603,15714920,Credit Card Upgrade,False,2025/10/13
2604,15677123,Credit Card Upgrade,True,2025/10/14
2605,15665634,Credit Card Upgrade,False,2025/10/15
2606,15730038,Cashback,False,2025/10/16
2607,15636444,Investment Plan,False,2025/10/17
2608,15569266,Cashback,True,2025/10/18
2609,15663168,,False,2025/10/19
2610,15568238,Investment Plan,True,2025/10/20
2611,15662751,Personal Loan,True,2025/10/21
2612,15750778,Investment Plan,False,2025/10/22
2613,15669741,Investment Plan,Yes,2025/10/23
2614,15599084,Cashback,False,2025/10/24
2615,15727041,Personal Loan,False,2025/10/25
2616,15811742,Investment Plan,True,2025/10/26
2617,15721469,Personal Loan,Yes,2025/10/27
2618,15569079,Investment Plan,False,2025/10/28
2619,15645942,Cashback,0,2025/10/29
2620,15754940,Credit Card Upgrade,False,2025/10/30
2621,15623219,Credit Card Upgrade,False,2025/10/31
2622,15699550,Credit Card Upgrade,false,2025/11/01
2623,15764419,Credit Card Upgrade,False,2025/11/02
2624,15722479,Credit Card Upgrade,True,2025/11/03
2625,15571002,Credit Card Upgrade,True,2025/11/04
2626,15805676,Cashback,False,2025/11/05
2627,15603743,Investment Plan,False,2025/11/06
2628,15726490,Insurance Bundle,False,2025/11/07
2629,15783955,Personal Loan,False,2025/11/08
2630,15812647,Credit Card Upgrade,False,2025/11/09
2631,15797381,Credit Card Upgrade,False,2025/11/10
2632,15591489,Cashback,False,2025/11/11
2633,15606836,Cashback,False,2025/11/12
2634,15590637,Investment Plan,False,2025/11/13
2635,15719940,Cashback,No,2025/11/14
2636,15576680,Credit Card Upgrade,Yes,2025/11/15
2637,15566708,Investment Plan,True,2025/11/16
2638,15641732,,True,2025/11/17
2639,15758769,Personal Loan,True,2025/11/18
2640,15614923,Personal Loan,False,2025/11/19
2641,15686345,Insurance Bundle,1,2025/11/20
2642,15605531,Credit Card Upgrade,False,2025/11/21
2643,15681878,Personal Loan,True,2025/11/22
2644,15792934,Insurance Bundle,True,2025/11/23
2645,15763874,Credit Card Upgrade,False,2025/11/24
2646,15694272,Insurance Bundle,False,2025/11/25
2647,15617029,Cashback,False,2025/11/26
2648,15649160,Personal Loan,True,2025/11/27
2649,15736397,Personal Loan,True,2025/11/28
2650,15607629,Personal Loan,True,2025/11/29
2651,15695679,Investment Plan,True,2025/11/30
2652,15763111,Credit Card Upgrade,False,2025/12/01
2653,15568748,Cashback,True,2025/12/02
2654,15646168,Insurance Bundle,False,2025/12/03
2655,15690337,Insurance Bundle,True,2025/12/04
2656,15627848,Cashback,False,2025/12/05
2657,15746970,Investment Plan,False,2025/12/06
2658,15750803,Insurance Bundle,False,2025/12/07
2659,15683657,Credit Card Upgrade,True,2025/12/08
2660,15734626,Insurance Bundle,False,2025/12/09
2661,15793196,Insurance Bundle,True,2025/12/10
2662,15605275,Credit Card Upgrade,1,2025/12/11
2663,15810800,Credit Card Upgrade,False,2025/12/12
2664,15744582,Cashback,False,2025/12/13
2665,15764226,Personal Loan,False,2025/12/14
2666,15727857,Cashback,False,2025/12/15
2667,15661936,Insurance Bundle,False,2025/12/16
2668,15808283,Personal Loan,0,2025/12/17
2669,15792305,Personal Loan,False,2025/12/18
2670,15629545,Credit Card Upgrade,False,2025/12/19
2671,15773421,Personal Loan,False,2025/12/20
2672,15591986,Insurance Bundle,False,2025/12/21
2673,15750658,Insurance Bundle,False,2025/12/22
2674,15614420,Insurance Bundle,True,2025/12/23
2675,15705512,Cashback,True,2025/12/24
2676,15720463,Cashback,False,2025/12/25
2677,15723028,Insurance Bundle,True,2025/12/26
2678,15570931,Cashback,False,2025/12/27
2679,15638983,,False,2025/12/28
2680,15630709,Personal Loan,No,2025/12/29
2681,15712930,,False,2025/12/30
2682,15595221,Credit Card Upgrade,False,2025/12/31
2683,15630363,Credit Card Upgrade,False,2026/01/01
2684,15796617,Personal Loan,True,2026/01/02
2685,15742126,Insurance Bundle,False,2026/01/03
2686,15700826,Investment Plan,False,2026/01/04
2687,15604345,Insurance Bundle,False,2026/01/05
2688,15649536,Insurance Bundle,False,2026/01/06
2689,15645200,Credit Card Upgrade,N,2026/01/07
2690,15774285,Cashback,True,2026/01/08
2691,15797197,Personal Loan,True,2026/01/09
2692,15762110,Insurance Bundle,False,2026/01/10
2693,15743538,Credit Card Upgrade,False,2026/01/11
2694,15636428,Personal Loan,False,2026/01/12
2695,15608166,Insurance Bundle,False,2026/01/13
2696,15624528,Personal Loan,false,2026/01/14
2697,15600879,Cashback,False,2026/01/15
2698,15662500,Credit Card Upgrade,True,2026/01/16
2699,15708256,Personal Loan,False,2026/01/17
2700,15814032,Personal Loan,0,2026/01/18
2701,15581548,Personal Loan,0,2026/01/19
2702,15812009,Cashback,False,2026/01/20
2703,15653547,Personal Loan,False,2026/01/21
2704,15631882,Investment Plan,True,2026/01/22
2705,15613945,,True,2026/01/23
2706,15629750,Credit Card Upgrade,False,2026/01/24
2707,15681990,Credit Card Upgrade,true,2026/01/25
2708,15761158,Personal Loan,Yes,2026/01/26
2709,15568595,Insurance Bundle,False,2026/01/27
2710,15656005,Investment Plan,False,2026/01/28
2711,15617617,Credit Card Upgrade,True,2026/01/29
2712,15794360,Credit Card Upgrade,False,2026/01/30
2713,15726774,Personal Loan,False,2026/01/31
2714,15628950,Investment Plan,False,2026/02/01
2715,15629338,Investment Plan,True,2026/02/02
2716,15651802,Insurance Bundle,False,2026/02/03
2717,15600280,Personal Loan,True,2026/02/04
2718,15631217,Insurance Bundle,True,2026/02/05
2719,15797595,Insurance Bundle,True,2026/02/06
2720,15638272,Credit Card Upgrade,False,2026/02/07
2721,15799217,Credit Card Upgrade,True,2026/02/08
2722,15687329,Credit Card Upgrade,True,2026/02/09
2723,15815295,Cashback,False,2026/02/10
2724,15691874,Insurance Bundle,False,2026/02/11
2725,15665008,Insurance Bundle,False,2026/02/12
2726,15770516,Investment Plan,False,2026/02/13
2727,15616270,Personal Loan,True,2026/02/14
2728,15727317,Investment Plan,True,2026/02/15
2729,15684865,Credit Card Upgrade,N,2026/02/16
2730,15700854,Investment Plan,False,2026/02/17
2731,15734461,Cashback,False,2026/02/18
2732,15742297,Credit Card Upgrade,True,2026/02/19
2733,15671804,Credit Card Upgrade,0,2026/02/20
2734,15725698,Insurance Bundle,false,2026/02/21
2735,15734628,Credit Card Upgrade,False,2026/02/22
2736,15622507,Cashback,False,2026/02/23
2737,15743759,Personal Loan,N,2026/02/24
2738,15717489,Credit Card Upgrade,False,2026/02/25
2739,15758813,Personal Loan,False,2026/02/26
2740,15775235,Personal Loan,False,2026/02/27
2741,15783882,Insurance Bundle,False,2026/02/28
2742,15611794,,False,2026/03/01
2743,15781702,Investment Plan,False,2026/03/02
2744,15602844,Personal Loan,False,2026/03/03
2745,15606836,Insurance Bundle,Yes,2026/03/04
2746,15717995,Credit Card Upgrade,True,2026/03/05
2747,15772896,Personal Loan,True,2026/03/06
2748,15634896,Cashback,False,2026/03/07
2749,15631217,Investment Plan,False,2026/03/08
2750,15750684,Insurance Bundle,True,2026/03/09
2751,15650488,Cashback,False,2026/03/10
2752,15591711,Investment Plan,True,2026/03/11
2753,15744517,Cashback,No,2026/03/12
2754,15797381,Insurance Bundle,False,2026/03/13
2755,15716000,Personal Loan,True,2026/03/14
2756,15615931,Personal Loan,False,2026/03/15
2757,15583580,Investment Plan,False,2026/03/16
2758,15750970,Investment Plan,0,2026/03/17
2759,15626474,Personal Loan,False,2026/03/18
2760,15689671,Personal Loan,True,2026/03/19
2761,15751137,Credit Card Upgrade,False,2026/03/20
2762,15582180,Cashback,True,2026/03/21
2763,15806956,Investment Plan,0,2026/03/22
2764,15654300,Insurance Bundle,1,2026/03/23
2765,15612108,Investment Plan,True,2026/03/24
2766,15702298,Personal Loan,False,2026/03/25
2767,15797767,,False,2026/03/26
2768,15615012,Personal Loan,False,2026/03/27
2769,15608381,Credit Card Upgrade,Yes,2026/03/28
2770,15753337,Credit Card Upgrade,N,2026/03/29
2771,15689168,Personal Loan,No,2026/03/30
2772,15619343,Insurance Bundle,Yes,2026/03/31
2773,15717138,Investment Plan,true,2026/04/01
2774,15715709,Cashback,true,2026/04/02
2775,15762716,Personal Loan,False,2026/04/03
2776,15619626,Personal Loan,True,2026/04/04
2777,15797065,Cashback,True,2026/04/05
2778,15771087,Credit Card Upgrade,true,2026/04/06
2779,15739292,Cashback,True,2026/04/07
2780,15766427,Investment Plan,False,2026/04/08
2781,15792008,Insurance Bundle,True,2026/04/09
2782,15603319,Investment Plan,False,2026/04/10
2783,15584812,Credit Card Upgrade,True,2026/04/11
2784,15614878,Insurance Bundle,False,2026/04/12
2785,15579996,Credit Card Upgrade,False,2026/04/13
2786,15625247,Personal Loan,False,2026/04/14
2787,15642530,Insurance Bundle,True,2026/04/15
2788,15695679,Insurance Bundle,True,2026/04/16
2789,15619340,Credit Card Upgrade,False,2026/04/17
2790,15793042,Cashback,False,2026/04/18
2791,15614215,Insurance Bundle,False,2026/04/19
2792,15702298,Cashback,False,2026/04/20
2793,15809263,Credit Card Upgrade,True,2026/04/21
2794,15781903,Credit Card Upgrade,False,2026/04/22
2795,15705707,Personal Loan,False,2026/04/23
2796,15579583,Credit Card Upgrade,False,2026/04/24
2797,15720338,Personal Loan,True,2026/04/25
2798,15787255,Personal Loan,False,2026/04/26
2799,15682914,Cashback,True,2026/04/27
2800,15602929,Personal Loan,False,2026/04/28
2801,15794257,Insurance Bundle,False,2026/04/29
2802,15677123,Cashback,No,2026/04/30
2803,15807663,Credit Card Upgrade,False,2026/05/01
2804,15711834,Investment Plan,True,2026/05/02
2805,15725835,Investment Plan,True,2026/05/03
2806,15771702,Investment Plan,False,2026/05/04
2807,15772329,Insurance Bundle,0,2026/05/05
2808,15727499,Personal Loan,False,2026/05/06
2809,15601324,Cashback,Yes,2026/05/07
2810,15620751,Credit Card Upgrade,False,2026/05/08
2811,15778481,Investment Plan,True,2026/05/09
2812,15810732,Credit Card Upgrade,False,2026/05/10
2813,15780805,Investment Plan,False,2026/05/11
2814,15650488,Personal Loan,False,2026/05/12
2815,15752984,Personal Loan,0,2026/05/13
2816,15591357,Cashback,False,2026/05/14
2817,15719479,Credit Card Upgrade,False,2026/05/15
2818,15772892,,true,2026/05/16
2819,15724402,Investment Plan,True,2026/05/17
2820,15607560,Cashback,False,2026/05/18
2821,15794056,Cashback,False,2026/05/19
2822,15680201,Credit Card Upgrade,False,2026/05/20
2823,15713440,Investment Plan,No,2026/05/21
2824,15681554,Credit Card Upgrade,True,2026/05/22
2825,15627251,Investment Plan,True,2026/05/23
2826,15602735,Investment Plan,false,2026/05/24
2827,15690492,Credit Card Upgrade,False,2026/05/25
2828,15635660,Insurance Bundle,True,2026/05/26
2829,15697318,Insurance Bundle,True,2026/05/27
2830,15751022,Cashback,True,2026/05/28
2831,15584462,Insurance Bundle,Y,2026/05/29
2832,15588587,Credit Card Upgrade,False,2026/05/30
2833,15690153,Personal Loan,Y,2026/05/31
2834,15664227,Cashback,False,2026/06/01
2835,15758136,Credit Card Upgrade,False,2026/06/02
2836,15602845,Personal Loan,Y,2026/06/03
2837,15799534,Investment Plan,False,2026/06/04
2838,15728010,Investment Plan,N,2026/06/05
2839,15712264,Insurance Bundle,True,2026/06/06
2840,15698349,Personal Loan,True,2026/06/07
2841,15594862,Insurance Bundle,False,2026/06/08
2842,15648032,Insurance Bundle,False,2026/06/09
2843,15746802,Credit Card Upgrade,False,2026/06/10
2844,15802486,Credit Card Upgrade,True,2026/06/11
2845,15586993,Personal Loan,True,2026/06/12
2846,15754267,Personal Loan,False,2026/06/13
2847,15752534,Insurance Bundle,No,2026/06/14
2848,15792679,Insurance Bundle,True,2026/06/15
2849,15667938,Investment Plan,False,2026/06/16
2850,15701364,Investment Plan,True,2026/06/17
2851,15723339,Insurance Bundle,True,2026/06/18
2852,15630592,Cashback,False,2026/06/19
2853,15762418,Insurance Bundle,False,2026/06/20
2854,15628205,Investment Plan,False,2026/06/21
2855,15638610,Cashback,False,2026/06/22
2856,15644621,Personal Loan,False,2026/06/23
2857,15787529,Personal Loan,False,2026/06/24
2858,15787318,Cashback,False,2026/06/25
2859,15687558,Insurance Bundle,True,2026/06/26
2860,15755262,Insurance Bundle,False,2026/06/27
2861,15677288,Cashback,False,2026/06/28
2862,15738605,,False,2026/06/29
2863,15697183,Investment Plan,False,2026/06/30
2864,15788025,Insurance Bundle,False,2026/07/01
2865,15635034,,True,2026/07/02
2866,15569432,Insurance Bundle,True,2026/07/03
2867,15779529,Investment Plan,false,2026/07/04
2868,15741865,Personal Loan,False,2026/07/05
2869,15740104,Cashback,False,2026/07/06
2870,15784148,Credit Card Upgrade,True,2026/07/07
2871,15728564,Credit Card Upgrade,No,2026/07/08
2872,15741988,Insurance Bundle,False,2026/07/09
2873,15757646,Investment Plan,False,2026/07/10
2874,15757521,Investment Plan,False,2026/07/11
2875,15782778,Investment Plan,False,2026/07/12
2876,15572547,Investment Plan,False,2026/07/13
2877,15802741,Investment Plan,True,2026/07/14
2878,15752186,Insurance Bundle,True,2026/07/15
2879,15627971,Cashback,True,2026/07/16
2880,15590199,Personal Loan,True,2026/07/17
2881,15710111,Insurance Bundle,False,2026/07/18
2882,15646609,Investment Plan,False,2026/07/19
2883,15711062,Personal Loan,False,2026/07/20
2884,15728005,,true,2026/07/21
2885,15808851,Credit Card Upgrade,True,2026/07/22
2886,15668580,Cashback,False,2026/07/23
2887,15674000,Insurance Bundle,False,2026/07/24
2888,15721779,Investment Plan,False,2026/07/25
2889,15625445,Personal Loan,False,2026/07/26
2890,15664737,Personal Loan,False,2026/07/27
2891,15663164,Investment Plan,False,2026/07/28
2892,15706036,Personal Loan,False,2026/07/29
2893,15732563,Cashback,False,2026/07/30
2894,15653773,Personal Loan,False,2026/07/31
2895,15693737,Cashback,False,2026/08/01
2896,15750549,Credit Card Upgrade,False,2026/08/02
2897,15713094,Credit Card Upgrade,False,2026/08/03
2898,15683276,Cashback,False,2026/08/04
2899,15762927,Investment Plan,False,2026/08/05
2900,15595071,Cashback,True,2026/08/06
2901,15707291,Personal Loan,False,2026/08/07
2902,15612050,Insurance Bundle,False,2026/08/08
2903,15643696,Personal Loan,False,2026/08/09
2904,15668774,Investment Plan,False,2026/08/10
2905,15798256,Investment Plan,Yes,2026/08/11
2906,15603594,Insurance Bundle,True,2026/08/12
2907,15662245,Personal Loan,False,2026/08/13
2908,15786463,Credit Card Upgrade,True,2026/08/14
2909,15632275,Cashback,False,2026/08/15
2910,15777060,Insurance Bundle,0,2026/08/16
2911,15780140,Insurance Bundle,False,2026/08/17
2912,15731026,Cashback,True,2026/08/18
2913,15645103,Cashback,False,2026/08/19
2914,15718588,Credit Card Upgrade,true,2026/08/20
2915,15566689,Credit Card Upgrade,False,2026/08/21
2916,15715031,Cashback,False,2026/08/22
2917,15724428,Insurance Bundle,True,2026/08/23
2918,15660147,Cashback,True,2026/08/24
2919,15681990,Credit Card Upgrade,False,2026/08/25
2920,15744398,,True,2026/08/26
2921,15762543,Insurance Bundle,False,2026/08/27
2922,15660147,Personal Loan,False,2026/08/28
2923,15724663,Insurance Bundle,False,2026/08/29
2924,15613014,Credit Card Upgrade,True,2026/08/30
2925,15583212,Personal Loan,False,2026/08/31
2926,15659002,Insurance Bundle,False,2026/09/01
2927,15629390,Credit Card Upgrade,false,2026/09/02
2928,15660871,Cashback,True,2026/09/03
2929,15624667,Personal Loan,False,2025/09/03
2930,15706116,Insurance Bundle,False,2025/09/04
2931,15605872,Personal Loan,0,2025/09/05
2932,15727944,Insurance Bundle,True,2025/09/06
2933,15772363,Credit Card Upgrade,False,2025/09/07
2934,15812279,Credit Card Upgrade,No,2025/09/08
2935,15600392,,False,2025/09/09
2936,15740470,Insurance Bundle,False,2025/09/10
2937,15744295,,False,2025/09/11
2938,15624186,Investment Plan,True,2025/09/12
2939,15815364,Cashback,True,2025/09/13
2940,15718843,Personal Loan,False,2025/09/14
2941,15792305,Personal Loan,True,2025/09/15
2942,15651943,Investment Plan,true,2025/09/16
2943,15566735,Insurance Bundle,False,2025/09/17
2944,15615991,Credit Card Upgrade,True,2025/09/18
2945,15641009,Personal Loan,False,2025/09/19
2946,15614215,Insurance Bundle,True,2025/09/20
2947,15709199,Cashback,No,2025/09/21
2948,15723620,Personal Loan,False,2025/09/22
2949,15789582,Credit Card Upgrade,True,2025/09/23
2950,15735221,Investment Plan,true,2025/09/24
2951,15683124,Cashback,false,2025/09/25
2952,15660417,Personal Loan,False,2025/09/26
2953,15625632,Insurance Bundle,True,2025/09/27
2954,15796071,,False,2025/09/28
2955,15661507,Insurance Bundle,False,2025/09/29
2956,15732643,Investment Plan,True,2025/09/30
2957,15659694,Insurance Bundle,True,2025/10/01
2958,15756125,Credit Card Upgrade,True,2025/10/02
2959,15676576,Personal Loan,True,2025/10/03
2960,15708212,Credit Card Upgrade,No,2025/10/04
2961,15699550,Personal Loan,True,2025/10/05
2962,15677112,Cashback,False,2025/10/06
2963,15619029,Credit Card Upgrade,True,2025/10/07
2964,15662238,Insurance Bundle,True,2025/10/08
2965,15752838,Credit Card Upgrade,True,2025/10/09
2966,15766686,Insurance Bundle,Y,2025/10/10
2967,15699797,Cashback,True,2025/10/11
2968,15649150,Personal Loan,False,2025/10/12
2969,15752137,Credit Card Upgrade,False,2025/10/13
2970,15667938,Insurance Bundle,True,2025/10/14
2971,15621004,Credit Card Upgrade,false,2025/10/15
2972,15809817,Insurance Bundle,False,2025/10/16
2973,15612109,Credit Card Upgrade,False,2025/10/17
2974,15584037,Credit Card Upgrade,False,2025/10/18
2975,15680430,Investment Plan,True,2025/10/19
2976,15643770,Investment Plan,True,2025/10/20
2977,15724691,Investment Plan,True,2025/10/21
2978,15734609,Personal Loan,N,2025/10/22
2979,15794493,,False,2025/10/23
2980,15614365,Credit Card Upgrade,False,2025/10/24
2981,15762351,Investment Plan,False,2025/10/25
2982,15627881,Personal Loan,Y,2025/10/26
2983,15607395,Cashback,False,2025/10/27
2984,15690182,Cashback,False,2025/10/28
2985,15619674,,False,2025/10/29
2986,15690182,Cashback,False,2025/10/30
2987,15623791,Investment Plan,True,2025/10/31
2988,15786680,Cashback,True,2025/11/01
2989,15687218,Insurance Bundle,True,2025/11/02
2990,15757821,Cashback,0,2025/11/03
2991,15591248,Cashback,False,2025/11/04
2992,15771750,Personal Loan,False,2025/11/05
2993,15587233,Credit Card Upgrade,False,2025/11/06
2994,15726313,,True,2025/11/07
2995,15741416,Insurance Bundle,False,2025/11/08
2996,15572294,Investment Plan,True,2025/11/09
2997,15760774,Credit Card Upgrade,True,2025/11/10
2998,15756425,Credit Card Upgrade,N,2025/11/11
2999,15716284,Cashback,False,2025/11/12
3000,15718242,Cashback,False,2025/11/13
3001,15781465,Credit Card Upgrade,False,2025/11/14
3002,15689344,Personal Loan,False,2025/11/15
3003,15680587,Cashback,False,2025/11/16
3004,15718779,Investment Plan,False,2025/11/17
3005,15617136,Cashback,0,2025/11/18
3006,15606386,Cashback,False,2025/11/19
3007,15777743,Cashback,false,2025/11/20
3008,15723989,Insurance Bundle,True,2025/11/21
3009,15775797,Insurance Bundle,False,2025/11/22
3010,15621974,Insurance Bundle,False,2025/11/23
3011,15628950,Personal Loan,False,2025/11/24
3012,15691457,Insurance Bundle,False,2025/11/25
3013,15632816,Cashback,True,2025/11/26
3014,15624695,,False,2025/11/27
3015,15714046,Cashback,False,2025/11/28
3016,15765345,Cashback,False,2025/11/29
3017,15576162,Insurance Bundle,Yes,2025/11/30
3018,15675585,Personal Loan,False,2025/12/01
3019,15687634,Insurance Bundle,No,2025/12/02
3020,15602929,Cashback,True,2025/12/03
3021,15627232,Personal Loan,N,2025/12/04
3022,15609510,Investment Plan,No,2025/12/05
3023,15785865,Credit Card Upgrade,Yes,2025/12/06
3024,15644977,Cashback,false,2025/12/07
3025,15757646,Credit Card Upgrade,False,2025/12/08
3026,15598892,Investment Plan,False,2025/12/09
3027,15727391,Personal Loan,False,2025/12/10
3028,15659149,Credit Card Upgrade,True,2025/12/11
3029,15655859,Personal Loan,0,2025/12/12
3030,15782939,Personal Loan,No,2025/12/13
3031,15584897,Credit Card Upgrade,false,2025/12/14
3032,15713250,Insurance Bundle,True,2025/12/15
3033,15676869,Insurance Bundle,No,2025/12/16
3034,15756148,Investment Plan,True,2025/12/17
3035,15590146,Cashback,True,2025/12/18
3036,15793196,Cashback,False,2025/12/19
3037,15667460,Cashback,True,2025/12/20
3038,15642934,Personal Loan,False,2025/12/21
3039,15726791,Investment Plan,False,2025/12/22
3040,15613816,Cashback,False,2025/12/23
3041,15604130,,1,2025/12/24
3042,15729110,Personal Loan,False,2025/12/25
3043,15748123,Credit Card Upgrade,True,2025/12/26
3044,15631310,Insurance Bundle,False,2025/12/27
3045,15806967,,False,2025/12/28
3046,15773098,Personal Loan,0,2025/12/29
3047,15782939,Credit Card Upgrade,0,2025/12/30
3048,15753337,Insurance Bundle,True,2025/12/31
3049,15603088,Personal Loan,False,2026/01/01
3050,15583462,Investment Plan,True,2026/01/02
3051,15677173,Cashback,False,2026/01/03
3052,15611409,Insurance Bundle,False,2026/01/04
3053,15644400,Personal Loan,False,2026/01/05
3054,15569590,Insurance Bundle,Y,2026/01/06
3055,15697574,Credit Card Upgrade,True,2026/01/07
3056,15806983,Cashback,False,2026/01/08
3057,15612358,Cashback,True,2026/01/09
3058,15584364,Credit Card Upgrade,False,2026/01/10
3059,15769356,Cashback,false,2026/01/11
3060,15699753,Insurance Bundle,False,2026/01/12
3061,15745794,Personal Loan,False,2026/01/13
3062,15591130,Insurance Bundle,False,2026/01/14
3063,15665168,Personal Loan,True,2026/01/15
3064,15574858,Investment Plan,False,2026/01/16
3065,15782418,Cashback,True,2026/01/17
3066,15568573,Insurance Bundle,True,2026/01/18
3067,15791342,Cashback,False,2026/01/19
3068,15757759,Credit Card Upgrade,True,2026/01/20
3069,15728167,Investment Plan,True,2026/01/21
3070,15649359,Credit Card Upgrade,False,2026/01/22
3071,15567557,Investment Plan,False,2026/01/23
3072,15619045,Personal Loan,True,2026/01/24
3073,15708867,Credit Card Upgrade,True,2026/01/25
3074,15717191,Cashback,True,2026/01/26
3075,15589358,Credit Card Upgrade,True,2026/01/27
3076,15716605,Investment Plan,true,2026/01/28
3077,15763898,Insurance Bundle,False,2026/01/29
3078,15757933,Personal Loan,True,2026/01/30
3079,15632365,Insurance Bundle,False,2026/01/31
3080,15626135,,False,2026/02/01
3081,15623357,Insurance Bundle,False,2026/02/02
3082,15623730,Investment Plan,True,2026/02/03
3083,15595426,Personal Loan,False,2026/02/04
3084,15775880,Cashback,True,2026/02/05
3085,15628144,Cashback,True,2026/02/06
3086,15728605,Personal Loan,False,2026/02/07
3087,15623525,Insurance Bundle,N,2026/02/08
3088,15641114,Credit Card Upgrade,False,2026/02/09
3089,15760121,Personal Loan,False,2026/02/10
3090,15630413,Investment Plan,True,2026/02/11
3091,15770435,Insurance Bundle,False,2026/02/12
3092,15754999,Cashback,No,2026/02/13
3093,15680901,Personal Loan,True,2026/02/14
3094,15699772,Cashback,False,2026/02/15
3095,15644280,Investment Plan,False,2026/02/16
3096,15797293,Personal Loan,False,2026/02/17
3097,15619304,Insurance Bundle,False,2026/02/18
3098,15681081,Credit Card Upgrade,True,2026/02/19
3099,15678333,,True,2026/02/20
3100,15750970,Credit Card Upgrade,True,2026/02/21
3101,15701605,Credit Card Upgrade,True,2026/02/22
3102,15764604,Insurance Bundle,False,2026/02/23
3103,15794560,Credit Card Upgrade,True,2026/02/24
3104,15662494,Credit Card Upgrade,False,2026/02/25
3105,15768104,Credit Card Upgrade,False,2026/02/26
3106,15783865,Personal Loan,Yes,2026/02/27
3107,15610765,Cashback,False,2026/02/28
3108,15793585,Personal Loan,False,2026/03/01
3109,15613014,Credit Card Upgrade,False,2026/03/02
3110,15652658,Investment Plan,False,2026/03/03
3111,15777352,Personal Loan,No,2026/03/04
3112,15643752,Cashback,False,2026/03/05
3113,15726267,Insurance Bundle,True,2026/03/06
3114,15662426,Investment Plan,True,2026/03/07
3115,15807221,Investment Plan,False,2026/03/08
3116,15646539,Investment Plan,False,2026/03/09
3117,15600399,Cashback,False,2026/03/10
3118,15630551,Investment Plan,True,2026/03/11
3119,15761286,Personal Loan,True,2026/03/12
3120,15627352,Credit Card Upgrade,False,2026/03/13
3121,15681274,Cashback,False,2026/03/14
3122,15769064,Personal Loan,false,2026/03/15
3123,15740104,Investment Plan,True,2026/03/16
3124,15790412,,True,2026/03/17
3125,15578809,Personal Loan,False,2026/03/18
3126,15744553,Personal Loan,0,2026/03/19
3127,15773868,Credit Card Upgrade,True,2026/03/20
3128,15633648,Insurance Bundle,False,2026/03/21
3129,15631882,Cashback,False,2026/03/22
3130,15588446,Insurance Bundle,False,2026/03/23
3131,15645353,Personal Loan,Yes,2026/03/24
3132,15662426,Personal Loan,N,2026/03/25
3133,15719352,Personal Loan,True,2026/03/26
3134,15630551,Personal Loan,False,2026/03/27
3135,15608109,Cashback,N,2026/03/28
3136,15610781,Cashback,False,2026/03/29
3137,15814237,Insurance Bundle,False,2026/03/30
3138,15788151,Investment Plan,True,2026/03/31
3139,15800233,,False,2026/04/01
3140,15804201,,True,2026/04/02
3141,15623202,Investment Plan,True,2026/04/03
3142,15616700,Insurance Bundle,False,2026/04/04
3143,15781702,Credit Card Upgrade,True,2026/04/05
3144,15580845,Credit Card Upgrade,True,2026/04/06
3145,15806284,Cashback,False,2026/04/07
3146,15716134,Cashback,True,2026/04/08
3147,15740470,Credit Card Upgrade,False,2026/04/09
3148,15754999,Cashback,True,2026/04/10
3149,15637891,Insurance Bundle,0,2026/04/11
3150,15732202,Insurance Bundle,N,2026/04/12
3151,15632551,Investment Plan,False,2026/04/13
3152,15724443,,True,2026/04/14
3153,15807473,Credit Card Upgrade,False,2026/04/15
3154,15582129,Investment Plan,False,2026/04/16
3155,15733138,Cashback,False,2026/04/17
3156,15714642,Insurance Bundle,False,2026/04/18
3157,15709639,Investment Plan,False,2026/04/19
3158,15647975,Investment Plan,False,2026/04/20
3159,15684512,Personal Loan,True,2026/04/21
3160,15585580,Investment Plan,False,2026/04/22
3161,15749519,Credit Card Upgrade,False,2026/04/23
3162,15742358,Cashback,True,2026/04/24
3163,15791316,Insurance Bundle,False,2026/04/25
3164,15725698,Personal Loan,False,2026/04/26
3165,15762543,Credit Card Upgrade,False,2026/04/27
3166,15674840,Cashback,True,2026/04/28
3167,15569178,Personal Loan,False,2026/04/29
3168,15761783,Investment Plan,True,2026/04/30
3169,15679307,Personal Loan,True,2026/05/01
3170,15713826,Investment Plan,False,2026/05/02
3171,15614813,Personal Loan,False,2026/05/03
3172,15571756,Credit Card Upgrade,False,2026/05/04
3173,15797389,Insurance Bundle,false,2026/05/05
3174,15799825,Personal Loan,False,2026/05/06
3175,15635870,,False,2026/05/07
3176,15641009,Insurance Bundle,False,2026/05/08
3177,15757568,Investment Plan,False,2026/05/09
3178,15734626,Credit Card Upgrade,True,2026/05/10
3179,15582903,Personal Loan,False,2026/05/11
3180,15773852,Investment Plan,True,2026/05/12
3181,15752534,Insurance Bundle,0,2026/05/13
3182,15629744,Credit Card Upgrade,False,2026/05/14
3183,15660390,Credit Card Upgrade,False,2026/05/15
3184,15659651,Personal Loan,False,2026/05/16
3185,15644296,Credit Card Upgrade,False,2026/05/17
3186,15587596,Insurance Bundle,True,2026/05/18
3187,15799641,Insurance Bundle,True,2026/05/19
3188,15626143,,True,2026/05/20
3189,15742511,Personal Loan,0,2026/05/21
3190,15713596,Credit Card Upgrade,False,2026/05/22
3191,15727944,Insurance Bundle,False,2026/05/23
3192,15659031,Investment Plan,False,2026/05/24
3193,15566689,Credit Card Upgrade,True,2026/05/25
3194,15677828,Insurance Bundle,False,2026/05/26
3195,15574842,Investment Plan,False,2026/05/27
3196,15683562,Insurance Bundle,True,2026/05/28
3197,15634359,Credit Card Upgrade,False,2026/05/29
3198,15722993,Cashback,False,2026/05/30
3199,15606273,Investment Plan,False,2026/05/31
3200,15608246,Personal Loan,False,2026/06/01
3201,15755416,Personal Loan,Yes,2026/06/02
3202,15626143,Investment Plan,False,2026/06/03
3203,15732672,Personal Loan,False,2026/06/04
3204,15767954,Cashback,True,2026/06/05
3205,15692718,Insurance Bundle,False,2026/06/06
3206,15632899,Cashback,True,2026/06/07
3207,15710424,Insurance Bundle,True,2026/06/08
3208,15644179,Investment Plan,False,2026/06/09
3209,15815316,Credit Card Upgrade,False,2026/06/10
3210,15672905,Insurance Bundle,False,2026/06/11
3211,15633546,Cashback,False,2026/06/12
3212,15810732,Personal Loan,False,2026/06/13
3213,15726776,Investment Plan,True,2026/06/14
3214,15742511,Credit Card Upgrade,N,2026/06/15
3215,15608845,Cashback,False,2026/06/16
3216,15794360,Personal Loan,False,2026/06/17
3217,15691910,Cashback,False,2026/06/18
3218,15690330,Cashback,True,2026/06/19
3219,15717879,Investment Plan,True,2026/06/20
3220,15648320,Insurance Bundle,0,2026/06/21
3221,15765345,Cashback,False,2026/06/22
3222,15647890,Cashback,False,2026/06/23
3223,15762716,Credit Card Upgrade,False,2026/06/24
3224,15678571,Cashback,True,2026/06/25
3225,15582892,Insurance Bundle,True,2026/06/26
3226,15615207,Investment Plan,False,2026/06/27
3227,15734970,Cashback,False,2026/06/28
3228,15615991,Credit Card Upgrade,True,2026/06/29
3229,15633930,Cashback,False,2026/06/30
3230,15602354,Credit Card Upgrade,False,2026/07/01
3231,15718765,Insurance Bundle,False,2026/07/02
3232,15726855,Insurance Bundle,False,2026/07/03
3233,15700650,Investment Plan,False,2026/07/04
3234,15629078,Insurance Bundle,True,2026/07/05
3235,15773520,Credit Card Upgrade,False,2026/07/06
3236,15600392,Personal Loan,False,2026/07/07
3237,15729110,Cashback,False,2026/07/08
3238,15657317,Personal Loan,No,2026/07/09
3239,15589428,Insurance Bundle,N,2026/07/10
3240,15720649,Personal Loan,False,2026/07/11
3241,15736420,Credit Card Upgrade,True,2026/07/12
3242,15748499,Insurance Bundle,true,2026/07/13
3243,15801701,Personal Loan,False,2026/07/14
3244,15704250,Cashback,False,2026/07/15
3245,15598892,Personal Loan,False,2026/07/16
3246,15628034,Insurance Bundle,True,2026/07/17
3247,15631159,Credit Card Upgrade,False,2026/07/18
3248,15724863,Cashback,False,2026/07/19
3249,15617982,Cashback,False,2026/07/20
3250,15782236,Credit Card Upgrade,False,2026/07/21
3251,15671655,Personal Loan,False,2026/07/22
3252,15625151,Investment Plan,False,2026/07/23
3253,15577313,Cashback,True,2026/07/24
3254,15746183,Investment Plan,True,2026/07/25
3255,15790254,Personal Loan,False,2026/07/26
3256,15699911,Investment Plan,True,2026/07/27
3257,15591489,Investment Plan,False,2026/07/28
3258,15814430,Cashback,True,2026/07/29
3259,15737385,Insurance Bundle,False,2026/07/30
3260,15577700,Investment Plan,False,2026/07/31
3261,15633834,Investment Plan,True,2026/08/01
3262,15693267,Insurance Bundle,False,2026/08/02
3263,15745324,Cashback,False,2026/08/03
3264,15691875,Personal Loan,True,2026/08/04
3265,15755018,Credit Card Upgrade,False,2026/08/05
3266,15636562,Insurance Bundle,0,2026/08/06
3267,15707441,Insurance Bundle,Y,2026/08/07
3268,15775662,Cashback,True,2026/08/08
3269,15705515,Investment Plan,False,2026/08/09
3270,15628950,Insurance Bundle,False,2026/08/10
3271,15802088,Insurance Bundle,True,2026/08/11
3272,15590623,,True,2026/08/12
3273,15617065,Personal Loan,False,2026/08/13
3274,15581332,,True,2026/08/14
3275,15584899,Insurance Bundle,False,2026/08/15
3276,15758813,Personal Loan,True,2026/08/16
3277,15576196,Cashback,False,2026/08/17
3278,15659736,Cashback,False,2026/08/18
3279,15636541,Insurance Bundle,False,2026/08/19
3280,15569590,Investment Plan,No,2026/08/20
3281,15641183,Insurance Bundle,False,2026/08/21
3282,15740406,Credit Card Upgrade,N,2026/08/22
3283,15723008,Personal Loan,False,2026/08/23
3284,15682914,Investment Plan,True,2026/08/24
3285,15647292,Cashback,0,2026/08/25
3286,15724834,Credit Card Upgrade,False,2026/08/26
3287,15713559,Personal Loan,False,2026/08/27
3288,15611551,Cashback,False,2026/08/28
3289,15717489,Investment Plan,False,2026/08/29
3290,15642544,Cashback,N,2026/08/30
3291,15627027,Investment Plan,Yes,2026/08/31
3292,15681332,Investment Plan,True,2026/09/01
3293,15814930,Insurance Bundle,False,2026/09/02
3294,15660263,Credit Card Upgrade,False,2026/09/03
3295,15584749,Credit Card Upgrade,No,2025/09/03
3296,15738063,Cashback,True,2025/09/04
3297,15710087,Cashback,1,2025/09/05
3298,15583026,Personal Loan,False,2025/09/06
3299,15633194,Insurance Bundle,Y,2025/09/07
3300,15772329,Investment Plan,False,2025/09/08
3301,15666200,Investment Plan,False,2025/09/09
3302,15724321,Personal Loan,N,2025/09/10
3303,15574947,Insurance Bundle,N,2025/09/11
3304,15673333,Cashback,False,2025/09/12
3305,15757777,Insurance Bundle,False,2025/09/13
3306,15748947,Investment Plan,False,2025/09/14
3307,15795124,Insurance Bundle,True,2025/09/15
3308,15671148,Cashback,False,2025/09/16
3309,15636238,Personal Loan,True,2025/09/17
3310,15703707,Investment Plan,False,2025/09/18
3311,15683503,Credit Card Upgrade,False,2025/09/19
3312,15583748,Personal Loan,False,2025/09/20
3313,15742609,Insurance Bundle,True,2025/09/21
3314,15605531,Credit Card Upgrade,True,2025/09/22
3315,15779743,Investment Plan,False,2025/09/23
3316,15639576,Insurance Bundle,No,2025/09/24
3317,15677052,Insurance Bundle,False,2025/09/25
3318,15614137,Insurance Bundle,False,2025/09/26
3319,15649211,Personal Loan,False,2025/09/27
3320,15565878,Investment Plan,True,2025/09/28
3321,15609623,Cashback,False,2025/09/29
3322,15724200,Insurance Bundle,False,2025/09/30
3323,15576680,Insurance Bundle,False,2025/10/01
3324,15714355,Investment Plan,False,2025/10/02
3325,15640789,Insurance Bundle,True,2025/10/03
3326,15654495,Cashback,False,2025/10/04
3327,15766609,Insurance Bundle,True,2025/10/05
3328,15598744,Personal Loan,No,2025/10/06
3329,15663987,Personal Loan,False,2025/10/07
3330,15614716,Insurance Bundle,False,2025/10/08
3331,15685872,Credit Card Upgrade,False,2025/10/09
3332,15659234,Cashback,False,2025/10/10
3333,15770041,Credit Card Upgrade,False,2025/10/11
3334,15648032,,True,2025/10/12
3335,15578515,Cashback,False,2025/10/13
3336,15584620,Personal Loan,False,2025/10/14
3337,15627665,Credit Card Upgrade,True,2025/10/15
3338,15777896,Credit Card Upgrade,True,2025/10/16
3339,15581332,Insurance Bundle,False,2025/10/17
3340,15681332,Investment Plan,True,2025/10/18
3341,15744398,Credit Card Upgrade,False,2025/10/19
3342,15760774,,True,2025/10/20
3343,15618182,Insurance Bundle,False,2025/10/21
3344,15793585,Insurance Bundle,False,2025/10/22
3345,15627232,Insurance Bundle,False,2025/10/23
3346,15681327,Credit Card Upgrade,False,2025/10/24
3347,15792916,Insurance Bundle,True,2025/10/25
3348,15642934,Credit Card Upgrade,False,2025/10/26
3349,15811927,Investment Plan,False,2025/10/27
3350,15758531,Personal Loan,false,2025/10/28
3351,15811842,Personal Loan,False,2025/10/29
3352,15597968,Cashback,False,2025/10/30
3353,15807163,Credit Card Upgrade,True,2025/10/31
3354,15801699,Personal Loan,1,2025/11/01
3355,15604093,Investment Plan,1,2025/11/02
3356,15693752,Personal Loan,True,2025/11/03
3357,15737489,Credit Card Upgrade,False,2025/11/04
3358,15580935,Cashback,False,2025/11/05
3359,15743545,Personal Loan,True,2025/11/06
3360,15586585,Credit Card Upgrade,False,2025/11/07
3361,15621004,Insurance Bundle,False,2025/11/08
3362,15791131,Credit Card Upgrade,False,2025/11/09
3363,15621205,Cashback,False,2025/11/10
3364,15616088,Cashback,True,2025/11/11
3365,15714680,,False,2025/11/12
3366,15583278,Credit Card Upgrade,False,2025/11/13
3367,15640442,Credit Card Upgrade,False,2025/11/14
3368,15737051,Investment Plan,False,2025/11/15
3369,15624781,Credit Card Upgrade,False,2025/11/16
3370,15591047,Cashback,True,2025/11/17
3371,15661507,Personal Loan,False,2025/11/18
3372,15583595,Insurance Bundle,True,2025/11/19
3373,15615012,Cashback,False,2025/11/20
3374,15700366,Investment Plan,No,2025/11/21
3375,15568240,Personal Loan,True,2025/11/22
3376,15735106,Personal Loan,False,2025/11/23
3377,15744695,Credit Card Upgrade,No,2025/11/24
3378,15656148,Credit Card Upgrade,False,2025/11/25
3379,15626156,Credit Card Upgrade,False,2025/11/26
3380,15585985,Credit Card Upgrade,No,2025/11/27
3381,15806327,Investment Plan,N,2025/11/28
3382,15645200,Investment Plan,False,2025/11/29
3383,15765322,Personal Loan,True,2025/11/30
3384,15674620,Personal Loan,False,2025/12/01
3385,15636444,,False,2025/12/02
3386,15715643,Credit Card Upgrade,0,2025/12/03
3387,15640074,Credit Card Upgrade,False,2025/12/04
3388,15768777,Personal Loan,N,2025/12/05
3389,15812513,Insurance Bundle,False,2025/12/06
3390,15728362,Cashback,False,2025/12/07
3391,15795511,Credit Card Upgrade,False,2025/12/08
3392,15619674,Credit Card Upgrade,False,2025/12/09
3393,15732448,Investment Plan,False,2025/12/10
3394,15611669,Cashback,False,2025/12/11
3395,15726103,Cashback,False,2025/12/12
3396,15615207,Insurance Bundle,True,2025/12/13
3397,15695197,Insurance Bundle,False,2025/12/14
3398,15742480,Credit Card Upgrade,False,2025/12/15
3399,15621466,Personal Loan,True,2025/12/16
3400,15755642,Credit Card Upgrade,False,2025/12/17
3401,15704771,Personal Loan,False,2025/12/18
3402,15812198,Credit Card Upgrade,False,2025/12/19
3403,15586629,Cashback,false,2025/12/20
3404,15651802,Credit Card Upgrade,False,2025/12/21
3405,15684440,Credit Card Upgrade,False,2025/12/22
3406,15733777,Cashback,False,2025/12/23
3407,15650313,Credit Card Upgrade,False,2025/12/24
3408,15576680,Credit Card Upgrade,True,2025/12/25
3409,15626948,Personal Loan,False,2025/12/26
3410,15600258,Insurance Bundle,True,2025/12/27
3411,15781903,Credit Card Upgrade,False,2025/12/28
3412,15749557,Cashback,false,2025/12/29
3413,15748499,Personal Loan,True,2025/12/30
3414,15657449,Personal Loan,True,2025/12/31
3415,15738267,Investment Plan,False,2026/01/01
3416,15566633,Credit Card Upgrade,True,2026/01/02
3417,15642093,Cashback,False,2026/01/03
3418,15575748,Personal Loan,True,2026/01/04
3419,15745326,Insurance Bundle,False,2026/01/05
3420,15576156,Cashback,False,2026/01/06
3421,15625141,Credit Card Upgrade,True,2026/01/07
3422,15723250,Investment Plan,False,2026/01/08
3423,15692132,Insurance Bundle,True,2026/01/09
3424,15720713,Personal Loan,False,2026/01/10
3425,15701537,Cashback,False,2026/01/11
3426,15799710,Cashback,False,2026/01/12
3427,15633840,Personal Loan,True,2026/01/13
3428,15750121,Personal Loan,N,2026/01/14
3429,15591915,Personal Loan,False,2026/01/15
3430,15709994,Cashback,True,2026/01/16
3431,15754578,Insurance Bundle,False,2026/01/17
3432,15621210,Credit Card Upgrade,True,2026/01/18
3433,15630363,Investment Plan,False,2026/01/19
3434,15789548,Investment Plan,false,2026/01/20
3435,15769308,Insurance Bundle,False,2026/01/21
3436,15636023,Insurance Bundle,True,2026/01/22
3437,15688880,Cashback,True,2026/01/23
3438,15688264,Cashback,True,2026/01/24
3439,15771997,Insurance Bundle,N,2026/01/25
3440,15623277,Credit Card Upgrade,True,2026/01/26
3441,15611669,Cashback,False,2026/01/27
3442,15572547,Investment Plan,1,2026/01/28
3443,15581548,Cashback,True,2026/01/29
3444,15763662,Personal Loan,Y,2026/01/30
3445,15632538,Credit Card Upgrade,True,2026/01/31
3446,15813697,Insurance Bundle,False,2026/02/01
3447,15670943,Cashback,False,2026/02/02
3448,15587311,Investment Plan,1,2026/02/03
3449,15800524,Personal Loan,False,2026/02/04
3450,15746805,Cashback,False,2026/02/05
3451,15656597,Investment Plan,False,2026/02/06
3452,15605130,Personal Loan,False,2026/02/07
3453,15781298,Personal Loan,False,2026/02/08
3454,15602929,Personal Loan,False,2026/02/09
3455,15598586,Cashback,True,2026/02/10
3456,15604813,Personal Loan,False,2026/02/11
3457,15604345,Personal Loan,False,2026/02/12
3458,15708791,Insurance Bundle,False,2026/02/13
3459,15637315,Credit Card Upgrade,True,2026/02/14
3460,15637977,Credit Card Upgrade,False,2026/02/15
3461,15616630,Personal Loan,False,2026/02/16
3462,15716347,Investment Plan,N,2026/02/17
3463,15772781,Insurance Bundle,False,2026/02/18
3464,15633818,Personal Loan,False,2026/02/19
3465,15572777,Credit Card Upgrade,True,2026/02/20
3466,15617982,Cashback,False,2026/02/21
3467,15627262,Personal Loan,True,2026/02/22
3468,15581370,Investment Plan,True,2026/02/23
3469,15790659,Investment Plan,No,2026/02/24
3470,15703292,Insurance Bundle,True,2026/02/25
3471,15686913,Insurance Bundle,No,2026/02/26
3472,15719508,Personal Loan,False,2026/02/27
3473,15716284,Credit Card Upgrade,True,2026/02/28
3474,15603088,Credit Card Upgrade,True,2026/03/01
3475,15738835,Personal Loan,0,2026/03/02
3476,15622182,Insurance Bundle,False,2026/03/03
3477,15719940,Cashback,False,2026/03/04
3478,15641158,Insurance Bundle,True,2026/03/05
3479,15726167,Investment Plan,True,2026/03/06
3480,15717560,Investment Plan,True,2026/03/07
3481,15808223,Insurance Bundle,True,2026/03/08
3482,15582180,Cashback,false,2026/03/09
3483,15754649,Personal Loan,False,2026/03/10
3484,15662091,Credit Card Upgrade,False,2026/03/11
3485,15648989,Investment Plan,False,2026/03/12
3486,15630321,Credit Card Upgrade,Y,2026/03/13
3487,15703820,Cashback,False,2026/03/14
3488,15709531,Investment Plan,True,2026/03/15
3489,15786852,Investment Plan,False,2026/03/16
3490,15590683,Credit Card Upgrade,False,2026/03/17
3491,15623566,,False,2026/03/18
3492,15706185,Investment Plan,true,2026/03/19
3493,15607065,Personal Loan,True,2026/03/20
3494,15606944,Investment Plan,True,2026/03/21
3495,15569807,Investment Plan,False,2026/03/22
3496,15706899,Cashback,True,2026/03/23
3497,15797905,Personal Loan,False,2026/03/24
3498,15659355,Investment Plan,False,2026/03/25
3499,15753337,Insurance Bundle,False,2026/03/26
3500,15752137,Insurance Bundle,False,2026/03/27
3501,15611247,Personal Loan,False,2026/03/28
3502,15699257,Personal Loan,False,2026/03/29
3503,15809800,Personal Loan,False,2026/03/30
3504,15576196,Cashback,False,2026/03/31
3505,15569626,Credit Card Upgrade,false,2026/04/01
3506,15612627,Personal Loan,true,2026/04/02
3507,15755223,Personal Loan,True,2026/04/03
3508,15642530,Personal Loan,False,2026/04/04
3509,15586931,Credit Card Upgrade,False,2026/04/05
3510,15617982,Credit Card Upgrade,0,2026/04/06
3511,15708513,Investment Plan,False,2026/04/07
3512,15795586,Investment Plan,True,2026/04/08
3513,15768387,Personal Loan,True,2026/04/09
3514,15793854,Investment Plan,True,2026/04/10
3515,15750447,Insurance Bundle,False,2026/04/11
3516,15606613,Investment Plan,False,2026/04/12
3517,15726484,Investment Plan,False,2026/04/13
3518,15614740,Insurance Bundle,False,2026/04/14
3519,15706647,Investment Plan,False,2026/04/15
3520,15810010,Personal Loan,False,2026/04/16
3521,15695846,Credit Card Upgrade,False,2026/04/17
3522,15797149,Credit Card Upgrade,False,2026/04/18
3523,15776824,Credit Card Upgrade,True,2026/04/19
3524,15658668,Cashback,False,2026/04/20
3525,15810716,Credit Card Upgrade,False,2026/04/21
3526,15669219,Cashback,False,2026/04/22
3527,15637599,Personal Loan,0,2026/04/23
3528,15620751,Investment Plan,False,2026/04/24
3529,15616088,Personal Loan,False,2026/04/25
3530,15679801,Cashback,True,2026/04/26
3531,15589030,Insurance Bundle,False,2026/04/27
3532,15566531,Personal Loan,False,2026/04/28
3533,15595047,Insurance Bundle,False,2026/04/29
3534,15625126,Cashback,0,2026/04/30
3535,15582892,Investment Plan,True,2026/05/01
3536,15621116,,False,2026/05/02
3537,15594502,Cashback,False,2026/05/03
3538,15605926,Investment Plan,true,2026/05/04
3539,15811565,Cashback,False,2026/05/05
3540,15811565,Investment Plan,False,2026/05/06
3541,15625151,Personal Loan,False,2026/05/07
3542,15590966,Personal Loan,False,2026/05/08
3543,15744582,Personal Loan,False,2026/05/09
3544,15760851,Personal Loan,False,2026/05/10
3545,15721303,Cashback,True,2026/05/11
3546,15759456,Personal Loan,False,2026/05/12
3547,15654025,Credit Card Upgrade,False,2026/05/13
3548,15611794,Cashback,True,2026/05/14
3549,15739131,Investment Plan,False,2026/05/15
3550,15612050,Credit Card Upgrade,False,2026/05/16
3551,15808566,Credit Card Upgrade,False,2026/05/17
3552,15762615,Credit Card Upgrade,N,2026/05/18
3553,15809800,Investment Plan,False,2026/05/19
3554,15712287,Personal Loan,Y,2026/05/20
3555,15808566,Insurance Bundle,True,2026/05/21
3556,15802088,Personal Loan,True,2026/05/22
3557,15732704,,True,2026/05/23
3558,15590828,Insurance Bundle,No,2026/05/24
3559,15780770,Cashback,False,2026/05/25
3560,15605275,Personal Loan,1,2026/05/26
3561,15777896,Insurance Bundle,True,2026/05/27
3562,15751491,Personal Loan,False,2026/05/28
3563,15734970,Personal Loan,False,2026/05/29
3564,15630709,Insurance Bundle,False,2026/05/30
3565,15629475,Cashback,True,2026/05/31
3566,15654878,Credit Card Upgrade,False,2026/06/01
3567,15566139,Insurance Bundle,False,2026/06/02
3568,15692744,Cashback,False,2026/06/03
3569,15586183,Cashback,N,2026/06/04
3570,15591550,Insurance Bundle,True,2026/06/05
3571,15717164,Investment Plan,False,2026/06/06
3572,15747265,Personal Loan,False,2026/06/07
3573,15723858,Cashback,True,2026/06/08
3574,15609653,Insurance Bundle,False,2026/06/09
3575,15569050,Credit Card Upgrade,True,2026/06/10
3576,15770121,Credit Card Upgrade,0,2026/06/11
3577,15635598,Investment Plan,N,2026/06/12
3578,15585777,Personal Loan,False,2026/06/13
3579,15605673,,True,2026/06/14
3580,15723989,Credit Card Upgrade,True,2026/06/15
3581,15647725,Investment Plan,False,2026/06/16
3582,15773890,Credit Card Upgrade,False,2026/06/17
3583,15633834,Insurance Bundle,False,2026/06/18
3584,15699753,Investment Plan,False,2026/06/19
3585,15705918,Investment Plan,False,2026/06/20
3586,15692631,Cashback,True,2026/06/21
3587,15768201,Investment Plan,N,2026/06/22
3588,15574947,Investment Plan,False,2026/06/23
3589,15754649,Insurance Bundle,False,2026/06/24
3590,15665416,Cashback,False,2026/06/25
3591,15637354,Cashback,False,2026/06/26
3592,15737814,Insurance Bundle,False,2026/06/27
3593,15614934,Investment Plan,False,2026/06/28
3594,15602994,Credit Card Upgrade,False,2026/06/29
3595,15762172,Investment Plan,False,2026/06/30
3596,15766686,Insurance Bundle,False,2026/07/01
3597,15646859,Investment Plan,0,2026/07/02
3598,15811588,Investment Plan,False,2026/07/03
3599,15733491,Credit Card Upgrade,false,2026/07/04
3600,15681327,Insurance Bundle,False,2026/07/05
3601,15656148,,False,2026/07/06
3602,15627360,Investment Plan,False,2026/07/07
3603,15645896,Investment Plan,True,2026/07/08
3604,15674720,Credit Card Upgrade,True,2026/07/09
3605,15616529,Insurance Bundle,False,2026/07/10
3606,15639077,Insurance Bundle,False,2026/07/11
3607,15812766,Investment Plan,False,2026/07/12
3608,15682355,Credit Card Upgrade,No,2026/07/13
3609,15726267,Credit Card Upgrade,No,2026/07/14
3610,15751057,Cashback,False,2026/07/15
3611,15717426,Personal Loan,False,2026/07/16
3612,15651943,Cashback,False,2026/07/17
3613,15718039,Credit Card Upgrade,True,2026/07/18
3614,15686219,Cashback,False,2026/07/19
3615,15610337,Investment Plan,true,2026/07/20
3616,15674851,Insurance Bundle,False,2026/07/21
3617,15626008,Credit Card Upgrade,False,2026/07/22
3618,15633194,Personal Loan,False,2026/07/23
3619,15631868,Cashback,false,2026/07/24
3620,15595047,Cashback,true,2026/07/25
3621,15601184,Investment Plan,False,2026/07/26
3622,15694300,Credit Card Upgrade,False,2026/07/27
3623,15657830,Cashback,1,2026/07/28
3624,15583680,Insurance Bundle,False,2026/07/29
3625,15670859,Credit Card Upgrade,Yes,2026/07/30
3626,15687688,Insurance Bundle,False,2026/07/31
3627,15721303,Insurance Bundle,False,2026/08/01
3628,15580935,Cashback,True,2026/08/02
3629,15734765,Personal Loan,True,2026/08/03
3630,15591740,Insurance Bundle,False,2026/08/04
3631,15693690,Insurance Bundle,False,2026/08/05
3632,15609356,Credit Card Upgrade,True,2026/08/06
3633,15569526,,False,2026/08/07
3634,15659175,Credit Card Upgrade,False,2026/08/08
3635,15601274,Cashback,True,2026/08/09
3636,15677184,Personal Loan,False,2026/08/10
3637,15804357,Personal Loan,False,2026/08/11
3638,15626507,Investment Plan,True,2026/08/12
3639,15636562,Personal Loan,True,2026/08/13
3640,15626806,,False,2026/08/14
3641,15654964,Cashback,False,2026/08/15
3642,15567991,Cashback,True,2026/08/16
3643,15649292,Credit Card Upgrade,True,2026/08/17
3644,15744200,Cashback,False,2026/08/18
3645,15674720,Insurance Bundle,False,2026/08/19
3646,15760521,,True,2026/08/20
3647,15627328,Personal Loan,True,2026/08/21
3648,15611105,Insurance Bundle,true,2026/08/22
3649,15645517,Investment Plan,False,2026/08/23
3650,15755678,Personal Loan,False,2026/08/24
3651,15728082,Credit Card Upgrade,False,2026/08/25
3652,15789611,Credit Card Upgrade,False,2026/08/26
3653,15802106,Personal Loan,False,2026/08/27
3654,15705707,Investment Plan,True,2026/08/28
3655,15599131,Credit Card Upgrade,False,2026/08/29
3656,15743067,Insurance Bundle,False,2026/08/30
3657,15794580,Credit Card Upgrade,False,2026/08/31
3658,15642394,Investment Plan,True,2026/09/01
3659,15761775,Investment Plan,False,2026/09/02
3660,15640627,Personal Loan,True,2026/09/03
3661,15812009,Credit Card Upgrade,False,2025/09/03
3662,15585928,Personal Loan,True,2025/09/04
3663,15601184,Cashback,False,2025/09/05
3664,15595657,Insurance Bundle,Y,2025/09/06
3665,15785782,Insurance Bundle,False,2025/09/07
3666,15704081,Credit Card Upgrade,False,2025/09/08
3667,15609510,Cashback,No,2025/09/09
3668,15639590,Cashback,False,2025/09/10
3669,15806796,Cashback,True,2025/09/11
3670,15656822,Insurance Bundle,No,2025/09/12
3671,15651823,Personal Loan,False,2025/09/13
3672,15635893,Cashback,False,2025/09/14
3673,15668853,Cashback,False,2025/09/15
3674,15744913,Personal Loan,False,2025/09/16
3675,15765311,Investment Plan,False,2025/09/17
3676,15717560,Cashback,False,2025/09/18
3677,15643826,Insurance Bundle,False,2025/09/19
3678,15785290,Cashback,N,2025/09/20
3679,15641009,Insurance Bundle,true,2025/09/21
3680,15659305,Credit Card Upgrade,False,2025/09/22
3681,15676869,Personal Loan,True,2025/09/23
3682,15682839,Investment Plan,Y,2025/09/24
3683,15598157,Investment Plan,False,2025/09/25
3684,15808851,Cashback,false,2025/09/26
3685,15685564,Personal Loan,True,2025/09/27
3686,15583680,Personal Loan,True,2025/09/28
3687,15693259,Personal Loan,No,2025/09/29
3688,15703199,Credit Card Upgrade,False,2025/09/30
3689,15621550,Insurance Bundle,False,2025/10/01
3690,15606386,Investment Plan,False,2025/10/02
3691,15668460,Credit Card Upgrade,False,2025/10/03
3692,15773869,Investment Plan,True,2025/10/04
3693,15802823,Cashback,True,2025/10/05
3694,15656263,Credit Card Upgrade,False,2025/10/06
3695,15759966,Credit Card Upgrade,True,2025/10/07
3696,15574830,Credit Card Upgrade,False,2025/10/08
3697,15633141,Insurance Bundle,True,2025/10/09
3698,15766047,Cashback,True,2025/10/10
3699,15802758,Insurance Bundle,True,2025/10/11
3700,15730590,Investment Plan,False,2025/10/12
3701,15612627,Insurance Bundle,False,2025/10/13
3702,15687634,Personal Loan,False,2025/10/14
3703,15732967,Personal Loan,True,2025/10/15
3704,15576022,Insurance Bundle,False,2025/10/16
3705,15785831,Insurance Bundle,False,2025/10/17
3706,15634146,Cashback,False,2025/10/18
3707,15765650,Cashback,False,2025/10/19
3708,15589428,Credit Card Upgrade,False,2025/10/20
3709,15643359,Insurance Bundle,1,2025/10/21
3710,15592025,Cashback,1,2025/10/22
3711,15767488,Personal Loan,False,2025/10/23
3712,15780804,Investment Plan,False,2025/10/24
3713,15642391,Credit Card Upgrade,False,2025/10/25
3714,15662751,Insurance Bundle,False,2025/10/26
3715,15633818,Personal Loan,False,2025/10/27
3716,15610446,Personal Loan,False,2025/10/28
3717,15628674,Credit Card Upgrade,False,2025/10/29
3718,15592937,Insurance Bundle,False,2025/10/30
3719,15706186,Insurance Bundle,False,2025/10/31
3720,15659325,Credit Card Upgrade,True,2025/11/01
3721,15616529,Investment Plan,1,2025/11/02
3722,15644446,Investment Plan,False,2025/11/03
3723,15577700,Cashback,False,2025/11/04
3724,15566633,Cashback,False,2025/11/05
3725,15586993,,False,2025/11/06
3726,15607988,Personal Loan,False,2025/11/07
3727,15754494,Credit Card Upgrade,0,2025/11/08
3728,15790497,Insurance Bundle,False,2025/11/09
3729,15738042,Personal Loan,N,2025/11/10
3730,15724663,Investment Plan,False,2025/11/11
3731,15589195,Personal Loan,True,2025/11/12
3732,15644994,Personal Loan,Yes,2025/11/13
3733,15761487,Investment Plan,False,2025/11/14
3734,15640266,Investment Plan,False,2025/11/15
3735,15584967,Cashback,True,2025/11/16
3736,15684367,Investment Plan,True,2025/11/17
3737,15569410,Insurance Bundle,False,2025/11/18
3738,15601719,Cashback,False,2025/11/19
3739,15684294,Credit Card Upgrade,True,2025/11/20
3740,15775067,Credit Card Upgrade,No,2025/11/21
3741,15771702,Cashback,False,2025/11/22
3742,15649668,Credit Card Upgrade,true,2025/11/23
3743,15618225,Personal Loan,false,2025/11/24
3744,15682268,Cashback,0,2025/11/25
3745,15583033,Cashback,False,2025/11/26
3746,15624397,Insurance Bundle,False,2025/11/27
3747,15703707,Personal Loan,False,2025/11/28
3748,15690337,Investment Plan,False,2025/11/29
3749,15813871,Investment Plan,True,2025/11/30
3750,15630725,Personal Loan,False,2025/12/01
3751,15615016,Cashback,False,2025/12/02
3752,15642824,Personal Loan,True,2025/12/03
3753,15810563,Insurance Bundle,True,2025/12/04
3754,15659175,Insurance Bundle,True,2025/12/05
3755,15758477,Investment Plan,False,2025/12/06
3756,15604130,Cashback,False,2025/12/07
3757,15645896,Insurance Bundle,False,2025/12/08
3758,15755722,Credit Card Upgrade,True,2025/12/09
3759,15761713,Investment Plan,True,2025/12/10
3760,15674254,Cashback,True,2025/12/11
3761,15651581,Cashback,False,2025/12/12
3762,15656121,Credit Card Upgrade,False,2025/12/13
3763,15803801,Credit Card Upgrade,N,2025/12/14
3764,15646168,Personal Loan,0,2025/12/15
3765,15603319,Personal Loan,True,2025/12/16
3766,15800031,Cashback,False,2025/12/17
3767,15806318,Cashback,True,2025/12/18
3768,15643042,Investment Plan,False,2025/12/19
3769,15617617,Personal Loan,False,2025/12/20
3770,15713483,Investment Plan,False,2025/12/21
3771,15611579,Insurance Bundle,False,2025/12/22
3772,15724563,Personal Loan,False,2025/12/23
3773,15736769,Insurance Bundle,True,2025/12/24
3774,15815364,Insurance Bundle,True,2025/12/25
3775,15742297,Credit Card Upgrade,False,2025/12/26
3776,15706899,,True,2025/12/27
3777,15740164,Personal Loan,False,2025/12/28
3778,15632551,Credit Card Upgrade,False,2025/12/29
3779,15685109,Investment Plan,No,2025/12/30
3780,15703820,Insurance Bundle,True,2025/12/31
3781,15686302,Investment Plan,True,2026/01/01
3782,15763111,Credit Card Upgrade,False,2026/01/02
3783,15685329,Investment Plan,false,2026/01/03
3784,15716218,Cashback,Yes,2026/01/04
3785,15770548,Cashback,1,2026/01/05
3786,15785705,Personal Loan,True,2026/01/06
3787,15713144,Cashback,False,2026/01/07
3788,15613319,Cashback,Yes,2026/01/08
3789,15685947,Personal Loan,True,2026/01/09
3790,15668971,Credit Card Upgrade,False,2026/01/10
3791,15698271,Cashback,False,2026/01/11
3792,15604348,Investment Plan,True,2026/01/12
3793,15603743,Investment Plan,False,2026/01/13
3794,15627002,Insurance Bundle,False,2026/01/14
3795,15645847,Insurance Bundle,False,2026/01/15
3796,15804602,Insurance Bundle,true,2026/01/16
3797,15592937,Personal Loan,True,2026/01/17
3798,15723613,Personal Loan,true,2026/01/18
3799,15730161,Investment Plan,false,2026/01/19
3800,15683471,Cashback,Y,2026/01/20
3801,15574886,Insurance Bundle,true,2026/01/21
3802,15781409,Cashback,No,2026/01/22
3803,15575185,Cashback,True,2026/01/23
3804,15633944,Investment Plan,False,2026/01/24
3805,15592386,Investment Plan,False,2026/01/25
3806,15590730,Cashback,False,2026/01/26
3807,15724127,,False,2026/01/27
3808,15608344,Insurance Bundle,False,2026/01/28
3809,15615322,Credit Card Upgrade,0,2026/01/29
3810,15774402,Insurance Bundle,1,2026/01/30
3811,15724200,Investment Plan,True,2026/01/31
3812,15665180,Cashback,False,2026/02/01
3813,15788494,Personal Loan,False,2026/02/02
3814,15574004,Cashback,False,2026/02/03
3815,15721504,Cashback,1,2026/02/04
3816,15588219,Investment Plan,False,2026/02/05
3817,15709941,Credit Card Upgrade,False,2026/02/06
3818,15617136,Credit Card Upgrade,False,2026/02/07
3819,15684645,Credit Card Upgrade,False,2026/02/08
3820,15602551,Credit Card Upgrade,False,2026/02/09
3821,15670266,Insurance Bundle,False,2026/02/10
3822,15807768,Cashback,True,2026/02/11
3823,15576156,Credit Card Upgrade,False,2026/02/12
3824,15650889,Credit Card Upgrade,False,2026/02/13
3825,15589805,Investment Plan,False,2026/02/14
3826,15629010,Investment Plan,Y,2026/02/15
3827,15601274,Investment Plan,False,2026/02/16
3828,15673372,Insurance Bundle,True,2026/02/17
3829,15582168,Investment Plan,No,2026/02/18
3830,15719991,Personal Loan,False,2026/02/19
3831,15747503,Insurance Bundle,False,2026/02/20
3832,15627298,Insurance Bundle,False,2026/02/21
3833,15680804,Credit Card Upgrade,False,2026/02/22
3834,15654300,Insurance Bundle,True,2026/02/23
3835,15809817,Investment Plan,False,2026/02/24
3836,15628674,Cashback,False,2026/02/25
3837,15719579,Personal Loan,False,2026/02/26
3838,15744983,Credit Card Upgrade,True,2026/02/27
3839,15625092,Personal Loan,False,2026/02/28
3840,15670029,Insurance Bundle,False,2026/03/01
3841,15747222,Cashback,True,2026/03/02
3842,15690440,Insurance Bundle,False,2026/03/03
3843,15709531,Credit Card Upgrade,False,2026/03/04
3844,15715744,Cashback,0,2026/03/05
3845,15701319,Cashback,False,2026/03/06
3846,15688264,Cashback,False,2026/03/07
3847,15626008,Credit Card Upgrade,False,2026/03/08
3848,15686941,Personal Loan,False,2026/03/09
3849,15666200,Insurance Bundle,False,2026/03/10
3850,15568238,Credit Card Upgrade,False,2026/03/11
3851,15656322,Cashback,False,2026/03/12
3852,15719479,Insurance Bundle,No,2026/03/13
3853,15807432,Credit Card Upgrade,False,2026/03/14
3854,15795290,Credit Card Upgrade,False,2026/03/15
3855,15734626,Investment Plan,False,2026/03/16
3856,15658668,Credit Card Upgrade,True,2026/03/17
3857,15753895,Personal Loan,False,2026/03/18
3858,15805449,Investment Plan,True,2026/03/19
3859,15773276,Insurance Bundle,False,2026/03/20
3860,15689616,Investment Plan,False,2026/03/21
3861,15780770,Cashback,True,2026/03/22
3862,15684921,Personal Loan,False,2026/03/23
3863,15601263,Investment Plan,False,2026/03/24
3864,15572728,Insurance Bundle,False,2026/03/25
3865,15602282,Insurance Bundle,False,2026/03/26
3866,15764294,Credit Card Upgrade,False,2026/03/27
3867,15801293,Investment Plan,False,2026/03/28
3868,15578788,Insurance Bundle,False,2026/03/29
3869,15750497,Investment Plan,False,2026/03/30
3870,15683553,Credit Card Upgrade,True,2026/03/31
3871,15589698,Personal Loan,False,2026/04/01
3872,15579996,Cashback,False,2026/04/02
3873,15644882,Cashback,False,2026/04/03
3874,15676869,Investment Plan,Y,2026/04/04
3875,15629846,Personal Loan,True,2026/04/05
3876,15782778,,False,2026/04/06
3877,15574886,Personal Loan,True,2026/04/07
3878,15657085,Personal Loan,True,2026/04/08
3879,15815615,Credit Card Upgrade,N,2026/04/09
3880,15679283,Credit Card Upgrade,True,2026/04/10
3881,15570931,Credit Card Upgrade,False,2026/04/11
3882,15655875,Insurance Bundle,False,2026/04/12
3883,15669805,Investment Plan,True,2026/04/13
3884,15696361,Personal Loan,False,2026/04/14
3885,15588670,Insurance Bundle,True,2026/04/15
3886,15705313,Cashback,False,2026/04/16
3887,15744582,Personal Loan,True,2026/04/17
3888,15649124,Personal Loan,False,2026/04/18
3889,15734085,,False,2026/04/19
3890,15755678,Insurance Bundle,False,2026/04/20
3891,15578788,Personal Loan,True,2026/04/21
3892,15698932,Personal Loan,True,2026/04/22
3893,15587690,Cashback,False,2026/04/23
3894,15795458,Investment Plan,False,2026/04/24
3895,15645839,Insurance Bundle,True,2026/04/25
3896,15661532,Insurance Bundle,False,2026/04/26
3897,15582714,Credit Card Upgrade,True,2026/04/27
3898,15619360,Cashback,False,2026/04/28
3899,15572291,Credit Card Upgrade,True,2026/04/29
3900,15682489,Personal Loan,False,2026/04/30
3901,15742285,Credit Card Upgrade,False,2026/05/01
3902,15694321,Personal Loan,False,2026/05/02
3903,15767818,Personal Loan,False,2026/05/03
3904,15714485,Personal Loan,True,2026/05/04
3905,15700813,Cashback,False,2026/05/05
3906,15752956,Credit Card Upgrade,False,2026/05/06
3907,15582180,Personal Loan,True,2026/05/07
3908,15645269,Personal Loan,True,2026/05/08
3909,15584928,Personal Loan,False,2026/05/09
3910,15596074,Credit Card Upgrade,False,2026/05/10
3911,15798824,Investment Plan,False,2026/05/11
3912,15766185,Insurance Bundle,Y,2026/05/12
3913,15799652,Credit Card Upgrade,False,2026/05/13
3914,15697546,Credit Card Upgrade,False,2026/05/14
3915,15701412,Personal Loan,False,2026/05/15
3916,15785358,Cashback,False,2026/05/16
3917,15758513,Personal Loan,False,2026/05/17
3918,15783615,Insurance Bundle,True,2026/05/18
3919,15761713,Personal Loan,False,2026/05/19
3920,15718765,Credit Card Upgrade,False,2026/05/20
3921,15619972,Personal Loan,True,2026/05/21
3922,15674206,Insurance Bundle,False,2026/05/22
3923,15678882,Investment Plan,False,2026/05/23
3924,15582246,Personal Loan,False,2026/05/24
3925,15596647,Cashback,0,2026/05/25
3926,15638231,,True,2026/05/26
3927,15686776,Investment Plan,False,2026/05/27
3928,15583090,Personal Loan,False,2026/05/28
3929,15806688,Personal Loan,false,2026/05/29
3930,15813095,Investment Plan,False,2026/05/30
3931,15567832,Investment Plan,False,2026/05/31
3932,15626983,Insurance Bundle,False,2026/06/01
3933,15615820,Personal Loan,False,2026/06/02
3934,15749482,Investment Plan,False,2026/06/03
3935,15782210,Cashback,True,2026/06/04
3936,15749528,Cashback,False,2026/06/05
3937,15706128,Personal Loan,True,2026/06/06
3938,15592089,Personal Loan,False,2026/06/07
3939,15612418,Personal Loan,N,2026/06/08
3940,15692291,Investment Plan,False,2026/06/09
3941,15592531,Personal Loan,False,2026/06/10
3942,15723894,Insurance Bundle,True,2026/06/11
3943,15591135,Investment Plan,False,2026/06/12
3944,15657085,Investment Plan,True,2026/06/13
3945,15665008,Personal Loan,False,2026/06/14
3946,15588986,Credit Card Upgrade,False,2026/06/15
3947,15750299,Cashback,False,2026/06/16
3948,15613945,Insurance Bundle,false,2026/06/17
3949,15762803,Credit Card Upgrade,True,2026/06/18
3950,15582519,Cashback,False,2026/06/19
3951,15642824,Insurance Bundle,True,2026/06/20
3952,15662532,Personal Loan,true,2026/06/21
3953,15756425,Insurance Bundle,False,2026/06/22
3954,15646756,Cashback,False,2026/06/23
3955,15775892,Cashback,False,2026/06/24
3956,15730469,Investment Plan,True,2026/06/25
3957,15568876,Credit Card Upgrade,False,2026/06/26
3958,15788025,Investment Plan,True,2026/06/27
3959,15794560,Cashback,True,2026/06/28
3960,15809124,Credit Card Upgrade,False,2026/06/29
3961,15673599,,Yes,2026/06/30
3962,15764294,Credit Card Upgrade,True,2026/07/01
3963,15741416,Cashback,True,2026/07/02
3964,15603741,,False,2026/07/03
3965,15751912,Credit Card Upgrade,True,2026/07/04
3966,15765283,Investment Plan,False,2026/07/05
3967,15641110,Credit Card Upgrade,Yes,2026/07/06
3968,15702462,Investment Plan,True,2026/07/07
3969,15715707,Insurance Bundle,Yes,2026/07/08
3970,15684319,Personal Loan,True,2026/07/09
3971,15617657,Insurance Bundle,False,2026/07/10
3972,15709531,Investment Plan,False,2026/07/11
3973,15578809,Insurance Bundle,True,2026/07/12
3974,15776558,Personal Loan,False,2026/07/13
3975,15797767,Credit Card Upgrade,False,2026/07/14
3976,15666559,Cashback,0,2026/07/15
3977,15590327,Personal Loan,False,2026/07/16
3978,15776850,Insurance Bundle,True,2026/07/17
3979,15787071,Insurance Bundle,True,2026/07/18
3980,15691950,Investment Plan,Yes,2026/07/19
3981,15640922,Insurance Bundle,False,2026/07/20
3982,15600337,Insurance Bundle,False,2026/07/21
3983,15709604,Personal Loan,True,2026/07/22
3984,15698816,Credit Card Upgrade,True,2026/07/23
3985,15623525,Insurance Bundle,False,2026/07/24
3986,15583748,Credit Card Upgrade,False,2026/07/25
3987,15801767,,Y,2026/07/26
3988,15685872,Credit Card Upgrade,False,2026/07/27
3989,15567557,,N,2026/07/28
3990,15633877,Insurance Bundle,N,2026/07/29
3991,15737506,Insurance Bundle,True,2026/07/30
3992,15572398,Investment Plan,False,2026/07/31
3993,15587174,Personal Loan,False,2026/08/01
3994,15726796,Investment Plan,False,2026/08/02
3995,15645744,Credit Card Upgrade,True,2026/08/03
3996,15626898,Personal Loan,False,2026/08/04
3997,15762543,Personal Loan,False,2026/08/05
3998,15677783,Investment Plan,False,2026/08/06
3999,15657937,Cashback,False,2026/08/07
4000,15614878,Investment Plan,False,2026/08/08
4001,15653997,Credit Card Upgrade,True,2026/08/09
4002,15648858,Insurance Bundle,False,2026/08/10
4003,15695699,Insurance Bundle,True,2026/08/11
4004,15705620,Cashback,False,2026/08/12
4005,15785899,,False,2026/08/13
4006,15766427,Investment Plan,False,2026/08/14
4007,15638272,Investment Plan,No,2026/08/15
4008,15790599,Cashback,False,2026/08/16
4009,15694566,Personal Loan,False,2026/08/17
4010,15614893,Cashback,No,2026/08/18
4011,15650026,Cashback,True,2026/08/19
4012,15750476,Investment Plan,False,2026/08/20
4013,15771087,Investment Plan,false,2026/08/21
4014,15659175,Investment Plan,True,2026/08/22
4015,15607691,Cashback,False,2026/08/23
4016,15807221,Credit Card Upgrade,False,2026/08/24
4017,15615624,Credit Card Upgrade,1,2026/08/25
4018,15592583,Insurance Bundle,True,2026/08/26
4019,15738634,Investment Plan,True,2026/08/27
4020,15691111,Insurance Bundle,No,2026/08/28
4021,15677804,Credit Card Upgrade,False,2026/08/29
4022,15759038,Investment Plan,False,2026/08/30
4023,15640421,Cashback,True,2026/08/31
4024,15732438,Investment Plan,False,2026/09/01
4025,15620579,Insurance Bundle,False,2026/09/02
4026,15772650,Personal Loan,True,2026/09/03
4027,15645095,Cashback,True,2025/09/03
4028,15763859,Personal Loan,False,2025/09/04
4029,15648967,Cashback,No,2025/09/05
4030,15602731,Cashback,False,2025/09/06
4031,15711901,,False,2025/09/07
4032,15623712,Cashback,N,2025/09/08
4033,15581036,Insurance Bundle,0,2025/09/09
4034,15706223,Investment Plan,True,2025/09/10
4035,15785831,Insurance Bundle,True,2025/09/11
4036,15768367,Investment Plan,False,2025/09/12
4037,15758039,Investment Plan,False,2025/09/13
4038,15709199,Credit Card Upgrade,False,2025/09/14
4039,15656176,,False,2025/09/15
4040,15636982,Cashback,True,2025/09/16
4041,15658306,Insurance Bundle,False,2025/09/17
4042,15647306,Investment Plan,False,2025/09/18
4043,15662976,Credit Card Upgrade,False,2025/09/19
4044,15787602,Insurance Bundle,True,2025/09/20
4045,15688059,Investment Plan,False,2025/09/21
4046,15574842,Credit Card Upgrade,False,2025/09/22
4047,15728352,Personal Loan,False,2025/09/23
4048,15776558,Personal Loan,True,2025/09/24
4049,15580623,Personal Loan,False,2025/09/25
4050,15696054,Insurance Bundle,True,2025/09/26
4051,15577514,Cashback,Yes,2025/09/27
4052,15706587,Insurance Bundle,True,2025/09/28
4053,15596021,Cashback,False,2025/09/29
4054,15629475,Investment Plan,False,2025/09/30
4055,15617617,Credit Card Upgrade,False,2025/10/01
4056,15788634,Credit Card Upgrade,True,2025/10/02
4057,15576216,Personal Loan,True,2025/10/03
4058,15571550,Insurance Bundle,False,2025/10/04
4059,15647292,Cashback,False,2025/10/05
4060,15712807,Personal Loan,True,2025/10/06
4061,15617655,Investment Plan,False,2025/10/07
4062,15636023,Investment Plan,False,2025/10/08
4063,15689344,Personal Loan,True,2025/10/09
4064,15640442,Insurance Bundle,False,2025/10/10
4065,15655339,Investment Plan,False,2025/10/11
4066,15706170,Credit Card Upgrade,False,2025/10/12
4067,15705301,Credit Card Upgrade,True,2025/10/13
4068,15799422,,True,2025/10/14
4069,15575185,Insurance Bundle,False,2025/10/15
4070,15807008,Cashback,False,2025/10/16
4071,15685243,Cashback,False,2025/10/17
4072,15706128,Investment Plan,True,2025/10/18
4073,15713094,Investment Plan,True,2025/10/19
4074,15733777,Cashback,False,2025/10/20
4075,15591169,Investment Plan,False,2025/10/21
4076,15739292,Investment Plan,False,2025/10/22
4077,15611794,Personal Loan,False,2025/10/23
4078,15730830,Credit Card Upgrade,No,2025/10/24
4079,15780770,Personal Loan,False,2025/10/25
4080,15709653,Insurance Bundle,False,2025/10/26
4081,15664150,Investment Plan,False,2025/10/27
4082,15609928,,True,2025/10/28
4083,15644699,Investment Plan,False,2025/10/29
4084,15613102,Investment Plan,True,2025/10/30
4085,15651955,Credit Card Upgrade,True,2025/10/31
4086,15793478,Credit Card Upgrade,True,2025/11/01
4087,15601045,Insurance Bundle,False,2025/11/02
4088,15633877,Personal Loan,True,2025/11/03
4089,15581280,Cashback,False,2025/11/04
4090,15710687,Investment Plan,True,2025/11/05
4091,15781210,Credit Card Upgrade,False,2025/11/06
4092,15713774,Investment Plan,True,2025/11/07
4093,15599124,Personal Loan,False,2025/11/08
4094,15643770,Credit Card Upgrade,False,2025/11/09
4095,15736495,Credit Card Upgrade,False,2025/11/10
4096,15806447,Personal Loan,True,2025/11/11
4097,15627848,,True,2025/11/12
4098,15780835,Insurance Bundle,True,2025/11/13
4099,15647453,Investment Plan,False,2025/11/14
4100,15743016,Personal Loan,False,2025/11/15
4101,15711181,Cashback,False,2025/11/16
4102,15737556,Credit Card Upgrade,False,2025/11/17
4103,15647295,Credit Card Upgrade,True,2025/11/18
4104,15725997,Investment Plan,False,2025/11/19
4105,15756241,Cashback,True,2025/11/20
4106,15664720,Credit Card Upgrade,True,2025/11/21
4107,15750638,Cashback,False,2025/11/22
4108,15601892,Credit Card Upgrade,false,2025/11/23
4109,15658987,Personal Loan,False,2025/11/24
4110,15675450,Investment Plan,False,2025/11/25
4111,15606273,Cashback,True,2025/11/26
4112,15778489,Cashback,True,2025/11/27
4113,15566295,Investment Plan,True,2025/11/28
4114,15788151,Credit Card Upgrade,True,2025/11/29
4115,15697045,Personal Loan,False,2025/11/30
4116,15575623,Investment Plan,False,2025/12/01
4117,15782144,Cashback,False,2025/12/02
4118,15778589,Insurance Bundle,False,2025/12/03
4119,15660840,Insurance Bundle,False,2025/12/04
4120,15568834,,False,2025/12/05
4121,15738291,Personal Loan,False,2025/12/06
4122,15609070,Personal Loan,False,2025/12/07
4123,15657317,Cashback,False,2025/12/08
4124,15605950,Investment Plan,True,2025/12/09
4125,15697606,Credit Card Upgrade,False,2025/12/10
4126,15692132,Insurance Bundle,True,2025/12/11
4127,15690440,Personal Loan,False,2025/12/12
4128,15812850,Personal Loan,False,2025/12/13
4129,15773792,Credit Card Upgrade,False,2025/12/14
4130,15715796,Credit Card Upgrade,False,2025/12/15
4131,15746553,Cashback,False,2025/12/16
4132,15671137,Credit Card Upgrade,True,2025/12/17
4133,15742820,,True,2025/12/18
4134,15683503,Credit Card Upgrade,True,2025/12/19
4135,15637522,Personal Loan,N,2025/12/20
4136,15665374,Cashback,false,2025/12/21
4137,15717426,Personal Loan,False,2025/12/22
4138,15568238,Insurance Bundle,False,2025/12/23
4139,15728362,Credit Card Upgrade,False,2025/12/24
4140,15793425,Insurance Bundle,False,2025/12/25
4141,15696175,Credit Card Upgrade,False,2025/12/26
4142,15678725,Insurance Bundle,No,2025/12/27
4143,15787619,Personal Loan,False,2025/12/28
4144,15640074,Cashback,False,2025/12/29
4145,15804602,Investment Plan,False,2025/12/30
4146,15589437,Insurance Bundle,False,2025/12/31
4147,15574858,Investment Plan,False,2026/01/01
4148,15786433,,False,2026/01/02
4149,15636820,Insurance Bundle,True,2026/01/03
4150,15602909,Credit Card Upgrade,False,2026/01/04
4151,15784890,Investment Plan,False,2026/01/05
4152,15781702,Personal Loan,False,2026/01/06
4153,15685844,Investment Plan,False,2026/01/07
4154,15757933,Credit Card Upgrade,True,2026/01/08
4155,15795511,Insurance Bundle,False,2026/01/09
4156,15730418,Insurance Bundle,False,2026/01/10
4157,15613656,Investment Plan,False,2026/01/11
4158,15780961,Insurance Bundle,False,2026/01/12
4159,15652658,Investment Plan,False,2026/01/13
4160,15704378,Personal Loan,True,2026/01/14
4161,15694200,Insurance Bundle,True,2026/01/15
4162,15748608,Investment Plan,True,2026/01/16
4163,15762198,Investment Plan,False,2026/01/17
4164,15699911,Personal Loan,True,2026/01/18
4165,15668775,Investment Plan,No,2026/01/19
4166,15618446,Cashback,False,2026/01/20
4167,15705506,Investment Plan,No,2026/01/21
4168,15598892,Personal Loan,False,2026/01/22
4169,15633944,Insurance Bundle,False,2026/01/23
4170,15735439,Credit Card Upgrade,False,2026/01/24
4171,15807305,Personal Loan,False,2026/01/25
4172,15779529,Investment Plan,N,2026/01/26
4173,15702298,Insurance Bundle,True,2026/01/27
4174,15622017,Credit Card Upgrade,No,2026/01/28
4175,15800295,Insurance Bundle,False,2026/01/29
4176,15570601,Credit Card Upgrade,False,2026/01/30
4177,15801821,Cashback,True,2026/01/31
4178,15763431,Insurance Bundle,False,2026/02/01
4179,15694890,,N,2026/02/02
4180,15719809,Investment Plan,True,2026/02/03
4181,15674851,Cashback,False,2026/02/04
4182,15710671,,False,2026/02/05
4183,15571940,Personal Loan,Yes,2026/02/06
4184,15775153,Cashback,False,2026/02/07
4185,15604093,Credit Card Upgrade,False,2026/02/08
4186,15708265,Personal Loan,true,2026/02/09
4187,15632538,Insurance Bundle,True,2026/02/10
4188,15785170,Credit Card Upgrade,False,2026/02/11
4189,15602845,Personal Loan,False,2026/02/12
4190,15664339,Insurance Bundle,False,2026/02/13
4191,15738634,Credit Card Upgrade,False,2026/02/14
4192,15722479,Personal Loan,True,2026/02/15
4193,15646632,Insurance Bundle,false,2026/02/16
4194,15626383,Insurance Bundle,True,2026/02/17
4195,15624866,Investment Plan,False,2026/02/18
4196,15809320,Personal Loan,False,2026/02/19
4197,15801934,Cashback,True,2026/02/20
4198,15726484,Personal Loan,Y,2026/02/21
4199,15573280,,False,2026/02/22
4200,15791769,Investment Plan,False,2026/02/23
4201,15654964,Investment Plan,true,2026/02/24
4202,15627517,Investment Plan,False,2026/02/25
4203,15795124,Personal Loan,False,2026/02/26
4204,15750248,,False,2026/02/27
4205,15780925,Insurance Bundle,False,2026/02/28
4206,15796617,Credit Card Upgrade,False,2026/03/01
4207,15777743,Insurance Bundle,False,2026/03/02
4208,15585595,Personal Loan,True,2026/03/03
4209,15747591,Personal Loan,False,2026/03/04
4210,15594786,Personal Loan,True,2026/03/05
4211,15582325,Personal Loan,False,2026/03/06
4212,15585961,Investment Plan,True,2026/03/07
4213,15737173,Credit Card Upgrade,False,2026/03/08
4214,15684484,Investment Plan,True,2026/03/09
4215,15726167,Personal Loan,False,2026/03/10
4216,15729087,Personal Loan,No,2026/03/11
4217,15777772,Cashback,True,2026/03/12
4218,15782758,Credit Card Upgrade,True,2026/03/13
4219,15722765,Personal Loan,False,2026/03/14
4220,15759874,Personal Loan,False,2026/03/15
4221,15584271,Insurance Bundle,False,2026/03/16
4222,15697028,Credit Card Upgrade,False,2026/03/17
4223,15809227,Investment Plan,True,2026/03/18
4224,15649112,Insurance Bundle,True,2026/03/19
4225,15574947,Investment Plan,True,2026/03/20
4226,15772250,Investment Plan,False,2026/03/21
4227,15773804,Personal Loan,True,2026/03/22
4228,15569641,Insurance Bundle,False,2026/03/23
4229,15675185,Cashback,False,2026/03/24
4230,15628558,Investment Plan,True,2026/03/25
4231,15695299,Insurance Bundle,True,2026/03/26
4232,15777923,Investment Plan,True,2026/03/27
4233,15690153,Investment Plan,0,2026/03/28
4234,15807432,Credit Card Upgrade,True,2026/03/29
4235,15791513,Investment Plan,True,2026/03/30
4236,15750970,Insurance Bundle,False,2026/03/31
4237,15579583,Personal Loan,False,2026/04/01
4238,15583212,Cashback,False,2026/04/02
4239,15784700,Credit Card Upgrade,True,2026/04/03
4240,15769504,,True,2026/04/04
4241,15712568,Personal Loan,False,2026/04/05
4242,15665180,Cashback,False,2026/04/06
4243,15644400,Personal Loan,False,2026/04/07
4244,15593715,Credit Card Upgrade,true,2026/04/08
4245,15607690,Cashback,0,2026/04/09
4246,15709531,Credit Card Upgrade,False,2026/04/10
4247,15768367,Investment Plan,False,2026/04/11
4248,15660611,Personal Loan,False,2026/04/12
4249,15731281,Cashback,No,2026/04/13
4250,15750447,Insurance Bundle,False,2026/04/14
4251,15668081,Personal Loan,False,2026/04/15
4252,15579969,Credit Card Upgrade,False,2026/04/16
4253,15693893,Investment Plan,False,2026/04/17
4254,15756425,Insurance Bundle,False,2026/04/18
4255,15704746,Investment Plan,True,2026/04/19
4256,15658475,Credit Card Upgrade,True,2026/04/20
4257,15623649,Insurance Bundle,False,2026/04/21
4258,15682070,Credit Card Upgrade,False,2026/04/22
4259,15628824,Insurance Bundle,False,2026/04/23
4260,15670172,Cashback,False,2026/04/24
4261,15698028,Credit Card Upgrade,False,2026/04/25
4262,15783955,Credit Card Upgrade,False,2026/04/26
4263,15691875,Insurance Bundle,false,2026/04/27
4264,15745624,Cashback,False,2026/04/28
4265,15591995,Insurance Bundle,True,2026/04/29
4266,15762216,Insurance Bundle,False,2026/04/30
4267,15728542,Credit Card Upgrade,False,2026/05/01
4268,15627517,Credit Card Upgrade,False,2026/05/02
4269,15815316,Investment Plan,True,2026/05/03
4270,15601589,Cashback,0,2026/05/04
4271,15698349,Credit Card Upgrade,True,2026/05/05
4272,15700046,Investment Plan,True,2026/05/06
4273,15693088,Credit Card Upgrade,False,2026/05/07
4274,15787204,Investment Plan,False,2026/05/08
4275,15699492,Credit Card Upgrade,True,2026/05/09
4276,15777067,Credit Card Upgrade,True,2026/05/10
4277,15636562,Cashback,False,2026/05/11
4278,15580872,Insurance Bundle,False,2026/05/12
4279,15683053,Insurance Bundle,True,2026/05/13
4280,15640442,Personal Loan,True,2026/05/14
4281,15566292,Insurance Bundle,True,2026/05/15
4282,15718779,Insurance Bundle,False,2026/05/16
4283,15723864,Cashback,No,2026/05/17
4284,15754012,Credit Card Upgrade,False,2026/05/18
4285,15634375,Insurance Bundle,N,2026/05/19
4286,15719809,Insurance Bundle,True,2026/05/20
4287,15624866,Investment Plan,1,2026/05/21
4288,15673907,Credit Card Upgrade,False,2026/05/22
4289,15719579,Investment Plan,False,2026/05/23
4290,15583090,Personal Loan,False,2026/05/24
4291,15611247,Investment Plan,True,2026/05/25
4292,15761783,Insurance Bundle,True,2026/05/26
4293,15598157,Personal Loan,false,2026/05/27
4294,15763874,Cashback,False,2026/05/28
4295,15743673,Cashback,True,2026/05/29
4296,15735849,Cashback,True,2026/05/30
4297,15581505,Insurance Bundle,False,2026/05/31
4298,15792004,Investment Plan,False,2026/06/01
4299,15583278,Insurance Bundle,False,2026/06/02
4300,15777352,Credit Card Upgrade,False,2026/06/03
4301,15636428,Personal Loan,False,2026/06/04
4302,15780386,Investment Plan,True,2026/06/05
4303,15668289,Credit Card Upgrade,False,2026/06/06
4304,15690332,Personal Loan,False,2026/06/07
4305,15650889,Insurance Bundle,False,2026/06/08
4306,15633612,Credit Card Upgrade,False,2026/06/09
4307,15728542,Cashback,False,2026/06/10
4308,15594577,Personal Loan,False,2026/06/11
4309,15735522,Investment Plan,False,2026/06/12
4310,15665416,Personal Loan,False,2026/06/13
4311,15651868,Insurance Bundle,N,2026/06/14
4312,15606944,Cashback,False,2026/06/15
4313,15654300,Personal Loan,True,2026/06/16
4314,15641250,Insurance Bundle,False,2026/06/17
4315,15697201,Credit Card Upgrade,false,2026/06/18
4316,15681991,Credit Card Upgrade,False,2026/06/19
4317,15733597,Investment Plan,True,2026/06/20
4318,15742297,,False,2026/06/21
4319,15589204,Credit Card Upgrade,True,2026/06/22
4320,15783097,Insurance Bundle,False,2026/06/23
4321,15734609,Insurance Bundle,True,2026/06/24
4322,15807555,Insurance Bundle,False,2026/06/25
4323,15785042,Personal Loan,False,2026/06/26
4324,15629744,Investment Plan,N,2026/06/27
4325,15737173,Credit Card Upgrade,False,2026/06/28
4326,15796071,Investment Plan,False,2026/06/29
4327,15671987,Investment Plan,No,2026/06/30
4328,15771086,Personal Loan,1,2026/07/01
4329,15598700,Investment Plan,True,2026/07/02
4330,15746902,Cashback,False,2026/07/03
4331,15705515,Credit Card Upgrade,False,2026/07/04
4332,15633834,Personal Loan,False,2026/07/05
4333,15604813,Cashback,False,2026/07/06
4334,15790322,Insurance Bundle,False,2026/07/07
4335,15613319,Insurance Bundle,False,2026/07/08
4336,15643826,Cashback,True,2026/07/09
4337,15704586,Insurance Bundle,False,2026/07/10
4338,15790267,Personal Loan,False,2026/07/11
4339,15603665,Cashback,false,2026/07/12
4340,15812198,,True,2026/07/13
4341,15677146,Personal Loan,False,2026/07/14
4342,15695475,Personal Loan,True,2026/07/15
4343,15609319,Personal Loan,False,2026/07/16
4344,15627848,Credit Card Upgrade,Yes,2026/07/17
4345,15724334,Personal Loan,false,2026/07/18
4346,15740476,Personal Loan,True,2026/07/19
4347,15751392,Credit Card Upgrade,True,2026/07/20
4348,15585892,Credit Card Upgrade,True,2026/07/21
4349,15606177,Credit Card Upgrade,Y,2026/07/22
4350,15705506,Investment Plan,False,2026/07/23
4351,15813645,Personal Loan,False,2026/07/24
4352,15676835,Personal Loan,True,2026/07/25
4353,15647292,Personal Loan,False,2026/07/26
4354,15675949,Cashback,False,2026/07/27
4355,15692132,,False,2026/07/28
4356,15645571,Personal Loan,True,2026/07/29
4357,15742824,Cashback,False,2026/07/30
4358,15675231,Investment Plan,0,2026/07/31
4359,15567557,Cashback,True,2026/08/01
4360,15713483,Credit Card Upgrade,N,2026/08/02
4361,15806049,Credit Card Upgrade,False,2026/08/03
4362,15713770,Personal Loan,True,2026/08/04
4363,15643908,Insurance Bundle,False,2026/08/05
4364,15626806,Credit Card Upgrade,True,2026/08/06
4365,15612505,Insurance Bundle,False,2026/08/07
4366,15631800,Investment Plan,False,2026/08/08
4367,15735799,Personal Loan,No,2026/08/09
4368,15656454,Investment Plan,0,2026/08/10
4369,15755223,Investment Plan,False,2026/08/11
4370,15614923,Cashback,True,2026/08/12
4371,15586821,Credit Card Upgrade,False,2026/08/13
4372,15578761,Personal Loan,False,2026/08/14
4373,15662291,,False,2026/08/15
4374,15666252,Cashback,True,2026/08/16
4375,15647311,Personal Loan,False,2026/08/17
4376,15691723,Credit Card Upgrade,True,2026/08/18
4377,15576683,Cashback,False,2026/08/19
4378,15797197,Personal Loan,False,2026/08/20
4379,15574523,Insurance Bundle,False,2026/08/21
4380,15785705,Investment Plan,False,2026/08/22
4381,15809837,Insurance Bundle,False,2026/08/23
4382,15657386,Cashback,False,2026/08/24
4383,15592089,Credit Card Upgrade,False,2026/08/25
4384,15785170,Credit Card Upgrade,false,2026/08/26
4385,15605673,Personal Loan,False,2026/08/27
4386,15649211,Insurance Bundle,False,2026/08/28
4387,15570943,Insurance Bundle,False,2026/08/29
4388,15781465,Insurance Bundle,False,2026/08/30
4389,15734161,Insurance Bundle,True,2026/08/31
4390,15793478,Credit Card Upgrade,False,2026/09/01
4391,15784687,Cashback,N,2026/09/02
4392,15738715,Investment Plan,False,2026/09/03
4393,15806771,Cashback,False,2025/09/03
4394,15754012,,False,2025/09/04
4395,15766047,Investment Plan,N,2025/09/05
4396,15772250,Investment Plan,False,2025/09/06
4397,15631639,Cashback,Yes,2025/09/07
4398,15608541,Credit Card Upgrade,False,2025/09/08
4399,15647111,Personal Loan,False,2025/09/09
4400,15800031,Credit Card Upgrade,False,2025/09/10
4401,15734850,Investment Plan,false,2025/09/11
4402,15771086,Insurance Bundle,Y,2025/09/12
4403,15644280,Personal Loan,False,2025/09/13
4404,15672082,Insurance Bundle,False,2025/09/14
4405,15599860,Personal Loan,True,2025/09/15
4406,15575748,Personal Loan,True,2025/09/16
4407,15683657,Credit Card Upgrade,True,2025/09/17
4408,15737173,Investment Plan,False,2025/09/18
4409,15768387,Insurance Bundle,False,2025/09/19
4410,15704788,Insurance Bundle,True,2025/09/20
4411,15724336,Personal Loan,True,2025/09/21
4412,15806081,Personal Loan,False,2025/09/22
4413,15625092,Cashback,False,2025/09/23
4414,15565996,Insurance Bundle,False,2025/09/24
4415,15573893,,True,2025/09/25
4416,15575428,Credit Card Upgrade,True,2025/09/26
4417,15608166,Insurance Bundle,True,2025/09/27
4418,15813697,Credit Card Upgrade,True,2025/09/28
4419,15723411,Credit Card Upgrade,False,2025/09/29
4420,15745375,Cashback,False,2025/09/30
4421,15760550,,False,2025/10/01
4422,15609058,Cashback,True,2025/10/02
4423,15593773,Personal Loan,False,2025/10/03
4424,15630617,Investment Plan,True,2025/10/04
4425,15639303,Credit Card Upgrade,1,2025/10/05
4426,15799815,Investment Plan,Yes,2025/10/06
4427,15636551,Investment Plan,False,2025/10/07
4428,15781802,Personal Loan,False,2025/10/08
4429,15617454,Cashback,False,2025/10/09
4430,15790497,Investment Plan,True,2025/10/10
4431,15574071,Cashback,False,2025/10/11
4432,15775892,Cashback,False,2025/10/12
4433,15570931,Personal Loan,0,2025/10/13
4434,15700476,Personal Loan,True,2025/10/14
4435,15586870,Investment Plan,true,2025/10/15
4436,15630241,Cashback,True,2025/10/16
4437,15599329,Cashback,True,2025/10/17
4438,15717191,Credit Card Upgrade,False,2025/10/18
4439,15762902,Personal Loan,False,2025/10/19
4440,15598044,Credit Card Upgrade,False,2025/10/20
4441,15630413,Investment Plan,False,2025/10/21
4442,15776844,,False,2025/10/22
4443,15677804,Investment Plan,False,2025/10/23
4444,15712319,Personal Loan,True,2025/10/24
4445,15682528,Cashback,N,2025/10/25
4446,15699309,Investment Plan,False,2025/10/26
4447,15762418,Investment Plan,False,2025/10/27
4448,15632793,Credit Card Upgrade,True,2025/10/28
4449,15681550,Insurance Bundle,False,2025/10/29
4450,15653050,Investment Plan,No,2025/10/30
4451,15601026,Insurance Bundle,True,2025/10/31
4452,15716800,Insurance Bundle,Yes,2025/11/01
4453,15591135,Personal Loan,False,2025/11/02
4454,15567431,Cashback,True,2025/11/03
4455,15661745,Cashback,False,2025/11/04
4456,15637131,Personal Loan,True,2025/11/05
4457,15691119,Investment Plan,False,2025/11/06
4458,15747974,Investment Plan,False,2025/11/07
4459,15752622,Credit Card Upgrade,False,2025/11/08
4460,15590268,Cashback,True,2025/11/09
4461,15763063,Investment Plan,False,2025/11/10
4462,15584704,Insurance Bundle,True,2025/11/11
4463,15704250,Investment Plan,False,2025/11/12
4464,15659677,Credit Card Upgrade,False,2025/11/13
4465,15623828,Credit Card Upgrade,False,2025/11/14
4466,15621644,Insurance Bundle,True,2025/11/15
4467,15568088,Credit Card Upgrade,False,2025/11/16
4468,15719541,Cashback,False,2025/11/17
4469,15590820,Cashback,False,2025/11/18
4470,15662243,Personal Loan,False,2025/11/19
4471,15608956,Cashback,False,2025/11/20
4472,15592089,Cashback,True,2025/11/21
4473,15790599,Investment Plan,True,2025/11/22
4474,15640905,Credit Card Upgrade,True,2025/11/23
4475,15685920,Cashback,False,2025/11/24
4476,15764448,Credit Card Upgrade,1,2025/11/25
4477,15642619,Insurance Bundle,True,2025/11/26
4478,15708713,Investment Plan,No,2025/11/27
4479,15763327,Credit Card Upgrade,False,2025/11/28
4480,15674620,Personal Loan,False,2025/11/29
4481,15666856,,True,2025/11/30
4482,15807524,Investment Plan,False,2025/12/01
4483,15591357,Cashback,True,2025/12/02
4484,15769356,Personal Loan,False,2025/12/03
4485,15674840,,False,2025/12/04
4486,15785170,Cashback,False,2025/12/05
4487,15691119,Insurance Bundle,False,2025/12/06
4488,15677052,Personal Loan,False,2025/12/07
4489,15763194,Cashback,True,2025/12/08
4490,15653547,Personal Loan,True,2025/12/09
4491,15703117,Credit Card Upgrade,False,2025/12/10
4492,15681697,Personal Loan,False,2025/12/11
4493,15667456,Cashback,False,2025/12/12
4494,15659355,Credit Card Upgrade,False,2025/12/13
4495,15703177,Personal Loan,False,2025/12/14
4496,15736420,Insurance Bundle,False,2025/12/15
4497,15672966,Cashback,false,2025/12/16
4498,15766427,Credit Card Upgrade,false,2025/12/17
4499,15772262,Insurance Bundle,False,2025/12/18
4500,15672299,Investment Plan,True,2025/12/19
4501,15744200,Investment Plan,False,2025/12/20
4502,15702462,Credit Card Upgrade,False,2025/12/21
4503,15791972,Cashback,0,2025/12/22
4504,15611551,Insurance Bundle,False,2025/12/23
4505,15797964,Credit Card Upgrade,True,2025/12/24
4506,15638983,Cashback,False,2025/12/25
4507,15706128,Credit Card Upgrade,True,2025/12/26
4508,15636444,Credit Card Upgrade,True,2025/12/27
4509,15675626,Investment Plan,False,2025/12/28
4510,15604804,Credit Card Upgrade,True,2025/12/29
4511,15650026,Cashback,True,2025/12/30
4512,15650034,Investment Plan,Y,2025/12/31
4513,15592583,Credit Card Upgrade,False,2026/01/01
4514,15740383,Credit Card Upgrade,False,2026/01/02
4515,15587584,Credit Card Upgrade,True,2026/01/03
4516,15697201,Investment Plan,False,2026/01/04
4517,15792222,Insurance Bundle,false,2026/01/05
4518,15602551,Credit Card Upgrade,False,2026/01/06
4519,15775235,Insurance Bundle,False,2026/01/07
4520,15774401,Investment Plan,True,2026/01/08
4521,15790717,Investment Plan,False,2026/01/09
4522,15705707,Insurance Bundle,False,2026/01/10
4523,15590268,Investment Plan,True,2026/01/11
4524,15701768,Credit Card Upgrade,True,2026/01/12
4525,15738936,Insurance Bundle,True,2026/01/13
4526,15791944,Insurance Bundle,False,2026/01/14
4527,15617482,Investment Plan,0,2026/01/15
4528,15690958,Insurance Bundle,1,2026/01/16
4529,15631063,Credit Card Upgrade,false,2026/01/17
4530,15614215,Investment Plan,N,2026/01/18
4531,15802758,Credit Card Upgrade,False,2026/01/19
4532,15752186,Credit Card Upgrade,N,2026/01/20
4533,15683471,Investment Plan,False,2026/01/21
4534,15622729,,false,2026/01/22
4535,15793478,Personal Loan,False,2026/01/23
4536,15733261,Investment Plan,False,2026/01/24
4537,15578515,Insurance Bundle,N,2026/01/25
4538,15641715,Investment Plan,False,2026/01/26
4539,15619616,Insurance Bundle,False,2026/01/27
4540,15751120,Cashback,True,2026/01/28
4541,15762729,Investment Plan,False,2026/01/29
4542,15773605,Personal Loan,False,2026/01/30
4543,15770345,Personal Loan,False,2026/01/31
4544,15620268,Investment Plan,False,2026/02/01
4545,15718779,Cashback,False,2026/02/02
4546,15703820,Credit Card Upgrade,False,2026/02/03
4547,15797751,Insurance Bundle,True,2026/02/04
4548,15690175,Insurance Bundle,True,2026/02/05
4549,15793842,Credit Card Upgrade,False,2026/02/06
4550,15638983,Personal Loan,True,2026/02/07
4551,15756471,Personal Loan,False,2026/02/08
4552,15711489,Cashback,N,2026/02/09
4553,15814033,Insurance Bundle,False,2026/02/10
4554,15566295,Insurance Bundle,False,2026/02/11
4555,15805523,Credit Card Upgrade,True,2026/02/12
4556,15778934,Personal Loan,N,2026/02/13
4557,15697310,Credit Card Upgrade,True,2026/02/14
4558,15717056,Insurance Bundle,Y,2026/02/15
4559,15658485,Credit Card Upgrade,False,2026/02/16
4560,15793331,Personal Loan,False,2026/02/17
4561,15768530,Cashback,False,2026/02/18
4562,15600399,Investment Plan,Y,2026/02/19
4563,15753840,Cashback,True,2026/02/20
4564,15707479,Insurance Bundle,True,2026/02/21
4565,15769504,Personal Loan,True,2026/02/22
4566,15815490,Personal Loan,False,2026/02/23
4567,15624729,Investment Plan,False,2026/02/24
4568,15722965,Credit Card Upgrade,1,2026/02/25
4569,15744046,Cashback,True,2026/02/26
4570,15725639,Investment Plan,True,2026/02/27
4571,15751491,Personal Loan,False,2026/02/28
4572,15631709,Cashback,True,2026/03/01
4573,15754301,Personal Loan,True,2026/03/02
4574,15650018,Investment Plan,False,2026/03/03
4575,15617482,Investment Plan,False,2026/03/04
4576,15616471,Insurance Bundle,0,2026/03/05
4577,15662865,Personal Loan,True,2026/03/06
4578,15733261,Personal Loan,False,2026/03/07
4579,15668971,Credit Card Upgrade,False,2026/03/08
4580,15686941,Investment Plan,False,2026/03/09
4581,15778345,Credit Card Upgrade,True,2026/03/10
4582,15802501,Investment Plan,True,2026/03/11
4583,15790093,Cashback,True,2026/03/12
4584,15668580,Investment Plan,True,2026/03/13
4585,15808386,Cashback,True,2026/03/14
4586,15778489,Personal Loan,True,2026/03/15
4587,15635893,Insurance Bundle,True,2026/03/16
4588,15779744,Investment Plan,False,2026/03/17
4589,15707199,Personal Loan,False,2026/03/18
4590,15661507,Credit Card Upgrade,False,2026/03/19
4591,15565806,Cashback,False,2026/03/20
4592,15700696,Insurance Bundle,0,2026/03/21
4593,15717191,Personal Loan,True,2026/03/22
4594,15638983,Cashback,False,2026/03/23
4595,15725221,Insurance Bundle,False,2026/03/24
4596,15807900,Personal Loan,False,2026/03/25
4597,15608688,Investment Plan,False,2026/03/26
4598,15744517,Cashback,False,2026/03/27
4599,15573851,Insurance Bundle,False,2026/03/28
4600,15706537,Credit Card Upgrade,False,2026/03/29
4601,15750602,Investment Plan,True,2026/03/30
4602,15689594,Investment Plan,False,2026/03/31
4603,15672357,Investment Plan,True,2026/04/01
4604,15613623,Investment Plan,False,2026/04/02
4605,15714680,Personal Loan,False,2026/04/03
4606,15767488,Investment Plan,N,2026/04/04
4607,15748552,Insurance Bundle,Yes,2026/04/05
4608,15723028,Insurance Bundle,False,2026/04/06
4609,15717225,Personal Loan,No,2026/04/07
4610,15734628,Investment Plan,False,2026/04/08
4611,15681075,Investment Plan,True,2026/04/09
4612,15598097,Personal Loan,False,2026/04/10
4613,15585490,Cashback,False,2026/04/11
4614,15634844,Cashback,False,2026/04/12
4615,15694366,Investment Plan,True,2026/04/13
4616,15623202,Personal Loan,True,2026/04/14
4617,15806230,Credit Card Upgrade,N,2026/04/15
4618,15715047,Investment Plan,False,2026/04/16
4619,15741078,Investment Plan,False,2026/04/17
4620,15598802,Investment Plan,False,2026/04/18
4621,15802758,Credit Card Upgrade,False,2026/04/19
4622,15812706,Cashback,N,2026/04/20
4623,15814750,Investment Plan,False,2026/04/21
4624,15756277,Cashback,False,2026/04/22
4625,15589204,Cashback,False,2026/04/23
4626,15705515,Cashback,False,2026/04/24
4627,15677336,Cashback,False,2026/04/25
4628,15627251,Investment Plan,False,2026/04/26
4629,15808846,Personal Loan,False,2026/04/27
4630,15707025,Investment Plan,False,2026/04/28
4631,15596074,Insurance Bundle,False,2026/04/29
4632,15676715,Investment Plan,True,2026/04/30
4633,15814004,Insurance Bundle,False,2026/05/01
4634,15794560,Investment Plan,False,2026/05/02
4635,15787907,Insurance Bundle,True,2026/05/03
4636,15809137,Insurance Bundle,False,2026/05/04
4637,15645517,,False,2026/05/05
4638,15753837,Cashback,False,2026/05/06
4639,15629390,Insurance Bundle,False,2026/05/07
4640,15793842,Investment Plan,True,2026/05/08
4641,15716800,Credit Card Upgrade,False,2026/05/09
4642,15776850,Credit Card Upgrade,True,2026/05/10
4643,15611331,Insurance Bundle,False,2026/05/11
4644,15584704,Insurance Bundle,False,2026/05/12
4645,15733114,Personal Loan,False,2026/05/13
4646,15632256,,False,2026/05/14
4647,15787529,Credit Card Upgrade,False,2026/05/15
4648,15700854,Cashback,True,2026/05/16
4649,15767488,Personal Loan,False,2026/05/17
4650,15756241,Credit Card Upgrade,False,2026/05/18
4651,15679804,Insurance Bundle,True,2026/05/19
4652,15697045,Credit Card Upgrade,True,2026/05/20
4653,15759387,Insurance Bundle,False,2026/05/21
4654,15746076,Personal Loan,True,2026/05/22
4655,15694601,Cashback,False,2026/05/23
4656,15796813,Insurance Bundle,True,2026/05/24
4657,15717056,Cashback,False,2026/05/25
4658,15782210,Investment Plan,False,2026/05/26
4659,15775293,Insurance Bundle,False,2026/05/27
4660,15592000,Credit Card Upgrade,False,2026/05/28
4661,15698816,Insurance Bundle,False,2026/05/29
4662,15594577,Cashback,False,2026/05/30
4663,15713621,Insurance Bundle,False,2026/05/31
4664,15723737,Personal Loan,False,2026/06/01
4665,15763859,Personal Loan,False,2026/06/02
4666,15660602,Personal Loan,True,2026/06/03
4667,15754940,Credit Card Upgrade,True,2026/06/04
4668,15764604,Personal Loan,False,2026/06/05
4669,15691875,Credit Card Upgrade,False,2026/06/06
4670,15718843,Investment Plan,False,2026/06/07
4671,15609977,Personal Loan,False,2026/06/08
4672,15682421,Credit Card Upgrade,False,2026/06/09
4673,15763194,Cashback,False,2026/06/10
4674,15813862,Personal Loan,False,2026/06/11
4675,15576945,Investment Plan,False,2026/06/12
4676,15762928,Personal Loan,Y,2026/06/13
4677,15604348,Cashback,N,2026/06/14
4678,15672966,Credit Card Upgrade,False,2026/06/15
4679,15734161,Investment Plan,False,2026/06/16
4680,15593976,Cashback,False,2026/06/17
4681,15591577,Credit Card Upgrade,0,2026/06/18
4682,15798200,Investment Plan,False,2026/06/19
4683,15742126,Cashback,False,2026/06/20
4684,15606836,Cashback,False,2026/06/21
4685,15633474,Insurance Bundle,0,2026/06/22
4686,15660200,Cashback,False,2026/06/23
4687,15774262,Investment Plan,False,2026/06/24
4688,15807568,Credit Card Upgrade,False,2026/06/25
4689,15794841,Personal Loan,False,2026/06/26
4690,15797065,Personal Loan,True,2026/06/27
4691,15686345,Credit Card Upgrade,False,2026/06/28
4692,15686461,Personal Loan,False,2026/06/29
4693,15579183,Credit Card Upgrade,False,2026/06/30
4694,15810660,Cashback,True,2026/07/01
4695,15731507,Investment Plan,True,2026/07/02
4696,15569595,Investment Plan,False,2026/07/03
4697,15735246,Insurance Bundle,False,2026/07/04
4698,15572398,Investment Plan,1,2026/07/05
4699,15689168,Investment Plan,1,2026/07/06
4700,15652289,Personal Loan,True,2026/07/07
4701,15683118,Cashback,True,2026/07/08
4702,15761886,Insurance Bundle,False,2026/07/09
4703,15566531,Cashback,Y,2026/07/10
4704,15667462,Personal Loan,True,2026/07/11
4705,15591286,Investment Plan,false,2026/07/12
4706,15651713,Investment Plan,False,2026/07/13
4707,15609475,Cashback,False,2026/07/14
4708,15721462,Credit Card Upgrade,False,2026/07/15
4709,15740356,Investment Plan,False,2026/07/16
4710,15640268,Personal Loan,False,2026/07/17
4711,15763859,Personal Loan,true,2026/07/18
4712,15716347,Insurance Bundle,False,2026/07/19
4713,15773804,Insurance Bundle,False,2026/07/20
4714,15752857,Cashback,False,2026/07/21
4715,15624428,Insurance Bundle,False,2026/07/22
4716,15717191,Investment Plan,True,2026/07/23
4717,15742824,Investment Plan,No,2026/07/24
4718,15775234,Investment Plan,False,2026/07/25
4719,15712930,Investment Plan,False,2026/07/26
4720,15768244,Cashback,True,2026/07/27
4721,15794048,Insurance Bundle,False,2026/07/28
4722,15640667,Insurance Bundle,False,2026/07/29
4723,15809817,Investment Plan,False,2026/07/30
4724,15789941,Cashback,True,2026/07/31
4725,15607065,Credit Card Upgrade,False,2026/08/01
4726,15624715,Personal Loan,True,2026/08/02
4727,15718839,Investment Plan,False,2026/08/03
4728,15641250,Insurance Bundle,False,2026/08/04
4729,15569917,Personal Loan,False,2026/08/05
4730,15650391,Personal Loan,False,2026/08/06
4731,15787229,Cashback,False,2026/08/07
4732,15748473,Investment Plan,false,2026/08/08
4733,15701037,Cashback,False,2026/08/09
4734,15777892,Investment Plan,False,2026/08/10
4735,15776156,Credit Card Upgrade,True,2026/08/11
4736,15700263,Personal Loan,False,2026/08/12
4737,15786463,Credit Card Upgrade,False,2026/08/13
4738,15595388,Insurance Bundle,False,2026/08/14
4739,15727251,,False,2026/08/15
4740,15726490,Investment Plan,True,2026/08/16
4741,15676966,Insurance Bundle,True,2026/08/17
4742,15698792,Personal Loan,False,2026/08/18
4743,15765345,Credit Card Upgrade,True,2026/08/19
4744,15623791,Personal Loan,False,2026/08/20
4745,15602551,Investment Plan,False,2026/08/21
4746,15727021,Credit Card Upgrade,True,2026/08/22
4747,15797065,Credit Card Upgrade,False,2026/08/23
4748,15647402,Personal Loan,True,2026/08/24
4749,15746338,Investment Plan,True,2026/08/25
4750,15727197,Investment Plan,true,2026/08/26
4751,15682454,Investment Plan,False,2026/08/27
4752,15670427,Insurance Bundle,False,2026/08/28
4753,15685096,Investment Plan,True,2026/08/29
4754,15809772,,False,2026/08/30
4755,15769451,Personal Loan,True,2026/08/31
4756,15815316,Personal Loan,N,2026/09/01
4757,15723950,Investment Plan,Yes,2026/09/02
4758,15608541,Insurance Bundle,True,2026/09/03
4759,15664214,Cashback,True,2025/09/03
4760,15595447,Credit Card Upgrade,False,2025/09/04
4761,15648876,Insurance Bundle,False,2025/09/05
4762,15589643,Investment Plan,False,2025/09/06
4763,15726747,Investment Plan,False,2025/09/07
4764,15627190,Personal Loan,False,2025/09/08
4765,15759067,Investment Plan,False,2025/09/09
4766,15785078,,False,2025/09/10
4767,15777892,Insurance Bundle,True,2025/09/11
4768,15679963,Cashback,False,2025/09/12
4769,15730460,Cashback,No,2025/09/13
4770,15781210,Investment Plan,N,2025/09/14
4771,15725772,Credit Card Upgrade,False,2025/09/15
4772,15703264,Insurance Bundle,false,2025/09/16
4773,15635870,Credit Card Upgrade,True,2025/09/17
4774,15651460,Personal Loan,False,2025/09/18
4775,15677550,Personal Loan,False,2025/09/19
4776,15605455,Insurance Bundle,False,2025/09/20
4777,15694376,,False,2025/09/21
4778,15778219,Personal Loan,0,2025/09/22
4779,15720155,Insurance Bundle,True,2025/09/23
4780,15738785,Personal Loan,False,2025/09/24
4781,15648681,Insurance Bundle,False,2025/09/25
4782,15602731,Insurance Bundle,False,2025/09/26
4783,15570859,Personal Loan,N,2025/09/27
4784,15735632,Cashback,N,2025/09/28
4785,15728829,Credit Card Upgrade,False,2025/09/29
4786,15747043,Credit Card Upgrade,True,2025/09/30
4787,15635531,Credit Card Upgrade,False,2025/10/01
4788,15716284,Investment Plan,False,2025/10/02
4789,15638329,Personal Loan,True,2025/10/03
4790,15576526,Personal Loan,False,2025/10/04
4791,15670866,Insurance Bundle,True,2025/10/05
4792,15764448,Cashback,True,2025/10/06
4793,15680666,Personal Loan,N,2025/10/07
4794,15800524,Investment Plan,False,2025/10/08
4795,15690175,Credit Card Upgrade,False,2025/10/09
4796,15698932,Investment Plan,False,2025/10/10
4797,15796351,Investment Plan,True,2025/10/11
4798,15719809,Cashback,False,2025/10/12
4799,15669414,Personal Loan,False,2025/10/13
4800,15590201,Insurance Bundle,False,2025/10/14
4801,15693200,Credit Card Upgrade,False,2025/10/15
4802,15720284,Insurance Bundle,True,2025/10/16
4803,15671987,Personal Loan,True,2025/10/17
4804,15693690,Investment Plan,No,2025/10/18
4805,15694805,Cashback,False,2025/10/19
4806,15791769,Investment Plan,False,2025/10/20
4807,15742511,Cashback,False,2025/10/21
4808,15715707,Insurance Bundle,True,2025/10/22
4809,15691323,Insurance Bundle,True,2025/10/23
4810,15795224,Personal Loan,True,2025/10/24
4811,15569641,Investment Plan,True,2025/10/25
4812,15737452,Credit Card Upgrade,False,2025/10/26
4813,15585865,Personal Loan,False,2025/10/27
4814,15749964,Credit Card Upgrade,False,2025/10/28
4815,15790846,Credit Card Upgrade,True,2025/10/29
4816,15569438,Credit Card Upgrade,True,2025/10/30
4817,15600975,Cashback,No,2025/10/31
4818,15787204,Credit Card Upgrade,N,2025/11/01
4819,15614220,Investment Plan,False,2025/11/02
4820,15802617,Credit Card Upgrade,True,2025/11/03
4821,15635034,Credit Card Upgrade,True,2025/11/04
4822,15808526,Investment Plan,True,2025/11/05
4823,15766609,Investment Plan,False,2025/11/06
4824,15638751,Investment Plan,False,2025/11/07
4825,15809263,Investment Plan,False,2025/11/08
4826,15565706,Insurance Bundle,False,2025/11/09
4827,15645353,Investment Plan,True,2025/11/10
4828,15628205,Cashback,True,2025/11/11
4829,15725036,Insurance Bundle,False,2025/11/12
4830,15768244,Insurance Bundle,True,2025/11/13
4831,15607330,Investment Plan,True,2025/11/14
4832,15758039,Credit Card Upgrade,True,2025/11/15
4833,15761692,Cashback,False,2025/11/16
4834,15780386,Investment Plan,False,2025/11/17
4835,15569572,Cashback,False,2025/11/18
4836,15685872,,0,2025/11/19
4837,15706186,Personal Loan,False,2025/11/20
4838,15728542,Insurance Bundle,True,2025/11/21
4839,15774250,Credit Card Upgrade,True,2025/11/22
4840,15606836,Credit Card Upgrade,Yes,2025/11/23
4841,15623668,Cashback,False,2025/11/24
4842,15641835,Cashback,False,2025/11/25
4843,15613471,Personal Loan,False,2025/11/26
4844,15755262,Personal Loan,False,2025/11/27
4845,15815530,Investment Plan,True,2025/11/28
4846,15603378,Personal Loan,No,2025/11/29
4847,15660271,Cashback,N,2025/11/30
4848,15625047,Insurance Bundle,False,2025/12/01
4849,15642022,Insurance Bundle,True,2025/12/02
4850,15787255,Personal Loan,False,2025/12/03
4851,15697045,Personal Loan,True,2025/12/04
4852,15782993,Insurance Bundle,False,2025/12/05
4853,15623277,Personal Loan,False,2025/12/06
4854,15590828,Cashback,False,2025/12/07
4855,15676715,Investment Plan,True,2025/12/08
4856,15636023,Investment Plan,true,2025/12/09
4857,15616525,Investment Plan,False,2025/12/10
4858,15645571,Personal Loan,False,2025/12/11
4859,15750638,,True,2025/12/12
4860,15590327,Credit Card Upgrade,False,2025/12/13
4861,15617538,Credit Card Upgrade,False,2025/12/14
4862,15714240,Credit Card Upgrade,False,2025/12/15
4863,15661830,Personal Loan,True,2025/12/16
4864,15603378,Personal Loan,False,2025/12/17
4865,15770567,Cashback,False,2025/12/18
4866,15748947,,1,2025/12/19
4867,15670562,Credit Card Upgrade,False,2025/12/20
4868,15630321,Insurance Bundle,True,2025/12/21
4869,15747174,Cashback,False,2025/12/22
4870,15750921,Investment Plan,True,2025/12/23
4871,15718153,Credit Card Upgrade,True,2025/12/24
4872,15575417,Insurance Bundle,True,2025/12/25
4873,15743709,Cashback,True,2025/12/26
4874,15722322,Insurance Bundle,True,2025/12/27
4875,15781989,Personal Loan,False,2025/12/28
4876,15697510,Credit Card Upgrade,False,2025/12/29
4877,15690589,Investment Plan,N,2025/12/30
4878,15607278,Personal Loan,True,2025/12/31
4879,15737971,Credit Card Upgrade,False,2026/01/01
4880,15761976,Investment Plan,False,2026/01/02
4881,15585451,Cashback,True,2026/01/03
4882,15750574,Investment Plan,0,2026/01/04
4883,15604093,Cashback,False,2026/01/05
4884,15751057,Insurance Bundle,False,2026/01/06
4885,15578251,Insurance Bundle,False,2026/01/07
4886,15756305,Cashback,False,2026/01/08
4887,15724563,Credit Card Upgrade,True,2026/01/09
4888,15720847,Credit Card Upgrade,True,2026/01/10
4889,15762927,Personal Loan,False,2026/01/11
4890,15721047,Credit Card Upgrade,False,2026/01/12
4891,15664214,Personal Loan,No,2026/01/13
4892,15665180,Investment Plan,True,2026/01/14
4893,15813660,Credit Card Upgrade,False,2026/01/15
4894,15583680,Investment Plan,false,2026/01/16
4895,15788131,Credit Card Upgrade,False,2026/01/17
4896,15620204,Investment Plan,False,2026/01/18
4897,15621893,Personal Loan,False,2026/01/19
4898,15711901,Credit Card Upgrade,False,2026/01/20
4899,15812534,Credit Card Upgrade,True,2026/01/21
4900,15745527,Insurance Bundle,False,2026/01/22
4901,15671124,Insurance Bundle,True,2026/01/23
4902,15567557,Personal Loan,True,2026/01/24
4903,15806796,Insurance Bundle,True,2026/01/25
4904,15664793,Credit Card Upgrade,Yes,2026/01/26
4905,15793424,Personal Loan,True,2026/01/27
4906,15789941,Insurance Bundle,False,2026/01/28
4907,15709639,Credit Card Upgrade,False,2026/01/29
4908,15764922,Personal Loan,False,2026/01/30
4909,15719479,Investment Plan,True,2026/01/31
4910,15814004,Insurance Bundle,False,2026/02/01
4911,15662494,Personal Loan,False,2026/02/02
4912,15636423,Credit Card Upgrade,Yes,2026/02/03
4913,15693902,Cashback,False,2026/02/04
4914,15787693,Credit Card Upgrade,True,2026/02/05
4915,15583026,Cashback,True,2026/02/06
4916,15695078,Personal Loan,False,2026/02/07
4917,15649738,Insurance Bundle,True,2026/02/08
4918,15595440,Cashback,False,2026/02/09
4919,15682369,,False,2026/02/10
4920,15686345,Cashback,False,2026/02/11
4921,15627876,Investment Plan,True,2026/02/12
4922,15751057,Investment Plan,False,2026/02/13
4923,15689661,Cashback,True,2026/02/14
4924,15589320,Personal Loan,MAYBE,2026/02/15
4925,15733616,Personal Loan,True,2026/02/16
4926,15722072,Cashback,True,2026/02/17
4927,15759618,Credit Card Upgrade,1,2026/02/18
4928,15662151,Credit Card Upgrade,False,2026/02/19
4929,15650026,Investment Plan,True,2026/02/20
4930,15586699,Credit Card Upgrade,No,2026/02/21
4931,15638463,Personal Loan,True,2026/02/22
4932,15676707,Cashback,False,2026/02/23
4933,15773605,Cashback,True,2026/02/24
4934,15765643,Credit Card Upgrade,N,2026/02/25
4935,15582180,Personal Loan,True,2026/02/26
4936,15647111,Insurance Bundle,True,2026/02/27
4937,15755863,Personal Loan,True,2026/02/28
4938,15624623,Investment Plan,False,2026/03/01
4939,15766288,Investment Plan,False,2026/03/02
4940,15682048,Insurance Bundle,True,2026/03/03
4941,15589320,Insurance Bundle,True,2026/03/04
4942,15631305,Insurance Bundle,False,2026/03/05
4943,15577999,Credit Card Upgrade,False,2026/03/06
4944,15684865,Personal Loan,True,2026/03/07
4945,15697183,Investment Plan,false,2026/03/08
4946,15724536,Insurance Bundle,Yes,2026/03/09
4947,15646302,Insurance Bundle,true,2026/03/10
4948,15665181,Investment Plan,N,2026/03/11
4949,15684319,Personal Loan,False,2026/03/12
4950,15683657,Investment Plan,True,2026/03/13
4951,15750099,Insurance Bundle,False,2026/03/14
4952,15815316,,False,2026/03/15
4953,15652782,Insurance Bundle,False,2026/03/16
4954,15762418,Credit Card Upgrade,False,2026/03/17
4955,15706537,Investment Plan,True,2026/03/18
4956,15782468,,Y,2026/03/19
4957,15575428,Insurance Bundle,False,2026/03/20
4958,15750574,Insurance Bundle,False,2026/03/21
4959,15785865,Insurance Bundle,No,2026/03/22
4960,15736717,Personal Loan,False,2026/03/23
4961,15642787,Credit Card Upgrade,False,2026/03/24
4962,15803689,Insurance Bundle,True,2026/03/25
4963,15782468,Credit Card Upgrade,False,2026/03/26
4964,15626135,Insurance Bundle,False,2026/03/27
4965,15674620,Credit Card Upgrade,False,2026/03/28
4966,15734628,Personal Loan,0,2026/03/29
4967,15684865,,True,2026/03/30
4968,15663939,Cashback,No,2026/03/31
4969,15636820,Credit Card Upgrade,True,2026/04/01
4970,15631848,Credit Card Upgrade,True,2026/04/02
4971,15600813,Personal Loan,True,2026/04/03
4972,15753874,Personal Loan,false,2026/04/04
4973,15576945,Insurance Bundle,False,2026/04/05
4974,15623196,Personal Loan,False,2026/04/06
4975,15566563,Cashback,No,2026/04/07
4976,15690678,Personal Loan,True,2026/04/08
4977,15812518,Investment Plan,False,2026/04/09
4978,15622993,Credit Card Upgrade,True,2026/04/10
4979,15675185,Credit Card Upgrade,1,2026/04/11
4980,15799479,Insurance Bundle,True,2026/04/12
4981,15771750,Personal Loan,False,2026/04/13
4982,15757897,Investment Plan,False,2026/04/14
4983,15605036,Credit Card Upgrade,True,2026/04/15
4984,15566543,Personal Loan,False,2026/04/16
4985,15751193,Cashback,False,2026/04/17
4986,15690589,Personal Loan,False,2026/04/18
4987,15630580,Investment Plan,True,2026/04/19
4988,15639576,Credit Card Upgrade,False,2026/04/20
4989,15645103,Personal Loan,False,2026/04/21
4990,15754574,Investment Plan,False,2026/04/22
4991,15758513,Insurance Bundle,True,2026/04/23
4992,15604314,Insurance Bundle,False,2026/04/24
4993,15802501,Personal Loan,False,2026/04/25
4994,15626008,Personal Loan,1,2026/04/26
4995,15627517,Personal Loan,True,2026/04/27
4996,15630920,Insurance Bundle,False,2026/04/28
4997,15740104,Cashback,False,2026/04/29
4998,15627365,Insurance Bundle,False,2026/04/30
4999,15717560,Personal Loan,false,2026/05/01
5000,15776824,Investment Plan,False,2026/05/02
5001,15617454,Personal Loan,0,2026/05/03
5002,15755642,Cashback,Y,2026/05/04
5003,15628824,Cashback,False,2026/05/05
5004,15623966,Personal Loan,False,2026/05/06
5005,15655368,Personal Loan,True,2026/05/07
5006,15701524,Insurance Bundle,False,2026/05/08
5007,15661249,Cashback,False,2026/05/09
5008,15659355,,False,2026/05/10
5009,15683471,Cashback,False,2026/05/11
5010,15694272,Credit Card Upgrade,True,2026/05/12
5011,15736078,Personal Loan,True,2026/05/13
5012,15668289,Cashback,True,2026/05/14
5013,15792250,Insurance Bundle,True,2026/05/15
5014,15727857,Investment Plan,False,2026/05/16
5015,15664895,Insurance Bundle,False,2026/05/17
5016,15646817,Cashback,false,2026/05/18
5017,15694200,Cashback,False,2026/05/19
5018,15662976,Insurance Bundle,False,2026/05/20
5019,15635660,Credit Card Upgrade,True,2026/05/21
5020,15718280,Investment Plan,Yes,2026/05/22
5021,15617617,Credit Card Upgrade,False,2026/05/23
5022,15569503,Personal Loan,True,2026/05/24
5023,15691910,Credit Card Upgrade,False,2026/05/25
5024,15787602,Cashback,1,2026/05/26
5025,15672966,Insurance Bundle,Y,2026/05/27
5026,15793842,,False,2026/05/28
5027,15715031,Personal Loan,True,2026/05/29
5028,15708513,Personal Loan,True,2026/05/30
5029,15590623,Insurance Bundle,True,2026/05/31
5030,15605926,Personal Loan,False,2026/06/01
5031,15703682,Insurance Bundle,False,2026/06/02
5032,15737732,Cashback,True,2026/06/03
5033,15675316,Credit Card Upgrade,True,2026/06/04
5034,15657540,Credit Card Upgrade,False,2026/06/05
5035,15654300,Credit Card Upgrade,False,2026/06/06
5036,15608338,,False,2026/06/07
5037,15775234,Credit Card Upgrade,true,2026/06/08
5038,15665759,Personal Loan,True,2026/06/09
5039,15569451,Cashback,true,2026/06/10
5040,15645200,Credit Card Upgrade,No,2026/06/11
5041,15636541,Credit Card Upgrade,false,2026/06/12
5042,15807008,Credit Card Upgrade,False,2026/06/13
5043,15691952,Cashback,False,2026/06/14
5044,15715527,Insurance Bundle,False,2026/06/15
5045,15728605,Personal Loan,True,2026/06/16
5046,15719958,Insurance Bundle,False,2026/06/17
5047,15627305,Insurance Bundle,True,2026/06/18
5048,15634719,Insurance Bundle,False,2026/06/19
5049,15747168,Credit Card Upgrade,True,2026/06/20
5050,15677796,Credit Card Upgrade,False,2026/06/21
5051,15575445,Cashback,0,2026/06/22
5052,15605455,Cashback,False,2026/06/23
5053,15773869,Personal Loan,False,2026/06/24
5054,15665579,Investment Plan,False,2026/06/25
5055,15604314,Cashback,True,2026/06/26
5056,15705009,Credit Card Upgrade,0,2026/06/27
5057,15733119,Personal Loan,False,2026/06/28
5058,15731507,,False,2026/06/29
5059,15688071,Personal Loan,True,2026/06/30
5060,15650351,Insurance Bundle,False,2026/07/01
5061,15570895,Cashback,False,2026/07/02
5062,15705301,Insurance Bundle,False,2026/07/03
5063,15758477,Investment Plan,False,2026/07/04
5064,15745794,Personal Loan,False,2026/07/05
5065,15786389,Personal Loan,False,2026/07/06
5066,15789379,Investment Plan,True,2026/07/07
5067,15635502,Insurance Bundle,False,2026/07/08
5068,15619932,Credit Card Upgrade,False,2026/07/09
5069,15683553,Insurance Bundle,False,2026/07/10
5070,15732563,Investment Plan,True,2026/07/11
5071,15674991,Personal Loan,True,2026/07/12
5072,15793343,Cashback,False,2026/07/13
5073,15635660,Insurance Bundle,False,2026/07/14
5074,15724719,Cashback,False,2026/07/15
5075,15604314,Cashback,False,2026/07/16
5076,15712287,Insurance Bundle,False,2026/07/17
5077,15584037,Credit Card Upgrade,False,2026/07/18
5078,15615140,Insurance Bundle,False,2026/07/19
5079,15618446,Investment Plan,False,2026/07/20
5080,15593280,Investment Plan,False,2026/07/21
5081,15774507,Cashback,False,2026/07/22
5082,15753337,Investment Plan,True,2026/07/23
5083,15726313,Personal Loan,False,2026/07/24
5084,15807245,Investment Plan,True,2026/07/25
5085,15694129,Personal Loan,False,2026/07/26
5086,15714380,Credit Card Upgrade,False,2026/07/27
5087,15758035,Personal Loan,False,2026/07/28
5088,15668853,Cashback,false,2026/07/29
5089,15682839,Cashback,True,2026/07/30
5090,15711716,Investment Plan,False,2026/07/31
5091,15757777,Cashback,True,2026/08/01
5092,15641582,Personal Loan,0,2026/08/02
5093,15582714,Cashback,True,2026/08/03
5094,15589572,Credit Card Upgrade,False,2026/08/04
5095,15706647,Investment Plan,False,2026/08/05
5096,15771222,Credit Card Upgrade,False,2026/08/06
5097,15585379,Credit Card Upgrade,False,2026/08/07
5098,15622192,Cashback,False,2026/08/08
5099,15613673,Cashback,False,2026/08/09
5100,15631639,Credit Card Upgrade,False,2026/08/10
5101,15765812,Insurance Bundle,Y,2026/08/11
5102,15756125,Investment Plan,False,2026/08/12
5103,15714466,Insurance Bundle,False,2026/08/13
5104,15809772,Credit Card Upgrade,False,2026/08/14
5105,15691483,,True,2026/08/15
5106,15757310,Insurance Bundle,False,2026/08/16
5107,15698510,Cashback,False,2026/08/17
5108,15725311,Insurance Bundle,False,2026/08/18
5109,15662098,Insurance Bundle,False,2026/08/19
5110,15634359,Insurance Bundle,False,2026/08/20
5111,15743245,Personal Loan,True,2026/08/21
5112,15781495,Insurance Bundle,True,2026/08/22
5113,15584190,Cashback,True,2026/08/23
5114,15800268,Credit Card Upgrade,False,2026/08/24
5115,15573893,Credit Card Upgrade,False,2026/08/25
5116,15595388,Insurance Bundle,False,2026/08/26
5117,15636572,Credit Card Upgrade,True,2026/08/27
5118,15769356,Personal Loan,False,2026/08/28
5119,15728352,Investment Plan,False,2026/08/29
5120,15612418,Personal Loan,True,2026/08/30
5121,15674720,Cashback,N,2026/08/31
5122,15808228,Cashback,False,2026/09/01
5123,15773776,Cashback,True,2026/09/02
5124,15579914,Investment Plan,False,2026/09/03
5125,15732438,Cashback,true,2025/09/03
5126,15766355,Personal Loan,False,2025/09/04
5127,15753861,Credit Card Upgrade,False,2025/09/05
5128,15634950,Cashback,False,2025/09/06
5129,15687903,Credit Card Upgrade,N,2025/09/07
5130,15653595,Investment Plan,False,2025/09/08
5131,15762138,Credit Card Upgrade,False,2025/09/09
5132,15625740,Credit Card Upgrade,False,2025/09/10
5133,15662245,Investment Plan,False,2025/09/11
5134,15662397,Credit Card Upgrade,True,2025/09/12
5135,15660429,Investment Plan,Yes,2025/09/13
5136,15633525,Personal Loan,True,2025/09/14
5137,15627517,Investment Plan,False,2025/09/15
5138,15800814,Cashback,True,2025/09/16
5139,15749365,Credit Card Upgrade,False,2025/09/17
5140,15672467,Personal Loan,True,2025/09/18
5141,15691723,Credit Card Upgrade,True,2025/09/19
5142,15768471,Insurance Bundle,False,2025/09/20
5143,15780038,Cashback,False,2025/09/21
5144,15731281,Insurance Bundle,True,2025/09/22
5145,15755642,Personal Loan,No,2025/09/23
5146,15640074,,False,2025/09/24
5147,15640407,Insurance Bundle,True,2025/09/25
5148,15566251,Insurance Bundle,False,2025/09/26
5149,15801414,,False,2025/09/27
5150,15568088,Credit Card Upgrade,False,2025/09/28
5151,15620936,Investment Plan,True,2025/09/29
5152,15792180,Investment Plan,false,2025/09/30
5153,15587311,Investment Plan,True,2025/10/01
5154,15642448,Credit Card Upgrade,True,2025/10/02
5155,15700255,Credit Card Upgrade,False,2025/10/03
5156,15618647,Insurance Bundle,False,2025/10/04
5157,15755262,Cashback,False,2025/10/05
5158,15797389,Cashback,False,2025/10/06
5159,15644621,,True,2025/10/07
5160,15783097,Personal Loan,False,2025/10/08
5161,15789413,Cashback,False,2025/10/09
5162,15588341,Investment Plan,False,2025/10/10
5163,15715796,Cashback,False,2025/10/11
5164,15690744,Investment Plan,False,2025/10/12
5165,15607988,Credit Card Upgrade,False,2025/10/13
5166,15660144,Insurance Bundle,False,2025/10/14
5167,15647295,Personal Loan,N,2025/10/15
5168,15787255,Insurance Bundle,False,2025/10/16
5169,15748123,Cashback,False,2025/10/17
5170,15634281,Investment Plan,False,2025/10/18
5171,15669253,Insurance Bundle,False,2025/10/19
5172,15670416,Investment Plan,False,2025/10/20
5173,15732943,Credit Card Upgrade,False,2025/10/21
5174,15659475,Personal Loan,No,2025/10/22
5175,15785290,Investment Plan,False,2025/10/23
5176,15698816,Cashback,True,2025/10/24
5177,15581505,Insurance Bundle,False,2025/10/25
5178,15694376,Investment Plan,No,2025/10/26
5179,15623102,Insurance Bundle,True,2025/10/27
5180,15719950,Credit Card Upgrade,false,2025/10/28
5181,15621353,Insurance Bundle,False,2025/10/29
5182,15793324,Credit Card Upgrade,True,2025/10/30
5183,15791769,Credit Card Upgrade,True,2025/10/31
5184,15684294,Credit Card Upgrade,False,2025/11/01
5185,15756824,Cashback,True,2025/11/02
5186,15787597,Investment Plan,False,2025/11/03
5187,15719561,Insurance Bundle,False,2025/11/04
5188,15627352,Cashback,False,2025/11/05
5189,15734312,Investment Plan,True,2025/11/06
5190,15662758,Personal Loan,True,2025/11/07
5191,15803479,Investment Plan,True,2025/11/08
5192,15626383,Credit Card Upgrade,True,2025/11/09
5193,15628145,Personal Loan,False,2025/11/10
5194,15669957,Personal Loan,False,2025/11/11
5195,15775627,Investment Plan,True,2025/11/12
5196,15649858,Personal Loan,True,2025/11/13
5197,15694349,Cashback,False,2025/11/14
5198,15621075,Investment Plan,False,2025/11/15
5199,15648876,Cashback,True,2025/11/16
5200,15606855,Credit Card Upgrade,True,2025/11/17
5201,15713596,Credit Card Upgrade,true,2025/11/18
5202,15735221,Credit Card Upgrade,N,2025/11/19
5203,15624451,Credit Card Upgrade,No,2025/11/20
5204,15724321,Credit Card Upgrade,False,2025/11/21
5205,15591550,Cashback,True,2025/11/22
5206,15753679,Insurance Bundle,False,2025/11/23
5207,15615322,Insurance Bundle,False,2025/11/24
5208,15693690,Investment Plan,False,2025/11/25
5209,15600379,Credit Card Upgrade,0,2025/11/26
5210,15808228,Credit Card Upgrade,True,2025/11/27
5211,15581968,Insurance Bundle,True,2025/11/28
5212,15660422,Personal Loan,True,2025/11/29
5213,15593622,Insurance Bundle,True,2025/11/30
5214,15708867,Cashback,False,2025/12/01
5215,15785899,Credit Card Upgrade,False,2025/12/02
5216,15575438,Credit Card Upgrade,Yes,2025/12/03
5217,15649793,Credit Card Upgrade,False,2025/12/04
5218,15656249,Personal Loan,False,2025/12/05
5219,15776128,Credit Card Upgrade,0,2025/12/06
5220,15717164,Cashback,False,2025/12/07
5221,15742504,Personal Loan,False,2025/12/08
5222,15776128,Personal Loan,True,2025/12/09
5223,15749947,Insurance Bundle,True,2025/12/10
5224,15639590,Credit Card Upgrade,True,2025/12/11
5225,15575691,Personal Loan,False,2025/12/12
5226,15676715,Insurance Bundle,False,2025/12/13
5227,15651868,Personal Loan,False,2025/12/14
5228,15796167,Personal Loan,False,2025/12/15
5229,15762615,Investment Plan,True,2025/12/16
5230,15761141,Credit Card Upgrade,False,2025/12/17
5231,15774551,Investment Plan,False,2025/12/18
5232,15577683,Personal Loan,False,2025/12/19
5233,15740383,Insurance Bundle,True,2025/12/20
5234,15758372,Credit Card Upgrade,False,2025/12/21
5235,15784890,Cashback,True,2025/12/22
5236,15615016,Investment Plan,True,2025/12/23
5237,15659094,Investment Plan,1,2025/12/24
5238,15645517,Cashback,No,2025/12/25
5239,15776558,Cashback,False,2025/12/26
5240,15796313,Personal Loan,0,2025/12/27
5241,15707479,Investment Plan,False,2025/12/28
5242,15640266,Insurance Bundle,True,2025/12/29
5243,15683213,Investment Plan,False,2025/12/30
5244,15634896,Investment Plan,No,2025/12/31
5245,15580629,Credit Card Upgrade,N,2026/01/01
5246,15690175,Insurance Bundle,N,2026/01/02
5247,15784320,Credit Card Upgrade,True,2026/01/03
5248,15580623,Investment Plan,False,2026/01/04
5249,15616525,Credit Card Upgrade,False,2026/01/05
5250,15582714,Investment Plan,False,2026/01/06
5251,15599024,Cashback,False,2026/01/07
5252,15749528,Credit Card Upgrade,False,2026/01/08
5253,15566091,Investment Plan,True,2026/01/09
5254,15611186,Insurance Bundle,False,2026/01/10
5255,15566531,Personal Loan,0,2026/01/11
5256,15776096,Insurance Bundle,False,2026/01/12
5257,15594685,Personal Loan,False,2026/01/13
5258,15813681,Personal Loan,False,2026/01/14
5259,15671387,Investment Plan,False,2026/01/15
5260,15690958,Insurance Bundle,Yes,2026/01/16
5261,15747000,Credit Card Upgrade,No,2026/01/17
5262,15686941,Investment Plan,True,2026/01/18
5263,15590828,Personal Loan,False,2026/01/19
5264,15683276,Cashback,No,2026/01/20
5265,15589869,Investment Plan,False,2026/01/21
5266,15566467,Personal Loan,False,2026/01/22
5267,15734365,Personal Loan,Yes,2026/01/23
5268,15614220,Insurance Bundle,False,2026/01/24
5269,15755018,Personal Loan,No,2026/01/25
5270,15624866,Personal Loan,0,2026/01/26
5271,15590820,Credit Card Upgrade,False,2026/01/27
5272,15713479,Credit Card Upgrade,False,2026/01/28
5273,15652700,Insurance Bundle,Y,2026/01/29
5274,15709368,Cashback,False,2026/01/30
5275,15760851,Cashback,True,2026/01/31
5276,15570859,Investment Plan,False,2026/02/01
5277,15658668,Cashback,True,2026/02/02
5278,15697307,Personal Loan,No,2026/02/03
5279,15804038,Credit Card Upgrade,False,2026/02/04
5280,15715939,Investment Plan,False,2026/02/05
5281,15792934,Credit Card Upgrade,false,2026/02/06
5282,15718280,Personal Loan,False,2026/02/07
5283,15653620,Cashback,False,2026/02/08
5284,15602811,Insurance Bundle,False,2026/02/09
5285,15660636,,False,2026/02/10
5286,15735636,Personal Loan,Y,2026/02/11
5287,15615177,Cashback,True,2026/02/12
5288,15576269,Insurance Bundle,False,2026/02/13
5289,15625905,Investment Plan,False,2026/02/14
5290,15714634,Personal Loan,False,2026/02/15
5291,15663263,Cashback,False,2026/02/16
5292,15649297,Investment Plan,True,2026/02/17
5293,15592386,Insurance Bundle,True,2026/02/18
5294,15720508,Insurance Bundle,N,2026/02/19
5295,15590286,Personal Loan,False,2026/02/20
5296,15625916,Investment Plan,False,2026/02/21
5297,15762110,Credit Card Upgrade,False,2026/02/22
5298,15700714,Credit Card Upgrade,False,2026/02/23
5299,15625942,Personal Loan,No,2026/02/24
5300,15617877,Credit Card Upgrade,True,2026/02/25
5301,15605000,Credit Card Upgrade,True,2026/02/26
5302,15788151,Insurance Bundle,False,2026/02/27
5303,15752838,Credit Card Upgrade,False,2026/02/28
5304,15715003,Cashback,True,2026/03/01
5305,15813697,Insurance Bundle,0,2026/03/02
5306,15735784,Credit Card Upgrade,No,2026/03/03
5307,15670866,Personal Loan,True,2026/03/04
5308,15636428,Cashback,False,2026/03/05
5309,15704771,Personal Loan,True,2026/03/06
5310,15791030,Cashback,False,2026/03/07
5311,15626044,Insurance Bundle,False,2026/03/08
5312,15744919,,No,2026/03/09
5313,15791513,Cashback,True,2026/03/10
5314,15640442,Insurance Bundle,False,2026/03/11
5315,15712960,Cashback,False,2026/03/12
5316,15578788,Personal Loan,False,2026/03/13
5317,15697574,Personal Loan,True,2026/03/14
5318,15745452,Personal Loan,False,2026/03/15
5319,15685947,Personal Loan,True,2026/03/16
5320,15572145,Cashback,false,2026/03/17
5321,15576196,Cashback,Yes,2026/03/18
5322,15672432,Credit Card Upgrade,False,2026/03/19
5323,15702741,Personal Loan,False,2026/03/20
5324,15750970,Credit Card Upgrade,True,2026/03/21
5325,15749519,Insurance Bundle,False,2026/03/22
5326,15785920,Personal Loan,N,2026/03/23
5327,15589361,Cashback,False,2026/03/24
5328,15627042,Cashback,False,2026/03/25
5329,15675450,Insurance Bundle,False,2026/03/26
5330,15670427,Credit Card Upgrade,False,2026/03/27
5331,15708265,Cashback,false,2026/03/28
5332,15812534,Insurance Bundle,False,2026/03/29
5333,15735246,Personal Loan,True,2026/03/30
5334,15699492,Insurance Bundle,False,2026/03/31
5335,15582246,,False,2026/04/01
5336,15587394,Investment Plan,0,2026/04/02
5337,15606601,Insurance Bundle,True,2026/04/03
5338,15729087,Personal Loan,False,2026/04/04
5339,15647890,Cashback,No,2026/04/05
5340,15626412,Investment Plan,True,2026/04/06
5341,15631868,Investment Plan,Y,2026/04/07
5342,15764892,Insurance Bundle,False,2026/04/08
5343,15732020,Insurance Bundle,True,2026/04/09
5344,15769312,Cashback,False,2026/04/10
5345,15674840,,False,2026/04/11
5346,15785782,Insurance Bundle,False,2026/04/12
5347,15748625,Investment Plan,False,2026/04/13
5348,15598695,Cashback,True,2026/04/14
5349,15752857,Personal Loan,False,2026/04/15
5350,15647402,Insurance Bundle,True,2026/04/16
5351,15743817,Personal Loan,True,2026/04/17
5352,15733883,Personal Loan,False,2026/04/18
5353,15781989,Credit Card Upgrade,False,2026/04/19
5354,15614137,Cashback,True,2026/04/20
5355,15754301,Personal Loan,False,2026/04/21
5356,15680736,Personal Loan,False,2026/04/22
5357,15805676,Personal Loan,No,2026/04/23
5358,15814004,,False,2026/04/24
5359,15709412,Investment Plan,False,2026/04/25
5360,15753550,Investment Plan,False,2026/04/26
5361,15787222,Insurance Bundle,False,2026/04/27
5362,15777893,Insurance Bundle,False,2026/04/28
5363,15789548,Investment Plan,True,2026/04/29
5364,15773520,Investment Plan,False,2026/04/30
5365,15632521,Personal Loan,False,2026/05/01
5366,15660611,Insurance Bundle,False,2026/05/02
5367,15624677,Cashback,False,2026/05/03
5368,15774258,Credit Card Upgrade,False,2026/05/04
5369,15747808,Investment Plan,True,2026/05/05
5370,15667602,Credit Card Upgrade,True,2026/05/06
5371,15619340,Personal Loan,False,2026/05/07
5372,15765297,Credit Card Upgrade,False,2026/05/08
5373,15767804,Cashback,True,2026/05/09
5374,15569266,Insurance Bundle,False,2026/05/10
5375,15762615,Insurance Bundle,False,2026/05/11
5376,15812071,Cashback,True,2026/05/12
5377,15799128,Credit Card Upgrade,False,2026/05/13
5378,15738785,Credit Card Upgrade,0,2026/05/14
5379,15711489,Personal Loan,False,2026/05/15
5380,15683562,Insurance Bundle,true,2026/05/16
5381,15609653,Personal Loan,True,2026/05/17
5382,15608968,Credit Card Upgrade,N,2026/05/18
5383,15584620,Credit Card Upgrade,N,2026/05/19
5384,15724127,Cashback,False,2026/05/20
5385,15621083,Cashback,True,2026/05/21
5386,15719779,Insurance Bundle,N,2026/05/22
5387,15676715,Insurance Bundle,False,2026/05/23
5388,15706268,Credit Card Upgrade,True,2026/05/24
5389,15693752,Credit Card Upgrade,True,2026/05/25
5390,15733261,Credit Card Upgrade,True,2026/05/26
5391,15815097,Insurance Bundle,False,2026/05/27
5392,15777708,Insurance Bundle,True,2026/05/28
5393,15799785,Investment Plan,1,2026/05/29
5394,15780909,Investment Plan,False,2026/05/30
5395,15605698,Insurance Bundle,True,2026/05/31
5396,15672692,Personal Loan,False,2026/06/01
5397,15745452,Investment Plan,False,2026/06/02
5398,15770548,Personal Loan,false,2026/06/03
5399,15759387,,False,2026/06/04
5400,15591357,Personal Loan,True,2026/06/05
5401,15652615,,True,2026/06/06
5402,15809309,Insurance Bundle,False,2026/06/07
5403,15784736,Cashback,False,2026/06/08
5404,15764491,Personal Loan,True,2026/06/09
5405,15778589,Investment Plan,False,2026/06/10
5406,15806796,Personal Loan,True,2026/06/11
5407,15663421,,false,2026/06/12
5408,15621644,Cashback,True,2026/06/13
5409,15621653,Cashback,0,2026/06/14
5410,15609521,Credit Card Upgrade,False,2026/06/15
5411,15757931,Personal Loan,False,2026/06/16
5412,15731569,Personal Loan,True,2026/06/17
5413,15786392,Cashback,True,2026/06/18
5414,15580953,Insurance Bundle,True,2026/06/19
5415,15716431,Investment Plan,True,2026/06/20
5416,15627971,Credit Card Upgrade,True,2026/06/21
5417,15734628,Credit Card Upgrade,False,2026/06/22
5418,15706036,Personal Loan,False,2026/06/23
5419,15742210,Insurance Bundle,False,2026/06/24
5420,15608226,Personal Loan,False,2026/06/25
5421,15612627,Personal Loan,False,2026/06/26
5422,15605673,Personal Loan,True,2026/06/27
5423,15758531,Personal Loan,False,2026/06/28
5424,15591986,Cashback,False,2026/06/29
5425,15754068,Investment Plan,False,2026/06/30
5426,15701037,Credit Card Upgrade,False,2026/07/01
5427,15799626,Investment Plan,False,2026/07/02
5428,15621195,Insurance Bundle,False,2026/07/03
5429,15791342,Cashback,0,2026/07/04
5430,15761286,Cashback,True,2026/07/05
5431,15743570,Investment Plan,True,2026/07/06
5432,15587038,Cashback,False,2026/07/07
5433,15677135,Investment Plan,False,2026/07/08
5434,15708228,Cashback,False,2026/07/09
5435,15728906,,False,2026/07/10
5436,15709604,Personal Loan,False,2026/07/11
5437,15670898,Insurance Bundle,False,2026/07/12
5438,15605263,Investment Plan,True,2026/07/13
5439,15809909,,False,2026/07/14
5440,15668971,Credit Card Upgrade,False,2026/07/15
5441,15703923,Cashback,False,2026/07/16
5442,15790717,Investment Plan,False,2026/07/17
5443,15610090,Credit Card Upgrade,True,2026/07/18
5444,15581505,Insurance Bundle,False,2026/07/19
5445,15704987,Insurance Bundle,False,2026/07/20
5446,15747647,Personal Loan,False,2026/07/21
5447,15676645,Insurance Bundle,True,2026/07/22
5448,15809777,Credit Card Upgrade,False,2026/07/23
5449,15642726,Cashback,False,2026/07/24
5450,15714241,Personal Loan,False,2026/07/25
5451,15623072,Investment Plan,True,2026/07/26
5452,15629739,Cashback,True,2026/07/27
5453,15683553,Credit Card Upgrade,True,2026/07/28
5454,15568164,Cashback,False,2026/07/29
5455,15746183,Insurance Bundle,False,2026/07/30
5456,15677288,Personal Loan,False,2026/07/31
5457,15565996,Personal Loan,False,2026/08/01
5458,15806230,Insurance Bundle,False,2026/08/02
5459,15797686,Credit Card Upgrade,False,2026/08/03
5460,15786643,Insurance Bundle,False,2026/08/04
5461,15701109,Cashback,True,2026/08/05
5462,15763898,Personal Loan,False,2026/08/06
5463,15690337,Investment Plan,false,2026/08/07
5464,15798975,Investment Plan,True,2026/08/08
5465,15763415,Insurance Bundle,False,2026/08/09
5466,15675450,Credit Card Upgrade,False,2026/08/10
5467,15725355,Cashback,False,2026/08/11
5468,15621075,Personal Loan,True,2026/08/12
5469,15773809,Credit Card Upgrade,False,2026/08/13
5470,15745399,Investment Plan,False,2026/08/14
5471,15647311,Cashback,False,2026/08/15
5472,15680804,Credit Card Upgrade,False,2026/08/16
5473,15749583,Credit Card Upgrade,True,2026/08/17
5474,15615050,Cashback,True,2026/08/18
5475,15769312,Cashback,False,2026/08/19
5476,15572801,Investment Plan,False,2026/08/20
5477,15715796,Personal Loan,True,2026/08/21
5478,15611973,Cashback,False,2026/08/22
5479,15710111,Insurance Bundle,False,2026/08/23
5480,15779064,Cashback,False,2026/08/24
5481,15773276,Personal Loan,False,2026/08/25
5482,15765902,Credit Card Upgrade,True,2026/08/26
5483,15700654,Investment Plan,True,2026/08/27
5484,15692929,Personal Loan,Yes,2026/08/28
5485,15569432,Investment Plan,False,2026/08/29
5486,15589698,Credit Card Upgrade,No,2026/08/30
5487,15594917,Credit Card Upgrade,False,2026/08/31
5488,15744046,Credit Card Upgrade,False,2026/09/01
5489,15618695,Cashback,True,2026/09/02
5490,15762716,Insurance Bundle,True,2026/09/03
5491,15625698,Investment Plan,True,2025/09/03
5492,15619087,Insurance Bundle,False,2025/09/04
5493,15787151,,False,2025/09/05
5494,15628155,,True,2025/09/06
5495,15780498,Insurance Bundle,True,2025/09/07
5496,15784148,Cashback,False,2025/09/08
5497,15617301,Cashback,Yes,2025/09/09
5498,15755678,Personal Loan,False,2025/09/10
5499,15642530,Cashback,False,2025/09/11
5500,15709653,Investment Plan,True,2025/09/12
5501,15617657,Credit Card Upgrade,True,2025/09/13
5502,15779627,Cashback,False,2025/09/14
5503,15588670,Cashback,False,2025/09/15
5504,15750778,Cashback,True,2025/09/16
5505,15693233,Investment Plan,N,2025/09/17
5506,15777067,Investment Plan,False,2025/09/18
5507,15754112,Credit Card Upgrade,True,2025/09/19
5508,15677783,Personal Loan,False,2025/09/20
5509,15595221,Insurance Bundle,True,2025/09/21
5510,15607748,,True,2025/09/22
5511,15741417,Insurance Bundle,True,2025/09/23
5512,15752622,Cashback,False,2025/09/24
5513,15722473,Credit Card Upgrade,True,2025/09/25
5514,15681126,Personal Loan,False,2025/09/26
5515,15659031,,False,2025/09/27
5516,15651389,Personal Loan,False,2025/09/28
5517,15743293,Cashback,False,2025/09/29
5518,15731569,Investment Plan,False,2025/09/30
5519,15588450,Cashback,True,2025/10/01
5520,15685329,Credit Card Upgrade,False,2025/10/02
5521,15717706,Personal Loan,True,2025/10/03
5522,15756472,Credit Card Upgrade,False,2025/10/04
5523,15612505,Credit Card Upgrade,False,2025/10/05
5524,15791342,Credit Card Upgrade,False,2025/10/06
5525,15631305,Personal Loan,False,2025/10/07
5526,15636089,Credit Card Upgrade,N,2025/10/08
5527,15598802,Investment Plan,True,2025/10/09
5528,15593014,Insurance Bundle,False,2025/10/10
5529,15589881,Insurance Bundle,False,2025/10/11
5530,15634896,Cashback,False,2025/10/12
5531,15657937,Credit Card Upgrade,False,2025/10/13
5532,15568878,Cashback,False,2025/10/14
5533,15610753,Insurance Bundle,False,2025/10/15
5534,15693817,Cashback,0,2025/10/16
5535,15711602,Insurance Bundle,True,2025/10/17
5536,15724834,Investment Plan,False,2025/10/18
5537,15689671,Insurance Bundle,True,2025/10/19
5538,15800517,Cashback,True,2025/10/20
5539,15796957,Cashback,True,2025/10/21
5540,15625698,Cashback,False,2025/10/22
5541,15609623,Personal Loan,True,2025/10/23
5542,15606267,,True,2025/10/24
5543,15592389,Investment Plan,False,2025/10/25
5544,15812720,Insurance Bundle,True,2025/10/26
5545,15581811,Personal Loan,False,2025/10/27
5546,15684269,Insurance Bundle,True,2025/10/28
5547,15646756,Cashback,N,2025/10/29
5548,15665802,,False,2025/10/30
5549,15589437,Personal Loan,True,2025/10/31
5550,15643487,Investment Plan,False,2025/11/01
5551,15627881,,True,2025/11/02
5552,15659807,Credit Card Upgrade,False,2025/11/03
5553,15775892,Insurance Bundle,False,2025/11/04
5554,15765518,Cashback,False,2025/11/05
5555,15581733,Investment Plan,False,2025/11/06
5556,15671358,Cashback,True,2025/11/07
5557,15762543,Personal Loan,False,2025/11/08
5558,15773776,Cashback,False,2025/11/09
5559,15693326,Credit Card Upgrade,True,2025/11/10
5560,15694456,Personal Loan,False,2025/11/11
5561,15623478,Cashback,True,2025/11/12
5562,15811565,Credit Card Upgrade,False,2025/11/13
5563,15649292,Cashback,False,2025/11/14
5564,15623450,Cashback,False,2025/11/15
5565,15711455,Personal Loan,False,2025/11/16
5566,15729574,,No,2025/11/17
5567,15638463,Insurance Bundle,False,2025/11/18
5568,15602811,Credit Card Upgrade,False,2025/11/19
5569,15715541,Personal Loan,True,2025/11/20
5570,15772896,Investment Plan,False,2025/11/21
5571,15722350,Investment Plan,True,2025/11/22
5572,15727703,Investment Plan,True,2025/11/23
5573,15800583,Insurance Bundle,True,2025/11/24
5574,15658675,Credit Card Upgrade,True,2025/11/25
5575,15664150,Cashback,1,2025/11/26
5576,15706537,Investment Plan,True,2025/11/27
5577,15806546,,True,2025/11/28
5578,15665053,Personal Loan,False,2025/11/29
5579,15734365,Personal Loan,Y,2025/11/30
5580,15647295,Credit Card Upgrade,1,2025/12/01
5581,15734609,Investment Plan,False,2025/12/02
5582,15757408,Investment Plan,False,2025/12/03
5583,15763415,Credit Card Upgrade,False,2025/12/04
5584,15729412,Investment Plan,0,2025/12/05
5585,15770041,Credit Card Upgrade,False,2025/12/06
5586,15681990,Investment Plan,False,2025/12/07
5587,15643826,Credit Card Upgrade,False,2025/12/08
5588,15762984,Insurance Bundle,False,2025/12/09
5589,15654964,Credit Card Upgrade,True,2025/12/10
5590,15688251,Credit Card Upgrade,False,2025/12/11
5591,15602929,Cashback,False,2025/12/12
5592,15690372,Investment Plan,False,2025/12/13
5593,15794493,Investment Plan,True,2025/12/14
5594,15794874,Credit Card Upgrade,1,2025/12/15
5595,15740175,Personal Loan,False,2025/12/16
5596,15718944,Credit Card Upgrade,False,2025/12/17
5597,15586699,Insurance Bundle,True,2025/12/18
5598,15767064,Credit Card Upgrade,False,2025/12/19
5599,15625126,Personal Loan,false,2025/12/20
5600,15754267,Personal Loan,False,2025/12/21
5601,15592773,Credit Card Upgrade,False,2025/12/22
5602,15806796,Investment Plan,True,2025/12/23
5603,15729087,Investment Plan,True,2025/12/24
5604,15802617,Personal Loan,False,2025/12/25
5605,15733032,Credit Card Upgrade,0,2025/12/26
5606,15674620,Cashback,False,2025/12/27
5607,15813681,Personal Loan,True,2025/12/28
5608,15623478,Investment Plan,True,2025/12/29
5609,15632446,Cashback,False,2025/12/30
5610,15764195,Insurance Bundle,True,2025/12/31
5611,15800688,Credit Card Upgrade,False,2026/01/01
5612,15588918,Insurance Bundle,False,2026/01/02
5613,15688251,Cashback,False,2026/01/03
5614,15773973,Personal Loan,False,2026/01/04
5615,15772341,Credit Card Upgrade,True,2026/01/05
5616,15635396,Personal Loan,True,2026/01/06
5617,15633840,Credit Card Upgrade,True,2026/01/07
5618,15785899,Cashback,True,2026/01/08
5619,15730418,Personal Loan,False,2026/01/09
5620,15647453,Personal Loan,False,2026/01/10
5621,15694556,Cashback,False,2026/01/11
5622,15641250,Personal Loan,False,2026/01/12
5623,15798615,Personal Loan,False,2026/01/13
5624,15757535,Cashback,false,2026/01/14
5625,15669741,Credit Card Upgrade,False,2026/01/15
5626,15624072,Investment Plan,False,2026/01/16
5627,15650018,Investment Plan,False,2026/01/17
5628,15739847,Investment Plan,False,2026/01/18
5629,15744914,Personal Loan,False,2026/01/19
5630,15655339,Investment Plan,True,2026/01/20
5631,15695699,Personal Loan,False,2026/01/21
5632,15736250,Investment Plan,False,2026/01/22
5633,15574206,Insurance Bundle,1,2026/01/23
5634,15796957,Personal Loan,True,2026/01/24
5635,15642448,Investment Plan,true,2026/01/25
5636,15595303,Insurance Bundle,False,2026/01/26
5637,15616529,Personal Loan,N,2026/01/27
5638,15806332,Cashback,False,2026/01/28
5639,15697034,Investment Plan,False,2026/01/29
5640,15618243,Cashback,True,2026/01/30
5641,15600258,Insurance Bundle,0,2026/01/31
5642,15796505,Personal Loan,False,2026/02/01
5643,15653306,Credit Card Upgrade,False,2026/02/02
5644,15719779,Credit Card Upgrade,False,2026/02/03
5645,15737732,Credit Card Upgrade,False,2026/02/04
5646,15738291,Investment Plan,True,2026/02/05
5647,15569098,Personal Loan,False,2026/02/06
5648,15679283,Credit Card Upgrade,1,2026/02/07
5649,15623219,Personal Loan,false,2026/02/08
5650,15666197,Investment Plan,False,2026/02/09
5651,15680706,Insurance Bundle,False,2026/02/10
5652,15735849,Personal Loan,false,2026/02/11
5653,15646161,Credit Card Upgrade,True,2026/02/12
5654,15568106,Cashback,True,2026/02/13
5655,15720687,Insurance Bundle,False,2026/02/14
5656,15571550,Credit Card Upgrade,False,2026/02/15
5657,15772073,Investment Plan,True,2026/02/16
5658,15606836,Credit Card Upgrade,Yes,2026/02/17
5659,15754267,Investment Plan,True,2026/02/18
5660,15591932,Personal Loan,false,2026/02/19
5661,15649508,Investment Plan,False,2026/02/20
5662,15705512,Insurance Bundle,False,2026/02/21
5663,15596713,Insurance Bundle,False,2026/02/22
5664,15724563,Credit Card Upgrade,False,2026/02/23
5665,15636767,Investment Plan,False,2026/02/24
5666,15646161,,False,2026/02/25
5667,15727177,Cashback,False,2026/02/26
5668,15662758,Credit Card Upgrade,True,2026/02/27
5669,15608701,Insurance Bundle,False,2026/02/28
5670,15701037,Investment Plan,Yes,2026/03/01
5671,15700826,Credit Card Upgrade,False,2026/03/02
5672,15702566,Credit Card Upgrade,False,2026/03/03
5673,15674148,Insurance Bundle,False,2026/03/04
5674,15726403,,False,2026/03/05
5675,15688264,Insurance Bundle,True,2026/03/06
5676,15706071,Cashback,True,2026/03/07
5677,15759387,Insurance Bundle,True,2026/03/08
5678,15628420,Cashback,True,2026/03/09
5679,15623502,Credit Card Upgrade,False,2026/03/10
5680,15725076,Credit Card Upgrade,True,2026/03/11
5681,15668818,Personal Loan,false,2026/03/12
5682,15724863,Investment Plan,False,2026/03/13
5683,15771299,Credit Card Upgrade,False,2026/03/14
5684,15625126,Personal Loan,false,2026/03/15
5685,15780804,Investment Plan,N,2026/03/16
5686,15569526,Credit Card Upgrade,True,2026/03/17
5687,15633612,Investment Plan,False,2026/03/18
5688,15727408,Cashback,False,2026/03/19
5689,15601026,Credit Card Upgrade,True,2026/03/20
5690,15569526,Credit Card Upgrade,False,2026/03/21
5691,15592389,Credit Card Upgrade,True,2026/03/22
5692,15621195,Cashback,False,2026/03/23
5693,15700263,Investment Plan,False,2026/03/24
5694,15633586,Insurance Bundle,Yes,2026/03/25
5695,15619674,Insurance Bundle,true,2026/03/26
5696,15646764,Cashback,True,2026/03/27
5697,15585985,Credit Card Upgrade,False,2026/03/28
5698,15643024,Insurance Bundle,False,2026/03/29
5699,15691952,Investment Plan,False,2026/03/30
5700,15613085,Investment Plan,N,2026/03/31
5701,15651554,Cashback,True,2026/04/01
5702,15633574,,Y,2026/04/02
5703,15594577,Personal Loan,False,2026/04/03
5704,15632439,Personal Loan,true,2026/04/04
5705,15570895,,No,2026/04/05
5706,15579714,Investment Plan,False,2026/04/06
5707,15768104,Personal Loan,False,2026/04/07
5708,15607690,Insurance Bundle,False,2026/04/08
5709,15653773,Cashback,False,2026/04/09
5710,15678206,Insurance Bundle,False,2026/04/10
5711,15730657,Investment Plan,True,2026/04/11
5712,15762172,Personal Loan,False,2026/04/12
5713,15765650,Cashback,False,2026/04/13
5714,15721793,Credit Card Upgrade,False,2026/04/14
5715,15718769,Personal Loan,False,2026/04/15
5716,15754649,Cashback,False,2026/04/16
5717,15799480,Insurance Bundle,False,2026/04/17
5718,15629793,Insurance Bundle,False,2026/04/18
5719,15570205,Investment Plan,Y,2026/04/19
5720,15764409,Personal Loan,False,2026/04/20
5721,15799652,Credit Card Upgrade,True,2026/04/21
5722,15706647,Cashback,True,2026/04/22
5723,15775153,Personal Loan,false,2026/04/23
5724,15771977,Insurance Bundle,False,2026/04/24
5725,15602735,Credit Card Upgrade,False,2026/04/25
5726,15701738,Credit Card Upgrade,True,2026/04/26
5727,15785078,Personal Loan,False,2026/04/27
5728,15706116,Cashback,True,2026/04/28
5729,15608381,Credit Card Upgrade,False,2026/04/29
5730,15623219,Investment Plan,Y,2026/04/30
5731,15582591,Credit Card Upgrade,0,2026/05/01
5732,15744914,Investment Plan,True,2026/05/02
5733,15781903,Insurance Bundle,False,2026/05/03
5734,15636562,Insurance Bundle,False,2026/05/04
5735,15672598,Personal Loan,False,2026/05/05
5736,15642579,Credit Card Upgrade,True,2026/05/06
5737,15776096,Cashback,False,2026/05/07
5738,15770995,Personal Loan,False,2026/05/08
5739,15662426,Cashback,0,2026/05/09
5740,15813844,Personal Loan,False,2026/05/10
5741,15671930,Credit Card Upgrade,0,2026/05/11
5742,15586821,Cashback,False,2026/05/12
5743,15635396,Investment Plan,0,2026/05/13
5744,15749365,Credit Card Upgrade,True,2026/05/14
5745,15815420,Credit Card Upgrade,False,2026/05/15
5746,15605036,Investment Plan,False,2026/05/16
5747,15735636,Insurance Bundle,false,2026/05/17
5748,15764892,Insurance Bundle,True,2026/05/18
5749,15785358,Investment Plan,No,2026/05/19
5750,15775206,Cashback,False,2026/05/20
5751,15723028,Credit Card Upgrade,True,2026/05/21
5752,15756992,Personal Loan,False,2026/05/22
5753,15669301,Personal Loan,False,2026/05/23
5754,15721462,Personal Loan,True,2026/05/24
5755,15593501,Personal Loan,False,2026/05/25
5756,15699492,Insurance Bundle,False,2026/05/26
5757,15602282,,True,2026/05/27
5758,15704586,Cashback,False,2026/05/28
5759,15574122,Investment Plan,True,2026/05/29
5760,15653455,Insurance Bundle,True,2026/05/30
5761,15702175,Insurance Bundle,False,2026/05/31
5762,15745605,Insurance Bundle,true,2026/06/01
5763,15658100,Investment Plan,0,2026/06/02
5764,15701301,Personal Loan,False,2026/06/03
5765,15718242,Investment Plan,False,2026/06/04
5766,15636673,Credit Card Upgrade,False,2026/06/05
5767,15632977,,True,2026/06/06
5768,15651533,Personal Loan,N,2026/06/07
5769,15600583,Credit Card Upgrade,False,2026/06/08
5770,15633612,Insurance Bundle,True,2026/06/09
5771,15647008,Personal Loan,False,2026/06/10
5772,15765461,Cashback,False,2026/06/11
5773,15642391,Insurance Bundle,False,2026/06/12
5774,15799479,Insurance Bundle,True,2026/06/13
5775,15801152,Cashback,True,2026/06/14
5776,15723671,Cashback,N,2026/06/15
5777,15720649,Insurance Bundle,N,2026/06/16
5778,15778934,Personal Loan,True,2026/06/17
5779,15718039,Insurance Bundle,Y,2026/06/18
5780,15684103,Credit Card Upgrade,False,2026/06/19
5781,15719779,Cashback,False,2026/06/20
5782,15670753,Credit Card Upgrade,False,2026/06/21
5783,15719856,Credit Card Upgrade,False,2026/06/22
5784,15761158,Investment Plan,0,2026/06/23
5785,15589805,Credit Card Upgrade,True,2026/06/24
5786,15683471,Investment Plan,True,2026/06/25
5787,15668472,Cashback,N,2026/06/26
5788,15777892,,No,2026/06/27
5789,15706223,Insurance Bundle,True,2026/06/28
5790,15682355,Cashback,False,2026/06/29
5791,15650889,Investment Plan,False,2026/06/30
5792,15617657,Credit Card Upgrade,Yes,2026/07/01
5793,15759555,Personal Loan,True,2026/07/02
5794,15636595,Personal Loan,False,2026/07/03
5795,15679738,Personal Loan,False,2026/07/04
5796,15655961,Personal Loan,False,2026/07/05
5797,15637678,Insurance Bundle,False,2026/07/06
5798,15625311,Cashback,True,2026/07/07
5799,15748068,Credit Card Upgrade,False,2026/07/08
5800,15776743,Investment Plan,True,2026/07/09
5801,15586821,Credit Card Upgrade,True,2026/07/10
5802,15674991,Cashback,True,2026/07/11
5803,15589435,Cashback,False,2026/07/12
5804,15736601,Insurance Bundle,False,2026/07/13
5805,15742824,Insurance Bundle,false,2026/07/14
5806,15651802,Personal Loan,False,2026/07/15
5807,15735632,Insurance Bundle,True,2026/07/16
5808,15707114,Credit Card Upgrade,True,2026/07/17
5809,15812324,Insurance Bundle,False,2026/07/18
5810,15626787,,False,2026/07/19
5811,15576644,Investment Plan,1,2026/07/20
5812,15595440,Credit Card Upgrade,True,2026/07/21
5813,15754952,Personal Loan,True,2026/07/22
5814,15763662,Cashback,True,2026/07/23
5815,15674206,Cashback,False,2026/07/24
5816,15754012,Personal Loan,False,2026/07/25
5817,15636330,Personal Loan,False,2026/07/26
5818,15701605,Personal Loan,Yes,2026/07/27
5819,15704250,Insurance Bundle,No,2026/07/28
5820,15611186,,False,2026/07/29
5821,15659355,Cashback,False,2026/07/30
5822,15655464,Investment Plan,True,2026/07/31
5823,15734850,Insurance Bundle,false,2026/08/01
5824,15780804,Cashback,False,2026/08/02
5825,15724719,Investment Plan,0,2026/08/03
5826,15693683,Investment Plan,False,2026/08/04
5827,15727041,Personal Loan,True,2026/08/05
5828,15732563,Credit Card Upgrade,True,2026/08/06
5829,15584749,Insurance Bundle,Yes,2026/08/07
5830,15716431,Credit Card Upgrade,True,2026/08/08
5831,15577398,Insurance Bundle,True,2026/08/09
5832,15806230,Insurance Bundle,0,2026/08/10
5833,15787258,Personal Loan,N,2026/08/11
5834,15692291,Personal Loan,False,2026/08/12
5835,15659175,Investment Plan,Yes,2026/08/13
5836,15660679,Credit Card Upgrade,True,2026/08/14
5837,15642870,Investment Plan,False,2026/08/15
5838,15614137,Investment Plan,false,2026/08/16
5839,15748432,Cashback,True,2026/08/17
5840,15723907,Investment Plan,False,2026/08/18
5841,15740404,Cashback,True,2026/08/19
5842,15693771,Cashback,True,2026/08/20
5843,15783398,Credit Card Upgrade,False,2026/08/21
5844,15625675,Cashback,False,2026/08/22
5845,15585379,Personal Loan,False,2026/08/23
5846,15773731,Investment Plan,False,2026/08/24
5847,15636423,Insurance Bundle,Yes,2026/08/25
5848,15697283,Cashback,True,2026/08/26
5849,15670943,Credit Card Upgrade,False,2026/08/27
5850,15691950,Credit Card Upgrade,False,2026/08/28
5851,15634772,Cashback,False,2026/08/29
5852,15799924,Investment Plan,True,2026/08/30
5853,15657957,Cashback,True,2026/08/31
5854,15776454,Cashback,N,2026/09/01
5855,15656627,,True,2026/09/02
5856,15662532,Personal Loan,N,2026/09/03
5857,15574842,Insurance Bundle,False,2025/09/03
5858,15613734,Investment Plan,False,2025/09/04
5859,15631305,Insurance Bundle,False,2025/09/05
5860,15762729,Personal Loan,False,2025/09/06
5861,15675964,Cashback,False,2025/09/07
5862,15715638,Credit Card Upgrade,True,2025/09/08
5863,15631639,Investment Plan,False,2025/09/09
5864,15622993,Personal Loan,False,2025/09/10
5865,15660301,Cashback,false,2025/09/11
5866,15765732,Personal Loan,Yes,2025/09/12
5867,15688264,Credit Card Upgrade,No,2025/09/13
5868,15604891,Insurance Bundle,No,2025/09/14
5869,15674526,Insurance Bundle,False,2025/09/15
5870,15729238,Personal Loan,False,2025/09/16
5871,15732448,Cashback,False,2025/09/17
5872,15740470,Insurance Bundle,True,2025/09/18
5873,15673747,Insurance Bundle,True,2025/09/19
5874,15613713,Insurance Bundle,True,2025/09/20
5875,15673439,Personal Loan,No,2025/09/21
5876,15587596,Credit Card Upgrade,0,2025/09/22
5877,15569572,Credit Card Upgrade,False,2025/09/23
5878,15682268,Cashback,Y,2025/09/24
5879,15730044,Cashback,False,2025/09/25
5880,15758606,Insurance Bundle,False,2025/09/26
5881,15697606,Personal Loan,False,2025/09/27
5882,15653997,Credit Card Upgrade,False,2025/09/28
5883,15767681,Investment Plan,False,2025/09/29
5884,15740104,Credit Card Upgrade,False,2025/09/30
5885,15573171,Cashback,False,2025/10/01
5886,15787071,Insurance Bundle,0,2025/10/02
5887,15733119,Insurance Bundle,True,2025/10/03
5888,15567860,Personal Loan,True,2025/10/04
5889,15651389,Insurance Bundle,False,2025/10/05
5890,15661821,Cashback,False,2025/10/06
5891,15579616,Investment Plan,True,2025/10/07
5892,15623478,Investment Plan,True,2025/10/08
5893,15623082,Insurance Bundle,False,2025/10/09
5894,15803121,Insurance Bundle,False,2025/10/10
5895,15703763,Insurance Bundle,true,2025/10/11
5896,15645896,Credit Card Upgrade,False,2025/10/12
5897,15634844,Investment Plan,False,2025/10/13
5898,15706071,Investment Plan,True,2025/10/14
5899,15636428,Cashback,False,2025/10/15
5900,15566735,Personal Loan,True,2025/10/16
5901,15630413,Insurance Bundle,True,2025/10/17
5902,15609653,Investment Plan,False,2025/10/18
5903,15719579,Cashback,False,2025/10/19
5904,15731790,Personal Loan,True,2025/10/20
5905,15754168,Investment Plan,True,2025/10/21
5906,15681550,Investment Plan,False,2025/10/22
5907,15735799,Personal Loan,False,2025/10/23
5908,15603088,Investment Plan,1,2025/10/24
5909,15713144,Investment Plan,False,2025/10/25
5910,15777892,Insurance Bundle,True,2025/10/26
5911,15735636,Credit Card Upgrade,False,2025/10/27
5912,15658716,Investment Plan,False,2025/10/28
5913,15775627,Personal Loan,False,2025/10/29
5914,15747000,Investment Plan,False,2025/10/30
5915,15801699,Cashback,False,2025/10/31
5916,15618774,Insurance Bundle,False,2025/11/01
5917,15609160,Insurance Bundle,False,2025/11/02
5918,15594902,Investment Plan,0,2025/11/03
5919,15769596,Credit Card Upgrade,True,2025/11/04
5920,15597914,,False,2025/11/05
5921,15776518,Investment Plan,True,2025/11/06
5922,15710012,Insurance Bundle,No,2025/11/07
5923,15784286,Credit Card Upgrade,False,2025/11/08
5924,15721715,Cashback,False,2025/11/09
5925,15815530,Credit Card Upgrade,False,2025/11/10
5926,15581733,Investment Plan,False,2025/11/11
5927,15671358,Investment Plan,False,2025/11/12
5928,15623082,Personal Loan,True,2025/11/13
5929,15724620,Investment Plan,True,2025/11/14
5930,15668081,Credit Card Upgrade,True,2025/11/15
5931,15587647,Cashback,False,2025/11/16
5932,15619801,Cashback,true,2025/11/17
5933,15590876,Investment Plan,False,2025/11/18
5934,15569892,Investment Plan,0,2025/11/19
5935,15676433,Personal Loan,False,2025/11/20
5936,15566251,Cashback,True,2025/11/21
5937,15607330,Credit Card Upgrade,N,2025/11/22
5938,15676966,Credit Card Upgrade,True,2025/11/23
5939,15573876,Investment Plan,False,2025/11/24
5940,15804131,Personal Loan,True,2025/11/25
5941,15604348,Personal Loan,True,2025/11/26
5942,15768095,Cashback,False,2025/11/27
5943,15697045,Investment Plan,True,2025/11/28
5944,15749693,Credit Card Upgrade,False,2025/11/29
5945,15577970,Credit Card Upgrade,False,2025/11/30
5946,15570859,Personal Loan,False,2025/12/01
5947,15769389,Credit Card Upgrade,True,2025/12/02
5948,15804962,Personal Loan,True,2025/12/03
5949,15669782,Cashback,False,2025/12/04
5950,15655464,Investment Plan,True,2025/12/05
5951,15700813,Credit Card Upgrade,False,2025/12/06
5952,15583595,Credit Card Upgrade,True,2025/12/07
5953,15795586,Investment Plan,false,2025/12/08
5954,15700937,Investment Plan,False,2025/12/09
5955,15770548,Personal Loan,0,2025/12/10
5956,15744295,Insurance Bundle,True,2025/12/11
5957,15605275,Personal Loan,False,2025/12/12
5958,15727868,Cashback,False,2025/12/13
5959,15731281,Investment Plan,True,2025/12/14
5960,15805449,Investment Plan,False,2025/12/15
5961,15683053,Credit Card Upgrade,False,2025/12/16
5962,15695129,Investment Plan,True,2025/12/17
5963,15793343,Insurance Bundle,False,2025/12/18
5964,15761692,Personal Loan,False,2025/12/19
5965,15738672,Credit Card Upgrade,False,2025/12/20
5966,15681562,Personal Loan,False,2025/12/21
5967,15743016,Investment Plan,true,2025/12/22
5968,15811742,Personal Loan,False,2025/12/23
5969,15659355,Credit Card Upgrade,False,2025/12/24
5970,15785078,Cashback,0,2025/12/25
5971,15585379,Insurance Bundle,False,2025/12/26
5972,15665416,Credit Card Upgrade,False,2025/12/27
5973,15680918,Credit Card Upgrade,False,2025/12/28
5974,15636541,Personal Loan,False,2025/12/29
5975,15651554,Cashback,0,2025/12/30
5976,15809558,Insurance Bundle,True,2025/12/31
5977,15624180,Investment Plan,False,2026/01/01
5978,15576517,Personal Loan,False,2026/01/02
5979,15591552,Cashback,True,2026/01/03
5980,15709412,Insurance Bundle,False,2026/01/04
5981,15747000,Personal Loan,False,2026/01/05
5982,15689168,Investment Plan,1,2026/01/06
5983,15812518,Personal Loan,True,2026/01/07
5984,15589204,Credit Card Upgrade,False,2026/01/08
5985,15776939,Cashback,False,2026/01/09
5986,15773071,Investment Plan,True,2026/01/10
5987,15797204,Credit Card Upgrade,False,2026/01/11
5988,15670416,Credit Card Upgrade,False,2026/01/12
5989,15693947,Credit Card Upgrade,False,2026/01/13
5990,15629551,Investment Plan,False,2026/01/14
5991,15693264,Cashback,True,2026/01/15
5992,15664214,Cashback,False,2026/01/16
5993,15603914,Cashback,False,2026/01/17
5994,15745452,Insurance Bundle,No,2026/01/18
5995,15775627,Personal Loan,True,2026/01/19
5996,15729836,Cashback,True,2026/01/20
5997,15685947,Credit Card Upgrade,True,2026/01/21
5998,15693893,Insurance Bundle,False,2026/01/22
5999,15742809,Cashback,No,2026/01/23
6000,15695197,Investment Plan,False,2026/01/24
6001,15774857,Insurance Bundle,False,2026/01/25
6002,15796179,Cashback,False,2026/01/26
6003,15631436,Personal Loan,True,2026/01/27
6004,15803365,Cashback,True,2026/01/28
6005,15719579,Cashback,False,2026/01/29
6006,15750574,,False,2026/01/30
6007,15613854,Cashback,False,2026/01/31
6008,15642787,Credit Card Upgrade,False,2026/02/01
6009,15791131,Cashback,True,2026/02/02
6010,15576156,Cashback,false,2026/02/03
6011,15664895,Cashback,False,2026/02/04
6012,15783026,Insurance Bundle,False,2026/02/05
6013,15601417,Credit Card Upgrade,False,2026/02/06
6014,15802071,Credit Card Upgrade,False,2026/02/07
6015,15612064,Insurance Bundle,False,2026/02/08
6016,15632050,Cashback,False,2026/02/09
6017,15701364,Personal Loan,No,2026/02/10
6018,15615820,Insurance Bundle,False,2026/02/11
6019,15672299,Cashback,False,2026/02/12
6020,15717164,Insurance Bundle,N,2026/02/13
6021,15806511,Personal Loan,True,2026/02/14
6022,15604345,Credit Card Upgrade,False,2026/02/15
6023,15748856,Investment Plan,False,2026/02/16
6024,15767804,Insurance Bundle,True,2026/02/17
6025,15754301,Insurance Bundle,No,2026/02/18
6026,15740283,Investment Plan,False,2026/02/19
6027,15625524,Personal Loan,True,2026/02/20
6028,15697460,Investment Plan,True,2026/02/21
6029,15592846,Insurance Bundle,True,2026/02/22
6030,15591740,Personal Loan,False,2026/02/23
6031,15624755,Investment Plan,True,2026/02/24
6032,15659234,Cashback,False,2026/02/25
6033,15691874,Insurance Bundle,True,2026/02/26
6034,15720284,Investment Plan,False,2026/02/27
6035,15695078,Insurance Bundle,0,2026/02/28
6036,15731507,Insurance Bundle,True,2026/03/01
6037,15591135,Insurance Bundle,True,2026/03/02
6038,15768387,Cashback,True,2026/03/03
6039,15752984,Personal Loan,True,2026/03/04
6040,15635116,Personal Loan,False,2026/03/05
6041,15758039,Personal Loan,False,2026/03/06
6042,15656627,Investment Plan,False,2026/03/07
6043,15679909,Personal Loan,False,2026/03/08
6044,15625675,Credit Card Upgrade,False,2026/03/09
6045,15785519,Investment Plan,False,2026/03/10
6046,15712772,Personal Loan,True,2026/03/11
6047,15698927,Investment Plan,False,2026/03/12
6048,15697028,Investment Plan,True,2026/03/13
6049,15701738,Investment Plan,False,2026/03/14
6050,15702430,Credit Card Upgrade,False,2026/03/15
6051,15772777,Credit Card Upgrade,0,2026/03/16
6052,15792004,Cashback,False,2026/03/17
6053,15737414,Investment Plan,True,2026/03/18
6054,15770548,Personal Loan,False,2026/03/19
6055,15607691,Credit Card Upgrade,No,2026/03/20
6056,15693200,Cashback,False,2026/03/21
6057,15716800,Credit Card Upgrade,Y,2026/03/22
6058,15679283,Credit Card Upgrade,False,2026/03/23
6059,15804064,Personal Loan,True,2026/03/24
6060,15573876,Insurance Bundle,True,2026/03/25
6061,15683471,Credit Card Upgrade,False,2026/03/26
6062,15623730,Personal Loan,True,2026/03/27
6063,15768530,,False,2026/03/28
6064,15566211,Investment Plan,False,2026/03/29
6065,15781530,Insurance Bundle,False,2026/03/30
6066,15636428,Investment Plan,False,2026/03/31
6067,15661745,Cashback,True,2026/04/01
6068,15702801,Personal Loan,False,2026/04/02
6069,15732334,Personal Loan,False,2026/04/03
6070,15663987,Cashback,No,2026/04/04
6071,15685096,Personal Loan,False,2026/04/05
6072,15613085,Investment Plan,No,2026/04/06
6073,15661532,Cashback,False,2026/04/07
6074,15641604,Personal Loan,true,2026/04/08
6075,15797246,Cashback,False,2026/04/09
6076,15623489,Personal Loan,True,2026/04/10
6077,15686670,Personal Loan,0,2026/04/11
6078,15665811,Credit Card Upgrade,False,2026/04/12
6079,15619343,Credit Card Upgrade,False,2026/04/13
6080,15694321,Cashback,False,2026/04/14
6081,15795124,Personal Loan,False,2026/04/15
6082,15701206,Investment Plan,No,2026/04/16
6083,15661936,Investment Plan,False,2026/04/17
6084,15729019,Personal Loan,True,2026/04/18
6085,15689526,Insurance Bundle,False,2026/04/19
6086,15762729,Investment Plan,True,2026/04/20
6087,15757933,Insurance Bundle,False,2026/04/21
6088,15672481,Cashback,True,2026/04/22
6089,15687688,Cashback,False,2026/04/23
6090,15584928,Personal Loan,False,2026/04/24
6091,15622507,Cashback,False,2026/04/25
6092,15736717,Credit Card Upgrade,False,2026/04/26
6093,15781409,Personal Loan,True,2026/04/27
6094,15781875,Credit Card Upgrade,False,2026/04/28
6095,15612050,Credit Card Upgrade,False,2026/04/29
6096,15806956,Personal Loan,False,2026/04/30
6097,15651943,Cashback,True,2026/05/01
6098,15633260,Investment Plan,False,2026/05/02
6099,15736413,Cashback,True,2026/05/03
6100,15765982,Personal Loan,true,2026/05/04
6101,15732476,Credit Card Upgrade,True,2026/05/05
6102,15681755,Personal Loan,True,2026/05/06
6103,15795586,Investment Plan,False,2026/05/07
6104,15681220,Personal Loan,false,2026/05/08
6105,15583371,Personal Loan,False,2026/05/09
6106,15619932,Credit Card Upgrade,False,2026/05/10
6107,15643826,Personal Loan,No,2026/05/11
6108,15704987,Personal Loan,false,2026/05/12
6109,15627971,Investment Plan,False,2026/05/13
6110,15699195,Personal Loan,False,2026/05/14
6111,15617934,Cashback,False,2026/05/15
6112,15751333,Insurance Bundle,False,2026/05/16
6113,15793324,Credit Card Upgrade,True,2026/05/17
6114,15772650,Insurance Bundle,False,2026/05/18
6115,15591577,,True,2026/05/19
6116,15569678,Credit Card Upgrade,False,2026/05/20
6117,15602929,Insurance Bundle,False,2026/05/21
6118,15590888,Insurance Bundle,False,2026/05/22
6119,15792029,Cashback,True,2026/05/23
6120,15624072,Credit Card Upgrade,False,2026/05/24
6121,15726931,Investment Plan,False,2026/05/25
6122,15697606,Credit Card Upgrade,True,2026/05/26
6123,15769308,Credit Card Upgrade,False,2026/05/27
6124,15781272,Credit Card Upgrade,Y,2026/05/28
6125,15762716,Personal Loan,False,2026/05/29
6126,15711062,Investment Plan,True,2026/05/30
6127,15625592,Cashback,False,2026/05/31
6128,15692744,Cashback,True,2026/06/01
6129,15704681,Cashback,True,2026/06/02
6130,15739972,Credit Card Upgrade,True,2026/06/03
6131,15612627,Credit Card Upgrade,False,2026/06/04
6132,15729689,,N,2026/06/05
6133,15732448,Insurance Bundle,No,2026/06/06
6134,15575510,Personal Loan,False,2026/06/07
6135,15623630,Personal Loan,true,2026/06/08
6136,15618245,Insurance Bundle,false,2026/06/09
6137,15582797,Cashback,False,2026/06/10
6138,15716000,Investment Plan,False,2026/06/11
6139,15689661,Investment Plan,False,2026/06/12
6140,15584453,Personal Loan,True,2026/06/13
6141,15571144,Credit Card Upgrade,False,2026/06/14
6142,15714832,Investment Plan,False,2026/06/15
6143,15785980,Credit Card Upgrade,False,2026/06/16
6144,15631709,Investment Plan,False,2026/06/17
6145,15708212,Credit Card Upgrade,True,2026/06/18
6146,15677184,Cashback,N,2026/06/19
6147,15651272,Personal Loan,False,2026/06/20
6148,15637646,Credit Card Upgrade,True,2026/06/21
6149,15801188,Personal Loan,0,2026/06/22
6150,15726403,Personal Loan,False,2026/06/23
6151,15766826,Investment Plan,False,2026/06/24
6152,15805627,Cashback,No,2026/06/25
6153,15665861,Insurance Bundle,False,2026/06/26
6154,15689952,Investment Plan,False,2026/06/27
6155,15764419,Insurance Bundle,True,2026/06/28
6156,15706170,Personal Loan,False,2026/06/29
6157,15590476,Insurance Bundle,False,2026/06/30
6158,15656176,,True,2026/07/01
6159,15585367,Personal Loan,False,2026/07/02
6160,15731507,Cashback,0,2026/07/03
6161,15796813,Insurance Bundle,False,2026/07/04
6162,15614520,Insurance Bundle,True,2026/07/05
6163,15770548,Insurance Bundle,True,2026/07/06
6164,15615322,Credit Card Upgrade,False,2026/07/07
6165,15645896,Cashback,False,2026/07/08
6166,15716449,Personal Loan,False,2026/07/09
6167,15651280,Investment Plan,False,2026/07/10
6168,15800746,Personal Loan,True,2026/07/11
6169,15716134,Cashback,False,2026/07/12
6170,15749050,Cashback,False,2026/07/13
6171,15773276,Personal Loan,True,2026/07/14
6172,15613014,Credit Card Upgrade,False,2026/07/15
6173,15798824,Cashback,False,2026/07/16
6174,15642063,Cashback,True,2026/07/17
6175,15605072,,True,2026/07/18
6176,15588341,,False,2026/07/19
6177,15710111,Credit Card Upgrade,True,2026/07/20
6178,15791342,Personal Loan,False,2026/07/21
6179,15654025,Personal Loan,False,2026/07/22
6180,15585367,Insurance Bundle,False,2026/07/23
6181,15621466,Cashback,True,2026/07/24
6182,15785705,Cashback,Y,2026/07/25
6183,15613713,Investment Plan,False,2026/07/26
6184,15645517,Cashback,True,2026/07/27
6185,15620746,Investment Plan,Y,2026/07/28
6186,15750671,Credit Card Upgrade,No,2026/07/29
6187,15590078,Credit Card Upgrade,True,2026/07/30
6188,15781903,Investment Plan,False,2026/07/31
6189,15784099,Investment Plan,False,2026/08/01
6190,15643496,Credit Card Upgrade,false,2026/08/02
6191,15779064,Insurance Bundle,True,2026/08/03
6192,15663164,Personal Loan,True,2026/08/04
6193,15606386,Personal Loan,False,2026/08/05
6194,15639217,Insurance Bundle,N,2026/08/06
6195,15618647,Insurance Bundle,True,2026/08/07
6196,15613749,,False,2026/08/08
6197,15775206,Insurance Bundle,True,2026/08/09
6198,15595440,Cashback,No,2026/08/10
6199,15671334,Credit Card Upgrade,False,2026/08/11
6200,15757646,Personal Loan,False,2026/08/12
6201,15648951,Investment Plan,False,2026/08/13
6202,15806230,Insurance Bundle,False,2026/08/14
6203,15791944,Investment Plan,True,2026/08/15
6204,15671804,Credit Card Upgrade,0,2026/08/16
6205,15646632,Personal Loan,False,2026/08/17
6206,15722692,Personal Loan,No,2026/08/18
6207,15801788,Cashback,False,2026/08/19
6208,15660155,Cashback,True,2026/08/20
6209,15752534,Personal Loan,False,2026/08/21
6210,15743545,Personal Loan,True,2026/08/22
6211,15748696,Cashback,False,2026/08/23
6212,15778959,Investment Plan,False,2026/08/24
6213,15594928,,False,2026/08/25
6214,15716000,Insurance Bundle,False,2026/08/26
6215,15766765,Investment Plan,No,2026/08/27
6216,15628123,Credit Card Upgrade,False,2026/08/28
6217,15753591,Personal Loan,False,2026/08/29
6218,15584338,Investment Plan,False,2026/08/30
6219,15751022,Insurance Bundle,True,2026/08/31
6220,15578546,Credit Card Upgrade,False,2026/09/01
6221,15713250,Cashback,false,2026/09/02
6222,15618213,Insurance Bundle,False,2026/09/03
6223,15813095,Credit Card Upgrade,False,2025/09/03
6224,15601324,Investment Plan,0,2025/09/04
6225,15802381,Insurance Bundle,0,2025/09/05
6226,15731166,Cashback,False,2025/09/06
6227,15574169,Investment Plan,False,2025/09/07
6228,15593241,Investment Plan,False,2025/09/08
6229,15721433,Insurance Bundle,False,2025/09/09
6230,15798256,Investment Plan,False,2025/09/10
6231,15755642,Insurance Bundle,False,2025/09/11
6232,15768471,Personal Loan,False,2025/09/12
6233,15623647,Investment Plan,True,2025/09/13
6234,15755239,Investment Plan,No,2025/09/14
6235,15581733,Insurance Bundle,true,2025/09/15
6236,15678497,Credit Card Upgrade,False,2025/09/16
6237,15722072,Credit Card Upgrade,True,2025/09/17
6238,15663987,Cashback,False,2025/09/18
6239,15649738,Insurance Bundle,False,2025/09/19
6240,15643908,Personal Loan,False,2025/09/20
6241,15649744,Personal Loan,False,2025/09/21
6242,15697201,Investment Plan,False,2025/09/22
6243,15618446,Personal Loan,False,2025/09/23
6244,15636982,Personal Loan,False,2025/09/24
6245,15647453,Credit Card Upgrade,False,2025/09/25
6246,15600692,,True,2025/09/26
6247,15691170,Cashback,False,2025/09/27
6248,15600510,Credit Card Upgrade,No,2025/09/28
6249,15804721,Cashback,0,2025/09/29
6250,15737741,Cashback,True,2025/09/30
6251,15677550,,false,2025/10/01
6252,15699797,Cashback,N,2025/10/02
6253,15813660,Personal Loan,0,2025/10/03
6254,15633818,Insurance Bundle,1,2025/10/04
6255,15797905,Investment Plan,1,2025/10/05
6256,15651585,Insurance Bundle,False,2025/10/06
6257,15799710,Credit Card Upgrade,False,2025/10/07
6258,15702337,Cashback,False,2025/10/08
6259,15649136,Personal Loan,False,2025/10/09
6260,15598892,,No,2025/10/10
6261,15625706,Cashback,False,2025/10/11
6262,15579996,Personal Loan,No,2025/10/12
6263,15681439,Insurance Bundle,No,2025/10/13
6264,15589805,Insurance Bundle,True,2025/10/14
6265,15670859,Insurance Bundle,True,2025/10/15
6266,15690169,Investment Plan,False,2025/10/16
6267,15696054,Cashback,false,2025/10/17
6268,15729975,Credit Card Upgrade,True,2025/10/18
6269,15607753,Credit Card Upgrade,False,2025/10/19
6270,15615016,Investment Plan,True,2025/10/20
6271,15672905,Insurance Bundle,False,2025/10/21
6272,15742609,Personal Loan,False,2025/10/22
6273,15684865,Personal Loan,True,2025/10/23
6274,15779627,Personal Loan,False,2025/10/24
6275,15584462,Cashback,False,2025/10/25
6276,15604345,Credit Card Upgrade,False,2025/10/26
6277,15707011,,No,2025/10/27
6278,15721715,Personal Loan,True,2025/10/28
6279,15796179,Credit Card Upgrade,True,2025/10/29
6280,15804256,Investment Plan,True,2025/10/30
6281,15757916,Insurance Bundle,False,2025/10/31
6282,15708193,Cashback,False,2025/11/01
6283,15806967,Personal Loan,1,2025/11/02
6284,15668385,Insurance Bundle,False,2025/11/03
6285,15605000,Personal Loan,False,2025/11/04
6286,15755262,Cashback,False,2025/11/05
6287,15813844,Credit Card Upgrade,False,2025/11/06
6288,15694805,Investment Plan,false,2025/11/07
6289,15744044,Insurance Bundle,False,2025/11/08
6290,15809837,Insurance Bundle,False,2025/11/09
6291,15617065,Personal Loan,False,2025/11/10
6292,15709474,Credit Card Upgrade,False,2025/11/11
6293,15585928,Personal Loan,False,2025/11/12
6294,15720847,Personal Loan,False,2025/11/13
6295,15618245,Insurance Bundle,True,2025/11/14
6296,15792004,Insurance Bundle,false,2025/11/15
6297,15769596,Insurance Bundle,true,2025/11/16
6298,15780514,Investment Plan,False,2025/11/17
6299,15580935,Personal Loan,true,2025/11/18
6300,15776128,Investment Plan,False,2025/11/19
6301,15727041,Credit Card Upgrade,False,2025/11/20
6302,15806918,Investment Plan,False,2025/11/21
6303,15642870,Personal Loan,True,2025/11/22
6304,15756918,Cashback,False,2025/11/23
6305,15603035,Investment Plan,N,2025/11/24
6306,15739548,Investment Plan,False,2025/11/25
6307,15706170,Investment Plan,False,2025/11/26
6308,15735968,Credit Card Upgrade,False,2025/11/27
6309,15688984,Credit Card Upgrade,False,2025/11/28
6310,15807663,Credit Card Upgrade,True,2025/11/29
6311,15726832,Cashback,False,2025/11/30
6312,15658980,Cashback,False,2025/12/01
6313,15589358,Cashback,False,2025/12/02
6314,15566295,Cashback,False,2025/12/03
6315,15627697,Credit Card Upgrade,False,2025/12/04
6316,15787772,Credit Card Upgrade,False,2025/12/05
6317,15657540,Insurance Bundle,False,2025/12/06
6318,15809909,Personal Loan,True,2025/12/07
6319,15579345,Insurance Bundle,True,2025/12/08
6320,15626233,Cashback,False,2025/12/09
6321,15713621,Credit Card Upgrade,False,2025/12/10
6322,15675316,Investment Plan,False,2025/12/11
6323,15615938,Personal Loan,False,2025/12/12
6324,15579996,Personal Loan,Yes,2025/12/13
6325,15706071,Cashback,True,2025/12/14
6326,15709941,Credit Card Upgrade,False,2025/12/15
6327,15620751,Credit Card Upgrade,False,2025/12/16
6328,15684440,Cashback,False,2025/12/17
6329,15762615,Insurance Bundle,True,2025/12/18
6330,15625247,Investment Plan,False,2025/12/19
6331,15568032,Personal Loan,False,2025/12/20
6332,15658980,Credit Card Upgrade,1,2025/12/21
6333,15622658,Credit Card Upgrade,False,2025/12/22
6334,15584967,Personal Loan,False,2025/12/23
6335,15803121,,True,2025/12/24
6336,15673747,Personal Loan,True,2025/12/25
6337,15628170,Investment Plan,False,2025/12/26
6338,15623072,Cashback,0,2025/12/27
6339,15601719,Investment Plan,True,2025/12/28
6340,15681439,Insurance Bundle,True,2025/12/29
6341,15624437,Personal Loan,False,2025/12/30
6342,15582944,Cashback,True,2025/12/31
6343,15748432,Credit Card Upgrade,False,2026/01/01
6344,15813660,Insurance Bundle,No,2026/01/02
6345,15682454,Cashback,False,2026/01/03
6346,15570943,Insurance Bundle,False,2026/01/04
6347,15635116,Cashback,True,2026/01/05
6348,15682421,Personal Loan,True,2026/01/06
6349,15815043,Insurance Bundle,False,2026/01/07
6350,15659694,Credit Card Upgrade,True,2026/01/08
6351,15785519,Personal Loan,True,2026/01/09
6352,15767681,Investment Plan,False,2026/01/10
6353,15645463,Credit Card Upgrade,False,2026/01/11
6354,15673790,Cashback,True,2026/01/12
6355,15779744,Cashback,False,2026/01/13
6356,15810786,Cashback,False,2026/01/14
6357,15707011,Credit Card Upgrade,False,2026/01/15
6358,15700813,Credit Card Upgrade,False,2026/01/16
6359,15670753,Credit Card Upgrade,False,2026/01/17
6360,15744914,Investment Plan,False,2026/01/18
6361,15587394,Personal Loan,False,2026/01/19
6362,15775067,Insurance Bundle,False,2026/01/20
6363,15613749,Credit Card Upgrade,False,2026/01/21
6364,15714832,Insurance Bundle,0,2026/01/22
6365,15645839,,False,2026/01/23
6366,15567802,Investment Plan,False,2026/01/24
6367,15702095,,False,2026/01/25
6368,15681206,Cashback,False,2026/01/26
6369,15585490,Investment Plan,1,2026/01/27
6370,15631054,Investment Plan,False,2026/01/28
6371,15625942,Credit Card Upgrade,False,2026/01/29
6372,15626787,Investment Plan,False,2026/01/30
6373,15569266,,True,2026/01/31
6374,15731569,Personal Loan,False,2026/02/01
6375,15688071,Cashback,False,2026/02/02
6376,15678058,Credit Card Upgrade,False,2026/02/03
6377,15624428,Personal Loan,True,2026/02/04
6378,15590888,Insurance Bundle,false,2026/02/05
6379,15753337,,False,2026/02/06
6380,15721504,Personal Loan,False,2026/02/07
6381,15727857,Insurance Bundle,False,2026/02/08
6382,15776518,Insurance Bundle,False,2026/02/09
6383,15678210,Personal Loan,False,2026/02/10
6384,15672610,Personal Loan,false,2026/02/11
6385,15744517,Insurance Bundle,No,2026/02/12
6386,15649858,Personal Loan,False,2026/02/13
6387,15593283,Investment Plan,False,2026/02/14
6388,15601184,Investment Plan,True,2026/02/15
6389,15613630,Investment Plan,False,2026/02/16
6390,15725639,Cashback,True,2026/02/17
6391,15575748,Insurance Bundle,False,2026/02/18
6392,15743759,Credit Card Upgrade,True,2026/02/19
6393,15632439,Cashback,N,2026/02/20
6394,15655464,Cashback,No,2026/02/21
6395,15602731,Credit Card Upgrade,0,2026/02/22
6396,15734942,Credit Card Upgrade,False,2026/02/23
6397,15801915,Credit Card Upgrade,False,2026/02/24
6398,15777892,Credit Card Upgrade,False,2026/02/25
6399,15668289,Cashback,True,2026/02/26
6400,15626412,Insurance Bundle,False,2026/02/27
6401,15640905,Personal Loan,True,2026/02/28
6402,15699492,Cashback,Yes,2026/03/01
6403,15757759,Credit Card Upgrade,True,2026/03/02
6404,15706365,Personal Loan,False,2026/03/03
6405,15614215,Investment Plan,True,2026/03/04
6406,15583499,Personal Loan,True,2026/03/05
6407,15689328,Personal Loan,False,2026/03/06
6408,15638988,Personal Loan,False,2026/03/07
6409,15764294,Cashback,True,2026/03/08
6410,15707441,Cashback,True,2026/03/09
6411,15700864,Investment Plan,False,2026/03/10
6412,15679663,Personal Loan,False,2026/03/11
6413,15606507,Insurance Bundle,False,2026/03/12
6414,15568106,Investment Plan,False,2026/03/13
6415,15667215,Personal Loan,False,2026/03/14
6416,15705885,Personal Loan,True,2026/03/15
6417,15608701,Investment Plan,False,2026/03/16
6418,15671804,Insurance Bundle,No,2026/03/17
6419,15641285,Credit Card Upgrade,False,2026/03/18
6420,15801934,Credit Card Upgrade,True,2026/03/19
6421,15710366,Insurance Bundle,False,2026/03/20
6422,15773276,Investment Plan,False,2026/03/21
6423,15798824,Personal Loan,Y,2026/03/22
6424,15788539,Cashback,False,2026/03/23
6425,15626612,Cashback,False,2026/03/24
6426,15797686,Cashback,False,2026/03/25
6427,15617434,Credit Card Upgrade,N,2026/03/26
6428,15717498,Investment Plan,False,2026/03/27
6429,15584928,,False,2026/03/28
6430,15636673,Insurance Bundle,False,2026/03/29
6431,15584899,Credit Card Upgrade,False,2026/03/30
6432,15631756,Insurance Bundle,True,2026/03/31
6433,15626412,Investment Plan,False,2026/04/01
6434,15740223,Cashback,False,2026/04/02
6435,15814816,Cashback,True,2026/04/03
6436,15611331,Cashback,False,2026/04/04
6437,15587038,Cashback,False,2026/04/05
6438,15645095,Cashback,False,2026/04/06
6439,15591995,Insurance Bundle,0,2026/04/07
6440,15615096,Investment Plan,False,2026/04/08
6441,15797293,Cashback,False,2026/04/09
6442,15702462,Insurance Bundle,False,2026/04/10
6443,15624866,Personal Loan,0,2026/04/11
6444,15577700,Cashback,N,2026/04/12
6445,15711181,Credit Card Upgrade,No,2026/04/13
6446,15671148,Cashback,False,2026/04/14
6447,15706185,Cashback,True,2026/04/15
6448,15629117,,False,2026/04/16
6449,15783541,Insurance Bundle,True,2026/04/17
6450,15702175,Cashback,False,2026/04/18
6451,15726313,Credit Card Upgrade,True,2026/04/19
6452,15603665,,True,2026/04/20
6453,15669253,Investment Plan,False,2026/04/21
6454,15578045,Investment Plan,True,2026/04/22
6455,15628205,,N,2026/04/23
6456,15768293,Investment Plan,False,2026/04/24
6457,15718064,,False,2026/04/25
6458,15678201,Investment Plan,False,2026/04/26
6459,15662294,Personal Loan,False,2026/04/27
6460,15806956,Cashback,False,2026/04/28
6461,15686436,Credit Card Upgrade,False,2026/04/29
6462,15589428,Cashback,True,2026/04/30
6463,15645942,Credit Card Upgrade,False,2026/05/01
6464,15745324,Personal Loan,True,2026/05/02
6465,15788659,Cashback,False,2026/05/03
6466,15623277,Credit Card Upgrade,False,2026/05/04
6467,15810845,Credit Card Upgrade,False,2026/05/05
6468,15616028,Credit Card Upgrade,False,2026/05/06
6469,15700864,Insurance Bundle,True,2026/05/07
6470,15668958,Personal Loan,False,2026/05/08
6471,15643826,Personal Loan,False,2026/05/09
6472,15807221,Credit Card Upgrade,False,2026/05/10
6473,15671137,Investment Plan,N,2026/05/11
6474,15790497,Insurance Bundle,False,2026/05/12
6475,15748473,Personal Loan,False,2026/05/13
6476,15657809,Insurance Bundle,True,2026/05/14
6477,15764073,Credit Card Upgrade,False,2026/05/15
6478,15629475,Investment Plan,True,2026/05/16
6479,15802368,Personal Loan,True,2026/05/17
6480,15673995,Insurance Bundle,True,2026/05/18
6481,15726855,Cashback,False,2026/05/19
6482,15657529,Cashback,True,2026/05/20
6483,15738267,Cashback,True,2026/05/21
6484,15729832,Personal Loan,N,2026/05/22
6485,15714920,Cashback,False,2026/05/23
6486,15685096,Cashback,True,2026/05/24
6487,15726103,Insurance Bundle,False,2026/05/25
6488,15808175,Personal Loan,False,2026/05/26
6489,15791131,Credit Card Upgrade,False,2026/05/27
6490,15729763,Investment Plan,No,2026/05/28
6491,15662294,Cashback,True,2026/05/29
6492,15702416,Investment Plan,False,2026/05/30
6493,15644849,Credit Card Upgrade,true,2026/05/31
6494,15711687,Credit Card Upgrade,True,2026/06/01
6495,15625247,Investment Plan,False,2026/06/02
6496,15591995,Cashback,Yes,2026/06/03
6497,15693018,Cashback,True,2026/06/04
6498,15613623,Investment Plan,True,2026/06/05
6499,15678725,Credit Card Upgrade,1,2026/06/06
6500,15654959,Cashback,false,2026/06/07
6501,15694404,Cashback,True,2026/06/08
6502,15757895,Insurance Bundle,False,2026/06/09
6503,15724423,Investment Plan,False,2026/06/10
6504,15621075,Credit Card Upgrade,False,2026/06/11
6505,15701439,Personal Loan,False,2026/06/12
6506,15768201,Investment Plan,False,2026/06/13
6507,15598782,Insurance Bundle,false,2026/06/14
6508,15582797,Credit Card Upgrade,True,2026/06/15
6509,15630592,Insurance Bundle,True,2026/06/16
6510,15573077,Investment Plan,1,2026/06/17
6511,15662976,Investment Plan,True,2026/06/18
6512,15727944,Personal Loan,False,2026/06/19
6513,15643359,Personal Loan,False,2026/06/20
6514,15770984,Credit Card Upgrade,True,2026/06/21
6515,15776558,Credit Card Upgrade,False,2026/06/22
6516,15697214,Cashback,False,2026/06/23
6517,15698117,Cashback,True,2026/06/24
6518,15622370,Investment Plan,True,2026/06/25
6519,15727944,Insurance Bundle,True,2026/06/26
6520,15672905,Personal Loan,True,2026/06/27
6521,15660263,,True,2026/06/28
6522,15731507,Cashback,0,2026/06/29
6523,15627352,Cashback,Y,2026/06/30
6524,15576990,Investment Plan,True,2026/07/01
6525,15626948,Insurance Bundle,False,2026/07/02
6526,15771086,Investment Plan,False,2026/07/03
6527,15732202,Credit Card Upgrade,True,2026/07/04
6528,15604130,Cashback,False,2026/07/05
6529,15628558,Investment Plan,True,2026/07/06
6530,15788683,Investment Plan,True,2026/07/07
6531,15675749,Investment Plan,True,2026/07/08
6532,15637118,Personal Loan,False,2026/07/09
6533,15625942,,False,2026/07/10
6534,15641715,,True,2026/07/11
6535,15616954,Credit Card Upgrade,True,2026/07/12
6536,15680998,Investment Plan,N,2026/07/13
6537,15693947,Cashback,False,2026/07/14
6538,15753110,Cashback,False,2026/07/15
6539,15643696,Personal Loan,False,2026/07/16
6540,15737795,Insurance Bundle,False,2026/07/17
6541,15602034,Personal Loan,False,2026/07/18
6542,15772329,Insurance Bundle,0,2026/07/19
6543,15623082,Personal Loan,True,2026/07/20
6544,15632665,Credit Card Upgrade,True,2026/07/21
6545,15654300,Personal Loan,True,2026/07/22
6546,15732476,Insurance Bundle,False,2026/07/23
6547,15629390,Cashback,False,2026/07/24
6548,15796179,Personal Loan,False,2026/07/25
6549,15752508,Investment Plan,False,2026/07/26
6550,15742480,Credit Card Upgrade,False,2026/07/27
6551,15685226,Insurance Bundle,False,2026/07/28
6552,15701074,Personal Loan,False,2026/07/29
6553,15699772,Credit Card Upgrade,True,2026/07/30
6554,15737732,Cashback,No,2026/07/31
6555,15695197,Cashback,False,2026/08/01
6556,15630920,Insurance Bundle,False,2026/08/02
6557,15728006,,False,2026/08/03
6558,15690337,Insurance Bundle,True,2026/08/04
6559,15699772,Personal Loan,False,2026/08/05
6560,15619343,Personal Loan,False,2026/08/06
6561,15729087,Personal Loan,True,2026/08/07
6562,15626475,,False,2026/08/08
6563,15650575,Insurance Bundle,True,2026/08/09
6564,15572158,Cashback,False,2026/08/10
6565,15631912,Personal Loan,False,2026/08/11
6566,15803479,Investment Plan,True,2026/08/12
6567,15649112,Insurance Bundle,False,2026/08/13
6568,15657529,Investment Plan,True,2026/08/14
6569,15609254,Personal Loan,False,2026/08/15
6570,15657957,Insurance Bundle,False,2026/08/16
6571,15588341,Insurance Bundle,False,2026/08/17
6572,15677804,Investment Plan,True,2026/08/18
6573,15744295,Insurance Bundle,True,2026/08/19
6574,15675316,Credit Card Upgrade,Yes,2026/08/20
6575,15669741,Investment Plan,N,2026/08/21
6576,15803337,Cashback,False,2026/08/22
6577,15613673,Insurance Bundle,False,2026/08/23
6578,15614878,Cashback,No,2026/08/24
6579,15731790,Cashback,True,2026/08/25
6580,15613292,Credit Card Upgrade,False,2026/08/26
6581,15701738,Personal Loan,False,2026/08/27
6582,15688071,Cashback,False,2026/08/28
6583,15677184,Investment Plan,False,2026/08/29
6584,15727408,Personal Loan,False,2026/08/30
6585,15772601,Personal Loan,False,2026/08/31
6586,15644400,Cashback,False,2026/09/01
6587,15605742,Cashback,False,2026/09/02
6588,15596962,Insurance Bundle,Yes,2026/09/03
6589,15796167,Personal Loan,False,2025/09/03
6590,15776947,Credit Card Upgrade,True,2025/09/04
6591,15614365,Personal Loan,False,2025/09/05
6592,15638610,Personal Loan,False,2025/09/06
6593,15657540,Credit Card Upgrade,True,2025/09/07
6594,15642726,Insurance Bundle,False,2025/09/08
6595,15804211,Insurance Bundle,N,2025/09/09
6596,15730038,Investment Plan,False,2025/09/10
6597,15701206,Insurance Bundle,False,2025/09/11
6598,15730469,Personal Loan,False,2025/09/12
6599,15596671,Cashback,True,2025/09/13
6600,15702298,Credit Card Upgrade,Yes,2025/09/14
6601,15663650,Personal Loan,N,2025/09/15
6602,15735388,Credit Card Upgrade,True,2025/09/16
6603,15671137,Insurance Bundle,True,2025/09/17
6604,15657085,Insurance Bundle,True,2025/09/18
6605,15764726,Investment Plan,False,2025/09/19
6606,15686835,Cashback,False,2025/09/20
6607,15807555,Cashback,True,2025/09/21
6608,15685844,Insurance Bundle,False,2025/09/22
6609,15750243,Credit Card Upgrade,False,2025/09/23
6610,15773792,,False,2025/09/24
6611,15635125,Insurance Bundle,True,2025/09/25
6612,15609643,Personal Loan,False,2025/09/26
6613,15740147,Insurance Bundle,False,2025/09/27
6614,15743709,Credit Card Upgrade,False,2025/09/28
6615,15625592,Insurance Bundle,False,2025/09/29
6616,15752984,Insurance Bundle,False,2025/09/30
6617,15608701,Insurance Bundle,True,2025/10/01
6618,15677307,Insurance Bundle,True,2025/10/02
6619,15711062,Cashback,No,2025/10/03
6620,15620204,Cashback,False,2025/10/04
6621,15745324,Personal Loan,False,2025/10/05
6622,15596710,Insurance Bundle,True,2025/10/06
6623,15602282,Credit Card Upgrade,False,2025/10/07
6624,15762268,Credit Card Upgrade,False,2025/10/08
6625,15728006,Investment Plan,N,2025/10/09
6626,15703682,Credit Card Upgrade,False,2025/10/10
6627,15706764,Personal Loan,False,2025/10/11
6628,15635870,Investment Plan,False,2025/10/12
6629,15622833,Insurance Bundle,False,2025/10/13
6630,15749381,Insurance Bundle,true,2025/10/14
6631,15783875,Investment Plan,False,2025/10/15
6632,15599860,Insurance Bundle,True,2025/10/16
6633,15737795,Credit Card Upgrade,N,2025/10/17
6634,15769504,Insurance Bundle,False,2025/10/18
6635,15792151,Insurance Bundle,True,2025/10/19
6636,15748597,Insurance Bundle,False,2025/10/20
6637,15785798,Cashback,False,2025/10/21
6638,15656176,Insurance Bundle,True,2025/10/22
6639,15613713,Personal Loan,False,2025/10/23
6640,15757408,Cashback,No,2025/10/24
6641,15662976,Credit Card Upgrade,No,2025/10/25
6642,15665634,Insurance Bundle,False,2025/10/26
6643,15725945,Personal Loan,False,2025/10/27
6644,15770516,Cashback,False,2025/10/28
6645,15715003,Credit Card Upgrade,False,2025/10/29
6646,15724691,Cashback,False,2025/10/30
6647,15669946,Investment Plan,False,2025/10/31
6648,15566494,Personal Loan,False,2025/11/01
6649,15764448,Investment Plan,False,2025/11/02
6650,15589204,Cashback,False,2025/11/03
6651,15815615,Insurance Bundle,False,2025/11/04
6652,15611973,Insurance Bundle,False,2025/11/05
6653,15591135,Credit Card Upgrade,True,2025/11/06
6654,15573599,Cashback,False,2025/11/07
6655,15768881,Cashback,True,2025/11/08
6656,15748499,Personal Loan,Yes,2025/11/09
6657,15666559,Personal Loan,True,2025/11/10
6658,15674343,Cashback,False,2025/11/11
6659,15726466,Personal Loan,False,2025/11/12
6660,15673995,Credit Card Upgrade,True,2025/11/13
6661,15667456,Credit Card Upgrade,True,2025/11/14
6662,15708265,Personal Loan,False,2025/11/15
6663,15750684,Cashback,True,2025/11/16
6664,15581733,Insurance Bundle,True,2025/11/17
6665,15607526,Cashback,False,2025/11/18
6666,15726774,Insurance Bundle,false,2025/11/19
6667,15797964,Credit Card Upgrade,True,2025/11/20
6668,15795878,Cashback,true,2025/11/21
6669,15702095,Credit Card Upgrade,True,2025/11/22
6670,15677783,Cashback,False,2025/11/23
6671,15640922,Investment Plan,False,2025/11/24
6672,15735784,Personal Loan,False,2025/11/25
6673,15610090,Personal Loan,False,2025/11/26
6674,15787189,Cashback,False,2025/11/27
6675,15658486,Cashback,False,2025/11/28
6676,15648967,Cashback,True,2025/11/29
6677,15633834,,False,2025/11/30
6678,15640442,Investment Plan,False,2025/12/01
6679,15726556,Cashback,False,2025/12/02
6680,15638774,Personal Loan,True,2025/12/03
6681,15747345,Personal Loan,True,2025/12/04
6682,15728605,Cashback,True,2025/12/05
6683,15718588,Investment Plan,False,2025/12/06
6684,15593331,Investment Plan,False,2025/12/07
6685,15642530,Insurance Bundle,True,2025/12/08
6686,15745605,Insurance Bundle,True,2025/12/09
6687,15806327,Investment Plan,True,2025/12/10
6688,15681697,Cashback,No,2025/12/11
6689,15744913,Credit Card Upgrade,True,2025/12/12
6690,15753161,Cashback,False,2025/12/13
6691,15637753,Cashback,false,2025/12/14
6692,15814032,Cashback,False,2025/12/15
6693,15673747,Investment Plan,True,2025/12/16
6694,15700046,Investment Plan,True,2025/12/17
6695,15785485,Insurance Bundle,False,2025/12/18
6696,15607314,Insurance Bundle,False,2025/12/19
6697,15589195,Insurance Bundle,True,2025/12/20
6698,15795878,Insurance Bundle,False,2025/12/21
6699,15640078,Insurance Bundle,Y,2025/12/22
6700,15699753,,True,2025/12/23
6701,15778489,Credit Card Upgrade,False,2025/12/24
6702,15571193,Investment Plan,False,2025/12/25
6703,15774630,Investment Plan,True,2025/12/26
6704,15718769,Credit Card Upgrade,False,2025/12/27
6705,15606554,Investment Plan,False,2025/12/28
6706,15585379,Personal Loan,True,2025/12/29
6707,15623450,Cashback,True,2025/12/30
6708,15732438,Insurance Bundle,true,2025/12/31
6709,15613085,,True,2026/01/01
6710,15687626,Insurance Bundle,False,2026/01/02
6711,15645517,Insurance Bundle,False,2026/01/03
6712,15684319,Credit Card Upgrade,True,2026/01/04
6713,15613471,Personal Loan,True,2026/01/05
6714,15702801,Investment Plan,Yes,2026/01/06
6715,15591995,Credit Card Upgrade,False,2026/01/07
6716,15751022,,False,2026/01/08
6717,15772892,Cashback,False,2026/01/09
6718,15756148,Cashback,False,2026/01/10
6719,15708650,Credit Card Upgrade,False,2026/01/11
6720,15773890,Insurance Bundle,0,2026/01/12
6721,15570895,Credit Card Upgrade,False,2026/01/13
6722,15674328,Credit Card Upgrade,True,2026/01/14
6723,15800703,Credit Card Upgrade,True,2026/01/15
6724,15762198,Cashback,True,2026/01/16
6725,15671655,,False,2026/01/17
6726,15648967,Cashback,No,2026/01/18
6727,15614782,Credit Card Upgrade,False,2026/01/19
6728,15606267,Cashback,False,2026/01/20
6729,15622834,Personal Loan,True,2026/01/21
6730,15617657,Credit Card Upgrade,False,2026/01/22
6731,15645815,Investment Plan,True,2026/01/23
6732,15621653,Investment Plan,True,2026/01/24
6733,15712568,Personal Loan,False,2026/01/25
6734,15605672,,False,2026/01/26
6735,15583371,Cashback,false,2026/01/27
6736,15719958,Credit Card Upgrade,Y,2026/01/28
6737,15648876,Personal Loan,Yes,2026/01/29
6738,15581370,Credit Card Upgrade,False,2026/01/30
6739,15735878,Personal Loan,False,2026/01/31
6740,15727467,Insurance Bundle,False,2026/02/01
6741,15680843,Cashback,False,2026/02/02
6742,15693376,,False,2026/02/03
6743,15642022,Credit Card Upgrade,False,2026/02/04
6744,15791131,Cashback,False,2026/02/05
6745,15708513,Credit Card Upgrade,False,2026/02/06
6746,15674991,Insurance Bundle,false,2026/02/07
6747,15709459,Credit Card Upgrade,True,2026/02/08
6748,15639049,Credit Card Upgrade,0,2026/02/09
6749,15771442,Investment Plan,True,2026/02/10
6750,15711716,Personal Loan,False,2026/02/11
6751,15728505,Cashback,False,2026/02/12
6752,15714397,Personal Loan,False,2026/02/13
6753,15569976,Investment Plan,True,2026/02/14
6754,15674851,Cashback,True,2026/02/15
6755,15704910,Personal Loan,False,2026/02/16
6756,15627042,Investment Plan,Y,2026/02/17
6757,15714642,Investment Plan,False,2026/02/18
6758,15682454,Insurance Bundle,No,2026/02/19
6759,15641732,Personal Loan,false,2026/02/20
6760,15792222,Credit Card Upgrade,False,2026/02/21
6761,15643439,Cashback,False,2026/02/22
6762,15642870,Investment Plan,False,2026/02/23
6763,15791533,Investment Plan,False,2026/02/24
6764,15707110,Insurance Bundle,False,2026/02/25
6765,15727696,Personal Loan,False,2026/02/26
6766,15771299,Investment Plan,False,2026/02/27
6767,15733032,Investment Plan,False,2026/02/28
6768,15590966,Personal Loan,False,2026/03/01
6769,15662063,Investment Plan,True,2026/03/02
6770,15806880,Investment Plan,False,2026/03/03
6771,15742809,Cashback,N,2026/03/04
6772,15579706,Cashback,False,2026/03/05
6773,15618581,Insurance Bundle,True,2026/03/06
6774,15647890,Insurance Bundle,False,2026/03/07
6775,15605036,Personal Loan,False,2026/03/08
6776,15787051,Personal Loan,False,2026/03/09
6777,15747014,Credit Card Upgrade,False,2026/03/10
6778,15679663,Investment Plan,False,2026/03/11
6779,15802256,Credit Card Upgrade,False,2026/03/12
6780,15744200,Personal Loan,False,2026/03/13
6781,15772896,Personal Loan,False,2026/03/14
6782,15711901,Personal Loan,False,2026/03/15
6783,15812071,Insurance Bundle,False,2026/03/16
6784,15676715,Personal Loan,True,2026/03/17
6785,15793425,Personal Loan,True,2026/03/18
6786,15808223,Investment Plan,False,2026/03/19
6787,15804064,Insurance Bundle,Yes,2026/03/20
6788,15687688,Credit Card Upgrade,True,2026/03/21
6789,15694321,Insurance Bundle,True,2026/03/22
6790,15643770,Personal Loan,False,2026/03/23
6791,15687171,Cashback,False,2026/03/24
6792,15645463,Investment Plan,0,2026/03/25
6793,15718843,Investment Plan,True,2026/03/26
6794,15607691,Investment Plan,Yes,2026/03/27
6795,15808044,Investment Plan,True,2026/03/28
6796,15772423,Personal Loan,True,2026/03/29
6797,15581736,Cashback,True,2026/03/30
6798,15605020,Credit Card Upgrade,False,2026/03/31
6799,15787693,Cashback,False,2026/04/01
6800,15723488,Credit Card Upgrade,Yes,2026/04/02
6801,15734762,Investment Plan,False,2026/04/03
6802,15757632,Investment Plan,False,2026/04/04
6803,15627365,Insurance Bundle,True,2026/04/05
6804,15716984,Insurance Bundle,False,2026/04/06
6805,15690492,Insurance Bundle,True,2026/04/07
6806,15649858,Insurance Bundle,False,2026/04/08
6807,15694852,Investment Plan,True,2026/04/09
6808,15756850,Insurance Bundle,N,2026/04/10
6809,15644753,Cashback,False,2026/04/11
6810,15632446,Cashback,True,2026/04/12
6811,15782144,Cashback,False,2026/04/13
6812,15711901,Cashback,True,2026/04/14
6813,15654519,,False,2026/04/15
6814,15781495,Insurance Bundle,False,2026/04/16
6815,15670416,Insurance Bundle,Y,2026/04/17
6816,15806132,Investment Plan,True,2026/04/18
6817,15740164,Insurance Bundle,False,2026/04/19
6818,15716186,Personal Loan,False,2026/04/20
6819,15806922,Cashback,False,2026/04/21
6820,15644699,Insurance Bundle,False,2026/04/22
6821,15694677,Insurance Bundle,True,2026/04/23
6822,15686219,Investment Plan,False,2026/04/24
6823,15739292,Credit Card Upgrade,Y,2026/04/25
6824,15803685,Insurance Bundle,False,2026/04/26
6825,15723737,,False,2026/04/27
6826,15702190,Personal Loan,False,2026/04/28
6827,15764409,Personal Loan,False,2026/04/29
6828,15713621,Insurance Bundle,False,2026/04/30
6829,15787051,Insurance Bundle,False,2026/05/01
6830,15665963,Insurance Bundle,False,2026/05/02
6831,15661528,Cashback,False,2026/05/03
6832,15670646,Insurance Bundle,True,2026/05/04
6833,15815070,Insurance Bundle,No,2026/05/05
6834,15712960,Credit Card Upgrade,False,2026/05/06
6835,15640421,Personal Loan,False,2026/05/07
6836,15717398,Investment Plan,False,2026/05/08
6837,15606552,Credit Card Upgrade,False,2026/05/09
6838,15576714,Cashback,False,2026/05/10
6839,15810845,Cashback,False,2026/05/11
6840,15694349,Investment Plan,True,2026/05/12
6841,15766185,Investment Plan,False,2026/05/13
6842,15684921,Insurance Bundle,False,2026/05/14
6843,15796218,Personal Loan,false,2026/05/15
6844,15684358,Credit Card Upgrade,True,2026/05/16
6845,15705009,Investment Plan,False,2026/05/17
6846,15764419,Credit Card Upgrade,False,2026/05/18
6847,15581252,Insurance Bundle,False,2026/05/19
6848,15693947,Personal Loan,No,2026/05/20
6849,15791780,Investment Plan,True,2026/05/21
6850,15723989,Cashback,True,2026/05/22
6851,15808960,Credit Card Upgrade,True,2026/05/23
6852,15678210,Credit Card Upgrade,False,2026/05/24
6853,15748034,Investment Plan,False,2026/05/25
6854,15797276,Credit Card Upgrade,False,2026/05/26
6855,15742504,Personal Loan,1,2026/05/27
6856,15764922,Investment Plan,False,2026/05/28
6857,15760446,Personal Loan,False,2026/05/29
6858,15601787,Personal Loan,True,2026/05/30
6859,15721303,Insurance Bundle,False,2026/05/31
6860,15579616,Insurance Bundle,No,2026/06/01
6861,15671915,Insurance Bundle,False,2026/06/02
6862,15603665,Investment Plan,True,2026/06/03
6863,15692761,Investment Plan,False,2026/06/04
6864,15604314,Insurance Bundle,False,2026/06/05
6865,15692631,Cashback,False,2026/06/06
6866,15651389,Personal Loan,False,2026/06/07
6867,15570931,Cashback,True,2026/06/08
6868,15598940,Cashback,1,2026/06/09
6869,15757933,Cashback,1,2026/06/10
6870,15794257,Cashback,False,2026/06/11
6871,15691111,Cashback,True,2026/06/12
6872,15586821,Personal Loan,False,2026/06/13
6873,15778934,Insurance Bundle,False,2026/06/14
6874,15698271,Cashback,False,2026/06/15
6875,15754342,Insurance Bundle,False,2026/06/16
6876,15742204,Credit Card Upgrade,True,2026/06/17
6877,15611318,Personal Loan,False,2026/06/18
6878,15763874,Insurance Bundle,True,2026/06/19
6879,15636982,Credit Card Upgrade,False,2026/06/20
6880,15683471,Insurance Bundle,False,2026/06/21
6881,15723488,Investment Plan,False,2026/06/22
6882,15638231,Investment Plan,True,2026/06/23
6883,15662494,Credit Card Upgrade,False,2026/06/24
6884,15565714,Insurance Bundle,True,2026/06/25
6885,15697283,Credit Card Upgrade,1,2026/06/26
6886,15662397,Credit Card Upgrade,True,2026/06/27
6887,15647311,Credit Card Upgrade,true,2026/06/28
6888,15763898,Credit Card Upgrade,False,2026/06/29
6889,15574886,Personal Loan,True,2026/06/30
6890,15579996,,False,2026/07/01
6891,15783629,Personal Loan,False,2026/07/02
6892,15768881,Personal Loan,False,2026/07/03
6893,15661162,Credit Card Upgrade,True,2026/07/04
6894,15682048,Investment Plan,True,2026/07/05
6895,15693233,Personal Loan,N,2026/07/06
6896,15625021,Cashback,False,2026/07/07
6897,15683339,Cashback,1,2026/07/08
6898,15671591,Personal Loan,True,2026/07/09
6899,15796343,Insurance Bundle,N,2026/07/10
6900,15699446,Investment Plan,False,2026/07/11
6901,15629744,Credit Card Upgrade,True,2026/07/12
6902,15706170,Cashback,No,2026/07/13
6903,15739123,Investment Plan,False,2026/07/14
6904,15735878,Credit Card Upgrade,False,2026/07/15
6905,15582129,Personal Loan,False,2026/07/16
6906,15574169,Credit Card Upgrade,0,2026/07/17
6907,15591552,Personal Loan,False,2026/07/18
6908,15796334,Cashback,True,2026/07/19
6909,15736816,Credit Card Upgrade,True,2026/07/20
6910,15815420,Cashback,False,2026/07/21
6911,15601387,Personal Loan,False,2026/07/22
6912,15668270,Credit Card Upgrade,True,2026/07/23
6913,15773520,Credit Card Upgrade,False,2026/07/24
6914,15761713,Personal Loan,False,2026/07/25
6915,15673907,Investment Plan,False,2026/07/26
6916,15586517,Investment Plan,True,2026/07/27
6917,15773809,Cashback,false,2026/07/28
6918,15590327,Credit Card Upgrade,0,2026/07/29
6919,15735849,Personal Loan,False,2026/07/30
6920,15668853,Credit Card Upgrade,False,2026/07/31
6921,15730830,Investment Plan,True,2026/08/01
6922,15812324,Personal Loan,False,2026/08/02
6923,15599329,Cashback,True,2026/08/03
6924,15628145,Credit Card Upgrade,False,2026/08/04
6925,15688085,Credit Card Upgrade,True,2026/08/05
6926,15699389,Cashback,True,2026/08/06
6927,15571816,Credit Card Upgrade,False,2026/08/07
6928,15762172,Credit Card Upgrade,False,2026/08/08
6929,15647402,Credit Card Upgrade,False,2026/08/09
6930,15705301,Cashback,False,2026/08/10
6931,15592389,Credit Card Upgrade,True,2026/08/11
6932,15815259,Personal Loan,False,2026/08/12
6933,15601569,Personal Loan,False,2026/08/13
6934,15690589,Credit Card Upgrade,False,2026/08/14
6935,15674583,Credit Card Upgrade,False,2026/08/15
6936,15722322,Cashback,True,2026/08/16
6937,15810660,Cashback,False,2026/08/17
6938,15682541,Investment Plan,True,2026/08/18
6939,15625592,Insurance Bundle,True,2026/08/19
6940,15679283,Insurance Bundle,False,2026/08/20
6941,15683213,Investment Plan,False,2026/08/21
6942,15744398,Personal Loan,False,2026/08/22
6943,15709861,Investment Plan,False,2026/08/23
6944,15580623,Personal Loan,True,2026/08/24
6945,15567339,Personal Loan,False,2026/08/25
6946,15667742,Credit Card Upgrade,false,2026/08/26
6947,15791535,Personal Loan,False,2026/08/27
6948,15647292,,False,2026/08/28
6949,15733883,Credit Card Upgrade,False,2026/08/29
6950,15575691,Investment Plan,False,2026/08/30
6951,15584897,Personal Loan,False,2026/08/31
6952,15734202,Investment Plan,False,2026/09/01
6953,15677796,Credit Card Upgrade,False,2026/09/02
6954,15624695,Personal Loan,False,2026/09/03
6955,15746569,Personal Loan,False,2025/09/03
6956,15589881,Investment Plan,False,2025/09/04
6957,15744295,Insurance Bundle,No,2025/09/05
6958,15619932,Cashback,True,2025/09/06
6959,15806327,Personal Loan,False,2025/09/07
6960,15730418,Credit Card Upgrade,False,2025/09/08
6961,15591135,Cashback,N,2025/09/09
6962,15695474,Insurance Bundle,True,2025/09/10
6963,15724099,Cashback,False,2025/09/11
6964,15635531,Credit Card Upgrade,True,2025/09/12
6965,15696287,Investment Plan,False,2025/09/13
6966,15780220,Cashback,False,2025/09/14
6967,15674148,Insurance Bundle,False,2025/09/15
6968,15644400,Personal Loan,False,2025/09/16
6969,15664214,Cashback,False,2025/09/17
6970,15609254,Personal Loan,False,2025/09/18
6971,15724200,Personal Loan,False,2025/09/19
6972,15574761,Personal Loan,False,2025/09/20
6973,15602811,Credit Card Upgrade,False,2025/09/21
6974,15627971,Cashback,true,2025/09/22
6975,15743067,Investment Plan,False,2025/09/23
6976,15642468,Personal Loan,False,2025/09/24
6977,15646817,Insurance Bundle,False,2025/09/25
6978,15801414,Credit Card Upgrade,False,2025/09/26
6979,15570508,Insurance Bundle,True,2025/09/27
6980,15813095,Personal Loan,False,2025/09/28
6981,15627697,Investment Plan,False,2025/09/29
6982,15806922,Personal Loan,False,2025/09/30
6983,15789863,Investment Plan,True,2025/10/01
6984,15574283,Insurance Bundle,True,2025/10/02
6985,15665811,Investment Plan,True,2025/10/03
6986,15739292,,True,2025/10/04
6987,15664752,Cashback,False,2025/10/05
6988,15699095,Credit Card Upgrade,True,2025/10/06
6989,15606386,Personal Loan,Yes,2025/10/07
6990,15742126,Insurance Bundle,False,2025/10/08
6991,15724307,Insurance Bundle,True,2025/10/09
6992,15746902,Personal Loan,False,2025/10/10
6993,15679963,Cashback,False,2025/10/11
6994,15786078,Cashback,False,2025/10/12
6995,15695129,,False,2025/10/13
6996,15806796,Investment Plan,False,2025/10/14
6997,15617657,Credit Card Upgrade,False,2025/10/15
6998,15720774,Investment Plan,False,2025/10/16
6999,15740557,,False,2025/10/17
7000,15640789,Credit Card Upgrade,False,2025/10/18
7001,15814816,Personal Loan,True,2025/10/19
7002,15664150,Personal Loan,False,2025/10/20
7003,15629133,Credit Card Upgrade,True,2025/10/21
7004,15639049,Investment Plan,False,2025/10/22
7005,15743498,Insurance Bundle,False,2025/10/23
7006,15762268,Insurance Bundle,No,2025/10/24
7007,15740283,Cashback,False,2025/10/25
7008,15600379,Personal Loan,False,2025/10/26
7009,15703979,Cashback,False,2025/10/27
7010,15812230,Cashback,False,2025/10/28
7011,15618695,Insurance Bundle,True,2025/10/29
7012,15651823,Insurance Bundle,False,2025/10/30
7013,15787174,Personal Loan,False,2025/10/31
7014,15600173,Investment Plan,True,2025/11/01
7015,15717426,Credit Card Upgrade,True,2025/11/02
7016,15704378,Insurance Bundle,False,2025/11/03
7017,15732202,Credit Card Upgrade,False,2025/11/04
7018,15812338,Cashback,False,2025/11/05
7019,15798906,Insurance Bundle,Y,2025/11/06
7020,15727317,Credit Card Upgrade,False,2025/11/07
7021,15734312,Personal Loan,False,2025/11/08
7022,15626507,Personal Loan,False,2025/11/09
7023,15789874,Cashback,1,2025/11/10
7024,15755642,Investment Plan,False,2025/11/11
7025,15613962,Insurance Bundle,False,2025/11/12
7026,15641640,,True,2025/11/13
7027,15787229,Cashback,False,2025/11/14
7028,15789941,Investment Plan,False,2025/11/15
7029,15746553,Personal Loan,0,2025/11/16
7030,15757895,,True,2025/11/17
7031,15599860,Cashback,False,2025/11/18
7032,15678725,Insurance Bundle,True,2025/11/19
7033,15785519,Credit Card Upgrade,False,2025/11/20
7034,15738715,Credit Card Upgrade,False,2025/11/21
7035,15714087,Credit Card Upgrade,True,2025/11/22
7036,15717489,Insurance Bundle,True,2025/11/23
7037,15652615,Credit Card Upgrade,False,2025/11/24
7038,15765650,Investment Plan,False,2025/11/25
7039,15686345,Insurance Bundle,False,2025/11/26
7040,15719779,Insurance Bundle,True,2025/11/27
7041,15749328,Insurance Bundle,False,2025/11/28
7042,15687738,Credit Card Upgrade,False,2025/11/29
7043,15794493,Credit Card Upgrade,False,2025/11/30
7044,15808175,Credit Card Upgrade,True,2025/12/01
7045,15604804,Personal Loan,false,2025/12/02
7046,15766458,Investment Plan,False,2025/12/03
7047,15726931,Insurance Bundle,False,2025/12/04
7048,15590201,Credit Card Upgrade,False,2025/12/05
7049,15592751,Cashback,True,2025/12/06
7050,15574879,Credit Card Upgrade,False,2025/12/07
7051,15789936,Credit Card Upgrade,False,2025/12/08
7052,15591169,Insurance Bundle,False,2025/12/09
7053,15793346,Cashback,No,2025/12/10
7054,15601589,Insurance Bundle,True,2025/12/11
7055,15733261,Insurance Bundle,False,2025/12/12
7056,15609998,Insurance Bundle,true,2025/12/13
7057,15611365,Insurance Bundle,False,2025/12/14
7058,15776558,Cashback,True,2025/12/15
7059,15584462,Credit Card Upgrade,False,2025/12/16
7060,15802501,Personal Loan,True,2025/12/17
7061,15815443,Personal Loan,False,2025/12/18
7062,15688963,Investment Plan,True,2025/12/19
7063,15585100,Personal Loan,True,2025/12/20
7064,15625632,Insurance Bundle,True,2025/12/21
7065,15587394,Cashback,Y,2025/12/22
7066,15651802,Insurance Bundle,0,2025/12/23
7067,15668057,Investment Plan,False,2025/12/24
7068,15607691,Investment Plan,False,2025/12/25
7069,15745826,Insurance Bundle,False,2025/12/26
7070,15814519,Investment Plan,0,2025/12/27
7071,15703117,Cashback,True,2025/12/28
7072,15716218,Investment Plan,False,2025/12/29
7073,15790247,,False,2025/12/30
7074,15773890,Personal Loan,True,2025/12/31
7075,15808228,Cashback,False,2026/01/01
7076,15790412,Cashback,False,2026/01/02
7077,15690169,Investment Plan,False,2026/01/03
7078,15619857,Insurance Bundle,False,2026/01/04
7079,15635396,Credit Card Upgrade,False,2026/01/05
7080,15813917,Investment Plan,False,2026/01/06
7081,15694366,Credit Card Upgrade,False,2026/01/07
7082,15797381,Personal Loan,False,2026/01/08
7083,15596339,Insurance Bundle,False,2026/01/09
7084,15591248,Personal Loan,True,2026/01/10
7085,15707110,,False,2026/01/11
7086,15786170,Credit Card Upgrade,False,2026/01/12
7087,15732563,Cashback,False,2026/01/13
7088,15801920,Credit Card Upgrade,False,2026/01/14
7089,15612050,Cashback,0,2026/01/15
7090,15788659,Insurance Bundle,False,2026/01/16
7091,15592386,Insurance Bundle,False,2026/01/17
7092,15734762,Investment Plan,True,2026/01/18
7093,15619238,Personal Loan,False,2026/01/19
7094,15684934,Cashback,False,2026/01/20
7095,15584749,Personal Loan,False,2026/01/21
7096,15579781,Cashback,False,2026/01/22
7097,15766355,Insurance Bundle,False,2026/01/23
7098,15776631,Cashback,False,2026/01/24
7099,15780770,Insurance Bundle,True,2026/01/25
7100,15590623,Credit Card Upgrade,True,2026/01/26
7101,15569590,Personal Loan,False,2026/01/27
7102,15730076,Cashback,true,2026/01/28
7103,15593178,Investment Plan,False,2026/01/29
7104,15590476,Investment Plan,False,2026/01/30
7105,15718153,Credit Card Upgrade,False,2026/01/31
7106,15573456,Credit Card Upgrade,False,2026/02/01
7107,15620204,Credit Card Upgrade,False,2026/02/02
7108,15774179,Personal Loan,True,2026/02/03
7109,15751120,Credit Card Upgrade,False,2026/02/04
7110,15793478,Cashback,0,2026/02/05
7111,15752601,Insurance Bundle,1,2026/02/06
7112,15681697,Cashback,True,2026/02/07
7113,15624715,Insurance Bundle,False,2026/02/08
7114,15615177,Personal Loan,False,2026/02/09
7115,15654025,Personal Loan,False,2026/02/10
7116,15734609,Cashback,False,2026/02/11
7117,15808223,,False,2026/02/12
7118,15710257,Insurance Bundle,True,2026/02/13
7119,15582591,Personal Loan,False,2026/02/14
7120,15699335,Insurance Bundle,False,2026/02/15
7121,15677288,Investment Plan,False,2026/02/16
7122,15750803,Personal Loan,False,2026/02/17
7123,15763055,Investment Plan,True,2026/02/18
7124,15618258,Credit Card Upgrade,True,2026/02/19
7125,15755416,Credit Card Upgrade,False,2026/02/20
7126,15738672,Insurance Bundle,False,2026/02/21
7127,15733119,Insurance Bundle,False,2026/02/22
7128,15626135,Personal Loan,Y,2026/02/23
7129,15655360,Credit Card Upgrade,False,2026/02/24
7130,15814664,Credit Card Upgrade,False,2026/02/25
7131,15583576,,False,2026/02/26
7132,15677336,Cashback,False,2026/02/27
7133,15631162,Credit Card Upgrade,False,2026/02/28
7134,15808846,Cashback,False,2026/03/01
7135,15595324,Personal Loan,False,2026/03/02
7136,15704987,Investment Plan,False,2026/03/03
7137,15706587,Investment Plan,False,2026/03/04
7138,15589147,Investment Plan,false,2026/03/05
7139,15614520,Credit Card Upgrade,True,2026/03/06
7140,15588123,Insurance Bundle,True,2026/03/07
7141,15689328,Investment Plan,1,2026/03/08
7142,15734161,Credit Card Upgrade,True,2026/03/09
7143,15636624,Personal Loan,False,2026/03/10
7144,15738166,Credit Card Upgrade,False,2026/03/11
7145,15649450,Personal Loan,False,2026/03/12
7146,15584897,Personal Loan,True,2026/03/13
7147,15615457,Credit Card Upgrade,False,2026/03/14
7148,15809830,Investment Plan,False,2026/03/15
7149,15629793,Insurance Bundle,False,2026/03/16
7150,15602735,Investment Plan,True,2026/03/17
7151,15642004,Cashback,True,2026/03/18
7152,15735263,Personal Loan,false,2026/03/19
7153,15681878,Credit Card Upgrade,False,2026/03/20
7154,15613786,Personal Loan,False,2026/03/21
7155,15642063,Cashback,False,2026/03/22
7156,15751392,Personal Loan,False,2026/03/23
7157,15569266,Insurance Bundle,False,2026/03/24
7158,15751203,Personal Loan,False,2026/03/25
7159,15648951,Personal Loan,True,2026/03/26
7160,15690332,Insurance Bundle,False,2026/03/27
7161,15585985,Investment Plan,No,2026/03/28
7162,15606554,Credit Card Upgrade,False,2026/03/29
7163,15578788,Cashback,False,2026/03/30
7164,15711062,Insurance Bundle,False,2026/03/31
7165,15771580,Credit Card Upgrade,False,2026/04/01
7166,15622658,Investment Plan,0,2026/04/02
7167,15706268,Personal Loan,True,2026/04/03
7168,15646302,Investment Plan,false,2026/04/04
7169,15783338,Personal Loan,True,2026/04/05
7170,15743067,Personal Loan,False,2026/04/06
7171,15701074,Credit Card Upgrade,False,2026/04/07
7172,15609977,Insurance Bundle,false,2026/04/08
7173,15758477,Credit Card Upgrade,No,2026/04/09
7174,15715345,Investment Plan,True,2026/04/10
7175,15709604,Cashback,false,2026/04/11
7176,15706904,Insurance Bundle,True,2026/04/12
7177,15787189,Personal Loan,0,2026/04/13
7178,15612418,Personal Loan,True,2026/04/14
7179,15806956,Personal Loan,True,2026/04/15
7180,15704340,Cashback,False,2026/04/16
7181,15664547,Insurance Bundle,False,2026/04/17
7182,15728352,Investment Plan,False,2026/04/18
7183,15805429,Investment Plan,True,2026/04/19
7184,15719898,Credit Card Upgrade,False,2026/04/20
7185,15717065,Personal Loan,Y,2026/04/21
7186,15667462,Insurance Bundle,False,2026/04/22
7187,15671148,Cashback,False,2026/04/23
7188,15629846,Insurance Bundle,True,2026/04/24
7189,15714689,Investment Plan,False,2026/04/25
7190,15750867,Credit Card Upgrade,False,2026/04/26
7191,15809837,Cashback,False,2026/04/27
7192,15630910,Credit Card Upgrade,No,2026/04/28
7193,15734609,Personal Loan,False,2026/04/29
7194,15736769,Insurance Bundle,False,2026/04/30
7195,15574830,,False,2026/05/01
7196,15693200,Personal Loan,N,2026/05/02
7197,15681990,,False,2026/05/03
7198,15748432,Personal Loan,True,2026/05/04
7199,15774696,Investment Plan,False,2026/05/05
7200,15667971,Credit Card Upgrade,False,2026/05/06
7201,15664543,Insurance Bundle,False,2026/05/07
7202,15757933,,True,2026/05/08
7203,15607176,Personal Loan,False,2026/05/09
7204,15684147,Personal Loan,False,2026/05/10
7205,15732660,Insurance Bundle,False,2026/05/11
7206,15683027,Personal Loan,False,2026/05/12
7207,15717489,Insurance Bundle,True,2026/05/13
7208,15741078,Personal Loan,True,2026/05/14
7209,15583681,Personal Loan,False,2026/05/15
7210,15669945,Insurance Bundle,False,2026/05/16
7211,15706537,Insurance Bundle,False,2026/05/17
7212,15744423,Investment Plan,True,2026/05/18
7213,15603594,Credit Card Upgrade,True,2026/05/19
7214,15773751,Insurance Bundle,False,2026/05/20
7215,15631681,,False,2026/05/21
7216,15704657,Investment Plan,False,2026/05/22
7217,15597885,Credit Card Upgrade,N,2026/05/23
7218,15801293,Insurance Bundle,False,2026/05/24
7219,15611287,Credit Card Upgrade,False,2026/05/25
7220,15686913,Cashback,False,2026/05/26
7221,15661380,Credit Card Upgrade,True,2026/05/27
7222,15766458,Personal Loan,False,2026/05/28
7223,15656148,Cashback,False,2026/05/29
7224,15782210,Investment Plan,True,2026/05/30
7225,15680611,Credit Card Upgrade,False,2026/05/31
7226,15670753,Insurance Bundle,True,2026/06/01
7227,15699238,Investment Plan,False,2026/06/02
7228,15720929,Personal Loan,False,2026/06/03
7229,15626948,Personal Loan,False,2026/06/04
7230,15727605,,False,2026/06/05
7231,15669922,Personal Loan,True,2026/06/06
7232,15723620,Investment Plan,False,2026/06/07
7233,15598695,Personal Loan,True,2026/06/08
7234,15760851,Personal Loan,False,2026/06/09
7235,15811762,Credit Card Upgrade,True,2026/06/10
7236,15772601,Insurance Bundle,False,2026/06/11
7237,15601857,Insurance Bundle,No,2026/06/12
7238,15684171,Investment Plan,False,2026/06/13
7239,15680587,Personal Loan,0,2026/06/14
7240,15692430,Cashback,False,2026/06/15
7241,15814664,Credit Card Upgrade,False,2026/06/16
7242,15697183,Cashback,False,2026/06/17
7243,15764195,Insurance Bundle,True,2026/06/18
7244,15744423,Personal Loan,N,2026/06/19
7245,15670266,Credit Card Upgrade,False,2026/06/20
7246,15631681,Personal Loan,False,2026/06/21
7247,15618647,Personal Loan,Y,2026/06/22
7248,15636423,Insurance Bundle,No,2026/06/23
7249,15587676,Investment Plan,True,2026/06/24
7250,15679738,Credit Card Upgrade,False,2026/06/25
7251,15778481,Credit Card Upgrade,True,2026/06/26
7252,15642833,Investment Plan,True,2026/06/27
7253,15665374,Cashback,N,2026/06/28
7254,15570947,Personal Loan,False,2026/06/29
7255,15626948,Insurance Bundle,False,2026/06/30
7256,15809847,Cashback,False,2026/07/01
7257,15613945,Credit Card Upgrade,false,2026/07/02
7258,15789548,Credit Card Upgrade,False,2026/07/03
7259,15616833,Personal Loan,False,2026/07/04
7260,15782360,,False,2026/07/05
7261,15715079,Credit Card Upgrade,True,2026/07/06
7262,15764726,Investment Plan,True,2026/07/07
7263,15633840,Credit Card Upgrade,False,2026/07/08
7264,15665181,Personal Loan,False,2026/07/09
7265,15650026,Credit Card Upgrade,False,2026/07/10
7266,15635598,Credit Card Upgrade,False,2026/07/11
7267,15605872,Cashback,False,2026/07/12
7268,15606554,Credit Card Upgrade,False,2026/07/13
7269,15735221,Credit Card Upgrade,False,2026/07/14
7270,15800583,Personal Loan,False,2026/07/15
7271,15614813,Investment Plan,True,2026/07/16
7272,15679760,Cashback,False,2026/07/17
7273,15697546,Insurance Bundle,False,2026/07/18
7274,15569572,Personal Loan,False,2026/07/19
7275,15713532,Insurance Bundle,False,2026/07/20
7276,15695632,Personal Loan,False,2026/07/21
7277,15776454,Investment Plan,Y,2026/07/22
7278,15762729,Cashback,False,2026/07/23
7279,15665416,Insurance Bundle,False,2026/07/24
7280,15733119,Insurance Bundle,Y,2026/07/25
7281,15584749,Investment Plan,False,2026/07/26
7282,15775490,Credit Card Upgrade,False,2026/07/27
7283,15574004,Personal Loan,False,2026/07/28
7284,15705298,,False,2026/07/29
7285,15812184,Cashback,False,2026/07/30
7286,15686812,Personal Loan,False,2026/07/31
7287,15655648,Personal Loan,False,2026/08/01
7288,15725835,Credit Card Upgrade,False,2026/08/02
7289,15744913,Personal Loan,True,2026/08/03
7290,15604813,Credit Card Upgrade,1,2026/08/04
7291,15681206,Insurance Bundle,False,2026/08/05
7292,15801699,Cashback,False,2026/08/06
7293,15796813,Personal Loan,False,2026/08/07
7294,15654457,Investment Plan,false,2026/08/08
7295,15700813,Personal Loan,False,2026/08/09
7296,15790689,Investment Plan,True,2026/08/10
7297,15624510,Credit Card Upgrade,False,2026/08/11
7298,15732643,Investment Plan,False,2026/08/12
7299,15690925,Investment Plan,False,2026/08/13
7300,15805303,Insurance Bundle,False,2026/08/14
7301,15634950,Investment Plan,False,2026/08/15
7302,15796787,Cashback,True,2026/08/16
7303,15635116,Cashback,False,2026/08/17
7304,15670416,Investment Plan,true,2026/08/18
7305,15709639,Investment Plan,True,2026/08/19
7306,15806256,Insurance Bundle,False,2026/08/20
7307,15747222,Insurance Bundle,False,2026/08/21
7308,15733883,Insurance Bundle,True,2026/08/22
7309,15787151,Personal Loan,False,2026/08/23
7310,15673837,Investment Plan,True,2026/08/24
7311,15636423,Credit Card Upgrade,False,2026/08/25
7312,15644280,Cashback,Yes,2026/08/26
7313,15776156,Cashback,True,2026/08/27
7314,15692929,Investment Plan,False,2026/08/28
7315,15754578,Investment Plan,True,2026/08/29
7316,15626144,Insurance Bundle,No,2026/08/30
7317,15789014,Investment Plan,True,2026/08/31
7318,15641110,Credit Card Upgrade,0,2026/09/01
7319,15614878,Investment Plan,False,2026/09/02
7320,15769902,Cashback,false,2026/09/03
7321,15797197,Cashback,True,2025/09/03
7322,15621687,Credit Card Upgrade,false,2025/09/04
7323,15792004,Cashback,False,2025/09/05
7324,15735636,Insurance Bundle,N,2025/09/06
7325,15785899,Credit Card Upgrade,False,2025/09/07
7326,15740494,Personal Loan,False,2025/09/08
7327,15720702,Credit Card Upgrade,False,2025/09/09
7328,15569917,Insurance Bundle,False,2025/09/10
7329,15693259,Insurance Bundle,False,2025/09/11
7330,15644977,Insurance Bundle,True,2025/09/12
7331,15670702,Personal Loan,False,2025/09/13
7332,15689952,Insurance Bundle,Y,2025/09/14
7333,15769346,Credit Card Upgrade,False,2025/09/15
7334,15703923,Investment Plan,True,2025/09/16
7335,15650351,Investment Plan,True,2025/09/17
7336,15577587,Credit Card Upgrade,True,2025/09/18
7337,15763093,Credit Card Upgrade,N,2025/09/19
7338,15572956,Credit Card Upgrade,True,2025/09/20
7339,15754068,Credit Card Upgrade,True,2025/09/21
7340,15730038,Credit Card Upgrade,False,2025/09/22
7341,15675450,Investment Plan,False,2025/09/23
7342,15808175,Personal Loan,True,2025/09/24
7343,15645593,Personal Loan,False,2025/09/25
7344,15586680,Insurance Bundle,N,2025/09/26
7345,15649112,Insurance Bundle,True,2025/09/27
7346,15692110,Insurance Bundle,0,2025/09/28
7347,15815428,Investment Plan,False,2025/09/29
7348,15682541,Cashback,True,2025/09/30
7349,15684512,Personal Loan,False,2025/10/01
7350,15577806,Insurance Bundle,False,2025/10/02
7351,15600110,Credit Card Upgrade,False,2025/10/03
7352,15572547,Investment Plan,True,2025/10/04
7353,15766458,Investment Plan,False,2025/10/05
7354,15739248,Personal Loan,True,2025/10/06
7355,15780835,Cashback,False,2025/10/07
7356,15682778,Insurance Bundle,False,2025/10/08
7357,15590337,Investment Plan,False,2025/10/09
7358,15643359,,True,2025/10/10
7359,15663312,Insurance Bundle,False,2025/10/11
7360,15621116,Insurance Bundle,True,2025/10/12
7361,15648858,Cashback,False,2025/10/13
7362,15800517,Cashback,True,2025/10/14
7363,15784301,Credit Card Upgrade,False,2025/10/15
7364,15762803,Investment Plan,True,2025/10/16
7365,15642726,Insurance Bundle,False,2025/10/17
7366,15577398,Credit Card Upgrade,False,2025/10/18
7367,15692291,Credit Card Upgrade,True,2025/10/19
7368,15666055,Investment Plan,False,2025/10/20
7369,15603830,Cashback,True,2025/10/21
7370,15691119,Personal Loan,False,2025/10/22
7371,15754999,Investment Plan,False,2025/10/23
7372,15800524,Investment Plan,False,2025/10/24
7373,15640074,Credit Card Upgrade,0,2025/10/25
7374,15779174,Insurance Bundle,False,2025/10/26
7375,15789014,Investment Plan,N,2025/10/27
7376,15637461,Personal Loan,True,2025/10/28
7377,15692575,Investment Plan,False,2025/10/29
7378,15757310,Credit Card Upgrade,False,2025/10/30
7379,15711316,Cashback,False,2025/10/31
7380,15642710,Credit Card Upgrade,False,2025/11/01
7381,15738936,Cashback,True,2025/11/02
7382,15807663,Investment Plan,False,2025/11/03
7383,15637891,Investment Plan,False,2025/11/04
7384,15799785,Cashback,False,2025/11/05
7385,15584620,Credit Card Upgrade,0,2025/11/06
7386,15734609,Personal Loan,1,2025/11/07
7387,15567802,Cashback,False,2025/11/08
7388,15810010,Insurance Bundle,No,2025/11/09
7389,15756918,Cashback,false,2025/11/10
7390,15654964,Personal Loan,True,2025/11/11
7391,15746664,Cashback,True,2025/11/12
7392,15600280,Insurance Bundle,No,2025/11/13
7393,15718454,Cashback,True,2025/11/14
7394,15590623,Investment Plan,True,2025/11/15
7395,15760456,Insurance Bundle,False,2025/11/16
7396,15600692,Cashback,False,2025/11/17
7397,15576714,Credit Card Upgrade,False,2025/11/18
7398,15789014,Insurance Bundle,False,2025/11/19
7399,15798256,Personal Loan,False,2025/11/20
7400,15798906,Cashback,False,2025/11/21
7401,15775153,Credit Card Upgrade,False,2025/11/22
7402,15658067,Credit Card Upgrade,True,2025/11/23
7403,15607526,Investment Plan,False,2025/11/24
7404,15655274,Personal Loan,False,2025/11/25
7405,15750772,Investment Plan,True,2025/11/26
7406,15667438,Investment Plan,False,2025/11/27
7407,15790757,Personal Loan,False,2025/11/28
7408,15792008,Insurance Bundle,True,2025/11/29
7409,15797389,Credit Card Upgrade,False,2025/11/30
7410,15815295,Personal Loan,False,2025/12/01
7411,15622182,Investment Plan,True,2025/12/02
7412,15709523,,False,2025/12/03
7413,15814430,Cashback,True,2025/12/04
7414,15790599,Cashback,False,2025/12/05
7415,15746553,Personal Loan,False,2025/12/06
7416,15724876,Investment Plan,False,2025/12/07
7417,15692718,Credit Card Upgrade,False,2025/12/08
7418,15715715,Insurance Bundle,false,2025/12/09
7419,15584897,Investment Plan,False,2025/12/10
7420,15617078,Insurance Bundle,False,2025/12/11
7421,15715003,Investment Plan,True,2025/12/12
7422,15588587,Investment Plan,False,2025/12/13
7423,15657449,Cashback,False,2025/12/14
7424,15630725,Cashback,False,2025/12/15
7425,15583371,Personal Loan,False,2025/12/16
7426,15616700,,False,2025/12/17
7427,15574004,Insurance Bundle,False,2025/12/18
7428,15585777,Personal Loan,False,2025/12/19
7429,15755330,Investment Plan,False,2025/12/20
7430,15574012,Cashback,Yes,2025/12/21
7431,15712199,Investment Plan,True,2025/12/22
7432,15694272,,False,2025/12/23
7433,15567991,Credit Card Upgrade,False,2025/12/24
7434,15767432,Cashback,False,2025/12/25
7435,15791326,Cashback,False,2025/12/26
7436,15749557,Personal Loan,True,2025/12/27
7437,15667751,Personal Loan,False,2025/12/28
7438,15579996,Cashback,False,2025/12/29
7439,15665629,Investment Plan,False,2025/12/30
7440,15619801,Personal Loan,0,2025/12/31
7441,15676521,Cashback,False,2026/01/01
7442,15610343,Cashback,True,2026/01/02
7443,15611961,Insurance Bundle,No,2026/01/03
7444,15744913,Credit Card Upgrade,True,2026/01/04
7445,15611973,Cashback,False,2026/01/05
7446,15711834,Credit Card Upgrade,False,2026/01/06
7447,15777904,Credit Card Upgrade,False,2026/01/07
7448,15599126,Cashback,True,2026/01/08
7449,15726167,Cashback,False,2026/01/09
7450,15667602,Personal Loan,True,2026/01/10
7451,15815295,Cashback,False,2026/01/11
7452,15625141,Insurance Bundle,True,2026/01/12
7453,15734917,Credit Card Upgrade,False,2026/01/13
7454,15698246,Personal Loan,False,2026/01/14
7455,15640418,Insurance Bundle,False,2026/01/15
7456,15800688,Insurance Bundle,False,2026/01/16
7457,15736250,Personal Loan,N,2026/01/17
7458,15770567,Cashback,False,2026/01/18
7459,15623202,Personal Loan,True,2026/01/19
7460,15796179,Insurance Bundle,True,2026/01/20
7461,15795878,,False,2026/01/21
7462,15678720,Cashback,False,2026/01/22
7463,15682686,Investment Plan,True,2026/01/23
7464,15605286,Credit Card Upgrade,False,2026/01/24
7465,15628155,Cashback,False,2026/01/25
7466,15783398,Investment Plan,False,2026/01/26
7467,15743293,Credit Card Upgrade,False,2026/01/27
7468,15755330,Credit Card Upgrade,False,2026/01/28
7469,15614847,Cashback,False,2026/01/29
7470,15790247,Personal Loan,False,2026/01/30
7471,15781903,Credit Card Upgrade,True,2026/01/31
7472,15614520,Insurance Bundle,False,2026/02/01
7473,15815295,Personal Loan,N,2026/02/02
7474,15644692,Personal Loan,False,2026/02/03
7475,15653620,Insurance Bundle,False,2026/02/04
7476,15617657,Insurance Bundle,True,2026/02/05
7477,15746805,Personal Loan,False,2026/02/06
7478,15622017,Credit Card Upgrade,True,2026/02/07
7479,15568849,Insurance Bundle,False,2026/02/08
7480,15645103,Cashback,False,2026/02/09
7481,15602929,Credit Card Upgrade,False,2026/02/10
7482,15717706,Credit Card Upgrade,True,2026/02/11
7483,15618446,Personal Loan,False,2026/02/12
7484,15659092,Personal Loan,False,2026/02/13
7485,15814690,Cashback,False,2026/02/14
7486,15599126,Investment Plan,false,2026/02/15
7487,15738785,Cashback,True,2026/02/16
7488,15628274,Insurance Bundle,False,2026/02/17
7489,15662532,Insurance Bundle,False,2026/02/18
7490,15651315,Personal Loan,True,2026/02/19
7491,15703292,Cashback,True,2026/02/20
7492,15790630,Personal Loan,False,2026/02/21
7493,15613319,Investment Plan,Yes,2026/02/22
7494,15651533,Cashback,True,2026/02/23
7495,15757895,Insurance Bundle,1,2026/02/24
7496,15800688,Personal Loan,False,2026/02/25
7497,15811970,Personal Loan,True,2026/02/26
7498,15569410,Credit Card Upgrade,False,2026/02/27
7499,15725076,Cashback,False,2026/02/28
7500,15721433,Insurance Bundle,False,2026/03/01
7501,15672983,Credit Card Upgrade,True,2026/03/02
7502,15653952,Personal Loan,False,2026/03/03
7503,15572174,Credit Card Upgrade,False,2026/03/04
7504,15590676,Cashback,True,2026/03/05
7505,15572294,Insurance Bundle,True,2026/03/06
7506,15581736,Investment Plan,False,2026/03/07
7507,15694556,Cashback,True,2026/03/08
7508,15677369,Cashback,False,2026/03/09
7509,15785290,Credit Card Upgrade,False,2026/03/10
7510,15764409,Cashback,True,2026/03/11
7511,15625021,Investment Plan,False,2026/03/12
7512,15630661,Cashback,0,2026/03/13
7513,15755223,,False,2026/03/14
7514,15664793,Personal Loan,True,2026/03/15
7515,15568120,Cashback,False,2026/03/16
7516,15662574,Insurance Bundle,True,2026/03/17
7517,15760865,Investment Plan,False,2026/03/18
7518,15598892,Personal Loan,False,2026/03/19
7519,15722350,Insurance Bundle,True,2026/03/20
7520,15770548,Credit Card Upgrade,False,2026/03/21
7521,15635752,Investment Plan,True,2026/03/22
7522,15566467,Credit Card Upgrade,False,2026/03/23
7523,15640627,Insurance Bundle,No,2026/03/24
7524,15676513,Investment Plan,True,2026/03/25
7525,15719541,Credit Card Upgrade,False,2026/03/26
7526,15676091,Cashback,True,2026/03/27
7527,15799217,Personal Loan,False,2026/03/28
7528,15725036,Investment Plan,False,2026/03/29
7529,15768530,Credit Card Upgrade,True,2026/03/30
7530,15762123,Cashback,False,2026/03/31
7531,15656627,Personal Loan,True,2026/04/01
7532,15741275,Insurance Bundle,No,2026/04/02
7533,15570895,Credit Card Upgrade,False,2026/04/03
7534,15778149,Credit Card Upgrade,False,2026/04/04
7535,15581626,Cashback,False,2026/04/05
7536,15753719,Credit Card Upgrade,False,2026/04/06
7537,15664270,Personal Loan,False,2026/04/07
7538,15711901,Cashback,True,2026/04/08
7539,15771668,Insurance Bundle,False,2026/04/09
7540,15766017,Credit Card Upgrade,False,2026/04/10
7541,15791316,Cashback,False,2026/04/11
7542,15702499,Cashback,False,2026/04/12
7543,15582246,Personal Loan,True,2026/04/13
7544,15576824,Insurance Bundle,false,2026/04/14
7545,15691723,Investment Plan,False,2026/04/15
7546,15681126,Credit Card Upgrade,True,2026/04/16
7547,15719090,Personal Loan,True,2026/04/17
7548,15740356,Personal Loan,0,2026/04/18
7549,15734461,Credit Card Upgrade,True,2026/04/19
7550,15592025,Investment Plan,1,2026/04/20
7551,15773804,Cashback,False,2026/04/21
7552,15581811,Cashback,False,2026/04/22
7553,15770030,Credit Card Upgrade,True,2026/04/23
7554,15623502,Credit Card Upgrade,False,2026/04/24
7555,15618213,Credit Card Upgrade,True,2026/04/25
7556,15787619,Cashback,True,2026/04/26
7557,15755262,Investment Plan,0,2026/04/27
7558,15754113,,Y,2026/04/28
7559,15734714,Cashback,False,2026/04/29
7560,15709252,Investment Plan,True,2026/04/30
7561,15702566,Cashback,false,2026/05/01
7562,15674840,Personal Loan,False,2026/05/02
7563,15645517,Cashback,False,2026/05/03
7564,15694192,Cashback,false,2026/05/04
7565,15581811,Personal Loan,True,2026/05/05
7566,15569917,Credit Card Upgrade,False,2026/05/06
7567,15750410,Credit Card Upgrade,False,2026/05/07
7568,15765283,Personal Loan,True,2026/05/08
7569,15659931,Investment Plan,True,2026/05/09
7570,15775067,Personal Loan,Y,2026/05/10
7571,15633474,Personal Loan,0,2026/05/11
7572,15662532,Investment Plan,Y,2026/05/12
7573,15624695,Investment Plan,False,2026/05/13
7574,15794939,Investment Plan,False,2026/05/14
7575,15801169,Personal Loan,False,2026/05/15
7576,15715079,Investment Plan,False,2026/05/16
7577,15592089,Personal Loan,False,2026/05/17
7578,15725835,Investment Plan,True,2026/05/18
7579,15800583,Cashback,False,2026/05/19
7580,15771442,Investment Plan,False,2026/05/20
7581,15733876,Personal Loan,False,2026/05/21
7582,15645815,Cashback,True,2026/05/22
7583,15680046,Cashback,False,2026/05/23
7584,15583755,Cashback,True,2026/05/24
7585,15781530,Cashback,True,2026/05/25
7586,15783955,Cashback,False,2026/05/26
7587,15734610,Investment Plan,0,2026/05/27
7588,15683276,Investment Plan,False,2026/05/28
7589,15572792,Credit Card Upgrade,True,2026/05/29
7590,15804072,Credit Card Upgrade,False,2026/05/30
7591,15775067,Cashback,False,2026/05/31
7592,15734085,Cashback,False,2026/06/01
7593,15584704,Credit Card Upgrade,N,2026/06/02
7594,15790958,Investment Plan,False,2026/06/03
7595,15702464,Insurance Bundle,No,2026/06/04
7596,15630661,Insurance Bundle,No,2026/06/05
7597,15569976,Personal Loan,False,2026/06/06
7598,15606836,Cashback,True,2026/06/07
7599,15699753,Cashback,0,2026/06/08
7600,15804853,Insurance Bundle,False,2026/06/09
7601,15748595,Insurance Bundle,True,2026/06/10
7602,15572158,Credit Card Upgrade,false,2026/06/11
7603,15763898,Credit Card Upgrade,1,2026/06/12
7604,15617078,Credit Card Upgrade,False,2026/06/13
7605,15693088,Investment Plan,False,2026/06/14
7606,15721303,Cashback,True,2026/06/15
7607,15710257,Insurance Bundle,False,2026/06/16
7608,15768104,Cashback,True,2026/06/17
7609,15788676,Credit Card Upgrade,True,2026/06/18
7610,15595067,,True,2026/06/19
7611,15742534,Investment Plan,False,2026/06/20
7612,15599860,Cashback,True,2026/06/21
7613,15569917,Cashback,false,2026/06/22
7614,15598892,Investment Plan,True,2026/06/23
7615,15734765,Investment Plan,True,2026/06/24
7616,15684921,,False,2026/06/25
7617,15706764,Insurance Bundle,False,2026/06/26
7618,15588450,Insurance Bundle,False,2026/06/27
7619,15625247,Insurance Bundle,False,2026/06/28
7620,15699257,Personal Loan,False,2026/06/29
7621,15747772,,True,2026/06/30
7622,15651336,Cashback,True,2026/07/01
7623,15803365,Insurance Bundle,False,2026/07/02
7624,15814004,Personal Loan,False,2026/07/03
7625,15756425,Credit Card Upgrade,False,2026/07/04
7626,15678571,Credit Card Upgrade,False,2026/07/05
7627,15784320,Investment Plan,True,2026/07/06
7628,15589204,Investment Plan,False,2026/07/07
7629,15747014,Credit Card Upgrade,true,2026/07/08
7630,15756425,Investment Plan,False,2026/07/09
7631,15632859,Cashback,True,2026/07/10
7632,15796505,Cashback,N,2026/07/11
7633,15694404,Insurance Bundle,False,2026/07/12
7634,15676091,Investment Plan,False,2026/07/13
7635,15773487,Personal Loan,True,2026/07/14
7636,15567557,Credit Card Upgrade,True,2026/07/15
7637,15704442,Credit Card Upgrade,False,2026/07/16
7638,15641715,Insurance Bundle,False,2026/07/17
7639,15613886,Investment Plan,False,2026/07/18
7640,15815660,Investment Plan,False,2026/07/19
7641,15584091,Insurance Bundle,False,2026/07/20
7642,15737782,Insurance Bundle,False,2026/07/21
7643,15732967,Personal Loan,True,2026/07/22
7644,15727857,Personal Loan,false,2026/07/23
7645,15711062,Cashback,True,2026/07/24
7646,15579914,Insurance Bundle,False,2026/07/25
7647,15688644,Credit Card Upgrade,False,2026/07/26
7648,15638988,Personal Loan,True,2026/07/27
7649,15788131,Credit Card Upgrade,True,2026/07/28
7650,15626212,Credit Card Upgrade,False,2026/07/29
7651,15628008,Investment Plan,False,2026/07/30
7652,15651802,Insurance Bundle,0,2026/07/31
7653,15737133,Personal Loan,True,2026/08/01
7654,15709459,Credit Card Upgrade,True,2026/08/02
7655,15664860,Credit Card Upgrade,False,2026/08/03
7656,15680736,Credit Card Upgrade,True,2026/08/04
7657,15797686,Insurance Bundle,False,2026/08/05
7658,15779744,Personal Loan,False,2026/08/06
7659,15804038,Credit Card Upgrade,False,2026/08/07
7660,15688868,Investment Plan,True,2026/08/08
7661,15693902,Investment Plan,False,2026/08/09
7662,15643496,Credit Card Upgrade,False,2026/08/10
7663,15605263,Credit Card Upgrade,True,2026/08/11
7664,15738785,Credit Card Upgrade,False,2026/08/12
7665,15598892,Personal Loan,False,2026/08/13
7666,15757916,Personal Loan,True,2026/08/14
7667,15686885,Personal Loan,False,2026/08/15
7668,15790810,Credit Card Upgrade,Yes,2026/08/16
7669,15721377,Insurance Bundle,False,2026/08/17
7670,15750447,Investment Plan,True,2026/08/18
7671,15766355,Credit Card Upgrade,False,2026/08/19
7672,15742323,Investment Plan,False,2026/08/20
7673,15792649,Credit Card Upgrade,False,2026/08/21
7674,15626898,Personal Loan,False,2026/08/22
7675,15753861,,False,2026/08/23
7676,15586993,Personal Loan,True,2026/08/24
7677,15700654,Cashback,True,2026/08/25
7678,15673342,Investment Plan,False,2026/08/26
7679,15710424,Personal Loan,True,2026/08/27
7680,15797627,Credit Card Upgrade,True,2026/08/28
7681,15728605,Personal Loan,False,2026/08/29
7682,15787907,Credit Card Upgrade,True,2026/08/30
7683,15803689,Personal Loan,False,2026/08/31
7684,15750921,Credit Card Upgrade,true,2026/09/01
7685,15810660,Credit Card Upgrade,True,2026/09/02
7686,15814519,Personal Loan,True,2026/09/03
7687,15750808,,True,2025/09/03
7688,15713949,Cashback,False,2025/09/04
7689,15782993,Credit Card Upgrade,False,2025/09/05
7690,15596575,Personal Loan,False,2025/09/06
7691,15672374,Investment Plan,False,2025/09/07
7692,15661591,Insurance Bundle,False,2025/09/08
7693,15683562,Insurance Bundle,True,2025/09/09
7694,15726588,,Y,2025/09/10
7695,15688251,Insurance Bundle,False,2025/09/11
7696,15759915,Personal Loan,False,2025/09/12
7697,15711602,Insurance Bundle,False,2025/09/13
7698,15674840,Credit Card Upgrade,False,2025/09/14
7699,15723894,Cashback,True,2025/09/15
7700,15728012,Cashback,N,2025/09/16
7701,15605275,Personal Loan,False,2025/09/17
7702,15743709,Cashback,False,2025/09/18
7703,15728167,Insurance Bundle,True,2025/09/19
7704,15672894,Investment Plan,False,2025/09/20
7705,15575510,Insurance Bundle,False,2025/09/21
7706,15636478,Personal Loan,False,2025/09/22
7707,15709531,Cashback,False,2025/09/23
7708,15656829,Investment Plan,True,2025/09/24
7709,15785290,Credit Card Upgrade,False,2025/09/25
7710,15596710,Personal Loan,False,2025/09/26
7711,15666252,Credit Card Upgrade,1,2025/09/27
7712,15623647,Investment Plan,True,2025/09/28
7713,15637753,Investment Plan,False,2025/09/29
7714,15693264,Credit Card Upgrade,True,2025/09/30
7715,15588449,Credit Card Upgrade,True,2025/10/01
7716,15638068,Investment Plan,False,2025/10/02
7717,15609669,Insurance Bundle,True,2025/10/03
7718,15596710,Credit Card Upgrade,False,2025/10/04
7719,15569678,Personal Loan,N,2025/10/05
7720,15800703,Personal Loan,False,2025/10/06
7721,15726556,Cashback,False,2025/10/07
7722,15712319,Personal Loan,False,2025/10/08
7723,15660155,Cashback,False,2025/10/09
7724,15620936,Personal Loan,True,2025/10/10
7725,15610765,Personal Loan,True,2025/10/11
7726,15671387,Insurance Bundle,False,2025/10/12
7727,15745794,Credit Card Upgrade,0,2025/10/13
7728,15764021,Credit Card Upgrade,True,2025/10/14
7729,15747808,Personal Loan,N,2025/10/15
7730,15616700,Cashback,False,2025/10/16
7731,15746451,Cashback,False,2025/10/17
7732,15788776,Personal Loan,True,2025/10/18
7733,15624072,Personal Loan,False,2025/10/19
7734,15572547,Personal Loan,Y,2025/10/20
7735,15727281,Insurance Bundle,False,2025/10/21
7736,15806230,Insurance Bundle,False,2025/10/22
7737,15694852,Investment Plan,True,2025/10/23
7738,15737051,Personal Loan,False,2025/10/24
7739,15720687,Investment Plan,false,2025/10/25
7740,15758606,Investment Plan,True,2025/10/26
7741,15617454,,False,2025/10/27
7742,15645095,Cashback,No,2025/10/28
7743,15640421,Credit Card Upgrade,False,2025/10/29
7744,15623791,Insurance Bundle,False,2025/10/30
7745,15672481,Investment Plan,False,2025/10/31
7746,15622442,Investment Plan,True,2025/11/01
7747,15790093,Credit Card Upgrade,True,2025/11/02
7748,15682541,Investment Plan,True,2025/11/03
7749,15630920,Credit Card Upgrade,No,2025/11/04
7750,15802106,Credit Card Upgrade,False,2025/11/05
7751,15782210,Investment Plan,True,2025/11/06
7752,15631054,Cashback,False,2025/11/07
7753,15593178,Credit Card Upgrade,True,2025/11/08
7754,15775295,Personal Loan,True,2025/11/09
7755,15691483,Cashback,True,2025/11/10
7756,15600399,Cashback,False,2025/11/11
7757,15590993,Personal Loan,False,2025/11/12
7758,15693088,Credit Card Upgrade,False,2025/11/13
7759,15692142,Cashback,False,2025/11/14
7760,15617065,Insurance Bundle,False,2025/11/15
7761,15793425,Investment Plan,True,2025/11/16
7762,15723706,Insurance Bundle,False,2025/11/17
7763,15690925,Cashback,True,2025/11/18
7764,15641183,Credit Card Upgrade,False,2025/11/19
7765,15693752,Insurance Bundle,False,2025/11/20
7766,15606944,Credit Card Upgrade,False,2025/11/21
7767,15804962,Personal Loan,True,2025/11/22
7768,15744789,Personal Loan,False,2025/11/23
7769,15771580,Personal Loan,1,2025/11/24
7770,15744919,Credit Card Upgrade,No,2025/11/25
7771,15605333,Insurance Bundle,true,2025/11/26
7772,15710034,Cashback,False,2025/11/27
7773,15699446,Personal Loan,False,2025/11/28
7774,15692226,Credit Card Upgrade,True,2025/11/29
7775,15617982,Cashback,N,2025/11/30
7776,15660735,Cashback,False,2025/12/01
7777,15647782,Cashback,False,2025/12/02
7778,15761886,Credit Card Upgrade,True,2025/12/03
7779,15568106,Insurance Bundle,True,2025/12/04
7780,15695197,Cashback,True,2025/12/05
7781,15598162,Credit Card Upgrade,False,2025/12/06
7782,15754940,Insurance Bundle,False,2025/12/07
7783,15672798,Credit Card Upgrade,True,2025/12/08
7784,15629793,Credit Card Upgrade,True,2025/12/09
7785,15661162,Investment Plan,No,2025/12/10
7786,15577913,Cashback,No,2025/12/11
7787,15631800,Personal Loan,False,2025/12/12
7788,15651272,Investment Plan,False,2025/12/13
7789,15694349,,False,2025/12/14
7790,15627801,Insurance Bundle,False,2025/12/15
7791,15727197,Personal Loan,True,2025/12/16
7792,15684367,,False,2025/12/17
7793,15579212,Credit Card Upgrade,True,2025/12/18
7794,15803801,Insurance Bundle,False,2025/12/19
7795,15656121,,False,2025/12/20
7796,15674343,Cashback,False,2025/12/21
7797,15613749,,False,2025/12/22
7798,15659651,,False,2025/12/23
7799,15795511,Insurance Bundle,False,2025/12/24
7800,15701738,Credit Card Upgrade,True,2025/12/25
7801,15674840,Credit Card Upgrade,True,2025/12/26
7802,15654611,Credit Card Upgrade,False,2025/12/27
7803,15717560,Credit Card Upgrade,False,2025/12/28
7804,15769312,Credit Card Upgrade,False,2025/12/29
7805,15613630,Personal Loan,False,2025/12/30
7806,15578045,Cashback,true,2025/12/31
7807,15574879,Credit Card Upgrade,False,2026/01/01
7808,15675585,Cashback,False,2026/01/02
7809,15754012,Insurance Bundle,False,2026/01/03
7810,15725660,Personal Loan,False,2026/01/04
7811,15569503,Insurance Bundle,True,2026/01/05
7812,15570859,Cashback,Yes,2026/01/06
7813,15596088,Personal Loan,False,2026/01/07
7814,15755649,Cashback,False,2026/01/08
7815,15648725,Credit Card Upgrade,True,2026/01/09
7816,15607629,Personal Loan,False,2026/01/10
7817,15776733,Personal Loan,False,2026/01/11
7818,15720463,Credit Card Upgrade,False,2026/01/12
7819,15719541,Personal Loan,False,2026/01/13
7820,15651581,Cashback,False,2026/01/14
7821,15759274,Personal Loan,N,2026/01/15
7822,15756148,Insurance Bundle,False,2026/01/16
7823,15734565,Credit Card Upgrade,False,2026/01/17
7824,15686812,Credit Card Upgrade,False,2026/01/18
7825,15657830,Personal Loan,False,2026/01/19
7826,15764343,Personal Loan,False,2026/01/20
7827,15759537,Insurance Bundle,True,2026/01/21
7828,15751180,Credit Card Upgrade,True,2026/01/22
7829,15692631,Investment Plan,False,2026/01/23
7830,15758477,Insurance Bundle,False,2026/01/24
7831,15570508,Personal Loan,False,2026/01/25
7832,15713853,Personal Loan,False,2026/01/26
7833,15633574,Personal Loan,False,2026/01/27
7834,15676353,Insurance Bundle,True,2026/01/28
7835,15757952,Personal Loan,False,2026/01/29
7836,15681755,Personal Loan,False,2026/01/30
7837,15791131,Insurance Bundle,True,2026/01/31
7838,15789955,Investment Plan,False,2026/02/01
7839,15588614,Insurance Bundle,False,2026/02/02
7840,15674254,Investment Plan,False,2026/02/03
7841,15653937,Personal Loan,False,2026/02/04
7842,15713596,Investment Plan,0,2026/02/05
7843,15658432,Personal Loan,False,2026/02/06
7844,15702464,Credit Card Upgrade,False,2026/02/07
7845,15797149,,True,2026/02/08
7846,15809830,Insurance Bundle,false,2026/02/09
7847,15794580,Investment Plan,False,2026/02/10
7848,15683553,Credit Card Upgrade,False,2026/02/11
7849,15659495,Investment Plan,True,2026/02/12
7850,15697100,Personal Loan,False,2026/02/13
7851,15623107,Personal Loan,False,2026/02/14
7852,15775949,Credit Card Upgrade,True,2026/02/15
7853,15791743,Cashback,False,2026/02/16
7854,15658946,Personal Loan,False,2026/02/17
7855,15742607,Personal Loan,False,2026/02/18
7856,15578096,Credit Card Upgrade,True,2026/02/19
7857,15783875,Investment Plan,False,2026/02/20
7858,15753895,Personal Loan,N,2026/02/21
7859,15795224,Personal Loan,No,2026/02/22
7860,15761158,Cashback,No,2026/02/23
7861,15778526,Cashback,False,2026/02/24
7862,15609160,,0,2026/02/25
7863,15688637,Credit Card Upgrade,False,2026/02/26
7864,15658890,Cashback,N,2026/02/27
7865,15725772,Investment Plan,True,2026/02/28
7866,15579969,Credit Card Upgrade,True,2026/03/01
7867,15743456,Credit Card Upgrade,No,2026/03/02
7868,15659305,Credit Card Upgrade,True,2026/03/03
7869,15805565,Insurance Bundle,True,2026/03/04
7870,15699772,Insurance Bundle,False,2026/03/05
7871,15735878,Insurance Bundle,Yes,2026/03/06
7872,15750574,Cashback,False,2026/03/07
7873,15624170,Credit Card Upgrade,False,2026/03/08
7874,15617052,Personal Loan,False,2026/03/09
7875,15713770,Personal Loan,True,2026/03/10
7876,15605950,Personal Loan,True,2026/03/11
7877,15721433,Investment Plan,False,2026/03/12
7878,15696826,Insurance Bundle,False,2026/03/13
7879,15630328,Credit Card Upgrade,False,2026/03/14
7880,15801169,Cashback,True,2026/03/15
7881,15744789,Credit Card Upgrade,0,2026/03/16
7882,15758451,Investment Plan,True,2026/03/17
7883,15626008,,False,2026/03/18
7884,15677921,Insurance Bundle,No,2026/03/19
7885,15643056,Personal Loan,False,2026/03/20
7886,15749050,Personal Loan,False,2026/03/21
7887,15804853,,False,2026/03/22
7888,15698664,Personal Loan,False,2026/03/23
7889,15800233,Personal Loan,True,2026/03/24
7890,15569187,Cashback,False,2026/03/25
7891,15637646,Investment Plan,False,2026/03/26
7892,15566292,Insurance Bundle,False,2026/03/27
7893,15733597,Cashback,True,2026/03/28
7894,15692929,Investment Plan,True,2026/03/29
7895,15774250,Personal Loan,False,2026/03/30
7896,15673907,Cashback,False,2026/03/31
7897,15637110,Insurance Bundle,True,2026/04/01
7898,15734628,Investment Plan,True,2026/04/02
7899,15641604,Personal Loan,No,2026/04/03
7900,15749671,Insurance Bundle,False,2026/04/04
7901,15766355,Personal Loan,False,2026/04/05
7902,15590637,Insurance Bundle,True,2026/04/06
7903,15615457,Credit Card Upgrade,True,2026/04/07
7904,15734565,Personal Loan,True,2026/04/08
7905,15724924,Investment Plan,False,2026/04/09
7906,15613630,Personal Loan,False,2026/04/10
7907,15658548,Insurance Bundle,False,2026/04/11
7908,15625092,Credit Card Upgrade,True,2026/04/12
7909,15708713,Personal Loan,True,2026/04/13
7910,15693732,Investment Plan,False,2026/04/14
7911,15649160,Insurance Bundle,N,2026/04/15
7912,15717995,,False,2026/04/16
7913,15626243,,False,2026/04/17
7914,15624437,Insurance Bundle,True,2026/04/18
7915,15711489,Credit Card Upgrade,True,2026/04/19
7916,15760121,Personal Loan,False,2026/04/20
7917,15654519,Credit Card Upgrade,False,2026/04/21
7918,15809558,Personal Loan,True,2026/04/22
7919,15613749,Insurance Bundle,True,2026/04/23
7920,15712938,Insurance Bundle,False,2026/04/24
7921,15629519,Credit Card Upgrade,False,2026/04/25
7922,15660301,Cashback,Y,2026/04/26
7923,15700864,Insurance Bundle,False,2026/04/27
7924,15792176,Personal Loan,False,2026/04/28
7925,15614813,Personal Loan,False,2026/04/29
7926,15706904,Personal Loan,False,2026/04/30
7927,15602844,,1,2026/05/01
7928,15752838,Insurance Bundle,True,2026/05/02
7929,15603914,Insurance Bundle,False,2026/05/03
7930,15728505,Cashback,True,2026/05/04
7931,15694300,Insurance Bundle,True,2026/05/05
7932,15625740,Credit Card Upgrade,True,2026/05/06
7933,15636812,Cashback,False,2026/05/07
7934,15780386,Insurance Bundle,False,2026/05/08
7935,15573876,Personal Loan,N,2026/05/09
7936,15806771,Credit Card Upgrade,True,2026/05/10
7937,15775949,Personal Loan,True,2026/05/11
7938,15642162,Cashback,0,2026/05/12
7939,15736413,Investment Plan,False,2026/05/13
7940,15765902,Investment Plan,N,2026/05/14
7941,15790489,Cashback,True,2026/05/15
7942,15764922,Investment Plan,False,2026/05/16
7943,15773276,Insurance Bundle,False,2026/05/17
7944,15591740,Cashback,False,2026/05/18
7945,15588928,Insurance Bundle,False,2026/05/19
7946,15658980,Credit Card Upgrade,False,2026/05/20
7947,15782144,Investment Plan,False,2026/05/21
7948,15751120,Cashback,False,2026/05/22
7949,15797227,Insurance Bundle,True,2026/05/23
7950,15708867,Cashback,True,2026/05/24
7951,15718773,Cashback,False,2026/05/25
7952,15567328,Credit Card Upgrade,Yes,2026/05/26
7953,15706587,Credit Card Upgrade,False,2026/05/27
7954,15756125,Cashback,False,2026/05/28
7955,15637461,Credit Card Upgrade,False,2026/05/29
7956,15765812,Insurance Bundle,False,2026/05/30
7957,15772650,Credit Card Upgrade,True,2026/05/31
7958,15661290,Insurance Bundle,True,2026/06/01
7959,15625675,Credit Card Upgrade,False,2026/06/02
7960,15619932,Insurance Bundle,True,2026/06/03
7961,15642530,Credit Card Upgrade,False,2026/06/04
7962,15670427,Personal Loan,False,2026/06/05
7963,15639590,Personal Loan,False,2026/06/06
7964,15775892,Investment Plan,False,2026/06/07
7965,15652289,Credit Card Upgrade,False,2026/06/08
7966,15704581,Insurance Bundle,False,2026/06/09
7967,15641009,Cashback,False,2026/06/10
7968,15678779,Investment Plan,True,2026/06/11
7969,15691119,Personal Loan,False,2026/06/12
7970,15761141,Credit Card Upgrade,True,2026/06/13
7971,15679611,Investment Plan,True,2026/06/14
7972,15580623,Investment Plan,False,2026/06/15
7973,15576714,Cashback,0,2026/06/16
7974,15633930,Personal Loan,False,2026/06/17
7975,15643770,Cashback,False,2026/06/18
7976,15606613,Cashback,True,2026/06/19
7977,15784700,Investment Plan,False,2026/06/20
7978,15750476,Investment Plan,False,2026/06/21
7979,15666982,Personal Loan,False,2026/06/22
7980,15733032,Credit Card Upgrade,False,2026/06/23
7981,15623102,Investment Plan,False,2026/06/24
7982,15792525,Insurance Bundle,true,2026/06/25
7983,15705383,Investment Plan,True,2026/06/26
7984,15775803,Credit Card Upgrade,False,2026/06/27
7985,15594577,Insurance Bundle,False,2026/06/28
7986,15649668,Personal Loan,False,2026/06/29
7987,15615207,Cashback,True,2026/06/30
7988,15790846,,False,2026/07/01
7989,15625311,Credit Card Upgrade,False,2026/07/02
7990,15679760,Personal Loan,No,2026/07/03
7991,15735263,Cashback,N,2026/07/04
7992,15660611,Credit Card Upgrade,False,2026/07/05
7993,15803654,Insurance Bundle,False,2026/07/06
7994,15600280,Insurance Bundle,False,2026/07/07
7995,15689168,Insurance Bundle,False,2026/07/08
7996,15681697,Insurance Bundle,False,2026/07/09
7997,15607629,Cashback,False,2026/07/10
7998,15655648,Investment Plan,N,2026/07/11
7999,15809227,Insurance Bundle,True,2026/07/12
8000,15658668,Credit Card Upgrade,False,2026/07/13
8001,15687688,Insurance Bundle,True,2026/07/14
8002,15636562,Personal Loan,False,2026/07/15
8003,15703763,Cashback,No,2026/07/16
8004,15748597,Credit Card Upgrade,False,2026/07/17
8005,15689288,Investment Plan,False,2026/07/18
8006,15570895,Cashback,True,2026/07/19
8007,15600974,Credit Card Upgrade,False,2026/07/20
8008,15775306,Cashback,False,2026/07/21
8009,15647890,Credit Card Upgrade,False,2026/07/22
8010,15631709,Credit Card Upgrade,True,2026/07/23
8011,15707110,Insurance Bundle,True,2026/07/24
8012,15703979,Credit Card Upgrade,False,2026/07/25
8013,15606613,Personal Loan,False,2026/07/26
8014,15673907,Insurance Bundle,False,2026/07/27
8015,15809279,,False,2026/07/28
8016,15715715,Insurance Bundle,False,2026/07/29
8017,15727197,Insurance Bundle,False,2026/07/30
8018,15789924,Insurance Bundle,False,2026/07/31
8019,15729019,Investment Plan,True,2026/08/01
8020,15647311,Insurance Bundle,False,2026/08/02
8021,15709004,Personal Loan,N,2026/08/03
8022,15743456,Cashback,False,2026/08/04
8023,15697045,Cashback,False,2026/08/05
8024,15625592,Insurance Bundle,True,2026/08/06
8025,15643056,Cashback,True,2026/08/07
8026,15648933,Credit Card Upgrade,True,2026/08/08
8027,15734491,Investment Plan,false,2026/08/09
8028,15605737,Cashback,False,2026/08/10
8029,15732448,Investment Plan,False,2026/08/11
8030,15710527,Insurance Bundle,False,2026/08/12
8031,15642248,Investment Plan,True,2026/08/13
8032,15578096,Cashback,True,2026/08/14
8033,15576644,Cashback,False,2026/08/15
8034,15750574,Investment Plan,True,2026/08/16
8035,15598044,Investment Plan,False,2026/08/17
8036,15740223,Investment Plan,True,2026/08/18
8037,15631159,Investment Plan,False,2026/08/19
8038,15691703,Insurance Bundle,False,2026/08/20
8039,15771702,Credit Card Upgrade,True,2026/08/21
8040,15684865,Cashback,True,2026/08/22
8041,15671358,Investment Plan,False,2026/08/23
8042,15625675,Cashback,false,2026/08/24
8043,15747772,,False,2026/08/25
8044,15644005,Credit Card Upgrade,True,2026/08/26
8045,15670172,Investment Plan,False,2026/08/27
8046,15727251,,False,2026/08/28
8047,15668767,Credit Card Upgrade,False,2026/08/29
8048,15655875,Personal Loan,False,2026/08/30
8049,15646784,Insurance Bundle,False,2026/08/31
8050,15662021,Personal Loan,False,2026/09/01
8051,15621031,Insurance Bundle,True,2026/09/02
8052,15703117,Investment Plan,True,2026/09/03
8053,15673907,Insurance Bundle,False,2025/09/03
8054,15594928,Personal Loan,False,2025/09/04
8055,15808223,Insurance Bundle,True,2025/09/05
8056,15730657,Cashback,False,2025/09/06
8057,15612050,Credit Card Upgrade,true,2025/09/07
8058,15781465,Investment Plan,False,2025/09/08
8059,15606267,Credit Card Upgrade,False,2025/09/09
8060,15713379,Cashback,False,2025/09/10
8061,15566139,Insurance Bundle,true,2025/09/11
8062,15737556,Personal Loan,False,2025/09/12
8063,15609653,Personal Loan,N,2025/09/13
8064,15656454,Cashback,True,2025/09/14
8065,15728362,Credit Card Upgrade,False,2025/09/15
8066,15815560,Investment Plan,True,2025/09/16
8067,15711254,Personal Loan,No,2025/09/17
8068,15813917,Insurance Bundle,True,2025/09/18
8069,15788686,Investment Plan,Yes,2025/09/19
8070,15773338,Cashback,False,2025/09/20
8071,15658852,Insurance Bundle,True,2025/09/21
8072,15716605,Insurance Bundle,True,2025/09/22
8073,15756148,Investment Plan,True,2025/09/23
8074,15814430,Credit Card Upgrade,False,2025/09/24
8075,15591135,Personal Loan,False,2025/09/25
8076,15625592,Cashback,False,2025/09/26
8077,15756992,Investment Plan,True,2025/09/27
8078,15590623,Cashback,No,2025/09/28
8079,15791174,Credit Card Upgrade,False,2025/09/29
