usage_id,customer_id,product_type,monthly_balance,num_products,date
1,15665177,Checking,445.51,2,2026/04/08
2,15756472,Savings,,1,2025/12/19
3,15589881,Savings,320.82,2,2026/04/05
4,15584091,Savings,54886.26,2,2026/08/27
5,15653306,Checking,60361.31,1,2026/03/12
6,15762392,Checking,103960.52,1,2026/03/08
7,15725639,Credit Card,130175.17,1,2026/03/27
8,15725002,Checking,603.99,2,2026/01/24
9,15568982,Savings,986.58,2,2026/04/21
10,15802466,Credit Card,868.64,2,2025/12/04
11,15713426,Credit Card,47564.52,1,2026/06/22
12,15763612,Loan,73452.2,2,2025/11/09
13,15708693,Loan,1092.37,2,2026/06/24
14,15642816,CREDIT CARD,22880.77,2,2026/08/20
15,15798943,credit card,778.55,2,2025/12/29
16,15608528,Credit Card,732.74,4,2025/10/24
17,15662736,Checking,195364.98,2,2026/01/19
18,15733966,Checking,100108.59,1,2026/01/01
19,15658980,Savings,136321.74,1,2026/06/14
20,15815271,Checking,49796.95,3,2026/04/12
21,15656597,Investment,69668.58,2,2026/03/17
22,15626900,Loan,128853.81,1,2025/12/12
23,15668629,Investment,,4,2025/11/16
24,15580493,Loan,45112186.87,1,2025/11/18
25,15672027,Investment,49132.6,2,2026/05/03
26,15786196,CreditCard,54529.63,5,2025/09/07
27,15646726,Savings,43.32,1,2025/12/02
28,15721303,Checking,134453.44,1,2026/04/06
29,15707962,Loan,37108.73,2,2026/05/16
30,15725906,Savings,761.69,1,2025/11/10
31,15735106,Investment,84050.32,2,2026/07/22
32,15602735,Checking,27804.44,4,2026/05/25
33,15671334,Loan,91.21,1,2026/06/03
34,15604482,Loan,184977.73,1,2026/02/11
35,15629010,Checking,92546.59,1,2026/05/10
36,15735221,Credit Card ,989.9,2,2026/02/03
37,15600173,Loan,1101.45,2,2026/01/09
38,15751628,Savings,77421.25,2,2026/06/17
39,15589563,Savings,83179.51,2,2026/06/20
40,15732791,Loan,195310.73,1,2025/09/27
41,15739046,Credit Card,119691.45,1,2026/03/25
42,15723873,Savings,104814.81,1,2025/10/23
43,15594556,Investment,939.2,2,2026/08/22
44,15799042,Credit Card,126.32,1,2025/11/25
45,15605916,Savings,631.14,1,2025/10/03
46,15648479,Loan,605.03,2,2025/12/22
47,15675585,Investment,52582.36,2,2026/01/11
48,15770435,Savings,62150.68,2,2026/05/04
49,15603942,Loan,,3,2026/07/22
50,15601324,Savings,636.76,2,2025/10/22
51,15668747,Savings,73806.37,1,2026/04/21
52,15771543,Savings,95930.12,1,2026/02/21
53,15722212,Savings,755.39,2,2026/01/14
54,15662571,Checking,170.66,2,2026/03/06
55,15656096,Credit Card,53277.79,2,2026/03/06
56,15686909,Savings,214459.92,1,2026/06/16
57,15603883,Loan,622.66,2,2026/06/15
58,15685476,Loan,114526.52,1,2026/01/12
59,15781530,Loan,236.5,2,2026/02/26
60,15634267,Investment ,437.18,2,2025/09/13
61,15627305,Investment,916.15,1,2026/04/01
62,15812422,Investment,1417.87,2,2025/11/04
63,15749019,Credit Card,47303.24,2,2026/03/01
64,15711249,Savings,1325.4,2,2026/08/16
65,15600510,Loan,53861.13,2,2026/07/10
66,15623202,Checking,67499.42,2,2025/12/13
67,15749638,Savings,106001.11,1,2026/06/25
68,15765902,Loan,66482.74,2,2026/06/24
69,15773421,Savings,194.63,2,2026/08/01
70,15764237,Checking,766.99,2,2026/08/01
71,15724402,Credit Card,421.24,2,2026/06/05
72,15725302,Credit Card,331.01,2,2025/12/01
73,15727361,Loan,650.99,2,2026/01/26
74,15649668,Loan,53445.43,2,2026/03/03
75,15730688,Loan,46292.39,2,2026/02/16
76,15654495,Credit Card,129690.79,1,2026/08/13
77,15768471,Loan,83089.93,1,2026/05/22
78,15624374,Loan,309.34,2,2026/05/10
79,15627360,Savings,152577.9,1,2026/04/19
80,15605020,Checking,106018.85,2,2025/10/13
81,15644005,Credit Card,194.48,2,2026/03/17
82,15653110,Checking,123313.81,1,2026/07/14
83,15652789,Loan,1072.14,2,2026/01/27
84,15686436,investment,330.61,2,2026/04/28
85,15804950,Savings,736.77,2,2026/07/23
86,15645942,Investment,1059.76,2,2025/11/16
87,15764661,Investment,338.81,1,2025/11/27
88,15648967,Loan,231082.06,1,2026/07/27
89,15602551,Investment,1361.43,2,2026/02/22
90,15702464,,101.49,1,2026/04/06
91,15749583,Investment,28812.66,3,2026/07/23
92,15628674,Credit Card,86328.38,1,2026/07/13
93,15768244,Credit Card,818.91,2,2026/06/22
94,15662494,Credit Card,105379.15,1,2026/03/29
95,15730469,Credit Card,75327.95,2,2025/10/09
96,15709252,Loan,140131.69,1,2025/10/13
97,15791452,Loan,561.92,2,2025/11/24
98,15805637,Investment,22821.78,3,2026/02/25
99,15625641,Credit Card,32859.61,2,2025/12/28
100,15714397,Investment,50064.16,2,2026/02/10
101,15592089,,438.42,2,2026/02/12
102,15778368,loan,162107.63,1,2026/08/03
103,15727499,Loan,44272.85,2,2026/01/30
104,15593976,Checking,28119.34,4,2026/09/01
105,15684865,Credit Card,117925.33,1,2026/01/17
106,15728474,Savings,99565.69,1,2026/07/09
107,15586236,Loan,42350.88,3,2026/07/30
108,15687626,Loan ,454.86,2,2026/03/24
109,15629133,Loan,,2,2026/01/19
110,15800326,Checking,533.07,2,2026/04/18
111,15750921,Loan,68578.06,2,2026/03/07
112,15634373,Investment,1224.46,2,2026/06/30
113,15724632,,664.36,2,2026/05/27
114,15655774,Investment,546.66,2,2026/04/21
115,15793478,loan,112482.75,1,2026/04/02
116,15569120,Savings,579.98,2,2025/11/27
117,15625905,Savings,1048.3,2,2025/12/06
118,15578435,Checking,114416.77,1,2025/09/14
119,15636388,CREDIT CARD,111537.09,3,2025/11/06
120,15718773,Savings,78.59,2,2026/01/01
121,15806511,Loan,939.84,2,2026/08/07
122,15668472,Savings,86846.0,2,2026/01/09
123,15609637,Checking,409.38,2,2026/08/27
124,15788442,Investment,122105.64,1,2025/10/13
125,15659366,Credit Card,55530.96,2,2025/12/19
126,15744423,Investment,130.73,2,2025/11/27
127,15755405,Loan,173376.74,1,2026/03/25
128,15746190,Checking,279.43,2,2025/10/25
129,15572956,Loan,,1,2025/10/21
130,15769917,Credit Card,55366.08,3,2025/10/05
131,15774127,Loan,899.22,2,2026/05/03
132,15799966,Loan,144197.59,1,2026/06/10
133,15678571,Checking,469.27,2,2025/09/30
134,15728963,Savings,146905.32,1,2025/09/16
135,15675522,Credit Card,89303.81,2,2026/03/25
136,15769353,Checking,206121.63,1,2026/05/29
137,15681007,Savings,30440.92,4,2025/10/15
138,15672115,Investment,1051.08,2,2025/10/26
139,15698294,Credit Card,795.21,2,2026/01/15
140,15600086,Investment,179963.61,1,2026/07/16
141,15756926,Investment,43527.74,2,2025/11/21
142,15772650,Credit Card,151669.47,1,2025/10/16
143,15715941,Investment,71.65,2,2026/08/04
144,15677387,Investment,83224.2,1,2026/03/21
145,15645839,,447.68,1,2026/02/08
146,15658577,Investment,33973.12,3,2025/12/29
147,15605327,Savings,462.15,2,2026/01/07
148,15611973,Savings,142.36,2,2026/01/26
149,15735572,Savings,107547.36,1,2026/04/17
150,15589358,Loan,11333345.17,2,2026/07/20
151,15814468,Checking,179620.77,1,2025/11/06
152,15622911,Investment,109353.28,1,2025/11/09
153,15609824,Checking,42159.43,3,2026/05/30
154,15776047,Checking,539.08,2,2025/11/29
155,15688085,Credit Card,251349.81,1,2025/09/17
156,15606836,Loan,94465.08,1,2025/09/20
157,15726058,Loan,42076.23,2,2026/08/08
158,15798200,Credit Card,757.05,3,2026/03/04
159,15620746,CHECKING,28061302.42,1,2026/02/16
160,15677785,Loan,0.0,1,2026/05/04
161,15647295,Loan,316.17,2,2026/04/30
162,15781495,Savings,81360.93,2,2026/06/06
163,15569264,Loan,248375.17,1,2026/01/20
164,15791535,Loan,126300.32,1,2026/06/10
165,15700772,Loan,224.61,2,2026/04/18
166,15619116,Credit Card,117.56,2,2025/11/11
167,15765048,Loan,89.77,2,2026/08/26
168,15812832,Savings,66983.69,2,2026/06/06
169,15701392,Checking,227.13,2,2025/12/02
170,15777217,Loan,421.2,4,2026/07/02
171,15672016,Loan,,2,2026/07/05
172,15811032,Credit Card,126245.89,1,2026/04/24
173,15797736,Checking ,,1,2026/07/23
174,15720847,Investment,61.61,2,2026/07/25
175,15694601,Investment,129711.62,1,2026/06/18
176,15711299,Credit Card,87355.82,1,2026/04/13
177,15729718,Savings,505.85,3,2026/05/29
178,15745399,Loan,911.36,1,2026/07/27
179,15790809,Checking,66177.15,1,2026/07/27
180,15582016,Credit Card,31381.51,2,2026/06/03
181,15682540,Credit Card,428.5,2,2026/02/08
182,15602043,Investment,98721.3,2,2026/02/27
183,15616833,Checking ,1287.49,2,2026/05/07
184,15736510,Loan,521.67,3,2026/06/06
185,15583681,Savings,22020.71,2,2025/12/28
186,15696539,Loan,176372.74,1,2025/10/18
187,15804104,Loan,53631.36,2,2026/04/17
188,15605872,Investment,,1,2026/02/07
189,15765258,Loan,786.45,2,2026/03/09
190,15813916,Credit Card,114408.84,1,2026/04/02
191,15749489,Savings,83742.49,1,2026/01/14
192,15787026,Checking,98875.69,2,2025/11/21
193,15810010,Credit Card,89074.96,2,2026/02/05
194,15627365,Credit Card,1075.89,2,2025/09/08
195,15770474,Loan,56.08,3,2025/09/03
196,15583724,Checking,348.1,2,2026/05/28
197,15799186,Checking,428.42,2,2025/11/11
198,15589358,Savings,38238.36,2,2026/02/26
199,15692408,Credit Card,550.93,2,2026/01/27
200,15747014,LOAN,103149.19,1,2026/05/01
201,15686219,Loan,43522.25,2,2026/06/03
202,15660535,Savings,87.48,2,2025/09/07
203,15800961,Loan,53028.68,2,2026/08/21
204,15783030,Credit Card,536.01,3,2026/05/12
205,15787026,Loan,125991.2,2,2026/05/05
206,15803842,Investment,-661.9,2,2026/02/03
207,15573152,Loan,191.8,2,2025/09/07
208,15811490,Credit Card,571.03,2,2026/04/11
209,15642885,Checking,-3706.16,2,2026/01/30
210,15644788,Investment,,2,2026/07/05
211,15775430,Savings,84584.27,2,2025/12/30
212,15765520,Checking,290592.03,1,2025/09/06
213,15782468,Credit Card,42336.84,2,2026/06/10
214,15797475,Savings,41144.05,1,2026/03/13
215,15627840,Checking,953.77,1,2025/12/08
216,15590201,Checking,1140.82,4,2026/04/01
217,15686718,Credit Card,115229.34,1,2026/06/17
218,15667554,Savings,1328.94,2,2026/04/14
219,15616922,Investment,862.88,2,2026/03/24
220,15814930,Savings,114551.7,1,2026/01/08
221,15702968,Checking,135592.34,1,2025/11/25
222,15632344,CHECKING,59084.89,2,2026/07/30
223,15794101,Investment,762.71,2,2026/03/21
224,15634949,Credit Card,79190.41,2,2026/03/15
225,15752342,Credit Card,66116.48,3,2025/12/24
226,15804814,Savings ,283.09,2,2026/01/15
227,15618401,Savings,64895.0,2,2025/10/13
228,15653050,Loan,94893.73,1,2026/04/07
229,15624451,Loan,1199.87,2,2026/07/20
230,15677921,Loan,65871.83,2,2026/01/03
231,15789582,Checking,1384.86,1,2026/05/25
232,15607133,Loan,65937.24,2,2026/07/13
233,15571995,Investment,45920.74,2,2026/08/24
234,15685947,Loan,24840.72,2,2026/08/19
235,15732438,Checking,44.19,4,2026/01/20
236,15735549,Investment,48504.56,2,2026/01/26
237,15728352,Savings,63244.24,1,2026/08/01
238,15614778,Credit Card,291.9,2,2026/06/02
239,15628303,Checking,-4932.44,1,2026/01/18
240,15765806,Savings,218322.51,1,2026/04/02
241,15623502,Checking,94983.53,1,2025/12/08
242,15695792,Checking,795.68,1,2025/10/08
243,15715078,Investment,68568.98,2,2025/12/05
244,15742091,Savings,99821.67,1,2025/11/11
245,15673877,Checking,632.07,3,2026/01/29
246,15725302,Savings,38.71,2,2025/10/29
247,15810432,Savings,56.37,2,2026/07/26
248,15611325,,32505.64,2,2026/04/24
249,15700801,Checking,39720.68,3,2026/07/16
250,15750121,Credit Card,53.8,1,2026/04/22
251,15744398,Loan,1124.96,2,2026/01/20
252,15627328,Loan,517.29,2,2026/08/27
253,15716357,Checking,49719.02,2,2026/07/18
254,15765520,Checking,290592.03,1,2026/05/12
255,15640133,Credit Card,960.97,2,2025/12/08
256,15759133,Investment,227.58,2,2026/02/14
257,15701160,Savings,110737.74,1,2025/09/12
258,15750545,Credit Card,1345.63,4,2025/11/19
259,15755138,Investment,748.81,2,2025/09/28
260,15740846,Credit Card,95513.55,1,2026/06/03
261,15738291,Savings,45942.41,2,2025/09/14
262,15764922,Credit Card,258205.84,1,2025/12/07
263,15736778,Savings,29726.57,2,2025/10/25
264,15574296,,45833.28,2,2026/01/25
265,15813140,Savings,330.74,2,2026/01/18
266,15698664,Loan,,2,2025/11/06
267,15762793,Investment,51511.29,2,2026/04/15
268,15717879,Loan,77555.22,1,2025/09/07
269,15690620,Loan,56298.2,1,2025/12/31
270,15794273,Investment,70726.07,1,2025/10/19
271,15740868,Investment,83693.07,1,2025/11/19
272,15763898,Savings,241.56,4,2025/09/10
273,15766427,Investment,29814.51,2,2026/05/13
274,15669326,Credit Card,229356.81,1,2025/12/23
275,15737506,Checking,129.01,1,2026/02/25
276,15681758,Investment,181.76,2,2026/04/06
277,15794479,Savings,170216.5,1,2026/02/09
278,15720814,Credit Card,39377.82,2,2026/05/16
279,15642912,Loan,78447.14,1,2026/03/12
280,15569249,Credit Card,16097.46,3,2026/04/28
281,15729970,Checking,118858.76,1,2026/08/25
282,15749807,Savings,403.31,2,2025/09/19
283,15742534,Investment,79065.05,2,2026/02/19
284,15773972,,194886.98,1,2025/10/14
285,15799641,Checking,653.58,2,2025/11/16
286,15655238,Loan,958.63,2,2025/10/01
287,15797165,Loan ,779.04,1,2026/01/17
288,15778149,Loan,538.16,2,2026/03/22
289,15640418,Checking,142417.08,1,2025/10/09
290,15684267,Checking,24096.38,2,2026/06/08
291,15579212,Savings,640.46,1,2026/05/01
292,15775888,Investment,105639.74,1,2025/12/04
293,15621423,SAVINGS,38849.7,3,2025/12/10
294,15698462,Loan,638.99,2,2026/01/09
295,15812766,Savings,64839.9,1,2026/03/17
296,15604588,Checking,86.0,2,2025/09/09
297,15604345,Checking,43712.48,1,2025/11/04
298,15607509,Loan,360.9,2,2026/09/03
299,15630857,Savings,971.76,2,2026/01/08
300,15672467,Checking,44741.2,2,2026/03/19
301,15701238,Credit Card,828.22,2,2026/04/17
302,15593954,Loan,138860.43,1,2026/01/07
303,15777060,Credit Card,488.3,1,2025/09/20
304,15566494,Investment,1292.31,2,2025/12/13
305,15666823,Savings,3.82,2,2026/04/26
306,15593636,Credit Card,141354.24,1,2025/10/21
307,15682421,Loan,584.16,2,2026/05/27
308,15697948,Loan,97.96,2,2026/08/09
309,15672016,Credit Card,887.42,2,2025/12/18
310,15724161,,32685.69,4,2026/05/03
311,15731327,Loan,67054.56,2,2026/03/21
312,15655952,Loan,596.09,2,2026/08/17
313,15575510,Savings,208201.02,1,2026/02/09
314,15566633,Loan,55816.79,2,2026/02/15
315,15576124,Credit Card,41325.81,1,2025/11/23
316,15585595,Checking,45634.5,2,2026/07/22
317,15724334,Investment,435.69,1,2025/09/24
318,15588701,Investment,964.27,2,2026/06/11
319,15784280,Loan,58393.33,2,2026/05/27
320,15751203,Investment,2800.33,2,2025/11/04
321,15599084,Investment,208406.59,1,2026/01/10
322,15596647,Investment,69135.63,1,2026/05/07
323,15607713,Loan,466.9,2,2026/07/26
324,15598338,Loan,78247.44,2,2026/02/02
325,15566312,Credit Card,1016.17,3,2025/12/13
326,15809722,Loan,,2,2026/03/06
327,15628123,Checking,144438.65,1,2025/09/29
328,15749365,Checking,670.87,2,2026/08/10
329,15783522,Investment,114237.41,1,2025/12/23
330,15603565,Credit Card,44223.71,2,2025/10/30
331,15700749,Savings,915.39,1,2026/01/01
332,15681506,Investment,360.32,2,2026/07/24
333,15791268,Checking,82130.69,1,2026/04/13
334,15621432,Savings,389.03,2,2026/02/16
335,15681990,Savings,,2,2025/09/10
336,15578977,Savings,,2,2025/11/27
337,15637178,Savings,504.91,2,2026/01/22
338,15727021,Credit Card,60455.49,2,2026/06/29
339,15650424,Savings,176616.52,1,2025/11/03
340,15706762,Checking,106954.22,2,2026/03/24
341,15701741,Checking,97059.46,1,2026/01/05
342,15715160,Loan,102330.53,2,2025/09/07
343,15700654,Loan,38376.22,2,2025/09/24
344,15622494,Checking,70.26,2,2026/06/27
345,15719294,Investment,825.98,3,2026/08/22
346,15733114,Investment,111.23,2,2026/05/04
347,15695168,Savings,655.19,2,2026/08/21
348,15756932,Checking,1134.31,2,2026/07/05
349,15760880,Credit Card,131.37,2,2025/11/21
350,15691104,Investment,38214.93,2,2026/03/12
351,15694506,,,2,2025/10/18
352,15729689,Savings,64685.31,2,2026/01/08
353,15733491,Loan,62596.81,2,2025/11/22
354,15629511,Credit Card,145185.85,1,2026/05/16
355,15695475,Credit Card,43000.37,2,2025/10/19
356,15604295,Investment,135.75,2,2026/08/20
357,15594084,Checking,340.51,2,2026/07/16
358,15770091,Investment,80397.66,2,2026/02/23
359,15713479,Savings,,2,2026/07/20
360,15685829,,1114.09,2,2025/10/03
361,15752467,Loan,406.7,2,2025/10/03
362,15690796,Savings,829.07,1,2026/03/04
363,15604348,Checking,76.32,2,2026/07/30
364,15739194,Savings,107498.43,2,2025/11/20
365,15696120,Investment,536.13,2,2026/08/28
366,15779913,Checking,62802.65,2,2026/06/04
367,15731815,Loan,25183.69,3,2025/10/27
368,15644753,,160002.83,1,2025/11/06
369,15588456,Credit Card,,1,2026/05/10
370,15708256,Loan,85.12,1,2025/12/31
371,15649239,Credit Card,92.12,2,2026/02/12
372,15709441,Credit Card,100.25,1,2026/06/15
373,15775124,Investment,116.09,2,2026/07/30
374,15696989,Checking,32478.07,3,2026/02/27
375,15746326,Loan,336.44,2,2026/04/15
376,15682778,Investment,143.77,2,2025/12/10
377,15794187,Savings,47637.56,2,2025/09/13
378,15605059,Investment,151620.13,1,2026/08/21
379,15633378,Credit Card,1178.77,2,2026/03/15
380,15775662,Savings,162310.39,1,2026/03/05
381,15771855,Checking,550.55,2,2025/11/10
382,15640917,Loan,621.31,2,2026/01/09
383,15569247,Savings,96218.22,1,2025/09/23
384,15629187,investment,117361.85,1,2026/05/09
385,15716449,Loan,133816.09,1,2026/08/30
386,15771222,Checking,150.07,2,2026/04/15
387,15712960,Loan,184130.25,1,2026/06/16
388,15603203,Investment,1072.31,2,2026/01/31
389,15694409,Credit Card,38533.32,2,2026/06/07
390,15602497,Checking,115382.07,1,2026/08/25
391,15799156,Savings,738.8,2,2026/05/11
392,15775124,Checking,16.5,2,2025/12/09
393,15575417,Loan,83110.25,2,2026/06/20
394,15799186,Loan,1191.18,2,2025/12/07
395,15687765,Checking,105040.46,1,2026/06/08
396,15633141,Loan,,1,2026/02/28
397,15745080,Checking,303.15,1,2026/02/15
398,15713440,Loan,26100.39,3,2026/04/30
399,15758136,Checking ,165575.46,1,2026/01/21
400,15629150,Loan,552.21,2,2026/07/06
401,15747043,Savings,702.71,2,2026/06/13
402,15685653,Credit Card,73750.14,2,2025/11/24
403,15720941,Checking,113148.19,2,2025/10/08
404,15682890,Loan,32108.35,2,2026/06/01
405,15789055,Checking,96343.31,1,2025/11/21
406,15601274,Loan,209095.96,1,2026/04/21
407,15706593,INVESTMENT,5.53,2,2026/02/01
408,15783338,Savings,186960.34,1,2026/01/15
409,15677538,Checking,509.73,1,2026/06/07
410,15587174,Credit Card,116.61,4,2026/03/09
411,15617476,Savings,348.18,2,2026/04/23
412,15743490,Investment,103889.91,1,2025/09/03
413,15642004,Loan,433.27,2,2026/07/26
414,15674991,Checking,464.18,1,2026/05/20
415,15675328,Checking,610.1,2,2026/03/16
416,15646720,Loan,601.49,3,2025/12/06
417,15798964,Savings,22980.67,1,2025/09/12
418,15645847,Checking ,,3,2026/07/17
419,15802466,Investment,534.47,2,2026/03/08
420,15602934,Credit Card,58469.6,2,2026/07/17
421,15808851,Credit Card,115888.51,1,2026/01/03
422,15621644,Loan,102485.45,1,2026/02/14
423,15801863,Credit Card,58889.75,2,2025/10/05
424,15793585,Savings,60.58,2,2026/08/06
425,15704231,Credit Card,779.22,1,2026/06/05
426,15588517,Savings,972.19,2,2026/03/20
427,15783958,Checking,81897.85,2,2025/12/09
428,15793247,Savings,506.89,2,2026/05/29
429,15585067,Checking,167799.89,1,2026/08/18
430,15717290,Investment,47221.16,2,2026/05/15
431,15607395,Savings,65421.89,2,2026/06/12
432,15687310,SAVINGS,40.74,2,2025/11/20
433,15667460,Savings,346.02,2,2026/07/13
434,15589296,Loan,126594.48,1,2026/01/25
435,15603554,Investment,61950.27,3,2026/02/15
436,15813741,Savings,131601.88,1,2026/03/31
437,15700937,Credit Card,588.33,2,2026/07/28
438,15748936,Loan,717.86,2,2026/02/14
439,15767129,Loan,103043.66,1,2025/10/29
440,15649430,Savings,535.91,2,2025/10/22
441,15596397,Checking,522.59,2,2026/05/28
442,15585106,Savings,37052.55,2,2026/08/06
443,15668283,Savings,31722.92,4,2025/10/07
444,15728505,Loan,35728.49,2,2025/09/25
445,15733904,Credit Card,137219.91,1,2025/11/08
446,15773869,Credit Card,140775.15,1,2025/12/03
447,15716236,Credit Card,-4833.28,2,2025/09/19
448,15568120,Savings,70926.01,1,2025/12/15
449,15685372,Checking,153259.09,1,2025/10/27
450,15793247,Credit Card,1156.4,2,2026/05/09
451,15724296,Savings,42720.0,2,2025/12/10
452,15614929,Checking,62229.24,4,2025/10/23
453,15752467,Investment,159.86,2,2025/09/19
454,15787597,Savings,44158.98,2,2026/06/22
455,15636572,Credit Card,640.48,2,2026/07/28
456,15575247,Investment,519.82,2,2026/03/20
457,15753092,Credit Card,99931.27,1,2026/08/05
458,15790689,Checking,99391.06,1,2026/05/11
459,15583863,Savings,122414.05,1,2026/05/30
460,15810826,Credit Card,551.65,2,2026/07/19
461,15805884,Checking,537.58,2,2026/08/28
462,15586039,Investment,14302.57,2,2026/07/02
463,15719649,Investment,41323.21,1,2026/01/12
464,15624072,Loan,36.79,2,2025/09/28
465,15746422,Checking,504.27,1,2026/03/09
466,15812009,Savings,411.36,2,2025/12/25
467,15596060,Savings,119078.11,1,2026/07/10
468,15588461,Investment,224.55,1,2025/10/09
469,15790235,Investment,68757.77,2,2025/09/09
470,15790757,Loan,677.84,2,2025/12/18
471,15711733,Credit Card,848.01,3,2026/08/04
472,15803682,investment,68960.44,3,2026/05/12
473,15568487,Checking,98676.65,1,2025/10/13
474,15594502,Credit Card,,2,2026/04/30
475,15743760,Savings,73964.42,2,2026/07/27
476,15757911,Credit Card,148.93,1,2025/10/04
477,15683363,Loan,945.54,1,2026/03/06
478,15674433,Savings,92152.65,1,2026/06/15
479,15793491,Investment,58300.74,2,2026/04/03
480,15721460,Checking,194588.45,1,2026/03/10
481,15625761,Savings,29025.11,4,2026/08/31
482,15658057,Checking,979.88,3,2025/10/02
483,15757811,Loan,42517.1,1,2026/07/15
484,15645353,Credit Card,45455183.54,1,2026/01/17
485,15592937,Savings,85564.01,1,2026/05/31
486,15629750,Savings,177306.44,1,2025/09/23
487,15776545,Checking,139731.84,1,2025/10/09
488,15606115,Loan,155189.57,1,2026/02/05
489,15631170,Savings,675.99,2,2025/10/12
490,15664035,Checking,719.64,2,2025/12/22
491,15758073,Loan,138651.07,1,2026/05/26
492,15713621,Investment,47753.23,2,2025/10/22
493,15738088,Loan,565.5,2,2025/10/24
494,15797919,Loan,76345.03,2,2025/12/30
495,15784761,Checking,6552.12,3,2026/06/02
496,15794137,Savings,120557.18,1,2026/03/19
497,15780805,Investment,910.22,1,2025/12/09
498,15753215,Credit Card,1225.87,2,2025/12/10
499,15658486,Checking,141835.93,1,2026/05/30
500,15645937,Investment,1103.15,2,2026/08/05
501,15684861,Investment,24407926.74,2,2026/01/08
502,15770968,Loan,-4074.18,2,2026/06/21
503,15596212,Checking,854.96,2,2026/07/20
504,15757577,Loan,,2,2025/12/03
505,15737104,Checking,92841.76,2,2026/06/15
506,15640686,Checking,87593.82,3,2026/06/15
507,15767781,Savings,64095.56,1,2026/04/03
508,15690695,Investment,16.43,2,2025/10/27
509,15621353,Investment,1010.77,2,2026/07/26
510,15788131,Savings,215.07,1,2026/06/25
511,15769389,Savings,140692.34,1,2026/03/05
512,15780870,Loan,107657.72,1,2026/08/14
513,15567399,Savings,98713.27,1,2026/04/25
514,15793881,Investment,46004.35,1,2026/08/28
515,15708193,Loan,994.6,2,2026/08/09
516,15669783,Checking,28053.95,2,2026/04/09
517,15568032,,59714.64,3,2025/10/26
518,15791373,Savings,32958.47,1,2025/11/27
519,15799211,Investment,204369.88,1,2025/12/04
520,15573851,,198.92,3,2026/06/11
521,15594685,Credit Card,1356.27,2,2026/03/27
522,15727198,Credit Card,58111.56,2,2026/05/19
523,15789201,Checking,178408.18,1,2026/02/22
524,15693814,Checking,872.1,2,2026/08/05
525,15808831,Savings,744.33,2,2025/11/22
526,15803790,Credit Card,60762.85,2,2026/06/03
527,15752342,Savings,24582.17,3,2026/07/07
528,15620323,Savings,42805.97,2,2026/04/17
529,15785654,Checking,72746.65,2,2026/03/02
530,15793042,Checking,94206.66,2,2026/02/11
531,15738174,Investment,568.15,2,2026/06/11
532,15589435,Investment,821.28,2,2026/02/16
533,15720083,Investment,818.77,2,2026/03/12
534,15570051,Loan,103782.42,2,2026/04/02
535,15671209,Loan,19220.54,3,2026/07/24
536,15670343,Credit Card,1059.98,2,2026/04/11
537,15695383,Credit Card,195.87,2,2026/02/15
538,15757607,Loan,911.28,1,2026/07/11
539,15758031,Credit Card,60339.47,1,2026/01/04
540,15734609,Investment,682.64,2,2026/06/18
541,15674811,Savings,32631.24,2,2026/06/09
542,15744717,Credit Card,761.34,2,2025/12/21
543,15678572,Credit Card,74819.05,2,2026/03/14
544,15599124,Checking,1048.76,2,2026/06/11
545,15613197,Investment,141.48,2,2026/01/11
546,15584928,Savings,69521.58,2,2026/03/06
547,15638607,Credit Card,1374.88,1,2026/04/22
548,15643828,Loan,267.61,2,2026/04/20
549,15570908,Savings,80789.62,1,2026/03/25
550,15640852,Investment,36473.0,4,2025/09/03
551,15610042,Credit Card,71977.5,1,2025/09/20
552,15686670,Loan,424.64,2,2026/01/26
553,15594594,Loan,88098.72,1,2026/07/05
554,15727490,Credit Card,199.72,1,2025/09/11
555,15760568,Credit Card,45209.42,2,2026/05/26
556,15702912,Credit Card,187.64,1,2025/11/11
557,15720713,Investment,840.77,2,2026/02/04
558,15807923,Savings,143025.57,1,2025/09/06
559,15758056,Checking,536.01,2,2026/02/03
560,15738546,Investment,387.8,2,2025/12/25
561,15648702,Credit Card,43157.19,2,2025/12/21
562,15754849,Checking,61771.3,2,2026/02/11
563,15574004,Investment,40015.38,2,2025/09/14
564,15716605,Loan,46061.49,2,2026/08/22
565,15565891,Loan,22055074.8,2,2026/01/22
566,15683562,Checking,69064.12,1,2026/06/13
567,15699005,Credit Card,178093.62,1,2026/05/22
568,15672056,Checking,,3,2026/06/14
569,15586680,Savings,220086.71,1,2026/06/22
570,15766172,Investment,168288.37,1,2026/06/22
571,15698031,Savings ,61262.24,2,2025/11/21
572,15741094,Credit Card,769.39,2,2025/10/21
573,15772601,Credit Card,45690.12,2,2025/09/22
574,15608338,Loan,28127.14,4,2026/04/26
575,15695474,Investment,62187.04,1,2026/03/04
576,15691543,Loan,110022.8,1,2025/11/21
577,15742480,,27703.6,2,2025/11/12
578,15812767,Checking,796.85,2,2026/01/16
579,15722548,Savings,143736.19,1,2026/03/09
580,15664506,Savings,193504.19,1,2026/06/28
581,15741197,Credit Card,17.15,3,2026/01/08
582,15717426,Credit Card,504.47,1,2025/12/31
583,15624229,Checking,,2,2026/01/12
584,15676091,Savings,780.67,1,2026/02/03
585,15807003,Investment,195311.4,1,2025/10/20
586,15593834,Loan,103751.35,1,2026/06/22
587,15576022,Investment,48922293.87,2,2026/03/26
588,15600110,Savings,65668.57,1,2026/06/21
589,15672132,Investment,116500.26,1,2025/12/23
590,15774166,Loan,55598.06,2,2025/10/12
591,15614420,Savings,62710.13,2,2026/02/16
592,15727317,Savings,29524.28,3,2026/05/08
593,15616555,Investment,68963.17,1,2025/11/30
594,15719352,Savings,85253.36,2,2026/05/10
595,15655123,Credit Card,50798.48,3,2026/08/22
596,15692761,Loan,903.6,1,2026/08/28
597,15579387,Credit Card,58021.44,2,2026/06/25
598,15605926,Investment,90549.88,2,2025/10/21
599,15799652,Loan,67922.16,2,2026/07/04
600,15718572,Investment,75709.97,2,2026/07/28
601,15661526,Savings,72173.29,2,2026/02/03
602,15578375,Credit Card,67.57,2,2025/09/22
603,15722053,Checking,492.1,2,2026/06/25
604,15702601,Loan,52712.75,2,2026/03/17
605,15604813,Investment,1440.27,2,2025/10/13
606,15655007,Credit Card,1253.16,2,2025/10/01
607,15577064,Checking,53215.5,2,2026/02/21
608,15754929,Investment,28490.18,2,2026/02/28
609,15568326,Investment,525.28,2,2026/04/13
610,15636589,Checking,97.03,2,2026/04/04
611,15783816,Credit Card,621.54,2,2025/11/03
612,15806447,Investment,46581.51,2,2025/12/28
613,15621140,Credit Card,108.81,2,2026/08/03
614,15768530,Loan,207.77,2,2026/07/08
615,15569641,,169670.67,1,2025/09/08
616,15785547,Savings,88892.03,1,2026/07/24
617,15674840,Checking,65796.44,2,2026/07/23
618,15722813,Investment,,1,2026/03/17
619,15761374,Checking,108070.15,2,2025/09/30
620,15681274,Loan,44492.8,1,2026/02/06
621,15600688,Credit Card,1155.75,2,2026/05/29
622,15625713,Savings,60755.16,1,2025/09/24
623,15620443,Loan,195.94,2,2026/02/13
624,15656840,Savings,84307.14,1,2026/06/06
625,15587584,CHECKING,-3232.98,2,2026/06/19
626,15748854,Investment,82061.69,1,2025/11/18
627,15576935,Investment,80183.89,2,2026/02/17
628,15749114,Savings,937.96,2,2026/05/18
629,15715643,Savings,405.21,2,2026/08/26
630,15744691,Checking,1083.6,3,2025/12/25
631,15632185,Investment,35201.39,2,2025/11/20
632,15696047,Checking,127496.29,1,2025/09/28
633,15594349,Credit Card,79070.96,1,2026/08/13
634,15790093,Credit Card,1288.73,2,2026/03/23
635,15569248,Savings,504.94,2,2026/04/19
636,15689168,Checking,66779.67,2,2026/07/04
637,15636872,Credit Card,80082.18,2,2026/06/24
638,15591248,Loan,66461.03,1,2026/05/19
639,15762928,Investment,938.66,1,2025/10/19
640,15635893,Credit Card,253.72,2,2025/12/25
641,15771000,LOAN,278.09,3,2026/04/12
642,15765643,Investment,79367.11,2,2026/01/29
643,15683471,Loan,497.24,2,2026/03/23
644,15673837,Credit Card,98838.59,1,2025/11/17
645,15657809,Loan,36839.51,3,2025/11/09
646,15765300,Investment,20019.26,3,2026/02/22
647,15599131,Investment,75062.26,2,2025/10/15
648,15569430,Checking,128026.58,2,2026/05/04
649,15763662,Loan,,2,2026/06/22
650,15778752,Checking,23817.59,2,2025/09/28
651,15645184,Loan,744.08,2,2026/06/10
652,15753248,Checking,45.48,2,2026/03/26
653,15643496,Investment,39175.27,2,2026/01/15
654,15765258,Investment,594.78,2,2025/10/16
655,15655082,Loan,40927.2,5,2026/03/26
656,15750549,Investment,23235.21,2,2026/05/17
657,15762984,Loan,390.86,2,2026/04/13
658,15704586,Loan,871.49,2,2026/08/26
659,15724099,Savings,196299.58,1,2025/11/08
660,15610419,Savings,153438.06,1,2025/11/11
661,15705458,Loan,19805.32,2,2026/05/07
662,15569446,Investment,89438.93,2,2026/06/16
663,15654700,Loan,114540.03,1,2025/12/13
664,15724527,Checking,,2,2026/05/10
665,15756125,Loan,69249.39,2,2026/03/24
666,15691011,Checking,54315.66,2,2026/08/02
667,15624975,Checking,111675.37,1,2026/06/22
668,15568595,Loan,138273.53,1,2025/12/12
669,15715394,Loan,96172.85,2,2026/06/17
670,15574558,Credit Card,914.05,2,2026/07/15
671,15792679,Checking ,140.04,3,2026/05/29
672,15631460,Loan,284.05,2,2026/01/07
673,15613886,Credit Card,167.06,1,2026/01/05
674,15812607,Loan,82344.7,1,2025/10/09
675,15726289,Savings,142175.91,1,2026/01/17
676,15809265,Savings,621.84,1,2026/04/11
677,15728362,Savings,449.34,2,2026/02/15
678,15677739,Loan,678.55,2,2026/08/19
679,15790235,Checking,47071.14,2,2026/06/24
680,15712536,Loan,744.75,2,2025/10/18
681,15627195,Checking,48222.11,2,2025/10/30
682,15606507,Loan,490.9,2,2026/08/12
683,15601324,CREDIT CARD,348.01,2,2026/04/02
684,15803965,Loan,107060.57,1,2026/04/07
685,15662238,LOAN,87186.96,1,2026/03/09
686,15806926,Credit Card,51204.79,2,2026/02/28
687,15809057,Investment,279.27,2,2025/12/09
688,15598485,Investment,38903.56,1,2026/02/14
689,15637461,Credit Card,893.45,2,2026/02/26
690,15627185,Checking,64023.8,2,2026/07/04
691,15767414,Checking ,56488.87,2,2026/08/04
692,15584271,Checking,448.66,2,2025/09/15
693,15802381,Loan,41174.06,1,2026/02/06
694,15750476,Savings,428.3,2,2025/11/28
695,15662865,Savings,289.76,2,2026/03/01
696,15761854,CHECKING,902.7,1,2026/07/15
697,15752588,Savings,544.64,2,2026/04/17
698,15614643,Investment,549.31,2,2026/07/19
699,15746749,Investment,11.18,2,2025/11/16
700,15607485,Loan,767.04,2,2026/04/16
701,15756655,Loan,104.0,2,2025/09/25
702,15583718,Investment,162334.29,1,2025/12/31
703,15596552,Investment,93282.46,1,2025/12/14
704,15576185,Savings,668.73,2,2026/08/19
705,15619699,Loan,338.64,1,2026/03/13
706,15623210,Savings,,3,2025/11/21
707,15697045,Loan,40.37,2,2025/10/16
708,15768193,Savings,70284.22,2,2025/10/30
709,15695174,Savings,164026.78,1,2025/09/30
710,15587507,Loan,730.97,1,2026/01/05
711,15601026,Checking,173162.15,1,2026/07/17
712,15700813,Investment,47936.87,2,2025/11/17
713,15707025,Credit Card,108.34,2,2026/01/28
714,15703437,Credit Card,135.71,2,2025/09/10
715,15593499,Checking,155.75,1,2026/02/25
716,15577905,Checking,50178.8,2,2026/08/24
717,15767894,Credit Card,940.49,2,2025/10/29
718,15607629,Credit Card,23.79,2,2026/02/06
719,15728167,Savings,133219.09,1,2026/04/21
720,15701037,Credit Card,38.79,2,2026/05/02
721,15658449,Credit Card,35037.61,1,2025/09/14
722,15770516,Credit Card,123993.43,2,2026/02/19
723,15589401,Loan,299.33,2,2025/12/19
724,15684951,Checking,38004.96,2,2026/06/05
725,15669060,Checking,674.4,2,2025/12/20
726,15723320,Checking,56783.21,2,2025/12/16
727,15705506,Loan,203.04,2,2026/06/09
728,15734762,Investment,25930.83,3,2026/05/28
729,15671390,Loan,780.31,2,2026/01/13
730,15807593,Investment,55765.96,1,2026/06/10
731,15740487,Investment,735.83,3,2026/05/08
732,15683930,Checking,44327.62,2,2026/07/18
733,15644934,Loan,112498.07,1,2025/11/14
734,15619360,Loan,203.46,1,2026/08/24
735,15749130,Investment,64251.19,1,2026/08/26
736,15771702,Credit Card,,2,2026/08/11
737,15598586,Investment,97743.79,1,2025/09/12
738,15595010,Credit Card,417.62,2,2026/03/14
739,15666095,Credit Card,35594.48,2,2026/06/28
740,15795519,Checking,139898.09,1,2026/08/08
741,15715715,Investment,-2439.78,2,2026/05/30
742,15720687,Loan,116141.01,1,2025/09/25
743,15627412,Savings,507.15,2,2026/01/11
744,15764444,Loan,85527.16,2,2025/11/29
745,15594340,Savings,81124.91,1,2025/10/03
746,15640855,Checking,59739.58,2,2026/01/26
747,15800814,Loan,28333.11,2,2025/12/14
748,15808689,Investment,159.25,2,2026/08/25
749,15587443,Investment,296.59,2,2026/07/16
750,15626948,Investment,111264.5,2,2026/01/19
751,15713094,Investment,21071011.97,2,2025/09/30
752,15793197,Savings,99295.96,1,2026/04/29
753,15801152,Checking,51816.7,2,2026/08/04
754,15727408,Savings,51061.89,2,2025/09/07
755,15718454,Savings,,2,2025/10/07
756,15738785,Loan,151.21,3,2026/03/20
757,15640161,Investment,80898.52,2,2026/08/07
758,15720968,Credit Card,50515.7,2,2026/01/19
759,15736879,Loan,1138.78,1,2026/08/08
760,15644572,Checking,152902.14,1,2026/08/06
761,15694530,Checking,209956.03,1,2026/03/06
762,15808868,Credit Card,45957.77,3,2025/10/28
763,15652400,Savings,171031.94,1,2025/09/12
764,15780038,Savings,32640.77,2,2026/01/30
765,15803976,,1063.09,2,2026/08/01
766,15650591,Loan,113486.1,1,2026/03/19
767,15657214,Savings,805.7,2,2025/12/30
768,15666633,Credit Card,513.83,2,2026/03/16
769,15681007,Credit Card,26952.59,4,2026/05/21
770,15681327,Loan,864.75,2,2026/09/01
771,15691840,Checking,83991.34,2,2025/10/23
772,15767722,Checking,195432.36,1,2026/02/11
773,15724154,Checking,206671.62,1,2026/05/09
774,15605684,Loan,117186.82,1,2026/07/05
775,15598884,Checking,237.91,1,2026/06/02
776,15690372,Investment,112109.62,2,2025/10/18
777,15765415,Checking,93748.99,1,2025/12/07
778,15571121,Credit Card,158226.53,1,2025/12/13
779,15634218,Credit Card,69951.47,2,2026/05/17
780,15627630,Investment,639.29,2,2026/04/25
781,15812197,Savings,70468.55,1,2026/06/17
782,15744273,Investment,65657.73,2,2026/09/02
783,15685243,Checking,599.56,2,2025/09/14
784,15661670,Checking,97571.48,1,2025/09/23
785,15733705,Credit Card,28691.19,2,2026/01/07
786,15742172,Savings,77113.56,2,2026/06/01
787,15621685,Loan,65341.42,2,2026/02/06
788,15787222,Investment,43805.97,2,2026/02/20
789,15579131,Credit Card,761.88,2,2026/05/11
790,15717498,Loan,70500.85,2,2026/03/23
791,15672983,Savings,34286.8,2,2025/11/22
792,15795564,,101160.0,2,2025/09/12
793,15671930,Checking,476.71,2,2026/02/27
794,15763460,Checking,117527.06,1,2026/08/19
795,15583033,Savings,732.8,2,2026/03/02
796,15700487,Savings,41801.4,3,2026/03/03
797,15574743,Credit Card,936.99,1,2026/07/20
798,15587419,Investment,666.64,2,2026/02/04
799,15678067,Savings,575.03,2,2026/01/01
800,15718454,Loan,432.52,2,2026/05/17
801,15737735,CREDIT CARD,79599.17,1,2026/01/22
802,15713854,Loan,228.32,2,2025/10/04
803,15571928,Loan,84.03,3,2026/07/20
804,15776596,Checking ,188450.39,1,2026/01/12
805,15566660,Savings,486.98,3,2026/03/20
806,15587066,Investment,,1,2025/09/18
807,15650026,Credit Card,31286.0,2,2026/06/14
808,15647306,Investment,101043.79,1,2026/01/24
809,15794171,Investment,95904.47,1,2025/12/27
810,15596303,Loan,647.19,2,2025/11/19
811,15633729,Checking,152047.96,1,2026/02/24
812,15575438,Savings,145408.35,1,2026/03/23
813,15660878,Investment,69766.96,2,2026/08/05
814,15754574,,464.85,2,2025/11/12
815,15731751,Checking,126850.79,1,2025/10/17
816,15568885,,139016.42,1,2026/03/17
817,15724428,Loan,184.87,2,2026/05/27
818,15812720,Loan,86403.59,2,2026/08/16
819,15731890,Investment,128079.3,1,2026/07/13
820,15760294,Credit Card,126814.11,1,2026/07/20
821,15719793,Checking,1189.63,2,2026/08/20
822,15686913,Investment,768.75,1,2025/12/28
823,15768881,Checking,257.27,2,2026/04/04
824,15786680,Checking,16.68,2,2026/01/04
825,15638621,Checking,56976.98,1,2026/06/23
826,15770474,Checking,482.43,3,2025/11/20
827,15656029,Loan,843.12,2,2026/04/09
828,15570194,Savings,181.64,2,2026/02/09
829,15740476,Checking,112962.1,2,2026/07/09
830,15774358,Investment,150540.31,1,2026/02/18
831,15691150,Credit Card,111418.25,1,2026/04/20
832,15730590,Loan,62766.47,2,2026/06/07
833,15680752,Savings,604.66,1,2025/11/09
834,15764021,Savings,31308.77,2,2025/12/17
835,15718106,Savings,253.12,2,2026/08/03
836,15583392,Checking,58524.72,3,2025/11/12
837,15727619,Credit Card,40055.82,3,2026/06/27
838,15586931,Credit Card,1080.08,1,2026/06/07
839,15650237,Investment,607.42,2,2026/08/19
840,15603683,Loan,78163.18,2,2025/12/15
841,15793311,Loan,41832.58,2,2025/11/12
842,15594133,Checking,684.09,3,2026/02/08
843,15609286,Investment,277258.73,1,2026/08/21
844,15754068,Savings,960.84,2,2026/08/30
845,15791216,Checking,174320.87,1,2026/05/29
846,15593782,Loan,35206.78,3,2025/11/11
847,15735388,Investment,63513.53,2,2026/04/11
848,15759966,,52022.81,2,2025/11/16
849,15567860,Checking,12483.91,2,2026/08/04
850,15679550,Credit Card,220.94,2,2026/06/19
851,15714939,Checking,179396.69,1,2025/11/22
852,15599535,Checking,47032.38,1,2026/02/12
853,15679453,Investment,202495.02,1,2025/10/07
854,15600575,Checking,51.97,2,2026/06/15
855,15812917,Savings,63451.23,2,2026/06/02
856,15649992,Loan,55995.72,2,2025/11/02
857,15567367,Loan,78519.31,1,2025/12/06
858,15572021,Loan,46268.46,2,2026/02/12
859,15662532,Credit Card,104636.23,2,2025/11/16
860,15686999,Savings,523.31,2,2025/09/18
861,15618182,investment,465.05,2,2026/02/13
862,15755416,Loan,83061.85,1,2026/04/02
863,15799910,Savings,82.37,2,2026/04/01
864,15635905,Investment,308.63,2,2026/02/05
865,15703059,Checking,132336.34,1,2026/04/17
866,15619955,Savings,31684.61,3,2026/07/26
867,15756560,Checking,-3276.63,2,2026/01/21
868,15689514,Savings,115981.93,1,2025/11/19
869,15597957,Savings,1044.93,2,2025/12/08
870,15722632,Savings,74728.58,1,2025/10/27
871,15617052,Credit Card,656.57,1,2025/11/09
872,15769917,Savings,41835.75,3,2025/12/06
873,15732943,Loan,88374.53,1,2025/09/16
874,15567980,checking,93406.72,1,2026/07/13
875,15738715,Savings,40304296.34,3,2026/07/15
876,15655859,Checking,61653.77,2,2026/01/17
877,15631868,Savings,117633.12,1,2026/07/10
878,15650034,Savings,638.3,1,2026/06/20
879,15620507,Savings,163445.38,1,2026/07/13
880,15768282,Savings ,56449.55,2,2025/12/30
881,15699389,Investment,79543.19,1,2026/07/05
882,15688007,Investment,269229.15,1,2025/12/30
883,15777076,Savings,59.42,2,2025/12/30
884,15796313,Checking,80172.18,2,2026/08/20
885,15777616,Credit Card,36363.84,1,2025/09/16
886,15623210,Checking,50977.03,3,2026/03/05
887,15700946,Savings,23393105.1,1,2025/10/13
888,15674811,Loan,36677.12,2,2026/08/21
889,15658364,Savings,209094.66,1,2026/05/05
890,15582129,Loan,13812.06,3,2025/11/10
891,15805312,Savings,109480.1,1,2026/05/18
892,15781702,Investment,60470.38,2,2026/07/09
893,15620832,Investment,86.28,2,2026/05/01
894,15641175,Investment,34013.34,3,2026/09/02
895,15740072,Savings,50137.51,2,2026/08/01
896,15677146,Savings,72424.54,2,2026/03/13
897,15628813,Loan,96300.39,1,2025/12/06
898,15752409,Investment,589.08,2,2026/03/20
899,15578073,Credit Card,715.07,2,2026/05/12
900,15810978,Savings,206.24,2,2026/05/03
901,15746726,Loan,73389.0,1,2025/11/12
902,15701376,,60264.32,2,2025/11/25
903,15641043,Investment,694.5,2,2025/12/10
904,15611794,Credit Card,57357.93,2,2025/12/27
905,15770435,Credit Card,62125.87,2,2025/09/19
906,15803685,Loan,52192.53,2,2026/03/31
907,15643188,Credit Card,46859.68,2,2025/09/10
908,15792107,Loan,364.78,1,2026/01/19
909,15767954,Investment,54435.56,2,2026/04/02
910,15712264,Loan,560.25,2,2025/12/25
911,15652540,Checking,301.44,2,2026/08/12
912,15664523,Credit Card,,2,2025/12/15
913,15601008,savings,555.99,2,2025/12/16
914,15665629,Investment,757.28,2,2025/10/06
915,15664754,Savings,,4,2025/12/02
916,15595153,Checking,45888.53,2,2026/04/15
917,15708693,Investment,16146429.49,2,2026/07/15
918,15672821,Loan,49.75,2,2026/05/11
919,15736760,Credit Card,,1,2026/08/21
920,15775490,Savings ,88563.06,2,2026/02/16
921,15795246,Checking,80900.76,2,2026/04/25
922,15705383,Checking,179381.08,1,2026/01/07
923,15811036,Checking,138224.65,1,2026/04/09
924,15800268,Savings,117887.61,1,2026/03/29
925,15647191,Credit Card,490.4,2,2025/09/24
926,15750755,Credit Card,408.64,2,2026/07/11
927,15581198,Savings,68191.98,1,2026/03/16
928,15584288,INVESTMENT,553.44,2,2026/02/10
929,15711991,,538.99,2,2026/03/23
930,15572361,Loan,218921.74,1,2026/07/13
931,15636548,CHECKING,425.56,2,2026/06/22
932,15670755,Loan,368.01,2,2026/07/04
933,15627514,Savings,863.29,2,2026/06/04
934,15702380,Loan,121.58,2,2026/05/29
935,15612103,Savings,75234.38,1,2026/07/28
936,15594928,Savings,156906.16,1,2026/08/29
937,15813681,Investment,75706.14,2,2025/09/22
938,15771477,Loan,96255.19,1,2026/05/27
939,15684516,Credit Card,142329.68,1,2025/10/28
940,15788215,Investment,83757.43,1,2026/04/22
941,15592854,Checking,11695157.6,1,2026/04/24
942,15626233,Loan,999.35,2,2025/09/24
943,15709523,Savings,39146.76,2,2026/01/06
944,15700601,Investment,71381.61,1,2026/05/26
945,15772030,Loan,824.49,2,2026/06/05
946,15786539,credit card,697.34,2,2026/03/24
947,15593969,Checking,183844.34,1,2025/09/23
948,15649992,Investment,33223.84,2,2026/06/15
949,15626578,Checking,212.1,2,2026/03/20
950,15730418,Savings,950.84,2,2026/05/25
951,15591036,Checking,204150.61,1,2026/07/22
952,15641091,Savings,80522.71,1,2025/09/28
953,15698294,Savings,249.52,2,2025/12/09
954,15645772,Credit Card,405.46,2,2026/01/30
955,15810864,Savings,468.16,2,2026/04/16
956,15780561,Loan,32567.17,2,2026/03/25
957,15637414,Checking,144592.29,1,2026/02/05
958,15687492,Loan,38645.34,2,2026/01/27
959,15656086,Credit Card,72347.01,1,2026/04/27
960,15814004,Credit Card,599.34,2,2025/11/27
961,15575410,Investment,43352242.89,2,2026/04/07
962,15805212,Checking,998.48,2,2026/01/31
963,15568326,Investment,525.28,2,2026/07/13
964,15809087,Investment,863.4,2,2025/09/30
965,15643215,Loan,40011.64,2,2026/08/22
966,15814750,Loan,1220.11,2,2026/05/25
967,15708791,Investment,124393.64,1,2025/11/14
968,15578096,Investment,130797.8,2,2026/04/28
969,15622033,Checking,26925.85,4,2026/07/30
970,15691323,Savings,39916.91,2,2026/04/22
971,15676895,Loan,30406.0,3,2025/10/19
972,15663808,Investment,55883.56,2,2026/05/17
973,15801767,Credit Card,128.6,2,2025/10/30
974,15622117,Savings,1303.77,2,2025/12/04
975,15614827,Checking,109214.76,1,2026/06/29
976,15683168,Loan,463.13,1,2026/08/25
977,15740527,Savings,111131.37,1,2026/06/09
978,15619537,Credit Card,68360.85,2,2025/11/11
979,15800068,Savings,376.29,2,2026/03/23
980,15709451,credit card,55224.81,2,2026/04/02
981,15697789,Checking,70013.6,2,2026/02/15
982,15689953,Savings,131605.49,1,2026/04/21
983,15726676,Savings,232.9,2,2025/09/15
984,15799480,Checking,598.99,2,2025/12/03
985,15768816,Loan,76922.61,2,2026/04/23
986,15591995,Savings,52755.7,2,2026/07/02
987,15718839,Checking,51814.48,2,2026/09/02
988,15688619,Loan,60435.29,2,2025/12/15
989,15726250,Savings,131535.83,2,2026/04/23
990,15678317,Checking,534.34,2,2025/10/19
991,15724663,Loan,755.33,2,2026/01/09
992,15808760,Credit Card,812.31,1,2026/02/15
993,15780925,CreditCard,64680.64,2,2026/08/23
994,15719940,Checking,56238.64,2,2026/08/01
995,15701096,Investment,87541.11,1,2026/09/02
996,15779862,Checking,89430.17,1,2025/11/25
997,15667944,Investment,75867.67,1,2025/11/05
998,15604314,Loan,125831.12,3,2025/10/19
999,15615832,Savings,125480.27,1,2025/10/31
1000,15621457,Loan,54955.48,2,2026/08/30
1001,15608344,Savings,49931.54,3,2026/04/21
1002,15611024,Loan,66550.0,1,2026/07/24
1003,15674720,Savings,158960.41,1,2026/03/07
1004,15628950,Credit Card,90340.54,1,2025/10/16
1005,15589329,Investment,391.15,2,2026/05/29
1006,15615797,Credit Card,116680.23,1,2026/08/31
1007,15780514,Investment,179691.31,1,2026/03/18
1008,15638989,Investment,269147.02,1,2026/05/22
1009,15743456,Credit Card,187.04,2,2026/07/13
1010,15788539,Investment,101651.23,1,2025/11/23
1011,15606435,Credit Card,45397.91,2,2026/03/15
1012,15647546,Checking,67543.62,2,2026/06/11
1013,15808689,Checking,629.95,2,2026/03/16
1014,15591698,Savings,121767.69,1,2025/09/25
1015,15608726,Credit Card,652.89,2,2025/11/29
1016,15757559,Credit Card,310.78,2,2026/02/21
1017,15684958,Checking,73489.36,2,2026/06/19
1018,15673837,Credit Card,98838.59,1,2026/08/06
1019,15809847,Checking,81.2,2,2025/11/18
1020,15778155,Loan,136078.25,1,2025/11/25
1021,15727919,Checking,727.44,2,2025/11/16
1022,15634551,Checking,27501.99,4,2025/12/03
1023,15740283,Loan,1147.6,2,2026/09/02
1024,15697035,Investment,552.59,2,2025/09/29
1025,15791972,Investment,766.32,2,2026/04/05
1026,15699524,Savings,285.65,1,2026/02/07
1027,15735428,Credit Card,379.25,2,2026/02/08
1028,15677305,Checking,69403.08,1,2026/04/19
1029,15771054,Investment,438.79,2,2026/01/28
1030,15809462,,1034.58,2,2026/07/20
1031,15589969,Savings,80.83,1,2025/12/04
1032,15739123,Loan,92228.48,2,2025/11/02
1033,15669987,,33099.8,2,2025/11/09
1034,15643439,Investment,326.45,2,2025/12/15
1035,15761294,Credit Card,105318.93,1,2025/09/04
1036,15714355,Investment,134996.97,1,2026/07/18
1037,15806688,Credit Card,65859.09,3,2026/01/10
1038,15686611,credit card,81895.79,1,2025/09/09
1039,15578747,Loan,102610.6,1,2026/04/25
1040,15678168,Investment,705.58,2,2026/05/15
1041,15764284,Savings,615.38,3,2026/05/16
1042,15700353,Checking,128.96,2,2026/06/08
1043,15581440,Savings,33160.63,2,2025/09/05
1044,15769829,Checking,522.57,2,2026/07/11
1045,15757867,Investment,81892.66,1,2026/05/13
1046,15621550,Loan,58814.19,3,2026/01/02
1047,15708362,Checking,31333.65,2,2025/12/23
1048,15750776,Loan,107494.37,1,2026/07/01
1049,15783955,Checking,,2,2026/08/06
1050,15709476,,37788.84,1,2026/05/04
1051,15812888,Savings,524.04,4,2026/04/23
1052,15743193,Checking,71271.32,2,2026/03/31
1053,15575146,Investment,74493.53,2,2026/04/17
1054,15754053,Credit Card,37.62,3,2025/10/13
1055,15706464,Credit Card,45271.62,4,2026/07/07
1056,15656822,Investment,18630.67,4,2026/07/07
1057,15749004,Savings,53193.85,2,2025/09/06
1058,15774507,Loan,85159.33,1,2026/01/06
1059,15650454,Loan,513.46,2,2026/06/10
1060,15733460,Investment,200.08,2,2026/01/23
1061,15619045,Investment,35.27,2,2026/07/17
1062,15700650,Investment,917.52,2,2026/07/21
1063,15572158,Credit Card,1092.02,1,2026/06/15
1064,15756850,Credit Card,968.93,2,2025/12/18
1065,15710928,Credit Card,94653.53,1,2025/09/28
1066,15648069,savings,506.44,2,2025/12/06
1067,15727311,Investment,71278.73,4,2025/11/17
1068,15661974,,55585.01,1,2025/10/01
1069,15631693,Credit Card,705.82,2,2026/08/03
1070,15586183,Credit Card,272.81,2,2026/02/28
1071,15675431,Checking,408.83,1,2025/09/21
1072,15785485,Checking,154301.3,1,2025/11/16
1073,15805104,Loan,372.9,2,2025/09/19
1074,15690492,Credit Card,52558.1,2,2026/08/10
1075,15605215,CREDIT CARD,28.2,2,2026/06/25
1076,15724834,Investment,999.21,2,2026/07/08
1077,15706764,Checking,325.47,2,2026/02/02
1078,15626383,Checking,105494.63,1,2026/02/19
1079,15681439,Loan,31840.11,2,2025/10/17
1080,15722473,Savings,496.78,2,2025/09/28
1081,15637993,Loan,164607.49,1,2025/10/28
1082,15574554,Savings,25784.62,2,2026/04/04
1083,15722350,Investment,107849.93,1,2025/12/03
1084,15732660,Checking,532.6,1,2025/11/24
1085,15771742,Loan,80084.8,2,2026/08/13
1086,15610801,Savings,172102.67,1,2026/01/26
1087,15641732,Checking,321.13,2,2026/07/12
1088,15806822,Savings,122.64,2,2026/08/07
1089,15590683,Investment,155751.28,1,2026/08/23
1090,15693382,Credit Card,507.5,1,2026/08/27
1091,15571305,Credit Card,102787.55,1,2026/07/04
1092,15626679,Credit Card,887.56,2,2026/06/23
1093,15734674,Credit Card,88.24,1,2026/06/17
1094,15613734,Loan,30384.17,2,2025/12/02
1095,15569430,Investment,73160.49,2,2026/04/24
1096,15734565,Checking,470.32,2,2026/06/26
1097,15684173,Loan,332.56,3,2026/03/06
1098,15746333,Savings,158.94,3,2025/09/21
1099,15725141,Credit Card,61401.61,1,2025/10/20
1100,15713479,Checking,720.09,2,2026/02/03
1101,15748856,Savings,95669.56,1,2026/02/15
1102,15592025,Loan,37.51,2,2026/03/10
1103,15648047,Credit Card,57069.18,2,2026/03/16
1104,15639662,Investment,28.48,2,2025/10/07
1105,15610056,Investment,56178.02,2,2026/04/09
1106,15734588,Investment,80.64,2,2026/06/11
1107,15724543,Savings,448.54,2,2025/10/06
1108,15570141,Savings,94899.62,1,2026/01/30
1109,15636353,Credit Card,698.75,2,2026/05/02
1110,15594577,Loan,16.43,2,2025/11/10
1111,15777994,Investment,232.12,2,2025/11/04
1112,15726058,Credit Card,55463.87,2,2026/08/24
1113,15782475,Checking,1098.45,2,2026/01/21
1114,15741049,Savings,172.46,2,2026/02/18
1115,15750671,Credit Card,85.56,2,2026/05/30
1116,15806327,Savings,43349.15,2,2026/04/02
1117,15756471,Loan,90565.61,2,2026/05/29
1118,15719276,Checking,60850.27,1,2025/12/19
1119,15737173,Checking,53.8,2,2026/08/25
1120,15708505,Credit Card,34578.02,2,2025/12/19
1121,15769522,Savings,69720.64,1,2026/07/13
1122,15647965,Investment,68579.51,2,2025/10/02
1123,15692258,Checking,113769.93,1,2025/10/28
1124,15604130,Loan,189177.98,3,2026/06/22
1125,15812888,Investment,396.5,4,2026/07/22
1126,15762855,credit card,953.92,2,2026/05/31
1127,15781451,Savings,,2,2025/10/17
1128,15625021,Loan,1247.16,2,2026/05/08
1129,15569394,Checking,54272.71,2,2026/08/21
1130,15759456,Credit Card,66678.23,2,2026/07/09
1131,15580203,Savings,188272.5,1,2026/08/30
1132,15690079,Loan,49073.2,2,2026/01/28
1133,15750778,Savings,29128.63,4,2026/04/09
1134,15702789,Investment,228974.73,1,2026/07/11
1135,15684318,Checking,43364.77,2,2026/02/12
1136,15789863,Savings,75.38,2,2026/01/13
1137,15713160,Checking,57739.88,2,2026/05/30
1138,15714080,Credit Card,56391.31,2,2026/06/24
1139,15665062,Investment,72856.73,1,2026/07/19
1140,15746695,Loan ,36177.18,1,2026/03/03
1141,15695383,Checking ,322.95,2,2025/11/08
1142,15756743,Investment,113825.52,1,2026/07/14
1143,15779390,Credit Card,72156.41,1,2026/06/18
1144,15735632,Savings,601.38,1,2026/05/15
1145,15714970,Credit Card,137009.74,1,2026/05/27
1146,15578186,Investment,32208.22,2,2026/07/23
1147,15775203,Savings,167524.54,1,2026/05/15
1148,15775949,Credit Card,0.0,1,2026/05/13
1149,15809838,Savings,555.55,2,2025/12/04
1150,15665129,Credit Card,58939.24,2,2026/07/12
1151,15806249,Checking,990.97,2,2025/12/31
1152,15614716,,236262.36,1,2026/08/31
1153,15653572,Loan,170609.46,1,2026/01/29
1154,15773098,Credit Card,643.63,2,2025/12/11
1155,15606274,Investment,32467.88,2,2025/09/03
1156,15749167,Checking,900.34,2,2025/11/02
1157,15656484,Savings,192.01,2,2025/09/15
1158,15739997,Credit Card,64057.8,2,2026/04/29
1159,15578799,Credit Card,,1,2026/07/20
1160,15639077,Checking,31162.82,3,2025/11/02
1161,15670619,Savings,681.78,2,2025/12/18
1162,15671139,Credit Card,63061.46,1,2026/07/15
1163,15706464,Loan,60984.81,2,2026/04/03
1164,15569595,Investment,293.97,1,2026/04/02
1165,15798053,Investment,93.05,2,2025/09/26
1166,15636634,Checking,75984.74,1,2026/02/20
1167,15650575,Credit Card,249.2,2,2026/03/01
1168,15771483,Investment,298.43,2,2026/06/16
1169,15635459,Investment,62553.59,2,2026/07/26
1170,15614934,Savings,108219.49,1,2025/12/20
1171,15681991,Checking,108268.3,1,2025/09/08
1172,15670753,Credit Card,89096.36,1,2026/07/27
1173,15811970,Loan,329.48,2,2025/12/15
1174,15811565,savings,80457.48,1,2026/08/22
1175,15655794,Checking,307.86,2,2026/01/25
1176,15593715,,120153.49,1,2026/01/11
1177,15719479,Checking,975.37,2,2025/10/07
1178,15624744,Investment,225229.38,1,2026/02/07
1179,15729956,Checking,-3318.69,1,2026/02/03
1180,15703037,Checking,364.57,1,2026/05/20
1181,15688251,Checking,51251.79,2,2026/06/11
1182,15567725,Loan,17581.53,2,2026/02/15
1183,15797065,CreditCard,318.46,2,2025/09/06
1184,15671387,Checking,32235.85,2,2025/10/31
1185,15812518,Checking,160487.16,1,2026/08/20
1186,15701376,Savings,86259.2,2,2026/02/20
1187,15768137,Savings,41584.96,2,2026/02/24
1188,15729454,Savings,-2089.0,2,2026/03/24
1189,15634792,Loan,246.49,2,2026/06/21
1190,15738516,,251.6,1,2026/07/15
1191,15797710,Credit Card,,1,2025/09/17
1192,15774401,Credit Card,622.93,2,2025/12/01
1193,15715510,Investment,42594.74,2,2025/12/11
1194,15597309,Loan,648.21,2,2026/02/19
1195,15803406,Checking,35084.64,1,2026/02/23
1196,15619494,Loan,66815.65,1,2026/08/13
1197,15699550,Investment,595.78,2,2026/05/06
1198,15709004,Checking,33813.3,2,2026/05/03
1199,15599410,Investment,267.22,2,2025/09/21
1200,15777708,Credit Card,675.26,2,2026/07/30
1201,15613854,Checking,51112.37,2,2025/11/11
1202,15599182,Investment,1606.41,2,2026/05/07
1203,15804814,Loan,266.39,2,2025/11/21
1204,15732610,Checking,96.0,2,2026/07/21
1205,15790782,Savings,143773.28,1,2026/04/26
1206,15605622,Loan,747.37,2,2026/06/04
1207,15704466,Savings,284.22,2,2026/02/21
1208,15713559,Savings,97891.73,2,2026/04/27
1209,15770101,Checking,47351.4,2,2026/04/02
1210,15805769,Savings,53.71,2,2025/10/01
1211,15814940,Savings,1078.23,2,2026/05/27
1212,15616172,Credit Card,-484.46,2,2026/02/03
1213,15701972,Credit Card,136130.38,1,2026/06/19
1214,15629273,Checking,56525.59,1,2026/08/16
1215,15729110,Savings,259.1,2,2026/02/11
1216,15675842,Loan,81139.9,1,2026/06/14
1217,15571689,,157.93,2,2026/06/04
1218,15741921,Credit Card,720.1,2,2025/09/12
1219,15743871,Credit Card,623.61,4,2025/12/18
1220,15701166,Credit Card,68936.23,2,2026/06/25
1221,15805413,Checking,87733.69,2,2026/08/19
1222,15748882,Investment,469.95,2,2026/02/19
1223,15636105,Savings,112.25,2,2026/03/03
1224,15768340,Savings,112851.06,1,2025/10/06
1225,15605276,Checking,498.34,2,2025/11/18
1226,15727605,,37569.3,2,2026/01/24
1227,15798424,Savings,141804.74,1,2025/09/18
1228,15713378,Checking,1303.16,2,2026/02/23
1229,15733602,Credit Card,555.04,2,2026/03/14
1230,15641183,Checking,94595.9,1,2026/07/20
1231,15641298,Investment,59916.54,2,2026/06/03
1232,15699238,Investment,761.19,2,2025/11/26
1233,15685829,Credit Card,630.69,2,2026/06/22
1234,15695632,Checking,136963.3,1,2026/07/10
1235,15682070,Savings,164.18,2,2026/03/21
1236,15812534,Savings,525.27,3,2025/12/07
1237,15759690,Investment,392.28,2,2026/07/04
1238,15678057,Credit Card,-3416.85,2,2025/11/01
1239,15764431,Checking,35939667.93,4,2026/02/07
1240,15796343,Investment,15321.1,2,2026/08/30
1241,15704770,Savings,67708.68,2,2026/02/11
1242,15609160,Loan,439.31,2,2026/09/01
1243,15568106,Loan,63204.12,1,2025/09/19
1244,15598046,Savings,83669.17,2,2026/01/20
1245,15813894,Loan,621.59,2,2026/04/02
1246,15758845,Checking,83235.13,1,2025/10/17
1247,15745295,Investment,391.15,1,2026/05/15
1248,15624611,Loan,54176.08,2,2026/01/02
1249,15624347,Loan,684.86,2,2026/03/12
1250,15782941,Loan,24.11,2,2026/04/22
1251,15675983,,90142.57,1,2026/02/04
1252,15617419,Investment,30424.76,2,2025/12/22
1253,15690733,Savings,837.88,2,2026/05/29
1254,15589754,Investment,237630.9,1,2026/02/04
1255,15615096,Investment,89.1,2,2025/12/01
1256,15810807,Checking,920.0,2,2025/10/30
1257,15727299,Investment,48832.93,1,2026/03/13
1258,15569867,Loan,496.41,2,2025/09/22
1259,15673693,Credit Card,128624.71,1,2025/12/15
1260,15664547,Credit Card,728.93,1,2025/10/20
1261,15662662,CREDIT CARD,413.17,2,2026/04/18
1262,15711921,Savings,78.81,2,2026/05/20
1263,15586629,Savings,82.09,2,2025/09/15
1264,15688251,Savings,28431.32,2,2026/05/08
1265,15646161,Savings,718.07,2,2026/05/17
1266,15692408,Investment,787.68,2,2025/11/20
1267,15733797,Savings,1256.42,2,2025/12/09
1268,15735849,Savings,62703.73,2,2026/02/24
1269,15642996,Credit Card,35715.8,2,2026/05/08
1270,15790489,LOAN,81719.05,1,2026/05/29
1271,15721207,Savings,74533.27,1,2026/02/08
1272,15677324,Checking,92719.59,1,2026/02/17
1273,15638983,Loan,77652.98,1,2025/11/15
1274,15704795,Savings ,621.73,2,2025/10/23
1275,15643392,Checking,51756.47,1,2026/05/25
1276,15789669,Savings,448.77,2,2026/08/15
1277,15692599,Loan,50401.96,1,2025/11/09
1278,15608209,Savings,41617.89,2,2025/12/17
1279,15700801,Savings,32073.35,3,2025/09/21
1280,15654901,Investment,126159.33,1,2026/04/26
1281,15620341,Investment,48487.4,2,2026/03/20
1282,15768163,Loan,128963.81,1,2026/09/03
1283,15640648,Savings,1057.84,2,2026/05/28
1284,15672894,Checking,49205.35,2,2025/11/01
1285,15616709,Investment,10119.11,2,2025/09/05
1286,15746805,Loan,84.64,2,2026/02/09
1287,15717056,Checking,172069.44,1,2025/09/25
1288,15655339,Credit Card,140203.74,1,2026/08/20
1289,15644856,Loan,111106.73,1,2026/07/04
1290,15572145,Savings,1188.81,2,2025/10/17
1291,15771966,Savings,235971.67,1,2026/02/20
1292,15569682,Investment,109098.28,1,2026/04/30
1293,15680772,Credit Card,,2,2025/09/26
1294,15678210,Checking,43749.39,2,2025/10/25
1295,15647385,,100996.92,1,2026/05/27
1296,15601659,Investment,27418.96,2,2026/08/06
1297,15621064,Investment,-1474.0,2,2026/02/09
1298,15609987,Checking,125714.58,1,2025/09/14
1299,15651883,Investment,181982.99,1,2026/06/25
1300,15635143,Investment,37595.49,3,2026/02/09
1301,15781903,Savings,91953.76,2,2026/07/27
1302,15689661,Investment,814.64,2,2025/12/19
1303,15670039,Checking,45141.77,2,2026/02/14
1304,15773456,Savings,73310.76,2,2025/12/14
1305,15684198,Credit Card,1528.08,3,2025/12/10
1306,15671165,Investment,210511.58,1,2026/01/27
1307,15768574,Loan,257376.21,1,2026/01/22
1308,15616365,Checking,144.11,4,2026/06/02
1309,15711398,Savings,725.53,2,2026/02/13
1310,15682467,Loan,140981.32,1,2026/04/16
1311,15688849,Savings,28603.76,3,2026/08/12
1312,15739803,Savings,75.3,2,2025/11/02
1313,15762573,,570.81,2,2026/01/20
1314,15732963,,353.38,2,2025/11/18
1315,15600510,Checking,,2,2025/11/22
1316,15815125,Investment,46104.73,2,2026/01/21
1317,15662098,Savings,19256.71,3,2025/10/31
1318,15620372,Savings,,2,2025/09/10
1319,15649487,Loan,35220.11,2,2026/07/18
1320,15750049,Checking,112998.16,1,2026/06/16
1321,15798975,Loan,172437.05,1,2026/05/24
1322,15692110,,27.49,1,2025/10/25
1323,15642570,Checking,192.76,2,2025/12/17
1324,15608408,Checking,1312.4,2,2026/06/07
1325,15803689,Investment,68630.58,2,2026/03/01
1326,15607746,Credit Card,651.23,1,2026/06/11
1327,15787196,Investment,727.77,2,2026/02/13
1328,15747647,Savings,604.94,2,2026/01/19
1329,15639217,Savings,572.51,2,2025/11/14
1330,15798824,Credit Card,55451.11,2,2026/08/29
1331,15695846,Savings,712.52,2,2026/01/26
1332,15655952,Savings,683.32,2,2026/06/23
1333,15580487,Savings,64367.16,2,2026/01/06
1334,15624188,Savings,33.52,2,2025/11/29
1335,15766765,Investment,61373.18,1,2025/10/09
1336,15689096,Investment,121321.33,1,2026/02/09
1337,15580912,Savings,48926874.94,2,2026/07/13
1338,15805690,Investment,196.16,1,2026/02/23
1339,15626412,Investment,730.99,2,2026/06/06
1340,15797197,Loan,333.86,2,2026/04/18
1341,15673539,Investment,141879.05,1,2025/09/28
1342,15591577,Savings,141319.47,1,2025/11/08
1343,15749905,Investment,732.85,1,2025/09/17
1344,15790683,,75533.43,2,2026/05/02
1345,15637717,Loan,60920.86,2,2026/08/14
1346,15682533,Checking,20650.41,1,2025/09/28
1347,15749328,Investment,569.13,2,2025/10/27
1348,15762169,Investment,59011.96,2,2026/03/18
1349,15718531,Investment,-1099.39,2,2025/09/30
1350,15760216,Loan,155.2,1,2025/10/17
1351,15781272,Credit Card,47362.07,5,2026/04/09
1352,15800806,Checking,74834.53,2,2026/03/22
1353,15589221,Investment,51570.62,2,2025/12/03
1354,15721835,Investment,624.32,1,2026/08/29
1355,15664668,Credit Card,100582.87,1,2026/07/05
1356,15813444,Investment,48131513.48,2,2026/07/03
1357,15775067,Savings,40728.73,2,2026/07/22
1358,15686780,Savings,190341.84,1,2026/08/22
1359,15664214,Investment,74322.86,2,2026/08/27
1360,15618225,Credit Card,62819.51,2,2026/04/19
1361,15625881,Loan,59868.7,2,2026/07/15
1362,15622192,,-512.96,2,2026/03/04
1363,15767921,Checking,744.82,2,2026/02/09
1364,15579109,Loan,,1,2026/02/20
1365,15780140,Savings,23732.49,2,2025/12/13
1366,15673929,Savings,,2,2026/09/03
1367,15653404,Checking,92082.42,1,2026/08/12
1368,15754443,Loan,126396.82,1,2026/06/03
1369,15679884,Loan,19225.34,3,2025/10/13
1370,15787255,Savings,48528.91,3,2026/04/29
1371,15684868,Savings,100588.44,1,2026/06/20
1372,15663438,Checking,48355.15,1,2025/11/09
1373,15584536,Checking,58831.4,1,2025/10/20
1374,15625716,Checking,72396.22,1,2026/08/26
1375,15665963,Credit Card,159113.24,1,2026/04/30
1376,15727944,,105388.65,1,2025/10/22
1377,15675252,checking,,2,2026/04/24
1378,15687477,Investment,174313.95,1,2026/02/08
1379,15686870,INVESTMENT,27443.95,2,2026/08/19
1380,15740404,Loan,31893527.72,2,2026/07/29
1381,15812073,Checking,1161.66,2,2026/09/01
1382,15618391,Loan,1156.39,2,2026/04/29
1383,15631072,Savings,23859.44,2,2026/05/01
1384,15779581,Checking,42841.25,2,2025/12/30
1385,15768474,Credit Card,,2,2025/12/26
1386,15760641,credit card,91619.56,1,2025/11/15
1387,15723299,Credit Card,163794.46,1,2026/07/15
1388,15705765,Loan,1014.33,2,2026/01/13
1389,15596379,Investment,184411.97,1,2026/03/08
1390,15723685,Credit Card,21488.67,2,2026/03/22
1391,15643121,Checking,27239.14,4,2025/12/05
1392,15737627,Loan,51841.82,2,2026/08/27
1393,15812272,Checking,27789.37,2,2026/08/09
1394,15793671,Credit Card,1112.69,1,2026/02/19
1395,15807989,Checking,42068.55,2,2026/02/16
1396,15683841,Loan,31641.67,2,2026/04/23
1397,15662403,Loan,103504.68,2,2026/05/10
1398,15725068,Savings,349.08,2,2025/09/18
1399,15769272,Checking,149750.28,1,2025/10/06
1400,15768104,Loan,140788.81,1,2026/05/04
1401,15644453,Savings,172926.4,1,2025/10/30
1402,15664808,Investment,581.5,3,2026/03/01
1403,15815560,Savings,131042.83,1,2026/05/06
1404,15599860,Loan,88392.95,1,2026/04/27
1405,15645248,Investment,,2,2025/11/29
1406,15706365,Loan,88365.18,1,2026/01/25
1407,15763029,,119308.9,1,2026/02/28
1408,15590327,Checking,192593.27,1,2026/07/09
1409,15651983,Savings,102270.62,1,2026/06/24
1410,15571869,Credit Card,99999.55,1,2025/11/07
1411,15583212,Loan,188972.27,1,2026/05/21
1412,15670943,Investment,86472.51,2,2025/10/25
1413,15595324,Loan,29988.19,3,2026/03/29
1414,15586300,Savings,502.93,2,2026/09/03
1415,15616700,Checking,702.06,2,2025/10/27
1416,15664555,,133.76,4,2026/02/16
1417,15737705,Credit Card,156618.34,1,2026/06/14
1418,15612207,Loan,107324.96,1,2026/08/01
1419,15728564,Checking,742.43,2,2025/10/09
1420,15696588,Savings,186.45,2,2026/02/04
1421,15573854,Savings,,2,2026/06/02
1422,15693732,Checking,176.65,2,2026/04/27
1423,15658475,Investment,126749.89,1,2026/03/27
1424,15622532,Investment,-2343.37,2,2026/07/02
1425,15711733,Loan,641.0,2,2026/04/02
1426,15743976,Loan,42094.9,1,2026/01/03
1427,15729362,Loan,63888.61,1,2026/07/17
1428,15695103,Checking,360.7,2,2026/01/05
1429,15642833,Credit Card,872.19,2,2026/06/10
1430,15709478,LOAN,52602.0,2,2025/11/23
1431,15576368,INVESTMENT,40392.01,2,2026/05/07
1432,15621244,Loan,122614.38,1,2026/03/18
1433,15736146,Loan,106173.02,1,2025/10/06
1434,15719624,Credit Card,197919.73,1,2026/02/24
1435,15627741,,59530.08,2,2025/12/18
1436,15579559,Loan,202293.87,1,2026/08/24
1437,15659501,,85290.22,1,2026/07/02
1438,15671779,Credit Card,748.05,2,2026/04/11
1439,15651315,Loan,912.69,2,2026/04/13
1440,15669060,Savings,1192.68,2,2026/06/20
1441,15592078,Credit Card,28636.23,2,2026/02/25
1442,15617029,Loan,265.68,2,2026/06/08
1443,15750055,Loan,54381.54,2,2026/08/24
1444,15574584,Loan,126410.86,1,2026/01/01
1445,15681316,Checking,35813.51,2,2025/11/30
1446,15665766,Credit Card,54115.22,2,2026/08/08
1447,15675794,Investment,66356.62,1,2026/08/11
1448,15745623,Savings,93326.99,1,2025/10/12
1449,15634564,Savings,131102.08,1,2026/09/02
1450,15753161,Investment,83113.99,2,2026/06/23
1451,15625881,Investment,71132.79,2,2026/05/10
1452,15737961,Loan,32156.69,2,2025/10/31
1453,15709447,Investment,188094.63,1,2026/07/03
1454,15787255,Credit Card,37965.38,3,2026/07/05
1455,15583090,Loan,986.3,2,2026/04/28
1456,15649744,Investment,46017.85,2,2026/02/16
1457,15599211,Savings,865.23,2,2026/06/14
1458,15682618,Loan,64960.54,2,2025/10/22
1459,15581102,Savings,213.52,2,2026/04/18
1460,15641007,Checking,51643.07,1,2025/12/02
1461,15692132,Checking,144045.71,1,2026/02/07
1462,15734491,Savings,1020.87,2,2026/03/29
1463,15609804,Checking,1123.47,1,2025/10/08
1464,15635776,Credit Card,70609.14,2,2026/07/06
1465,15769451,Credit Card,444.56,2,2025/10/28
1466,15794849,Credit Card,64998.86,2,2026/08/19
1467,15805112,Credit Card,76742.69,1,2026/07/05
1468,15788291,Loan,150314.42,1,2026/03/16
1469,15754874,,185051.7,1,2026/02/17
1470,15663161,Loan,185244.31,1,2026/05/14
1471,15803365,Savings,57791.22,1,2026/07/30
1472,15749177,Investment,89.02,2,2026/08/07
1473,15681990,Credit Card,52000.65,2,2025/10/04
1474,15689201,Investment,98240.59,1,2025/10/19
1475,15689886,Loan,47062.91,3,2025/12/23
1476,15659820,Loan,275.15,2,2025/11/13
1477,15694381,Investment,24049351.47,1,2026/06/27
1478,15737080,Checking,1045.98,2,2026/07/25
1479,15730447,Loan,807.3,2,2025/09/03
1480,15782390,Loan,359.67,1,2025/11/17
1481,15792922,Loan,91596.98,1,2026/08/07
1482,15603749,Savings,23929.84,1,2025/11/18
1483,15574115,Investment,52152.54,2,2026/04/22
1484,15625047,Loan,143.97,1,2026/06/02
1485,15803716,Savings,1071.59,2,2026/01/30
1486,15795488,Loan,515.77,2,2026/03/21
1487,15636395,Loan,19.91,2,2026/07/15
1488,15575147,Checking,103565.94,1,2026/06/25
1489,15792004,Credit Card,48386750.49,2,2026/04/19
1490,15588614,Savings,109.34,1,2025/12/12
1491,15792650,Investment,66.45,1,2025/12/17
1492,15656188,Savings,692.29,2,2026/08/17
1493,15766137,Credit Card,236.1,2,2026/02/12
1494,15718769,Loan,,1,2026/02/03
1495,15773421,Credit Card,627.83,4,2026/06/21
1496,15604732,Savings,951.87,2,2026/08/16
1497,15628947,Investment,269.69,2,2026/02/05
1498,15683118,Credit Card,105.08,2,2026/04/13
1499,15675626,Loan,113.53,1,2026/02/26
1500,15619304,Investment,40731.79,3,2025/10/18
1501,15573318,Savings,966.05,2,2026/06/28
1502,15622171,Savings,,2,2025/09/07
1503,15694506,Savings,53614.82,2,2026/07/13
1504,15786739,Investment,136984.98,1,2026/05/22
1505,15808930,Investment,224.99,1,2026/03/28
1506,15756751,Savings,58213.96,1,2025/11/07
1507,15664539,Credit Card,62602.21,3,2026/01/31
1508,15599829,Investment,386.49,2,2025/10/04
1509,15784676,Checking,82151.6,2,2026/03/11
1510,15803682,Credit Card,44157.27,2,2026/06/11
1511,15753861,Loan,62109.67,2,2025/09/30
1512,15701206,Credit Card,172.7,2,2025/09/03
1513,15598695,Loan,66228.85,2,2026/08/29
1514,15687658,Savings,15722.55,2,2026/06/16
1515,15629739,Investment,,1,2026/03/05
1516,15621629,Loan,37842.98,2,2025/10/29
1517,15613014,Investment,57426.59,2,2026/01/25
1518,15787155,Credit Card,438.63,1,2025/09/18
1519,15812007,Checking,295.28,2,2026/01/01
1520,15623712,Investment,425.31,3,2026/04/12
1521,15618203,Credit Card,24330.77,2,2026/08/28
1522,15647008,Investment,113233.89,1,2026/07/02
1523,15607560,Savings,280.33,2,2026/03/23
1524,15681705,Investment,1178.89,2,2026/07/20
1525,15662434,Credit Card,,2,2026/02/12
1526,15763256,Savings,76059.35,2,2026/09/02
1527,15573319,Credit Card,150726.38,1,2026/03/17
1528,15708505,Investment,24512.35,2,2026/03/29
1529,15812356,CreditCard,,2,2026/03/17
1530,15751193,Loan,600.72,2,2026/04/13
1531,15734161,Loan,1028.81,2,2026/06/09
1532,15658969,Investment,-1520.55,3,2025/12/20
1533,15688868,Investment,44636.13,1,2026/08/08
1534,15750929,Loan,614.44,3,2025/11/30
1535,15713632,Checking,125146.44,1,2026/05/04
1536,15734609,Savings,498.52,2,2025/11/13
1537,15701392,Loan,790.57,2,2025/12/08
1538,15678129,Savings,75299.32,1,2026/06/14
1539,15721024,Loan,529.83,1,2026/03/18
1540,15727619,Loan,45311.04,3,2026/03/06
1541,15807473,Credit Card,537.54,2,2026/04/04
1542,15773804,Investment,205.63,1,2025/11/20
1543,15599211,Investment,149.1,2,2026/01/28
1544,15723872,Savings,514.02,2,2026/08/12
1545,15732102,Investment,11552.69,2,2025/11/06
1546,15612615,Checking,1125.55,2,2025/11/10
1547,15668575,Investment,36496.44,3,2025/09/08
1548,15743760,Loan,82306.16,4,2025/10/09
1549,15775741,Investment,766.31,2,2026/07/31
1550,15649618,Loan,118026.71,2,2025/09/11
1551,15755225,Checking,78077.76,2,2025/11/15
1552,15738954,Investment,58447.34,2,2026/05/10
1553,15701074,Credit Card,112881.62,1,2026/08/05
1554,15809901,Credit Card,,2,2026/04/14
1555,15608246,Investment,128244.83,1,2025/11/11
1556,15658969,Savings,868.48,3,2025/10/16
1557,15674583,Loan,104596.08,1,2025/11/12
1558,15806929,Investment,55398.01,1,2026/07/28
1559,15580872,Checking,54630.45,3,2026/04/03
1560,15673342,Loan,715.09,2,2026/04/24
1561,15592379,Credit Card,65445.8,2,2026/08/25
1562,15628999,Savings,62017.24,1,2026/07/09
1563,15616525,Checking,117356.77,1,2026/04/08
1564,15733460,Loan,271.49,2,2026/07/19
1565,15565806,Credit Card,184.02,2,2025/12/04
1566,15792305,Loan,42665.51,2,2026/04/23
1567,15766166,Loan,202151.96,1,2026/05/21
1568,15599591,Savings,38335.2,2,2026/04/08
1569,15722090,Savings,101683.39,1,2026/06/12
1570,15701200,Checking,54.9,2,2026/04/21
1571,15777352,Loan,243165.51,1,2026/03/18
1572,15665283,Loan,24661.07,4,2026/03/03
1573,15724858,Loan,830.88,1,2025/12/27
1574,15657449,Investment,171968.69,1,2025/12/07
1575,15658100,Savings,435.06,2,2026/04/08
1576,15763148,Credit Card,107065.13,1,2026/07/09
1577,15598175,Credit Card,35404.93,2,2025/09/06
1578,15685320,Credit Card,24859174.88,1,2026/06/25
1579,15773809,Savings,637.63,2,2026/05/16
1580,15713637,Savings,46355.71,1,2026/01/02
1581,15636812,Investment,71943.82,1,2026/09/02
1582,15777958,Savings,933.81,2,2026/05/17
1583,15578878,Credit Card,152336.5,1,2026/01/18
1584,15640442,Investment,169648.51,1,2026/04/01
1585,15754168,checking,995.01,1,2026/06/09
1586,15582090,Checking,9.21,1,2026/06/25
1587,15680046,Investment,803.53,2,2026/03/09
1588,15777759,Checking,158101.73,3,2025/09/20
1589,15645103,Loan,21523.83,1,2025/09/22
1590,15675252,Savings,50067.02,2,2026/06/20
1591,15627847,Investment,259.48,1,2026/05/08
1592,15802501,Investment,68467.24,2,2026/08/29
1593,15670866,Credit Card,545.6,2,2026/03/10
1594,15794414,Savings,36542144.7,1,2025/10/30
1595,15783276,,-4255.7,2,2026/06/27
1596,15702145,Checking,67030.14,1,2026/05/07
1597,15603674,Credit Card,1.16,2,2026/08/22
1598,15577018,Investment,116009.55,1,2025/10/13
1599,15717700,Checking,85117.51,2,2025/11/14
1600,15656426,Credit Card,65.11,2,2026/05/30
1601,15658693,Loan,809.75,2,2026/01/24
1602,15789014,Checking,118527.07,1,2026/04/29
1603,15698285,Investment,134731.88,1,2026/05/25
1604,15572467,Loan,269.77,2,2025/10/13
1605,15601263,Investment,629.85,2,2026/05/28
1606,15706128,Savings,717.74,2,2026/07/12
1607,15629677,Savings,784.8,3,2025/10/18
1608,15693704,Investment,92282.52,2,2026/01/06
1609,15707505,Loan,52240.5,2,2026/05/02
1610,15787255,Checking,27951.18,3,2026/07/22
1611,15743293,Investment,57565.15,3,2026/08/08
1612,15785815,Credit Card,58250.53,2,2026/08/11
1613,15704315,Investment,250738.06,1,2025/10/12
1614,15749328,Checking,64.31,2,2026/08/19
1615,15687752,Checking,58914.81,2,2026/07/24
1616,15769356,Loan,37048.66,2,2026/06/06
1617,15736730,Credit Card,768.68,1,2026/06/26
1618,15788776,Credit Card,55400.98,3,2026/02/09
1619,15593470,Checking,235157.48,1,2026/07/13
1620,15702631,Checking,121.75,2,2025/09/30
1621,15652320,Savings,735.05,2,2026/02/25
1622,15633537,Savings,35707.24,2,2026/06/03
1623,15752312,,104175.7,2,2025/09/08
1624,15714466,Savings,751.61,3,2026/05/01
1625,15725068,Investment,501.26,2,2026/04/23
1626,15809585,Checking,420.88,2,2026/05/23
1627,15581733,Investment,502.48,2,2026/05/01
1628,15656121,Loan,99632.7,2,2026/06/23
1629,15767594,Savings,1159.68,2,2026/02/19
1630,15769783,Credit Card,166.82,1,2026/04/06
1631,15654891,Checking,910.8,2,2026/03/02
1632,15617603,Investment,54317.79,2,2026/01/31
1633,15653997,Credit Card,91790.76,1,2026/01/29
1634,15742879,Savings,148434.07,1,2025/11/27
1635,15638269,Loan,302.78,2,2025/09/21
1636,15766417,Credit Card,70.86,2,2026/08/24
1637,15574761,Savings,,2,2026/07/05
1638,15782736,Investment,124770.3,3,2026/02/05
1639,15629078,Credit Card,179862.66,1,2026/06/18
1640,15576185,Credit Card,1167.66,2,2026/01/14
1641,15718789,Loan,804.81,2,2025/10/04
1642,15654625,Savings,36377.74,2,2026/07/22
1643,15690164,Credit Card,87238.79,1,2026/05/03
1644,15627377,Loan,324.03,2,2026/06/26
1645,15651802,Credit Card,,2,2025/11/28
1646,15645766,Investment,557.34,2,2026/06/23
1647,15660403,Loan,168.08,2,2025/09/29
1648,15569917,Investment,-3790.53,2,2026/08/05
1649,15731865,Checking,26.87,2,2026/01/30
1650,15611338,Checking,134.56,2,2026/07/19
1651,15716276,Savings,188268.09,1,2025/09/16
1652,15642821,Investment,56697.15,1,2026/01/27
1653,15750447,Savings,146490.41,1,2026/05/09
1654,15638269,Savings ,1364.63,2,2025/10/15
1655,15691792,Loan,270.61,1,2025/11/06
1656,15662098,Credit Card,37226.69,3,2026/05/19
1657,15691863,Investment,357.91,2,2025/10/12
1658,15814033,,405.02,2,2026/01/23
1659,15733261,Credit Card,843.08,1,2026/01/10
1660,15577700,Savings,44244.72,2,2025/11/09
1661,15708289,Loan,66352.91,1,2026/07/15
1662,15780846,Loan,39218.96,2,2026/01/24
1663,15662426,Savings,572.12,1,2026/01/21
1664,15654878,Credit Card,-3013.18,1,2026/01/12
1665,15737267,Loan,261.24,1,2025/09/10
1666,15605531,Loan,565.53,2,2025/10/30
1667,15644724,Investment,19130.08,2,2026/07/09
1668,15570326,Savings,897.88,2,2025/12/01
1669,15730590,Checking,73112.86,2,2026/07/02
1670,15573971,,724.09,2,2025/11/19
1671,15718507,Checking,45006.14,1,2026/08/06
1672,15611699,Credit Card,592.77,1,2026/04/19
1673,15771873,Loan,59394.89,2,2026/03/11
1674,15809462,Loan,116.13,2,2025/12/01
1675,15788068,Credit Card,49577.61,3,2026/01/14
1676,15800068,Loan,122.37,2,2026/08/27
1677,15593897,Checking,72004.0,2,2026/01/01
1678,15732061,Credit Card,178273.89,1,2026/05/09
1679,15604804,Checking,80078.39,1,2025/12/04
1680,15592389,Credit Card,145584.67,1,2026/05/31
1681,15705765,Investment,150.58,2,2025/09/19
1682,15634310,Credit Card,722.13,2,2026/02/25
1683,15703119,Savings,,2,2025/10/16
1684,15664860,Checking,210.59,2,2025/11/16
1685,15756272,Loan,132319.02,1,2026/07/04
1686,15759913,Credit Card,64283.76,2,2025/11/20
1687,15649354,Checking,,2,2026/05/14
1688,15718780,Savings,106488.21,1,2026/04/02
1689,15796910,Investment,204.37,1,2026/03/18
1690,15743478,Checking,32244.6,2,2026/01/02
1691,15641640,Savings,197619.27,1,2026/08/07
1692,15725311,Credit Card,48939.69,2,2026/04/16
1693,15589666,Loan,212427.0,1,2026/07/26
1694,15797905,Investment,318.85,2,2025/11/27
1695,15634262,Loan,50115.98,2,2025/12/19
1696,15691950,Checking,,2,2026/06/25
1697,15587712,Loan,117324.85,1,2026/02/26
1698,15640059,Loan,292.47,2,2025/09/30
1699,15584505,Loan,47805.75,2,2026/07/28
1700,15646168,Checking,1218.19,2,2026/01/16
1701,15579996,CREDIT CARD,100823.52,1,2025/11/01
1702,15653253,Investment,150382.17,1,2025/09/29
1703,15666270,Checking,108336.29,1,2025/11/27
1704,15579969,Checking,42250877.61,2,2026/04/28
1705,15619016,Savings,38190.91,2,2026/03/26
1706,15800620,Loan,358.69,2,2026/05/04
1707,15672821,Credit Card,30.24,2,2026/02/04
1708,15703979,Credit Card,189950.02,1,2026/05/04
1709,15750545,Loan,172.62,4,2026/06/02
1710,15566708,Checking,388.24,2,2025/12/31
1711,15794472,Loan,54.36,2,2026/03/16
1712,15774696,Savings,81743.52,2,2026/08/18
1713,15601503,SAVINGS,441.81,2,2026/08/30
1714,15760849,Savings,237.79,2,2026/03/21
1715,15710164,Savings,669.08,2,2026/05/03
1716,15680421,Savings,483.99,2,2026/01/15
1717,15575676,Loan,1215.51,2,2025/11/16
1718,15639662,Credit Card,325.9,2,2026/06/01
1719,15715638,Credit Card,12254.05,2,2026/04/13
1720,15645569,Savings,55384.9,2,2025/09/09
1721,15748360,Checking,53522.74,2,2026/01/28
1722,15793307,Investment,80324.48,3,2026/04/20
1723,15661945,Loan,289.85,3,2026/03/17
1724,15589224,Checking,296.36,2,2026/08/16
1725,15784526,Savings,102085.85,1,2026/02/11
1726,15740283,Checking,277.44,2,2026/06/01
1727,15780432,Credit Card,59090.77,2,2026/08/18
1728,15743759,Investment,224.46,2,2025/09/24
1729,15722072,Loan,153423.58,1,2025/10/22
1730,15636982,Credit Card,68350.21,1,2026/06/02
1731,15773639,,130145.86,1,2026/07/26
1732,15659064,Savings,175.6,2,2026/03/03
1733,15756610,Checking,122766.42,1,2026/04/12
1734,15733361,Checking,63892.06,1,2026/07/12
1735,15757897,,106359.79,1,2026/08/02
1736,15611105,Credit Card,637.29,2,2026/01/20
1737,15685309,Checking,1682.02,1,2026/02/21
1738,15682322,Loan,74149.19,2,2026/01/19
1739,15782236,loan,1031.49,2,2026/01/17
1740,15715199,Savings,51350.93,2,2025/10/23
1741,15600258,LOAN,8.26,2,2026/01/11
1742,15586974,Credit Card,561.76,2,2026/08/04
1743,15762882,Loan,52197.91,1,2026/06/29
1744,15754926,Investment,246.69,2,2026/03/22
1745,15707596,Savings,82579.93,2,2026/04/27
1746,15677382,Loan,111245.4,1,2026/08/14
1747,15635125,Investment,61272.25,2,2026/01/04
1748,15623712,Credit Card,1164.61,3,2026/08/13
1749,15766667,Loan,47729.77,2,2026/07/01
1750,15649136,Checking,542.91,2,2025/12/11
1751,15683503,Checking,1351.68,3,2026/05/27
1752,15703793,Credit Card,16485.11,4,2026/02/22
1753,15608760,Credit Card,45844.06,1,2026/08/15
1754,15807663,Loan,260332.67,1,2026/08/22
1755,15717489,Savings,344.46,1,2025/12/04
1756,15774872,Checking,175.75,2,2026/02/10
1757,15650322,Savings,61987.77,1,2026/06/10
1758,15603594,Savings,607.87,2,2025/09/08
1759,15656592,checking,29492.16,2,2026/08/13
1760,15704583,Checking,1078.28,1,2025/09/07
1761,15804256,Investment,55473.43,2,2025/10/07
1762,15759387,Savings,42160.52,1,2025/09/09
1763,15700174,Credit Card,99923.18,1,2026/04/01
1764,15752388,Loan,938.79,2,2025/10/23
1765,15589361,Savings,1088.89,1,2026/05/29
1766,15769110,Investment,407.11,2,2025/10/26
1767,15625675,Investment,59367.19,1,2026/08/19
1768,15638257,Loan,41451.08,2,2026/04/19
1769,15810716,Checking,44179.58,2,2026/03/01
1770,15651627,Loan,161271.52,1,2025/12/24
1771,15762543,Loan,355.15,1,2026/01/26
1772,15585928,Investment,63440.46,1,2026/01/09
1773,15790113,Investment,118359.6,1,2025/12/10
1774,15569209,CreditCard,87469.1,1,2025/09/20
1775,15753161,Credit Card,101638.3,2,2025/09/15
1776,15722364,Investment,105467.52,2,2026/07/17
1777,15595937,Investment,71524.47,1,2025/10/20
1778,15574169,Credit Card,111721.18,1,2025/10/02
1779,15789371,Loan,16853.81,2,2026/07/04
1780,15728829,CreditCard,,1,2026/08/05
1781,15619343,Checking,74626.59,2,2025/12/23
1782,15681924,Loan,77427.64,1,2026/07/06
1783,15809248,Checking,145.71,2,2026/07/26
1784,15798666,Investment,426.42,2,2025/11/04
1785,15573280,Investment,125259.88,2,2026/08/31
1786,15618750,Investment,79612.94,1,2025/11/03
1787,15581286,Credit Card,184562.7,1,2025/10/17
1788,15782121,Checking,1032.38,2,2026/07/09
1789,15646632,Investment ,72.94,2,2025/11/08
1790,15653773,Credit Card,155484.32,1,2026/03/14
1791,15614635,Loan,136692.17,1,2026/08/05
1792,15791030,Investment,22901.25,2,2026/07/31
1793,15624170,Loan,30297.7,2,2026/06/19
1794,15691111,Loan,48133.85,2,2025/12/06
1795,15590676,Checking,84412.48,1,2025/10/29
1796,15766887,Checking,,2,2026/08/25
1797,15581036,Credit Card,65899.22,2,2025/12/06
1798,15678129,Savings,75299.32,1,2026/01/10
1799,15694039,Credit Card,52035.4,2,2026/01/31
1800,15589018,Investment,83657.86,2,2026/04/30
1801,15783501,Loan,54035.41,2,2026/08/07
1802,15634218,Investment,28284.27,2,2025/10/11
1803,15657107,Loan,130012.41,1,2026/07/27
1804,15680920,Savings,63731.72,1,2026/04/23
1805,15697460,Credit Card,67162.91,2,2026/01/22
1806,15667896,Investment,89356.19,2,2026/04/09
1807,15591822,Loan,76574.24,1,2026/08/23
1808,15611635,Credit Card,510.32,1,2026/08/10
1809,15662291,Savings,16684.34,3,2026/02/15
1810,15622801,Loan,104060.39,1,2026/01/12
1811,15747854,Credit Card,444.09,3,2025/11/24
1812,15704769,Credit Card,54159.82,2,2025/10/10
1813,15709511,Loan,651.26,2,2026/01/22
1814,15752809,Investment,134312.14,1,2025/10/04
1815,15616365,Savings ,941.0,2,2026/03/17
1816,15764409,Credit Card,78552.46,1,2026/03/20
1817,15568748,,0.0,1,2026/02/20
1818,15636912,Savings,148861.54,1,2025/10/03
1819,15688849,Investment,38413.96,3,2026/01/13
1820,15621611,Checking,172129.19,1,2026/01/16
1821,15734008,Checking,200598.98,1,2025/12/03
1822,15722364,Savings,40189.3,2,2026/04/16
1823,15664270,Checking,30637.75,4,2025/10/08
1824,15813034,Investment,50698.51,1,2026/05/12
1825,15694160,Savings,4.03,1,2025/12/14
1826,15799128,Savings,62496.38,1,2026/07/12
1827,15786237,Checking,341.38,2,2026/03/23
1828,15717156,CHECKING,63300.0,2,2025/12/03
1829,15704844,Savings,72324.67,1,2026/07/30
1830,15809585,Credit Card,621.61,2,2026/05/12
1831,15755798,Loan,89834.27,1,2025/10/28
1832,15718789,Credit Card,266.48,3,2025/11/15
1833,15646091,Savings,68200.87,3,2026/06/06
1834,15572390,Credit Card,416.4,2,2026/04/11
1835,15633059,Loan,,2,2025/12/23
1836,15793343,Credit Card,824.89,2,2026/07/14
1837,15770554,Investment,23024.64,2,2026/07/29
1838,15596165,Credit Card,,2,2025/10/27
1839,15703143,Savings,80441.2,1,2026/04/17
1840,15619898,Credit Card,807.94,2,2026/01/13
1841,15680405,Savings,85627.36,2,2025/10/25
1842,15808662,credit card,868.22,2,2025/09/20
1843,15728082,Checking,333.76,2,2025/10/10
1844,15570990,Checking,100350.31,2,2025/10/09
1845,15766183,Loan,100781.41,2,2026/06/22
1846,15605926,,59437.29,2,2026/01/09
1847,15633930,,87797.34,2,2026/04/19
1848,15777893,INVESTMENT,839.43,2,2025/09/12
1849,15664311,Savings,211226.56,1,2026/05/15
1850,15752984,Loan,42033.45,2,2025/11/18
1851,15708513,Checking,91525.52,1,2026/08/03
1852,15762418,Checking,87467.51,1,2026/07/27
1853,15806230,Investment,82449.73,2,2025/09/03
1854,15665783,Investment,676.77,2,2025/09/22
1855,15645271,Checking,59507.67,2,2026/08/09
1856,15724620,Checking,130186.56,1,2026/03/21
1857,15693543,Credit Card,719.03,2,2026/01/17
1858,15664752,Credit Card,88541.18,2,2025/11/19
1859,15700693,Loan,193.83,2,2026/08/27
1860,15669611,Credit Card,77839.34,1,2026/02/18
1861,15720508,Credit Card,140372.68,1,2026/03/22
1862,15756871,Investment,454.39,1,2026/06/24
1863,15630328,Checking,40011.01,2,2025/09/04
1864,15782550,Checking,96828.99,1,2026/05/24
1865,15809616,Investment,98.12,2,2026/08/31
1866,15669175,Checking,35943.28,2,2026/05/12
1867,15670668,Loan,57918.84,2,2026/05/05
1868,15571571,Credit Card,42760.38,3,2026/04/14
1869,15667451,Investment,927.34,2,2026/03/28
1870,15660263,Savings,42397.73,3,2025/10/08
1871,15698572,Savings,485.74,1,2026/06/06
1872,15742668,Investment,91804.91,1,2025/12/27
1873,15570835,Checking,80166.5,1,2025/09/04
1874,15807433,Savings,112.17,2,2026/03/18
1875,15714920,Credit Card,160327.88,1,2026/08/21
1876,15697214,Loan,113.29,2,2026/05/07
1877,15617482,Investment,157974.98,1,2025/11/04
1878,15791851,Savings,149725.0,1,2026/06/20
1879,15619340,Credit Card,193.71,2,2026/06/04
1880,15666252,Investment,539.05,2,2026/03/05
1881,15797329,Savings,,1,2026/02/20
1882,15750731,Savings,72980.98,1,2026/08/18
1883,15798659,Checking,545.73,2,2026/02/05
1884,15791513,Savings,140638.74,1,2026/03/27
1885,15715939,Credit Card,782.88,2,2025/10/01
1886,15700826,Savings,40723.05,2,2026/07/23
1887,15649124,Investment,97644.82,1,2026/07/31
1888,15587311,Loan,986.83,2,2025/10/19
1889,15633194,Loan,23674.59,4,2026/03/09
1890,15628219,Credit Card,69777.96,1,2026/06/03
1891,15766741,Savings,173860.09,1,2026/02/24
1892,15685576,Checking,165.52,2,2025/10/14
1893,15710366,Savings,518.86,1,2026/04/26
1894,15744913,Checking,76136.94,1,2026/01/29
1895,15616152,Investment,193778.48,1,2026/07/31
1896,15660611,Credit Card,357.05,2,2025/12/15
1897,15720968,Loan,16094.7,2,2025/12/02
1898,15732704,,,2,2026/06/13
1899,15672574,Checking,87.21,1,2025/09/23
1900,15671097,Loan,742.17,2,2026/03/18
1901,15642710,Investment,646.3,2,2026/08/07
1902,15699047,Checking,73785.74,2,2025/12/09
1903,15734634,Investment,124574.22,1,2026/02/03
1904,15753679,Checking,386.26,2,2026/08/25
1905,15763613,Savings,235.39,2,2026/03/21
1906,15698321,Savings,47982.2,2,2025/10/27
1907,15598162,Investment,,1,2026/07/22
1908,15755642,Savings,615.14,2,2026/08/21
1909,15751445,Checking,39231.89,2,2026/03/05
1910,15804131,Loan,43078.88,2,2026/05/10
1911,15783541,Loan,241.67,2,2025/10/16
1912,15748432,Credit Card,566.83,2,2026/07/23
1913,15691387,Investment,82.57,1,2026/04/15
1914,15592914,Savings,383.07,2,2025/12/09
1915,15583499,Investment,131796.25,1,2025/11/13
1916,15775104,Checking,142689.71,1,2025/09/21
1917,15628308,Credit Card,616.52,2,2025/12/10
1918,15801942,Loan ,558.82,3,2025/09/15
1919,15628308,Investment,295.15,2,2026/07/03
1920,15804295,Credit Card,31464.93,2,2026/01/03
1921,15641359,Credit Card,899.88,2,2026/05/11
1922,15617454,loan,429.63,2,2026/03/21
1923,15690452,Investment,36426.02,1,2025/10/05
1924,15751491,Savings,86561.9,1,2026/06/06
1925,15729574,Savings,5.25,2,2026/07/29
1926,15665077,Credit Card,213.76,3,2026/02/07
1927,15733872,Investment,58657.64,2,2026/05/16
1928,15713440,Investment,59425.58,3,2026/06/03
1929,15801411,Credit Card,93.06,1,2026/04/21
1930,15608873,Loan,623.8,1,2025/09/11
1931,15570855,Checking,220.32,2,2025/09/21
1932,15706128,Credit Card,649.11,2,2026/02/23
1933,15713949,Investment,57797.72,1,2025/10/01
1934,15782531,Savings,948.19,2,2026/02/22
1935,15586848,,658.54,2,2025/09/24
1936,15662955,Investment,73896.28,2,2026/03/29
1937,15787655,Investment,258.25,2,2025/11/02
1938,15659949,Investment,67111.64,2,2025/12/20
1939,15768244,Checking,269.91,2,2026/08/03
1940,15652700,Savings,884.65,2,2026/08/10
1941,15793491,Savings,66635.03,2,2026/05/28
1942,15729201,Credit Card,79.55,1,2026/04/25
1943,15639004,Savings,566.26,2,2026/08/16
1944,15756425,Credit Card,222158.89,1,2026/06/04
1945,15814032,Investment,39427.88,2,2025/11/18
1946,15632272,Investment,919.24,2,2026/06/26
1947,15646374,Credit Card,42421.37,2,2025/12/31
1948,15779904,Investment,984.09,2,2025/10/09
1949,15770345,Checking,,1,2025/09/21
1950,15715643,Checking,518.74,2,2025/11/14
1951,15699195,Loan,144063.11,1,2026/05/11
1952,15778049,Loan,76309.45,1,2026/08/03
1953,15610090,Investment,37683.57,2,2025/09/12
1954,15675190,Investment,635.11,2,2026/05/02
1955,15614230,Savings,678.85,2,2026/07/16
1956,15801296,Checking,,2,2025/09/26
1957,15766810,Loan,33656.91,2,2026/01/05
1958,15748986,Savings,112205.47,2,2026/08/28
1959,15635364,Credit Card,15527.27,3,2026/08/01
1960,15741719,Checking,117765.02,1,2025/11/08
1961,15618562,Investment,179346.23,1,2025/09/10
1962,15668889,Investment,23497.53,4,2025/11/30
1963,15754053,Loan,,3,2026/07/23
1964,15728693,Investment,10483262.35,1,2025/09/28
1965,15655232,Investment,65218.79,1,2026/02/07
1966,15749093,Credit Card,91557.22,2,2025/10/22
1967,15594039,Investment,653.34,2,2026/04/24
1968,15729359,Savings,706.99,2,2026/07/12
1969,15792473,Checking,15967.13,3,2025/11/29
1970,15758702,Credit Card,870.62,2,2026/07/02
1971,15634628,Checking,31860.54,2,2025/10/05
1972,15655464,Loan,343.63,1,2025/10/27
1973,15812878,Credit Card,128773.12,1,2025/10/31
1974,15792722,Checking,61349.24,1,2026/05/15
1975,15709643,Savings,753.7,3,2026/07/04
1976,15699911,LOAN,323.18,1,2026/07/15
1977,15617304,Credit Card,774.49,2,2025/12/24
1978,15711219,Investment,73403.88,1,2025/10/05
1979,15587419,Savings,1001.91,2,2025/12/15
1980,15790744,Loan,41871.46,2,2026/04/09
1981,15710161,Loan,456.36,2,2026/02/22
1982,15804072,Loan,369.39,2,2026/08/16
1983,15605000,Savings,27941.01,3,2026/03/27
1984,15571065,Loan,691.6,2,2026/02/16
1985,15590097,Loan,180575.69,1,2025/11/03
1986,15743456,Savings,45.08,2,2026/08/19
1987,15602554,Savings,62166.48,2,2026/06/24
1988,15707219,Checking,457.19,2,2026/06/09
1989,15670866,Checking,209.43,2,2025/11/12
1990,15625632,Checking,56667.58,2,2026/02/14
1991,15645045,Credit Card,1028.94,2,2025/12/21
1992,15648876,Investment,994.24,1,2025/09/26
1993,15689492,Investment,12147.88,2,2026/07/03
1994,15648320,Checking,150927.42,1,2025/11/30
1995,15673591,Savings,37846.72,4,2026/02/21
1996,15738018,Credit Card,91.37,2,2025/10/05
1997,15641009,Loan,144261.62,1,2025/11/03
1998,15681342,Checking,66055.29,4,2026/01/21
1999,15661198,Investment,267850.14,1,2025/11/14
2000,15701176,Checking,111140.99,1,2026/04/03
2001,15668385,Investment,176976.78,1,2025/11/28
2002,15668142,Savings,52872.39,2,2026/08/25
2003,15633474,Savings,142614.86,1,2026/03/11
2004,15584899,Loan,637.93,2,2026/06/13
2005,15621423,Credit Card,51713.21,3,2025/11/26
2006,15593345,Savings,44456.31,2,2026/04/15
2007,15703106,Investment,395.19,2,2026/01/05
2008,15793317,Investment,181022.44,1,2026/06/27
2009,15661036,Credit Card,295.84,2,2025/09/23
2010,15668971,Credit Card,30668.26,2,2025/11/10
2011,15583857,Checking,84238.47,2,2025/10/24
2012,15625126,Savings,237.27,2,2026/07/23
2013,15616471,Savings,431.0,1,2026/07/13
2014,15791842,Investment,61491.32,1,2026/03/14
2015,15807340,INVESTMENT,72227.45,2,2025/11/22
2016,15777901,Checking,79341.66,1,2025/09/11
2017,15775891,Checking,180429.51,1,2026/05/10
2018,15666559,Credit Card,50509.37,2,2025/10/14
2019,15652218,,171345.86,1,2025/09/06
2020,15700046,Checking,43707.14,2,2025/09/06
2021,15769412,Loan,113531.91,2,2025/12/03
2022,15615473,,850.77,4,2025/10/18
2023,15708610,Investment,70034.94,2,2026/08/30
2024,15784761,Loan,26912.21,3,2026/08/02
2025,15737080,Savings,854.65,2,2026/07/03
2026,15806284,Checking,-1349.07,2,2026/01/26
2027,15566563,Savings,96483.85,1,2026/04/04
2028,15633922,Credit Card,48461.4,2,2026/08/24
2029,15750181,Checking,56733.26,2,2026/05/04
2030,15778589,Investment,46025.09,2,2026/08/23
2031,15738148,Savings,139093.05,1,2025/11/06
2032,15691875,Checking,70716.54,1,2025/12/17
2033,15760873,Loan,91594.67,1,2025/11/15
2034,15710825,Investment,111922.14,1,2026/07/27
2035,15641662,Credit Card,54412.51,2,2026/01/19
2036,15582714,Savings,103388.44,1,2026/05/28
2037,15571917,Credit Card,55306.89,2,2026/04/21
2038,15603035,Investment,558.91,2,2026/04/01
2039,15775880,Loan,537.46,2,2026/01/03
2040,15615126,Investment,62.42,2,2025/12/01
2041,15770576,Checking,61454.29,2,2026/07/12
2042,15693752,Credit Card,,2,2026/08/23
2043,15607269,Investment,38621.07,2,2025/09/22
2044,15781298,Investment,79730.86,2,2026/07/05
2045,15576368,Savings,70243.35,2,2025/12/04
2046,15744398,Savings,45.85,2,2026/05/16
2047,15742798,Credit Card,94620.69,3,2026/07/13
2048,15812706,Loan,149385.89,1,2025/10/18
2049,15741988,Credit Card,83121.6,1,2026/07/21
2050,15721779,Investment,64546.52,2,2026/02/04
2051,15576094,Checking,758.67,2,2026/02/28
2052,15733229,Checking,326.84,2,2026/04/05
2053,15811290,Credit Card,56809.29,2,2025/09/05
2054,15636860,Savings,117024.41,1,2026/06/15
2055,15796434,Credit Card,137536.85,1,2026/01/01
2056,15634792,Savings,522.17,2,2025/12/10
2057,15700325,Checking,91214.14,1,2025/11/02
2058,15610446,Savings,38704.88,3,2026/06/01
2059,15622833,Savings,84259.26,2,2025/10/21
2060,15770548,Credit Card,140764.74,1,2026/07/16
2061,15772479,Savings,290.18,2,2026/03/07
2062,15629323,Savings,74645.19,2,2026/06/06
2063,15776921,Checking,33136.29,2,2026/05/20
2064,15763683,Loan,169687.5,1,2025/12/24
2065,15720529,Loan,144.2,2,2026/04/28
2066,15680436,Investment,264.18,2,2026/07/20
2067,15744127,Savings,,2,2026/08/06
2068,15576044,Credit Card,207800.37,1,2025/12/18
2069,15705298,Checking,209454.75,1,2026/01/22
2070,15759537,Checking,-1959.95,2,2025/09/30
2071,15626491,Savings,68372.99,1,2025/12/11
2072,15641715,Investment,656.28,2,2025/10/30
2073,15625092,Checking,18247563.09,1,2025/11/18
2074,15731744,Loan,3.61,2,2026/08/19
2075,15742019,Checking,721.49,2,2026/05/03
2076,15759184,Investment,94200.12,1,2026/05/15
2077,15623566,Loan,56519.2,1,2025/12/02
2078,15617301,Checking,104092.29,1,2025/11/23
2079,15566891,Credit Card,48330.67,1,2026/08/12
2080,15796957,Investment,648.14,3,2025/09/25
2081,15584190,Loan,59760.73,2,2025/09/30
2082,15643361,Credit Card,71097.9,2,2026/07/30
2083,15612893,Loan,525.55,1,2026/03/08
2084,15730447,Credit Card,517.61,2,2026/01/26
2085,15785798,Savings,531.0,2,2025/12/19
2086,15679029,,116771.05,1,2026/04/13
2087,15573798,Credit Card,34188.62,2,2026/01/09
2088,15636935,Savings,665.83,2,2026/02/21
2089,15641582,Loan,26916.09,2,2026/07/15
2090,15636238,Loan,509.2,2,2026/04/23
2091,15746199,Checking,788.17,1,2025/09/25
2092,15733444,Savings,142.47,2,2025/10/26
2093,15619280,Investment,691.85,2,2025/09/29
2094,15808223,Investment,138469.0,1,2026/06/05
2095,15689980,Loan,99079.52,1,2025/12/02
2096,15706071,Checking,168574.51,1,2025/11/22
2097,15633877,Savings,,1,2025/09/17
2098,15746127,Credit Card,167.75,2,2026/05/09
2099,15573888,Checking,139652.47,1,2026/05/24
2100,15699029,Loan,93908.1,2,2025/11/01
2101,15656707,Loan,-1434.04,1,2025/10/09
2102,15660735,Investment,114.03,2,2026/01/01
2103,15804919,Checking,751.75,1,2026/04/18
2104,15569446,Loan,,2,2026/07/03
2105,15739576,Loan,475.07,2,2026/06/26
2106,15702442,Credit Card,61527.32,2,2026/02/16
2107,15771540,CREDIT CARD,159172.85,1,2026/04/05
2108,15639133,Loan,636.84,2,2025/12/13
2109,15647207,Loan,628.08,2,2026/08/15
2110,15664214,Credit Card,62421.36,2,2026/02/16
2111,15590320,Savings,276.32,2,2025/12/29
2112,15588450,Checking,74545.71,1,2025/10/29
2113,15776844,Savings,704.31,2,2026/02/16
2114,15679307,Loan,955.45,1,2025/12/28
2115,15686137,Investment,197521.61,1,2025/10/23
2116,15763579,Loan,65087.83,2,2026/01/02
2117,15580805,Loan,689.33,2,2026/04/02
2118,15748616,Credit Card,255.34,2,2025/12/14
2119,15781505,Checking,53211.09,2,2026/03/14
2120,15768151,Investment,102362.12,1,2025/12/24
2121,15771509,Investment,41368.0,2,2025/10/10
2122,15576526,Investment,536.54,2,2026/05/02
2123,15625916,Investment,187929.92,1,2026/06/29
2124,15648067,Credit Card,72401.95,2,2026/05/09
2125,15656471,Credit Card,1066.4,2,2025/09/30
2126,15639549,Savings,-1250.09,1,2026/04/14
2127,15792176,Investment,73447.26,1,2025/11/16
2128,15672826,Savings,53444.74,2,2025/12/22
2129,15684395,Credit Card,,1,2026/07/12
2130,15783691,Loan,109804.33,1,2026/04/23
2131,15574795,Credit Card,52441.38,1,2025/12/03
2132,15707602,Savings,69987.27,2,2026/03/20
2133,15568878,Investment,626.08,2,2026/03/13
2134,15780056,Savings,61.35,1,2025/11/11
2135,15685243,Loan,-2946.03,2,2026/04/25
2136,15600720,Savings,186079.49,1,2025/12/11
2137,15741197,Checking,668.66,3,2026/07/23
2138,15617877,Investment,546.56,2,2026/03/05
2139,15658935,Savings,53136.53,2,2026/01/19
2140,15809800,Savings,690.34,2,2025/12/15
2141,15752344,Credit Card,704.42,2,2026/02/21
2142,15809800,Checking,162.78,2,2025/11/07
2143,15615219,loan,163448.52,1,2025/09/19
2144,15631159,Savings,18262.16,2,2026/08/23
2145,15700826,Credit Card,,2,2026/06/21
2146,15631721,Checking,47925.77,2,2025/10/03
2147,15665110,Loan,86890.54,1,2026/01/24
2148,15767626,Savings,606.93,2,2025/11/11
2149,15679760,Checking,55040.96,2,2025/10/29
2150,15610900,Investment,50261.07,1,2026/04/29
2151,15778320,Loan,191404.93,1,2026/04/25
2152,15752502,Checking,77071.74,1,2026/04/05
2153,15642022,Savings,1354.27,1,2025/11/29
2154,15661734,Checking,55232.31,2,2026/02/25
2155,15711378,Loan,175.78,2,2025/12/24
2156,15753079,Loan,772.5,3,2026/02/01
2157,15669204,Savings,53655.27,2,2026/07/09
2158,15748936,Checking,26.79,2,2025/11/22
2159,15766289,Loan,58321.36,2,2026/07/26
2160,15736126,Loan,144030.2,1,2026/07/13
2161,15651955,Checking,478.0,2,2025/11/29
2162,15615670,Investment,110944.99,1,2026/06/25
2163,15808326,Credit Card,980.33,2,2026/06/13
2164,15599024,Loan,1030.34,2,2025/12/29
2165,15716605,Savings,35537.64,2,2025/10/17
2166,15607748,Loan,59640.04,2,2026/04/01
2167,15710365,Loan,62945.1,2,2026/05/28
2168,15696703,Investment,67433.87,2,2026/05/11
2169,15787907,Loan,49202.49,3,2025/12/22
2170,15769504,Savings,19796796.93,1,2026/07/02
2171,15568876,Investment,34019.28,2,2026/05/03
2172,15624781,Savings,109588.6,2,2026/04/27
2173,15797389,Savings,123182.92,1,2026/01/23
2174,15646091,Investment,29223.65,2,2025/09/10
2175,15750649,Checking,794.6,2,2026/04/10
2176,15589948,Savings,,2,2026/01/07
2177,15718231,Credit Card,49517.15,2,2026/01/07
2178,15654574,Loan,97215.87,2,2026/02/17
2179,15701291,Checking,58.01,2,2026/04/13
2180,15779627,Loan,82277.23,1,2026/06/26
2181,15656822,Credit Card,31158.81,4,2025/12/25
2182,15691104,Loan,,2,2026/07/02
2183,15725429,Credit Card,97499.2,1,2025/11/18
2184,15801559,Loan,40931.13,3,2026/06/23
2185,15750410,Savings,65241.97,1,2025/09/05
2186,15570060,Checking,84986.35,1,2026/04/04
2187,15708867,,42249.71,3,2025/09/25
2188,15702277,Loan,112755.63,1,2025/09/23
2189,15807294,Checking,30976.55,2,2026/05/01
2190,15813862,Investment,80251.4,2,2026/05/19
2191,15815316,,21245.14,4,2025/09/20
2192,15621210,Loan,45023.76,1,2026/04/08
2193,15606554,Credit Card,661.48,1,2026/06/01
2194,15774166,Investment,74748.3,1,2026/03/23
2195,15692259,Savings,314.97,2,2026/05/06
2196,15708212,Savings,131207.26,1,2026/08/25
2197,15808557,Checking,303.75,1,2025/10/23
2198,15567013,Savings,1060.64,2,2026/04/22
2199,15660541,Loan,137650.84,1,2026/05/14
2200,15627002,Credit Card,26754.84,1,2026/01/04
2201,15683892,Credit Card,68542.02,1,2025/10/15
2202,15657881,,-2762.0,1,2026/06/15
2203,15625126,Savings,237.27,2,2025/09/09
2204,15756026,Credit Card,614.46,1,2026/08/23
2205,15757933,Credit Card,147378.36,1,2026/03/30
2206,15677395,Loan,59847.35,2,2025/12/23
2207,15746326,Credit Card,1180.39,2,2025/11/09
2208,15767864,Investment,664.77,2,2026/03/05
2209,15646720,Credit Card,715.48,3,2026/02/01
2210,15669414,Investment,44390.57,1,2026/01/03
2211,15612187,Savings,179769.11,1,2026/07/31
2212,15566380,Credit Card,54191.09,2,2025/10/19
2213,15766887,Credit Card,67285.53,2,2025/09/11
2214,15749583,Checking,26776.85,3,2026/05/06
2215,15666055,Savings,755.36,1,2026/08/11
2216,15756070,Checking,601.37,2,2026/02/06
2217,15779659,Savings,,1,2025/11/24
2218,15774551,Investment,158203.29,1,2026/08/29
2219,15706463,Loan,651.42,2,2026/04/26
2220,15596624,Loan,653.35,2,2026/06/22
2221,15752731,Credit Card,621.78,1,2026/06/28
2222,15614049,Loan,168.84,2,2025/09/15
2223,15711457,Loan,113698.41,1,2026/04/23
2224,15801817,Loan,158944.4,1,2026/04/28
2225,15765694,Loan,529.71,1,2025/11/12
2226,15639077,Savings,49667.54,3,2026/08/29
2227,15728608,Credit Card,52942.6,2,2026/03/29
2228,15591489,Investment,182113.46,1,2025/12/06
2229,15802220,Investment,54157.57,1,2026/03/11
2230,15723318,Savings,245.71,3,2026/07/20
2231,15593496,Investment,58485.03,1,2026/04/28
2232,15594409,Investment,499.19,2,2026/08/29
2233,15714431,Credit Card,32987.67,2,2026/07/24
2234,15740406,,118326.83,1,2025/09/03
2235,15619465,Savings,450.75,2,2026/07/21
2236,15653347,Savings,86.35,2,2025/10/09
2237,15580579,Checking,527.06,1,2026/03/19
2238,15634141,Investment,43683.84,2,2026/08/22
2239,15762543,Savings,927.54,2,2026/02/20
2240,15757648,,126718.7,2,2026/06/01
2241,15670103,Investment,138189.39,1,2025/09/19
2242,15612140,Credit Card,126397.73,1,2026/02/01
2243,15794056,Loan,788.89,3,2026/04/09
2244,15753213,Savings,684.49,2,2026/01/19
2245,15733872,CREDIT CARD,68956.82,2,2026/08/26
2246,15716822,Investment,107360.43,1,2026/07/13
2247,15782475,Checking,1098.45,2,2026/06/07
2248,15704651,Checking,574.31,2,2026/06/24
2249,15675185,Loan,38016.84,2,2025/12/18
2250,15769516,Investment,467.2,2,2026/08/19
2251,15805104,Savings,702.67,2,2025/10/14
2252,15688951,Credit Card,67328.38,2,2026/07/17
2253,15766787,Checking,875.52,2,2026/02/21
2254,15567328,Loan,118536.14,1,2025/10/01
2255,15581089,Checking,484.81,2,2026/05/24
2256,15638159,Loan,121508.55,1,2026/08/14
2257,15801701,Loan,536.12,2,2026/03/08
2258,15641170,Loan,684.55,1,2025/09/29
2259,15737961,Savings,33984742.68,2,2025/10/29
2260,15808868,Checking,23476.53,3,2026/03/18
2261,15649744,Savings,15034.02,2,2026/03/09
2262,15669501,Loan,113.75,2,2026/04/29
2263,15623072,Investment,49.84,2,2026/07/16
2264,15622003,Loan,49806.56,1,2025/09/23
2265,15731569,Loan,149.4,2,2026/03/09
2266,15596984,Loan,833.55,1,2026/03/09
2267,15598940,Loan,97883.09,2,2025/12/01
2268,15585466,Savings,297.31,2,2026/07/31
2269,15640866,Loan,677.26,1,2026/06/16
2270,15721426,Savings,35482.55,3,2026/08/29
2271,15762455,Credit Card,58289.29,1,2025/10/07
2272,15737909,Checking,74824.1,2,2026/06/17
2273,15753719,Loan,70054.27,1,2026/09/01
2274,15635598,Investment,,2,2025/12/16
2275,15619407,Credit Card,134161.89,2,2025/11/12
2276,15597109,Savings,128250.61,1,2026/02/21
2277,15738497,Credit Card,83262.49,2,2026/01/03
2278,15813871,Checking,212.17,2,2026/06/06
2279,15569526,Checking,59992.83,2,2025/10/31
2280,15575691,Checking,64.89,2,2026/08/01
2281,15578980,Credit Card,1081.86,2,2026/05/05
2282,15643630,Savings,29927.95,2,2026/06/27
2283,15804822,Credit Card,210.49,2,2026/08/28
2284,15803479,Investment,151.07,2,2025/12/19
2285,15706131,Loan,32924.38,2,2025/12/27
2286,15776629,Savings,473.65,2,2026/02/14
2287,15714493,Loan,,2,2026/03/02
2288,15742854,Investment,579.0,2,2026/01/17
2289,15776518,Loan,216274.29,1,2026/05/18
2290,15699047,Credit Card,37516.36,2,2026/08/17
2291,15579040,Credit Card,1040.33,2,2026/04/07
2292,15711571,Investment,126645.66,1,2026/01/22
2293,15571940,Savings,142109.16,1,2025/09/30
2294,15781987,Checking,88211.98,1,2025/10/05
2295,15649183,Loan,682.09,3,2026/03/12
2296,15612030,Loan,989.85,2,2026/02/26
2297,15718281,Loan,87034.03,2,2026/04/22
2298,15800233,Loan,943.98,2,2026/05/09
2299,15747458,Savings ,54246.64,4,2026/05/17
2300,15665221,Investment,63164.14,2,2026/05/30
2301,15802207,Investment,62184.98,2,2025/11/04
2302,15620751,Credit Card,422.75,2,2026/05/01
2303,15667938,Checking,56255.56,2,2026/09/01
2304,15589348,Loan,262857.22,1,2026/06/02
2305,15634815,Savings,352.22,2,2026/08/16
2306,15698872,Investment,37495063.13,2,2026/06/02
2307,15768474,Loan,1178.1,2,2026/01/30
2308,15692416,Checking,67195.69,3,2026/04/22
2309,15575935,Investment,94963.0,2,2026/07/17
2310,15724282,Savings,71700.94,2,2026/03/10
2311,15630920,Checking,83904.63,2,2026/08/13
2312,15707110,Investment,85515.44,2,2026/08/23
2313,15794939,Savings,40168.24,2,2025/10/06
2314,15728906,Credit Card,811.06,2,2025/12/08
2315,15763665,Loan,79295.42,2,2026/04/25
2316,15780128,,37106.1,2,2025/10/17
2317,15572398,INVESTMENT,9.33,2,2025/10/14
2318,15716023,Investment,144.61,2,2026/03/22
2319,15625522,Savings,861.9,2,2025/12/03
2320,15747174,Loan,110161.9,2,2026/01/28
2321,15584156,Investment,1156.54,3,2025/10/12
2322,15661708,,67.61,2,2025/10/28
2323,15745624,Savings,190.41,2,2025/11/26
2324,15703793,Loan,36888.35,4,2026/01/22
2325,15596074,Loan,1045.29,1,2025/10/30
2326,15702190,Savings,140.84,2,2026/08/25
2327,15596808,,42347.71,1,2025/11/17
2328,15603319,Investment,83841.46,1,2026/05/15
2329,15628155,,125529.88,1,2025/11/19
2330,15808326,Loan,569.18,2,2025/12/16
2331,15812918,Savings,29223.98,2,2026/05/27
2332,15634180,Checking,44014.55,2,2026/07/21
2333,15778005,,,1,2025/09/14
2334,15731507,Loan,267314.81,1,2026/01/31
2335,15606386,Savings,31723.04,2,2026/04/04
2336,15578251,Checking,56102.37,2,2026/08/18
2337,15738487,Credit Card,841.86,2,2026/06/07
2338,15593345,Checking,54998.32,2,2025/11/09
2339,15598493,Savings,639.71,2,2026/05/03
2340,15730657,Savings,80949.02,1,2026/02/27
2341,15762682,Checking,74174.7,2,2026/04/06
2342,15761340,Credit Card,474.97,2,2026/04/18
2343,15642515,Credit Card,826.26,2,2026/07/30
2344,15647203,Investment,412.11,1,2025/09/13
2345,15666430,Credit Card,514.88,2,2026/01/30
2346,15659710,Investment,44704.89,2,2025/12/08
2347,15755178,Checking,1192.76,3,2025/10/05
2348,15627190,Checking,196081.74,1,2025/09/14
2349,15733169,Credit Card,160151.46,1,2025/12/30
2350,15725811,Credit Card,74524.75,1,2026/05/27
2351,15774402,Savings,415.5,1,2026/07/30
2352,15770159,investment,66827.98,2,2026/02/21
2353,15794101,Loan,400.88,2,2026/04/01
2354,15791040,Savings,43635.28,2,2026/06/26
2355,15700424,Investment,1462.74,1,2026/02/25
2356,15633666,Investment,192604.53,1,2026/08/04
2357,15726186,Savings,78523.84,2,2026/07/30
2358,15739548,Investment,175302.31,1,2026/02/17
2359,15586174,Investment,66986.03,1,2026/05/09
2360,15757140,Checking,54125.99,1,2026/07/03
2361,15587640,Investment,120876.53,1,2026/08/09
2362,15809509,Savings,117873.59,1,2026/08/25
2363,15803685,Investment,43132.34,2,2026/06/01
2364,15711181,Checking,791.49,4,2026/06/10
2365,15731026,Checking,41270.51,2,2026/04/18
2366,15654060,Credit Card,272.11,2,2026/04/25
2367,15659236,Loan,498.72,2,2026/02/05
2368,15794468,Credit Card,757.14,2,2026/06/20
2369,15716491,Investment,81383.42,1,2025/11/09
2370,15724764,Investment,15960.11,2,2026/02/06
2371,15722404,Checking,521.79,2,2025/11/29
2372,15588406,Checking,49.46,2,2026/01/14
2373,15746065,Loan,67665.78,4,2025/12/28
2374,15672610,Investment,,1,2026/05/08
2375,15614168,Loan,103318.24,1,2026/03/12
2376,15590078,,154066.09,1,2026/01/28
2377,15612358,Investment,61986.32,2,2025/09/27
2378,15763613,Checking,520.21,2,2025/11/17
2379,15684908,Loan,82399.34,1,2026/03/02
2380,15807555,Credit Card,546.28,2,2026/01/26
2381,15780925,Investment,130892.28,2,2026/04/24
2382,15730441,Loan,364.94,2,2025/11/27
2383,15760456,Credit Card,64298.06,2,2026/07/16
2384,15662641,Credit Card,350.86,1,2025/11/24
2385,15590213,Credit Card,122306.98,1,2026/09/02
2386,15723481,Investment,22358659.04,2,2026/06/04
2387,15657937,Credit Card,144162.6,1,2026/01/27
2388,15604536,Investment,139377.06,1,2025/12/05
2389,15719426,Loan,71036.09,2,2025/12/01
2390,15572728,Investment,212266.93,1,2026/08/31
2391,15670822,Loan,106873.79,1,2026/08/23
2392,15575060,Checking,421.15,2,2026/08/10
2393,15724632,Investment,1115.41,2,2025/11/20
2394,15672185,Investment,-4275.32,2,2025/11/24
2395,15760662,Savings,61647.71,1,2026/01/02
2396,15637646,Investment,105545.11,3,2025/11/01
2397,15801658,Loan,45388.28,1,2025/09/24
2398,15803886,Loan,52553.05,1,2026/02/12
2399,15700476,Loan,44376.02,2,2026/06/24
2400,15771154,Credit Card,73787.86,2,2025/11/06
2401,15572356,LOAN,96095.84,1,2026/04/16
2402,15801462,Checking,55984.2,2,2026/01/14
2403,15681956,Savings,431.54,2,2026/03/11
2404,15592583,Investment,44937.22,3,2025/12/06
2405,15778830,Investment,80.13,2,2025/12/17
2406,15664772,Savings,46861.49,2,2026/06/17
2407,15693817,Savings,825.78,2,2026/08/31
2408,15704910,Checking,49.95,2,2025/09/20
2409,15727489,Savings,248072.32,1,2026/08/09
2410,15783541,Credit Card,410.56,2,2026/02/12
2411,15665634,Investment,57812.33,1,2026/02/26
2412,15742404,Investment,436.25,2,2025/11/17
2413,15618703,Credit Card,169544.8,1,2026/03/12
2414,15694666,Savings,137411.35,1,2026/04/20
2415,15662245,Checking,751.51,2,2026/06/06
2416,15810563,Investment,1349.45,2,2025/11/25
2417,15737732,Checking,662.16,2,2026/06/03
2418,15730345,Investment,87549.69,1,2026/02/04
2419,15699450,,581.63,2,2025/11/04
2420,15659428,Credit Card,380.66,2,2025/09/15
2421,15638806,Savings,418.66,2,2026/03/29
2422,15589493,Loan,57198.11,2,2026/05/16
2423,15605791,Investment,27951.72,2,2025/11/16
2424,15812073,Investment,342.71,2,2026/04/25
2425,15583138,Checking,58449.82,2,2026/02/13
2426,15807305,Savings,509.63,1,2025/11/21
2427,15721730,Checking,891.06,2,2025/09/05
2428,15810716,Loan,67360.18,2,2026/06/09
2429,15771668,Investment,194172.06,1,2026/05/20
2430,15635277,Checking,86231.05,1,2026/02/19
2431,15647402,Credit Card,674.64,2,2026/07/31
2432,15589076,Checking,574.09,3,2026/08/30
2433,15662232,Checking,36645.23,2,2026/02/01
2434,15633064,Savings,444.65,2,2026/05/03
2435,15643635,Loan,57340.36,1,2026/01/29
2436,15602479,Loan,229223.51,1,2026/06/23
2437,15707291,Checking,102076.33,2,2026/08/10
2438,15612633,,,1,2025/11/17
2439,15810593,Loan,105.35,3,2026/06/19
2440,15651022,Loan,152691.16,1,2026/04/17
2441,15684173,Checking,301.22,3,2026/02/23
2442,15668283,Credit Card,39546.54,4,2026/08/21
2443,15757931,Savings,720.26,2,2025/10/30
2444,15714380,Savings,1092.47,2,2026/05/06
2445,15610105,Credit Card,61536.08,2,2025/09/23
2446,15576745,Savings,32144.18,2,2025/11/13
2447,15593976,Investment,28837.32,4,2026/08/16
2448,15802009,CreditCard,873.96,2,2026/06/12
2449,15732202,Investment,35940.01,2,2025/11/01
2450,15627697,Investment,594.22,2,2026/02/07
2451,15808473,Loan,656.42,2,2025/09/15
2452,15703292,Investment,37976.46,2,2026/03/27
2453,15782360,Investment,90723.01,1,2026/07/16
2454,15796167,Loan,52090.37,2,2025/12/24
2455,15759555,Credit Card,891.02,2,2026/04/19
2456,15778861,Investment,139746.89,1,2026/03/04
2457,15804009,Investment,104504.5,2,2025/10/20
2458,15582841,Investment,349.68,2,2026/02/17
2459,15701768,Investment,1238.07,2,2025/10/01
2460,15688071,Savings,992.75,1,2026/07/11
2461,15603135,Checking,98804.58,1,2026/07/28
2462,15713608,Savings,397.53,2,2025/12/11
2463,15788723,,34989.11,2,2026/06/28
2464,15723907,Checking,61869.02,2,2026/05/30
2465,15686255,Investment,83973.38,1,2025/12/25
2466,15595160,Loan,-4694.41,2,2026/01/23
2467,15796114,Checking,156641.2,1,2025/12/12
2468,15752601,Checking,634.21,2,2025/09/14
2469,15591985,Loan,56146.13,1,2025/10/15
2470,15807481,Checking,811.35,1,2026/06/05
2471,15801832,Investment,109480.63,1,2026/04/19
2472,15675231,,466.36,2,2026/08/15
2473,15622171,Investment,23234.27,2,2026/08/12
2474,15646276,Checking,124898.05,1,2025/10/17
2475,15625941,Investment,144668.82,1,2026/05/23
2476,15790379,Investment,107658.16,1,2026/03/23
2477,15640855,savings,49031.24,2,2025/12/11
2478,15578809,Loan,57334.68,2,2026/05/12
2479,15670343,Investment,943.96,2,2026/02/12
2480,15705352,Investment,78641.13,1,2026/07/08
2481,15788494,Investment,190524.16,1,2026/07/09
2482,15669887,Investment,1.73,1,2026/05/22
2483,15645896,Loan,50006.31,2,2025/10/01
2484,15812888,Checking,819.09,4,2026/08/10
2485,15734714,Loan,69324.43,1,2026/03/06
2486,15671014,Investment,103843.67,1,2026/03/25
2487,15732740,Savings,215952.05,1,2025/11/17
2488,15788686,Credit Card,293.9,2,2026/04/09
2489,15786789,Investment,218.55,2,2026/03/11
2490,15632899,Checking,48696.22,2,2026/03/19
2491,15702464,Investment,390.19,2,2026/03/12
2492,15705050,Investment,239.46,2,2025/09/09
2493,15761717,Investment,27603.51,2,2026/01/26
2494,15692443,Investment ,73071.83,1,2026/02/26
2495,15791111,Checking,42607.35,2,2026/03/01
2496,15753229,Savings,67749.48,1,2026/02/07
2497,15657565,Loan,59280.04,2,2026/04/19
2498,15571081,,183988.1,1,2026/06/17
2499,15632446,,972.48,2,2025/10/17
2500,15676810,Checking,61070.74,2,2025/12/22
2501,15605067,Checking,688.57,2,2026/04/18
2502,15793049,Checking,147587.64,1,2026/04/03
2503,15741295,Credit Card,1284.15,2,2026/04/17
2504,15751531,Credit Card,825.05,2,2026/01/28
2505,15692671,Checking,,2,2025/11/25
2506,15793343,Checking,314.71,2,2026/04/08
2507,15765192,Investment,30361.99,2,2026/04/03
2508,15752097,Checking,67521.02,1,2025/11/13
2509,15749540,Credit Card,1199.41,2,2026/06/30
2510,15688563,Loan,59308.73,2,2026/07/06
2511,15613180,Checking,80131.97,1,2025/10/17
2512,15725776,Investment,154070.85,1,2025/11/15
2513,15631240,Credit Card,717.06,2,2025/12/18
2514,15778838,Credit Card,120167.36,2,2026/02/05
2515,15628145,Savings,116055.44,1,2026/05/04
2516,15716518,Checking,-3588.46,2,2026/05/29
2517,15783463,Credit Card,854.15,2,2026/02/21
2518,15650098,Checking,198.87,2,2025/10/06
2519,15726484,Savings,222109.24,1,2026/07/02
2520,15625035,,73606.56,2,2026/03/14
2521,15690372,Credit Card,88835.61,2,2025/10/18
2522,15804064,Credit Card,91570.49,1,2025/09/06
2523,15650026,Investment,35892.85,2,2026/03/31
2524,15715184,Savings,80191.04,2,2026/07/27
2525,15798885,Credit Card,112563.16,2,2026/01/20
2526,15681956,Loan,825.23,2,2026/04/03
2527,15603203,Credit Card,484.83,2,2025/12/01
2528,15704583,Checking,1078.28,1,2026/06/14
2529,15728005,Savings,37226.01,2,2026/04/27
2530,15746065,Investment,53480.75,2,2026/09/01
2531,15612594,Credit Card,359.11,2,2026/06/20
2532,15716186,Checking,662.44,2,2025/11/12
2533,15707602,Checking,67198.64,2,2025/12/14
2534,15671789,Investment,75897.84,2,2025/12/07
2535,15673820,Investment,733.37,2,2026/03/17
2536,15671591,Credit Card ,30170.67,4,2026/01/29
2537,15699335,Credit Card,53923.53,2,2026/06/13
2538,15630349,Checking,923.76,2,2026/05/12
2539,15567246,Loan,54906.9,2,2025/09/24
2540,15788068,Checking,48418.13,3,2026/02/04
2541,15659568,Savings,164351.69,1,2026/06/29
2542,15701439,Investment,811.76,4,2026/02/05
2543,15703820,Loan,61844.5,2,2026/05/13
2544,15655632,Checking,199872.74,1,2026/06/16
2545,15624072,Credit Card,722.92,3,2026/04/28
2546,15747808,Loan,111867.5,1,2025/12/26
2547,15602841,Loan,357.47,2,2025/09/16
2548,15625740,Investment,90773.52,2,2025/09/04
2549,15667742,Investment,83992.52,1,2025/11/20
2550,15597914,Credit Card,27039.71,4,2026/01/15
2551,15737385,Savings,462.23,2,2026/02/03
2552,15662397,Savings,166360.9,1,2026/07/27
2553,15682523,Credit Card,70145.17,1,2026/07/25
2554,15728838,Loan,148084.93,1,2026/05/02
2555,15633944,Loan,175161.54,1,2025/11/05
2556,15664521,Loan,89930.24,4,2026/08/03
2557,15616745,Savings,225036.99,1,2026/08/09
2558,15810347,Checking,186.32,2,2026/01/28
2559,15786167,Investment,65.97,2,2026/04/04
2560,15637788,Loan,105431.45,1,2025/12/03
2561,15783589,credit card,1106.98,2,2026/05/12
2562,15673367,Investment,173779.43,1,2026/08/21
2563,15577107,Savings,617.35,3,2026/07/30
2564,15662901,,203.33,2,2026/01/06
2565,15684921,Loan,154453.23,1,2025/09/17
2566,15720847,Credit Card,400.49,2,2025/11/03
2567,15742229,Checking,142348.8,1,2026/01/22
2568,15645835,Credit Card,233.02,2,2026/05/13
2569,15630363,Investment,120757.01,1,2025/10/07
2570,15672082,Investment,640.99,2,2026/07/06
2571,15689955,Credit Card,203.65,2,2026/03/07
2572,15613337,Loan,354.02,2,2026/06/27
2573,15692137,INVESTMENT,1099.93,1,2026/05/07
2574,15593283,Loan,22209.27,2,2026/06/19
2575,15605835,Investment,48746.18,2,2026/04/14
2576,15656188,Loan,1143.27,2,2026/01/13
2577,15654292,Investment,75282.64,2,2026/07/21
2578,15741078,Investment,41700.68,2,2026/08/20
2579,15655335,Checking,1348.89,2,2026/05/04
2580,15658852,Loan,28.61,2,2026/08/24
2581,15585734,Investment,85788.16,2,2025/11/03
2582,15581115,Savings,67189.91,1,2026/03/13
2583,15677522,Credit Card,176.77,2,2026/05/23
2584,15757931,Credit Card,520.55,2,2026/06/24
2585,15671345,,42188.54,2,2025/09/11
2586,15719809,Credit Card,15626539.44,2,2026/01/13
2587,15706116,Loan,134753.39,1,2025/11/25
2588,15669290,Investment,63569.75,1,2026/06/27
2589,15750569,Investment,55391.78,2,2025/10/02
2590,15811742,Savings,639.79,2,2025/11/16
2591,15631267,Savings,94942.94,2,2026/02/13
2592,15623521,Investment,61132.9,2,2026/04/27
2593,15795954,Investment,199797.42,1,2026/08/23
2594,15707634,Investment,38895.23,2,2025/11/11
2595,15566689,Investment,292.26,2,2026/03/04
2596,15658211,Loan,1152.39,2,2025/11/25
2597,15765287,Loan,905.34,2,2025/09/30
2598,15601410,Checking,1037.5,3,2026/01/20
2599,15754820,Checking,39585.83,1,2026/03/06
2600,15610416,Credit Card,,1,2026/04/05
2601,15574142,Checking,79370.41,2,2026/07/25
2602,15660809,Credit Card,614.11,2,2026/03/04
2603,15578073,Loan,196.12,2,2025/09/27
2604,15676715,Investment,147.39,2,2026/01/29
2605,15740160,Credit Card,334.1,2,2026/01/30
2606,15763625,Savings,757.46,2,2026/06/01
2607,15721585,Checking,51990.06,2,2026/07/27
2608,15646942,Checking,80.54,2,2025/10/12
2609,15641043,Loan,826.93,2,2026/05/24
2610,15697034,Savings,86.55,1,2025/12/11
2611,15726354,Investment,70612.68,1,2026/07/21
2612,15672115,CHECKING,732.53,2,2025/12/05
2613,15694129,Credit Card,102044.86,1,2025/10/21
2614,15632210,Checking,255061.2,1,2026/07/06
2615,15566269,Checking,25.55,2,2025/11/27
2616,15681220,Checking,,2,2026/06/08
2617,15688264,,215.75,2,2026/02/15
2618,15636562,Investment,247.36,2,2026/02/11
2619,15663164,Checking,24608.79,3,2026/08/19
2620,15658485,Savings,49699.04,1,2026/02/04
2621,15717879,Loan,77555.22,1,2026/01/19
2622,15814465,Credit Card,228034.16,1,2026/08/19
2623,15731865,Credit Card,55.67,2,2026/08/26
2624,15651020,Loan,-3394.98,2,2026/08/21
2625,15686885,Investment,74297.31,2,2026/03/07
2626,15812422,Savings,267.02,2,2025/10/22
2627,15656921,Checking,885.59,2,2026/06/03
2628,15678374,Credit Card,76.52,2,2026/06/26
2629,15669253,Credit Card,136119.58,2,2026/03/02
2630,15646615,Checking,91379.68,2,2025/11/15
2631,15792868,Credit Card,340.68,2,2025/09/09
2632,15719606,Credit Card,398.81,2,2025/11/12
2633,15629985,Loan,32459.57,2,2026/05/26
2634,15591091,Checking,102028.34,1,2026/01/25
2635,15627352,Checking,92052.62,1,2026/03/12
2636,15785705,Investment,124907.36,1,2026/05/09
2637,15765952,Checking,50240.38,1,2026/04/01
2638,15584545,Checking,987.75,2,2026/02/24
2639,15609735,Credit Card,53589.62,2,2025/11/25
2640,15771086,Credit Card,54065.87,2,2025/10/25
2641,15797276,Checking,68920.71,1,2025/12/23
2642,15713160,Savings,85607.51,2,2025/11/21
2643,15685564,Credit Card,135513.45,1,2026/05/18
2644,15675450,Credit Card,814.56,2,2025/12/25
2645,15767804,Credit Card,651.95,2,2025/12/08
2646,15751158,Loan,32155.63,3,2026/06/16
2647,15680436,Credit Card,1063.68,2,2026/07/14
2648,15724161,Checking,31658.4,4,2026/08/22
2649,15755863,Checking,464.2,2,2026/05/30
2650,15629551,Savings,60024.95,2,2026/06/02
2651,15684318,Credit Card,36433.53,2,2026/09/02
2652,15752857,Investment,24602.73,2,2026/06/12
2653,15581102,Investment ,500.78,2,2026/08/28
2654,15634719,Checking,153.84,2,2025/10/31
2655,15674254,Investment,669.99,2,2026/04/04
2656,15572145,Loan,41.91,2,2026/04/26
2657,15729238,Investment,,1,2025/10/12
2658,15774277,Loan,602.56,2,2025/11/01
2659,15628205,Credit Card,79821.64,1,2025/11/09
2660,15591179,Investment,659.6,2,2025/09/11
2661,15597930,Investment,28897.38,1,2026/05/06
2662,15612769,Savings,27910.49,1,2026/02/28
2663,15585106,Credit Card,26315.52,2,2026/02/09
2664,15780144,Credit Card,49366.18,2,2026/08/22
2665,15775803,Investment,756.86,2,2026/03/07
2666,15738248,Savings,596.93,2,2025/11/13
2667,15683213,Investment,4062.01,2,2026/04/17
2668,15665222,Savings,94006.43,1,2026/07/05
2669,15746333,Credit Card ,196.59,3,2026/05/28
2670,15644856,Loan,111106.73,1,2026/02/25
2671,15625445,Credit Card,32780.82,2,2025/11/30
2672,15809227,Loan,861.36,2,2026/09/01
2673,15589428,Checking,156.74,2,2026/02/05
2674,15594915,Loan,456.74,2,2025/09/17
2675,15591433,Checking,43353.63,2,2025/11/02
2676,15726676,Checking,55.55,2,2025/12/25
2677,15612627,,75269.9,2,2025/11/07
2678,15642098,Investment,63324.04,2,2026/08/24
2679,15718572,Loan,108452.81,2,2025/11/14
2680,15752186,Credit Card,664.9,2,2026/08/21
2681,15621974,Credit Card ,64878.26,2,2025/12/28
2682,15709478,Credit Card,58352.63,2,2026/02/07
2683,15568240,Loan,43432.74,2,2025/11/06
2684,15704483,Savings,-231.82,2,2025/12/19
2685,15589195,Investment,209823.13,1,2025/11/08
2686,15689886,Savings,53707.65,3,2025/10/13
2687,15694859,Checking,44393.42,2,2026/04/08
2688,15704770,Credit Card,68007.87,2,2026/08/22
2689,15723884,Loan,11.88,2,2025/10/30
2690,15727696,Loan,62789.94,2,2025/10/12
2691,15703614,Savings,69601.12,1,2025/09/12
2692,15699523,Credit Card,66729.13,2,2026/05/08
2693,15712483,Investment,216.36,2,2026/04/11
2694,15601012,Checking,69040.98,1,2025/09/24
2695,15636061,Loan,40365.11,2,2025/12/12
2696,15680998,Savings,121.43,1,2025/10/28
2697,15723153,Investment,346.75,2,2025/09/19
2698,15568328,Investment,1711.29,2,2026/08/06
2699,15665784,Loan,65232.77,1,2026/05/23
2700,15657812,Savings,438.67,2,2026/07/03
2701,15697183,LOAN,1070.88,2,2025/10/03
2702,15713094,Savings,747.6,2,2026/05/01
2703,15774536,Loan,328.69,2,2025/11/02
2704,15646037,Investment,724.35,3,2026/01/10
2705,15769451,Savings,239.08,2,2025/09/25
2706,15572762,Loan,62424.45,2,2025/10/06
2707,15682860,Checking,888.03,2,2026/02/04
2708,15803840,Credit Card,477.8,2,2026/08/10
2709,15800031,Checking,95000.27,1,2025/09/08
2710,15635240,Savings,285.92,2,2025/10/22
2711,15582404,Investment,391.19,2,2025/11/05
2712,15783019,Credit Card,32206.67,4,2026/07/08
2713,15804104,Savings,,2,2025/12/17
2714,15575409,Credit Card,127331.2,1,2026/06/30
2715,15802207,Checking,67592.75,2,2025/12/14
2716,15680046,Savings,697.64,2,2025/12/06
2717,15669282,Checking,69605.1,1,2026/08/12
2718,15799815,Loan,236407.55,1,2026/03/01
2719,15645593,Checking,140188.22,1,2025/09/17
2720,15789109,Investment,407.9,1,2025/10/19
2721,15640260,Credit Card,56534.38,2,2025/11/16
2722,15787825,Loan,127400.25,1,2026/01/23
2723,15642885,Savings,1146.22,2,2026/06/26
2724,15574068,Savings,161000.57,1,2026/02/28
2725,15660809,Loan,374.76,2,2026/03/02
2726,15580914,Checking,32318.35,2,2025/11/24
2727,15594762,Savings,144455.64,1,2026/05/17
2728,15584477,Credit Card,177718.75,1,2026/07/13
2729,15606177,Credit Card,105.84,2,2026/01/04
2730,15783859,Loan,127056.75,1,2026/05/19
2731,15633181,Savings,29503.91,2,2026/06/21
2732,15751177,Investment,62990.45,1,2025/10/07
2733,15664734,Investment,43688.11,4,2025/10/23
2734,15583392,Investment,57621.99,3,2026/06/26
2735,15613786,Savings,281.51,2,2025/09/10
2736,15721292,Savings,251.11,2,2026/05/31
2737,15567923,Checking,272.6,1,2025/12/23
2738,15765982,Checking,98784.11,1,2025/12/10
2739,15592761,Credit Card,184.08,2,2026/01/25
2740,15779743,Investment,660.01,2,2025/11/29
2741,15786680,Savings,158.78,2,2026/06/05
2742,15665376,Investment,77137.72,2,2025/09/05
2743,15792077,Credit Card,81764.53,2,2025/10/23
2744,15773273,Credit Card,66840.15,1,2025/12/21
2745,15723604,Checking,138688.35,1,2026/05/19
2746,15791102,Checking,14921.04,3,2026/08/31
2747,15749167,Investment,192.44,2,2026/05/04
2748,15630709,CHECKING,34405.3,2,2026/03/09
2749,15605950,Checking,65608.86,2,2026/08/26
2750,15724336,Checking,163164.72,1,2026/07/01
2751,15801466,Investment,71235.82,2,2025/12/06
2752,15671249,Investment,781.28,2,2026/04/16
2753,15683993,Checking,96077.83,2,2026/08/13
2754,15769703,Loan,124862.58,1,2025/10/27
2755,15677117,Loan,1039.89,2,2025/12/04
2756,15748123,Credit Card,946.99,2,2026/03/03
2757,15569571,Investment,24195.99,2,2026/03/16
2758,15679284,Credit Card,102320.43,1,2026/04/08
2759,15579915,Checking,3.07,2,2025/12/21
2760,15781505,Savings,58065.12,2,2026/05/24
2761,15654733,Investment,84995.71,1,2025/12/28
2762,15593773,Checking,280.52,2,2026/03/30
2763,15741417,Investment,90434.09,2,2025/10/30
2764,15680666,Credit Card,73816.06,2,2026/02/10
2765,15603156,Checking,1239.52,2,2025/11/05
2766,15774098,Loan,70714.73,2,2026/04/29
2767,15674880,Credit Card,828.03,2,2025/10/29
2768,15603851,Investment,33813.87,4,2026/05/27
2769,15632365,Credit Card,54808.82,2,2025/11/11
2770,15659098,Savings,127299.94,1,2026/05/14
2771,15764284,Credit Card,980.92,3,2026/03/06
2772,15711352,Checking,78323.29,2,2026/08/29
2773,15681342,Credit Card,47045.8,2,2026/01/28
2774,15787189,Loan,,3,2026/06/15
2775,15731586,Loan,52178.94,2,2025/09/23
2776,15569187,Loan,993.23,2,2025/10/15
2777,15673599,Checking,111729.76,1,2026/02/17
2778,15812210,Savings,32962.78,4,2026/05/13
2779,15661656,Credit Card,62573.66,2,2025/11/01
2780,15640953,Investment,59202.1,2,2026/03/19
2781,15606133,Investment,452.56,2,2026/01/26
2782,15785042,Credit Card,87243.3,1,2026/04/24
2783,15762927,Credit Card,27654213.17,1,2026/07/07
2784,15578866,Loan,1248.67,1,2026/02/09
2785,15585379,Checking,131750.72,1,2026/08/20
2786,15640865,Loan,40792.23,2,2026/04/18
2787,15792305,Checking,45347.19,3,2025/12/27
2788,15648725,Savings,628.66,2,2026/06/13
2789,15656062,Credit Card,160483.56,1,2026/03/30
2790,15686743,Credit Card,20119.43,2,2026/01/29
2791,15743871,Savings,168.58,2,2026/04/10
2792,15613292,Loan,948.55,2,2025/12/08
2793,15660688,Investment,355.77,2,2025/10/08
2794,15770576,INVESTMENT,93129.33,2,2026/05/04
2795,15740487,Checking,58.47,3,2026/08/16
2796,15695129,Savings,182901.36,1,2026/03/10
2797,15772996,Loan,73678.67,2,2025/12/03
2798,15571778,,122079.87,1,2025/09/09
2799,15693468,Checking,138594.84,1,2026/08/14
2800,15742971,Checking,96241.46,2,2026/05/12
2801,15667046,Checking,-3132.59,1,2026/08/13
2802,15759066,Investment,45931224.33,1,2025/10/26
2803,15694039,Investment,85891.35,2,2026/03/24
2804,15795564,Credit Card,81832.05,2,2026/04/15
2805,15664204,Credit Card,92.64,2,2026/05/28
2806,15723886,Loan,68842.1,2,2026/08/06
2807,15611905,Loan ,210326.08,1,2026/08/15
2808,15713347,Investment,234884.18,1,2025/10/16
2809,15694677,Investment,268.84,2,2025/11/03
2810,15672875,Loan,33368.84,1,2025/11/15
2811,15721116,Checking,90137.81,2,2026/03/24
2812,15589475,Savings,400.49,3,2026/03/27
2813,15807269,Credit Card,166370.75,1,2026/08/24
2814,15609758,Savings,169429.76,1,2026/07/02
2815,15795737,,33659.29,2,2025/10/25
2816,15570947,Savings,76600.47,2,2025/11/28
2817,15730394,Savings,1415.83,2,2025/10/06
2818,15622507,Loan,27987.87,2,2026/03/08
2819,15810457,,48740.39,2,2025/12/13
2820,15729515,Credit Card,90014.35,2,2026/02/23
2821,15747647,,344.7,2,2025/12/14
2822,15614813,Investment,49803.21,1,2026/07/04
2823,15785547,Credit Card,83422.02,2,2026/03/28
2824,15754084,Investment,,1,2025/11/04
2825,15626042,Checking,,2,2025/12/31
2826,15681220,Credit Card,1030.92,2,2026/04/08
2827,15681671,,43332.75,2,2026/05/16
2828,15807961,Credit Card,673.24,1,2026/01/23
2829,15752534,Credit Card,35.72,2,2026/09/03
2830,15606755,Investment,700.63,2,2026/06/27
2831,15754012,Credit Card,53103.64,2,2026/07/03
2832,15582492,Savings,140655.13,1,2026/01/20
2833,15694143,Credit Card,641.95,1,2026/07/29
2834,15792360,Credit Card,401.51,2,2026/03/26
2835,15726589,Checking,48450.5,1,2026/03/04
2836,15676966,Savings,-3415.55,2,2026/05/04
2837,15628904,Loan,108584.52,1,2026/08/10
2838,15658668,Checking,535.46,2,2026/07/08
2839,15780677,Loan,367.11,2,2026/03/29
2840,15649086,Loan,36.61,2,2026/05/09
2841,15792607,,,2,2026/05/22
2842,15696373,Credit Card,35.36,2,2026/01/23
2843,15745843,Investment,373.99,2,2025/11/17
2844,15578462,Loan,156008.96,1,2026/04/23
2845,15567991,Checking,83851.05,2,2025/10/28
2846,15614137,Loan,257.27,2,2025/11/04
2847,15622897,Checking,1033.15,2,2026/01/09
2848,15623489,Credit Card,94540.87,1,2026/05/11
2849,15649078,Loan,22270.2,2,2026/05/15
2850,15635972,Investment,340.48,2,2025/12/30
2851,15663939,Loan,118751.45,1,2026/07/21
2852,15814040,Checking,413.12,2,2025/11/10
2853,15677871,Loan,103953.9,1,2025/09/18
2854,15796617,Credit Card,1351.89,2,2025/10/23
2855,15634551,Investment,13702.86,4,2025/09/30
2856,15796413,Checking,870.7,2,2025/10/07
2857,15658240,Credit Card,77152.58,2,2026/05/16
2858,15586880,Loan,90987.27,2,2026/08/16
2859,15686696,Loan,53035.04,2,2025/09/16
2860,15780359,Savings,128885.96,1,2025/12/03
2861,15759684,Investment,106306.98,2,2026/03/17
2862,15649211,Loan,99722.22,1,2026/07/09
2863,15658987,Loan,47421.09,2,2026/08/16
2864,15801915,Investment,120423.64,1,2026/02/17
2865,15663706,Savings,592.53,1,2025/11/20
2866,15675320,Loan,36396.17,2,2026/02/05
2867,15578238,Checking,1142.61,2,2026/07/18
2868,15631871,Savings,147993.33,1,2026/07/19
2869,15589488,Investment,29641.28,1,2025/10/22
2870,15815364,Loan,228.3,2,2025/10/12
2871,15768359,Savings,129904.51,1,2026/08/07
2872,15677117,Savings,680.58,2,2026/05/27
2873,15598046,Credit Card,110123.12,2,2026/05/13
2874,15659807,Checking,108860.96,2,2026/04/29
2875,15726855,,87461.31,1,2025/12/15
2876,15634896,Checking,363.42,2,2026/01/31
2877,15686957,Savings,75944.52,2,2026/08/07
2878,15652048,,61257.39,2,2026/05/15
2879,15710316,Credit Card,190839.85,1,2026/05/12
2880,15612193,Credit Card,54319.33,2,2026/05/19
2881,15750458,Credit Card,639.67,2,2026/01/14
2882,15786249,Savings,353.8,2,2026/06/07
2883,15700654,Investment,19232.2,2,2026/02/25
2884,15626144,Investment,66415.28,3,2026/06/06
2885,15775546,Savings,1045.13,2,2026/06/09
2886,15723013,Savings,,2,2025/09/12
2887,15711602,Credit Card,77706.05,1,2025/09/19
2888,15662085,Checking,,1,2026/04/11
2889,15751445,Savings,53528.43,2,2025/11/02
2890,15567893,Investment,43403.37,2,2026/03/18
2891,15618314,Savings,128865.19,1,2026/04/21
2892,15601417,Investment,35831.02,2,2026/02/11
2893,15757865,Investment,732.07,2,2026/03/14
2894,15647333,Credit Card,212246.56,1,2026/04/17
2895,15677369,Checking,29693.34,1,2026/04/26
2896,15635939,Savings,535.8,2,2025/09/21
2897,15695872,Credit Card,59159.14,1,2025/09/19
2898,15696120,Loan,340.97,2,2025/12/02
2899,15616330,Investment,542.67,2,2026/06/15
2900,15801441,Loan,102613.98,1,2026/08/06
2901,15751158,Investment,22662.54,3,2026/02/05
2902,15813590,Investment,96.14,2,2026/08/30
2903,15748625,Savings,276.9,2,2025/11/26
2904,15686538,Loan,289.14,2,2026/05/12
2905,15631359,Savings,101656.72,1,2026/04/11
2906,15712825,Credit Card,404.86,2,2025/11/10
2907,15717935,Loan,482.5,2,2026/02/09
2908,15681755,Loan,1297.39,2,2026/03/21
2909,15591047,Investment,19193.37,2,2026/05/10
2910,15666884,Loan,21225.35,2,2025/10/29
2911,15737605,Credit Card,56111.36,2,2026/06/21
2912,15718289,Checking,128490.08,1,2026/08/14
2913,15797381,Savings,24579.98,2,2026/05/12
2914,15763859,Loan,429.06,2,2026/08/06
2915,15661507,Checking,583.01,1,2026/06/13
2916,15662403,Savings,69941.9,2,2026/08/19
2917,15600879,Investment,108603.84,2,2026/06/06
2918,15740072,Credit Card,48814.7,2,2026/06/22
2919,15651369,Savings,21.08,2,2026/05/01
2920,15690169,Savings,52250.87,2,2026/05/04
2921,15772216,Checking,115511.83,1,2026/06/17
2922,15749401,Credit Card,358.18,3,2025/11/22
2923,15585222,Investment,380.47,2,2026/05/20
2924,15761018,Loan,46862.77,2,2025/10/01
2925,15634267,Credit Card,779.81,2,2026/03/22
2926,15701364,Checking,207.75,2,2026/01/15
2927,15687738,Credit Card,568.09,2,2026/05/14
2928,15645820,Credit Card,274.88,2,2026/07/02
2929,15618774,Credit Card,725.86,1,2026/03/15
2930,15591123,Checking,88781.09,1,2026/07/15
2931,15658169,Loan,74602.19,2,2026/08/15
2932,15619857,Loan,57437.45,1,2026/03/02
2933,15730639,Loan,44568.13,2,2026/01/26
2934,15711028,Credit Card,420.23,3,2026/02/14
2935,15805676,Savings,84799.34,2,2025/10/04
2936,15656330,Checking,87446.91,1,2025/09/17
2937,15813327,Investment,65360.9,2,2026/07/02
2938,15577700,Credit Card,104884.99,2,2025/09/26
2939,15575445,Investment,144624.84,1,2025/11/07
2940,15753248,Loan ,-352.65,2,2026/03/09
2941,15691817,Checking,961.67,3,2026/02/28
2942,15748116,Checking,230995.24,1,2026/06/28
2943,15792565,Checking,24.56,3,2025/09/16
2944,15575581,Credit Card,47695.49,2,2026/07/20
2945,15643658,Loan,30010.81,2,2026/02/24
2946,15679551,Loan,165507.67,1,2026/03/16
2947,15675964,Loan,280.77,1,2025/10/22
2948,15800116,Checking,159002.25,1,2026/04/10
2949,15744041,Checking,-904.09,1,2026/02/26
2950,15682757,Investment,584.25,2,2026/03/04
2951,15779973,Loan,53583.94,1,2026/04/01
2952,15648272,Credit Card,42604.36,1,2026/03/01
2953,15700383,Loan,44283.89,2,2025/10/01
2954,15778154,Savings,100444.41,1,2026/08/07
2955,15749951,Investment,112148.33,1,2026/01/06
2956,15754796,Savings,92244.57,2,2026/01/07
2957,15734438,Loan,229.43,2,2026/01/01
2958,15671172,Checking,73619.36,2,2026/07/31
2959,15629793,Loan,67218.31,2,2026/02/09
2960,15568025,Investment,26178272.04,2,2026/07/03
2961,15617877,Checking,450.87,2,2025/10/16
2962,15778190,Savings,115896.15,1,2026/08/21
2963,15725036,Loan,132685.44,1,2025/10/06
2964,15736963,Loan,620.04,2,2026/02/06
2965,15572114,Checking,82454.69,3,2025/10/31
2966,15690007,Checking,64137.24,2,2026/02/22
2967,15750099,Loan,36.12,1,2025/11/28
2968,15590730,Checking,646.93,2,2025/09/13
2969,15716781,Credit Card,125147.29,1,2026/06/05
2970,15600173,Investment,722.11,2,2026/02/16
2971,15717629,Investment,31498.68,2,2025/09/22
2972,15763327,Investment,50305.7,2,2026/04/26
2973,15677764,Loan,85280.63,2,2026/08/05
2974,15652700,Investment,421.28,2,2026/04/07
2975,15803456,Loan,36.14,1,2026/06/20
2976,15634551,Loan,12884.91,4,2026/05/24
2977,15814998,Loan,315.41,2,2026/04/06
2978,15579548,Loan,110.54,2,2026/01/17
2979,15714046,Loan,33960.36,2,2025/09/13
2980,15690731,Loan,224651.85,1,2026/08/25
2981,15670562,Investment,-3540.28,1,2026/05/01
2982,15654379,Credit Card,647.08,2,2026/07/01
2983,15649450,Investment,59286.44,2,2025/09/14
2984,15642709,Savings,722.7,2,2026/02/12
2985,15624866,Savings,114538.67,2,2026/03/15
2986,15702061,Credit Card,66.93,2,2026/06/22
2987,15775663,Credit Card,41456.41,2,2026/03/21
2988,15705663,Credit Card,84052.17,2,2026/02/15
2989,15596979,Checking,43132960.49,2,2026/06/23
2990,15588944,Credit Card,72348.82,2,2025/10/23
2991,15595588,Credit Card,270.89,2,2026/05/11
2992,15628767,Checking,86046.94,2,2025/10/24
2993,15775295,Loan,,1,2026/08/22
2994,15638047,Loan,118771.74,2,2026/08/14
2995,15613319,Credit Card,935.74,1,2025/12/17
2996,15619514,Credit Card,190055.42,1,2026/02/22
2997,15617538,Loan ,314.53,2,2026/05/15
2998,15646161,Loan,737.55,2,2026/05/18
2999,15812241,Loan,,1,2026/08/10
3000,15644849,Checking,571.54,1,2026/02/23
3001,15676513,Investment,,1,2025/11/27
3002,15751531,Investment,685.56,2,2026/07/14
3003,15739292,Savings,111486.32,1,2026/02/03
3004,15715519,Loan,607.09,2,2026/03/08
3005,15784209,Savings,628.96,1,2026/04/14
3006,15633233,Investment,-551.9,1,2025/12/15
3007,15684960,Investment,508.78,1,2026/05/15
3008,15663964,Credit Card,807.56,2,2026/07/25
3009,15773709,Savings,,2,2025/10/11
3010,15790683,Checking,54186.83,2,2026/06/04
3011,15771222,Credit Card,783.28,2,2025/12/21
3012,15707362,Credit Card,137056.9,1,2026/01/28
3013,15637240,Investment,66299.11,2,2026/01/16
3014,15766378,Investment,39401.69,2,2025/09/27
3015,15646784,Savings,104074.71,2,2026/02/02
3016,15586504,Savings,793.82,2,2026/06/23
3017,15709653,Credit Card,156.65,2,2026/03/27
3018,15595136,Savings,671.8,2,2025/12/27
3019,15749964,Investment,57358.53,2,2026/07/19
3020,15792934,Credit Card,313.11,2,2025/10/20
3021,15783816,loan,485.24,2,2026/06/26
3022,15707551,Checking,28772.85,2,2025/10/21
3023,15670889,Investment,115756.8,1,2026/07/03
3024,15699257,Checking,96798.61,2,2026/02/22
3025,15628600,Checking,31963.03,3,2026/01/20
3026,15809248,Credit Card,601.03,2,2025/10/07
3027,15596713,Loan,53443.88,2,2026/06/20
3028,15707696,Savings,539.2,2,2026/06/01
3029,15588955,Loan,29412.11,3,2026/05/04
3030,15787258,Checking,-1680.85,2,2026/04/09
3031,15690330,Loan,78436.05,1,2025/12/19
3032,15750335,Savings,43479.2,4,2026/02/27
3033,15602373,Investment,64133.92,2,2025/10/12
3034,15771086,Loan,44850.93,2,2026/08/02
3035,15678886,Loan,75541.28,2,2026/02/04
3036,15581620,Credit Card,766.12,3,2026/05/19
3037,15651369,Checking,186.76,2,2026/02/03
3038,15795511,Savings,73527.68,1,2026/04/12
3039,15626628,Investment,36911.71,2,2026/08/08
3040,15813140,Investment,594.04,2,2026/06/06
3041,15797293,Investment,174.72,2,2026/02/10
3042,15643056,Checking,88807.87,1,2025/12/14
3043,15799932,Savings,618.92,2,2026/04/03
3044,15697678,Credit Card,37163.28,2,2026/03/27
3045,15645045,Loan,956.07,2,2026/01/09
3046,15615096,Checking,59.68,2,2026/07/19
3047,15795488,Checking,116.88,2,2026/05/24
3048,15658258,Credit Card,150110.95,1,2026/04/23
3049,15652180,Checking,-3356.74,2,2026/08/12
3050,15566312,Loan,964.84,3,2026/06/10
3051,15628999,Savings,62017.24,1,2025/12/04
3052,15750755,Checking,356.79,2,2025/09/12
3053,15624397,Credit Card,69126.31,1,2026/07/21
3054,15671209,Investment,18244.74,3,2026/08/29
3055,15603665,Investment,66964.59,2,2026/05/25
3056,15667085,Checking,608.37,2,2025/12/07
3057,15782231,credit card,306.76,2,2026/06/25
3058,15707042,Checking,109586.57,1,2026/05/16
3059,15777994,Credit Card ,1393.25,2,2025/12/21
3060,15574830,Checking,46317.82,2,2026/08/07
3061,15668943,Credit Card,0.4,2,2026/04/30
3062,15619892,Savings,1458.38,2,2026/01/18
3063,15765266,Checking,214.46,2,2026/07/26
3064,15795246,Investment,56489.08,2,2026/06/02
3065,15739042,Loan,582.65,2,2026/07/14
3066,15678168,Checking,405.59,2,2026/04/13
3067,15575247,Savings,619.75,2,2026/06/19
3068,15581539,Loan,1186.44,2,2026/07/20
3069,15668894,Investment,52277.94,2,2025/10/03
3070,15765846,,80942.14,1,2026/05/28
3071,15681878,Credit Card,83343.57,2,2025/12/14
3072,15687153,Checking,37063.05,1,2026/03/08
3073,15780716,Investment,102113.78,2,2026/04/27
3074,15808674,Checking,49990.86,3,2025/11/17
3075,15642336,Credit Card,189.03,2,2026/01/04
3076,15625905,Credit Card,685.43,2,2025/11/19
3077,15690546,Checking,465.96,4,2026/08/19
3078,15606641,Checking,47723.09,3,2026/02/03
3079,15797760,Credit Card,51979.56,2,2026/04/13
3080,15790282,Investment,51950.06,2,2026/04/01
3081,15591010,Savings,45857.43,2,2026/02/13
3082,15759034,Investment,106591.42,1,2025/10/05
3083,15597949,Investment,74644.79,1,2026/07/24
3084,15647546,Investment,58598.76,3,2025/12/16
3085,15572467,Investment,281.1,2,2026/04/02
3086,15671243,Loan,549.07,2,2026/01/17
3087,15744695,Checking,44172.5,1,2026/01/27
3088,15769582,Credit Card,841.42,2,2026/07/30
3089,15621687,Loan,366.84,2,2025/11/24
3090,15672299,Loan,764.08,2,2026/01/12
3091,15755798,Loan,89834.27,1,2026/08/20
3092,15612444,Investment,567.44,2,2026/07/07
3093,15637829,Checking,1025.0,2,2026/01/01
3094,15796764,Savings,44242.84,3,2026/03/29
3095,15609070,Credit Card,66582.81,3,2026/01/03
3096,15759067,Credit Card,26102.43,4,2025/10/31
3097,15776936,Loan,146884.61,1,2025/11/18
3098,15672330,Checking,5.54,2,2025/12/10
3099,15602979,Loan,140872.26,1,2025/09/17
3100,15627000,CREDIT CARD,297.48,2,2026/01/06
3101,15748327,Checking,51324.79,2,2026/02/08
3102,15576774,Loan,1066.52,2,2026/04/28
3103,15794345,Loan,1021.67,2,2026/05/09
3104,15567335,Checking,598.0,2,2026/06/16
3105,15666975,Credit Card,,1,2026/04/14
3106,15673877,Credit Card,591.82,3,2026/04/07
3107,15693926,Loan,93554.34,1,2026/07/31
3108,15735270,Credit Card,113.91,1,2025/09/21
3109,15627232,Loan,118750.46,1,2025/12/15
3110,15638788,Credit Card,59661.97,1,2025/11/23
3111,15596175,Loan,155410.02,1,2026/01/20
3112,15642785,Savings,70740.87,2,2025/11/11
3113,15664681,Savings,49592.41,2,2025/09/17
3114,15765297,Loan,801.14,2,2026/01/13
3115,15758039,Checking,763.91,2,2026/01/23
3116,15804602,Savings,49509.46,2,2026/08/06
3117,15623989,Loan,70.51,1,2026/06/11
3118,15582960,Credit Card,155412.38,1,2025/12/02
3119,15690670,Loan,686.75,2,2026/07/29
3120,15758482,Savings,165.22,2,2025/09/24
3121,15708714,Investment,1103.54,2,2026/05/09
3122,15673223,Loan,400.4,2,2025/09/13
3123,15652180,Savings ,697.79,2,2025/10/01
3124,15800229,Loan,236765.37,1,2025/10/15
3125,15719377,Loan,1047.44,1,2026/02/10
3126,15585255,Investment,856.93,1,2026/07/08
3127,15757895,Credit Card,142301.79,1,2026/02/02
3128,15760063,Investment,34104549.64,3,2025/10/05
3129,15775590,Investment,83624.72,1,2026/03/30
3130,15694456,Loan,270.17,1,2026/03/08
3131,15624695,Investment,237064.09,1,2026/08/12
3132,15659962,Savings,60.49,2,2026/08/05
3133,15629390,Checking,148554.15,1,2025/10/19
3134,15783501,Checking,105513.07,2,2026/03/25
3135,15666012,Loan,71158.81,2,2025/11/13
3136,15757306,Credit Card,15.94,3,2026/01/01
3137,15643819,Loan,407.66,2,2025/10/30
3138,15609823,Credit Card,97304.57,2,2026/06/22
3139,15735849,Investment,,2,2026/05/17
3140,15764866,Credit Card,38699.06,3,2025/11/03
3141,15762762,Credit Card,94155.74,1,2026/05/28
3142,15633064,Credit Card,44.94,2,2026/08/09
3143,15724076,Investment,1062.64,3,2026/06/27
3144,15638424,Savings,102670.11,2,2026/05/29
3145,15745307,Savings,93787.9,1,2026/01/09
3146,15766289,Checking ,86721.81,2,2026/05/15
3147,15666767,Loan,-1545.11,1,2025/10/19
3148,15589739,Credit Card,55695.56,1,2026/01/02
3149,15755077,Checking,50417.53,2,2026/07/07
3150,15592326,Checking,78.78,2,2025/11/04
3151,15795640,Loan,93284.35,2,2026/02/10
3152,15657540,Investment,40917.95,2,2026/02/18
3153,15628203,Investment,123723.08,1,2026/06/29
3154,15622461,Credit Card,75851.14,2,2026/03/21
3155,15633194,Savings,17596.71,4,2026/01/01
3156,15671590,Credit Card,898.35,2,2026/04/07
3157,15644551,Checking,62700.85,2,2025/12/23
3158,15808831,Credit Card,270.59,2,2025/11/15
3159,15776743,Checking,1057.79,2,2025/10/27
3160,15712596,Checking,383.58,1,2025/12/01
3161,15633537,Loan,51643.01,2,2025/12/21
3162,15603082,Credit Card,439.65,2,2026/01/21
3163,15710111,Credit Card,774.05,2,2026/04/16
3164,15790322,Investment,90382.06,1,2026/03/31
3165,15590888,Savings,30177.62,2,2026/01/11
3166,15644692,,26.74,1,2026/07/01
3167,15778959,Credit Card,-511.86,2,2025/10/01
3168,15707637,Loan,866.74,1,2026/05/12
3169,15778694,Checking,48782.46,2,2026/06/03
3170,15726153,Investment,149134.32,1,2026/03/13
3171,15611157,Credit Card,112581.31,1,2026/08/27
3172,15792360,Checking,395.53,2,2025/10/30
3173,15742285,Credit Card,110444.81,1,2026/02/12
3174,15624592,,538.88,2,2026/06/09
3175,15610156,Checking,112787.82,1,2026/04/07
3176,15751926,Savings,59031.99,2,2026/05/04
3177,15670914,Credit Card,499.56,2,2026/08/18
3178,15787710,Credit Card,534.42,2,2026/01/07
3179,15626452,Loan,222.62,2,2026/01/23
3180,15686345,Savings,359.65,2,2025/11/16
3181,15693906,Checking,36010.09,1,2026/03/07
3182,15592229,Credit Card,254291.94,1,2026/05/04
3183,15801934,Credit Card,614.69,2,2026/03/10
3184,15773591,Checking,62552.47,2,2026/02/07
3185,15603436,Investment,55547.77,2,2025/09/13
3186,15770255,Credit Card,89001.56,1,2026/07/30
3187,15809736,Investment,1204.98,1,2026/07/10
3188,15609070,Loan,37785.1,2,2025/09/20
3189,15681402,Credit Card,55596.62,1,2026/08/08
3190,15766787,Credit Card,535.21,2,2025/09/30
3191,15732476,Savings,151.88,2,2026/08/22
3192,15771211,Checking,102089.84,1,2026/08/12
3193,15690231,,128073.62,2,2026/01/03
3194,15584532,Savings,756.54,1,2026/01/10
3195,15740223,Credit Card,43719.56,3,2026/06/12
3196,15700353,Investment,259.72,2,2026/03/18
3197,15659651,Loan,135080.69,1,2026/02/08
3198,15746076,Investment,293.62,2,2026/07/27
3199,15726588,Savings,1120.47,2,2026/08/27
3200,15798532,Checking,42772.03,2,2026/03/07
3201,15592123,Checking,556.36,2,2026/08/19
3202,15717290,Savings,44333.42,2,2025/11/04
3203,15641715,Savings,400.04,2,2026/06/03
3204,15573456,Loan,66093.75,2,2026/01/02
3205,15578788,Credit Card,41857494.16,2,2026/04/17
3206,15721719,Credit Card,57754.28,2,2026/03/20
3207,15779586,Investment,69272.6,2,2025/09/07
3208,15791867,Credit Card,119274.91,1,2026/03/23
3209,15687385,Checking,624.67,1,2026/01/11
3210,15612108,Credit Card,98112.11,1,2026/02/04
3211,15667392,Loan,66036.73,2,2025/10/19
3212,15794941,Loan,41913.52,3,2026/01/01
3213,15603454,Savings,117884.34,2,2026/02/02
3214,15773520,Checking,15984.7,2,2025/12/19
3215,15753362,Loan,144.6,2,2025/11/24
3216,15586029,Checking,38780.69,2,2026/04/15
3217,15789546,Credit Card,497.32,2,2026/07/23
3218,15723028,Checking,159.97,2,2026/02/12
3219,15637593,Investment,200.39,2,2026/07/29
3220,15796958,Credit Card,95.86,2,2026/03/30
3221,15627439,Savings,779.4,2,2025/09/20
3222,15763256,Credit Card,56654.3,2,2026/01/21
3223,15756992,Checking,149.16,2,2025/10/14
3224,15693947,Checking,43501.59,2,2026/05/12
3225,15811958,Savings,95471.62,2,2026/05/02
3226,15600478,Checking,1081.61,1,2026/04/02
3227,15641688,Investment,396.69,1,2026/02/20
3228,15661945,Investment,837.96,3,2026/04/07
3229,15603082,Checking,210.48,2,2025/10/24
3230,15587297,Investment,870.14,2,2025/11/24
3231,15671249,Loan,570.35,2,2026/08/26
3232,15797204,Loan,47644.35,2,2026/01/14
3233,15576131,SAVINGS,137.49,2,2026/05/20
3234,15589493,Checking,67983.85,2,2025/10/06
3235,15637315,Loan,875.05,2,2026/03/02
3236,15665077,Loan,764.4,3,2026/04/06
3237,15652693,Checking,121376.9,1,2026/07/08
3238,15664504,Loan,1057.51,2,2026/06/10
3239,15688880,Loan,114868.63,1,2026/02/17
3240,15761286,Investment,42624.18,2,2026/04/23
3241,15728669,CreditCard,112380.76,3,2026/08/24
3242,15633227,Checking,61370.04,1,2025/09/17
3243,15625761,Credit Card,39390.32,4,2025/09/29
3244,15723216,Investment,45327.18,1,2026/07/28
3245,15664752,Savings,74248.58,2,2026/07/28
3246,15733883,,435.91,2,2025/12/06
3247,15714634,Loan,-3077.77,2,2026/07/22
3248,15764335,Savings,28159.47,2,2026/04/18
3249,15694209,Credit Card,779.01,2,2026/07/28
3250,15752694,Investment,55807.98,1,2025/11/11
3251,15628963,Credit Card,88693.9,2,2025/09/04
3252,15701522,Savings,803.02,2,2026/03/27
3253,15728823,Investment,26.26,2,2025/12/14
3254,15588560,Credit Card,183361.12,1,2026/07/21
3255,15621550,Checking,54301.77,3,2026/02/06
3256,15673055,Credit Card,895.44,2,2026/02/10
3257,15697879,Loan,106375.99,3,2026/06/24
3258,15670066,Savings,795.15,2,2025/10/15
3259,15701206,Loan,296.57,2,2025/10/29
3260,15684269,Savings,41600.29,3,2025/11/22
3261,15790599,Credit Card,42833.52,2,2026/01/08
3262,15599251,Savings,139990.96,2,2026/05/25
3263,15623649,Checking,58.24,2,2026/09/03
3264,15687752,Savings,45019.36,2,2026/08/01
3265,15660429,Savings,57614.02,2,2025/11/08
3266,15759915,checking,101461.67,1,2026/07/04
3267,15677610,Investment,159156.42,1,2026/08/20
3268,15670619,Savings,681.78,2,2026/04/01
3269,15806913,Checking,,1,2026/02/13
3270,15628992,Credit Card,72583.09,2,2026/04/22
3271,15715907,Savings,100140.91,1,2026/05/05
3272,15671789,Loan,40006.48,2,2025/11/10
3273,15697283,Credit Card,189.49,2,2026/01/14
3274,15632324,Credit Card,13.1,2,2025/11/30
3275,15694879,Credit Card,427.45,2,2026/08/20
3276,15781710,Savings,222.84,2,2026/07/03
3277,15733032,Savings,896.78,2,2026/02/17
3278,15598161,Savings,692.56,2,2026/01/25
3279,15644103,Checking,206195.7,1,2025/12/13
3280,15721715,Loan,137260.63,1,2025/10/16
3281,15756539,Loan ,106105.02,2,2026/04/03
3282,15671610,Loan,246.61,1,2026/03/10
3283,15672945,Checking,132432.78,1,2025/12/05
3284,15724691,Checking,807.47,2,2026/03/23
3285,15737832,Credit Card,107441.83,1,2026/03/15
3286,15680611,Checking,394.18,3,2026/06/22
3287,15609187,Credit Card,56152.92,2,2025/12/26
3288,15636872,Loan,67613.46,2,2025/09/13
3289,15588566,Investment,99727.61,2,2025/09/14
3290,15799031,Loan,924.05,2,2026/06/15
3291,15771728,Loan,31262.42,3,2026/07/31
3292,15739857,Savings,725.5,2,2026/07/13
3293,15621021,Checking,265.77,2,2026/07/20
3294,15801473,Credit Card,35681.87,2,2025/12/29
3295,15764153,Savings,36518.62,2,2025/10/18
3296,15645463,Credit Card,112.11,2,2026/04/27
3297,15746594,Loan,1644.11,1,2025/12/13
3298,15767821,Checking,62564.44,2,2026/01/15
3299,15692750,Investment,62404.8,3,2026/08/28
3300,15616280,Investment,84588.17,1,2025/11/28
3301,15604158,Savings,438.14,2,2025/09/28
3302,15769781,,,2,2026/03/27
3303,15726310,Investment,640.03,2,2026/07/16
3304,15631310,Checking,622.91,1,2026/04/10
3305,15759298,Savings,93380.68,2,2026/07/07
3306,15609545,Investment,87646.93,1,2026/01/14
3307,15566253,,80781.96,1,2025/11/18
3308,15662483,,375.57,2,2025/10/18
3309,15750056,Loan,144323.11,1,2026/03/10
3310,15679909,Investment,1028.08,2,2025/11/29
3311,15723620,Loan,,2,2026/06/20
3312,15792232,Loan,,2,2025/11/02
3313,15673995,Savings,85480.5,1,2025/09/10
3314,15790658,Savings,43070.53,1,2026/05/30
3315,15681439,Checking,45979.33,2,2026/04/13
3316,15783007,Savings,91017.17,1,2026/04/23
3317,15749693,Checking,924.4,2,2026/08/13
3318,15611961,Loan,598.86,2,2026/05/14
3319,15631063,Credit Card,85.4,2,2025/11/02
3320,15607877,Checking,-4324.3,2,2025/12/26
3321,15720050,Savings,125103.23,1,2026/09/03
3322,15674331,Savings,114040.31,2,2025/12/16
3323,15813503,Credit Card,39892.05,2,2025/12/09
3324,15654975,Investment,55192.3,2,2026/01/17
3325,15799932,Checking,623.29,2,2026/01/28
3326,15611409,Checking,81.74,2,2026/05/14
3327,15604891,LOAN,567.43,2,2026/03/17
3328,15642098,Credit Card,40096.61,3,2025/11/08
3329,15658716,Investment,23545.34,3,2026/04/11
3330,15690332,Investment,249309.43,1,2025/12/17
3331,15776631,Savings,167778.47,1,2026/07/07
3332,15567919,Savings,85210.94,2,2025/12/22
3333,15809663,Investment,62015.89,1,2026/01/25
3334,15593943,Checking,138680.42,1,2026/08/15
3335,15814275,Credit Card,158369.66,1,2025/12/08
3336,15667190,Investment,55237.57,1,2026/04/05
3337,15654067,Checking,789.63,2,2025/12/04
3338,15643679,Credit Card,22087.97,2,2026/03/31
3339,15570002,Credit Card,38939.5,4,2025/11/16
3340,15627385,Investment,68241.44,1,2025/09/17
3341,15631451,Checking,1152.89,2,2026/01/29
3342,15643696,Savings,1295.41,2,2026/01/15
3343,15646594,Credit Card,66401.89,1,2026/01/01
3344,15687634,SAVINGS,109583.0,1,2026/07/16
3345,15729040,CREDIT CARD,21.21,2,2026/04/21
3346,15617348,Credit Card,724.63,2,2026/01/08
3347,15572050,Credit Card,144051.86,1,2026/03/11
3348,15765375,Credit Card,145.93,1,2026/06/28
3349,15747980,Loan,91774.32,2,2026/08/19
3350,15638610,Checking,111237.06,1,2026/07/31
3351,15740223,Savings,42932.29,3,2026/04/25
3352,15742091,Savings,99821.67,1,2025/10/16
3353,15720847,Investment,61.61,2,2025/09/08
3354,15585599,Investment,232.5,2,2026/05/01
3355,15753874,Savings,205064.57,1,2025/11/10
3356,15750547,Loan,543.95,2,2026/02/15
3357,15637891,Savings,91523.91,1,2026/08/23
3358,15699507,Loan,1217.35,2,2026/03/25
3359,15747222,Credit Card,245.85,2,2026/08/20
3360,15608109,Loan,72536.17,2,2025/12/20
3361,15664555,,915.53,4,2026/09/03
3362,15589496,Loan,82813.9,2,2026/03/18
3363,15799785,Checking,64591.59,1,2026/08/31
3364,15674932,Loan,555.68,2,2026/04/07
3365,15669994,Loan,26237.73,2,2026/07/05
3366,15706036,Investment,97982.45,2,2026/01/12
3367,15783083,Credit Card,800.67,2,2025/10/10
3368,15592078,Savings,106042.59,2,2025/10/21
3369,15609735,Loan,50092.81,2,2026/06/15
3370,15703068,Loan,52364.52,2,2025/10/03
3371,15642137,Investment,215.56,2,2025/09/29
3372,15682547,Checking,27619.73,1,2026/02/20
3373,15660211,Loan,,2,2026/01/01
3374,15706394,Checking,624.72,4,2026/05/02
3375,15667451,Credit Card,325.67,2,2026/03/03
3376,15716609,Checking,90293.58,1,2026/07/10
3377,15713596,Investment,169449.4,1,2026/08/12
3378,15591607,Loan,125827.08,1,2026/07/06
3379,15627027,Investment,332.7,2,2026/09/01
3380,15693526,Credit Card,825.12,1,2025/09/26
3381,15794236,Loan,69108.72,2,2025/09/05
3382,15584452,Investment,137.3,2,2026/01/10
3383,15710408,Checking,180.49,2,2026/05/19
3384,15687959,,334.59,1,2026/07/17
3385,15582847,Credit Card,523.8,2,2026/03/17
3386,15682454,Credit Card,290.21,2,2026/02/04
3387,15604891,Savings,,2,2026/03/24
3388,15669994,checking,12901.94,2,2026/08/12
3389,15591257,Savings,1123.56,2,2026/03/11
3390,15650018,Savings,135862.6,1,2025/11/09
3391,15623072,Loan,1089.09,2,2026/06/16
3392,15732020,Checking,81309.54,2,2025/09/24
3393,15658929,Credit Card,,1,2026/06/27
3394,15720910,Investment,166.29,1,2025/12/03
3395,15710111,Loan,7.3,2,2026/01/14
3396,15798053,Checking,563.43,2,2025/11/28
3397,15691513,Investment,118.21,4,2026/05/18
3398,15696852,Checking,242531.7,1,2026/05/13
3399,15800062,INVESTMENT,229.59,1,2026/02/23
3400,15614302,Loan,52601.62,2,2026/04/30
3401,15643330,,1416.43,2,2025/11/09
3402,15619972,Loan,212925.71,1,2025/10/18
3403,15582129,Checking,6723.46,3,2026/02/12
3404,15608408,Credit Card,610.27,2,2026/09/01
3405,15776939,Investment,63375.96,2,2026/06/01
3406,15711287,Credit Card,101366.52,1,2026/04/12
3407,15599090,Investment,98144.8,1,2025/11/14
3408,15700549,Checking,227.56,2,2026/01/14
3409,15760450,Investment,504.48,2,2025/11/01
3410,15685329,,166382.0,1,2026/02/10
3411,15710138,Investment,142.75,2,2025/09/25
3412,15724428,Credit Card,526.45,2,2025/11/07
3413,15725039,Loan,45458850.56,1,2026/05/16
3414,15629603,Investment,114.16,2,2026/01/24
3415,15800806,Credit Card,76378.39,2,2026/03/06
3416,15756875,Savings,203411.05,1,2026/04/11
3417,15610056,Savings,44579.04,2,2026/01/25
3418,15778959,Loan,20.19,2,2026/01/15
3419,15628279,Investment,6.18,2,2026/07/13
3420,15691723,Loan,123811.16,1,2026/01/16
3421,15610140,Investment,597.31,3,2026/05/25
3422,15587133,Credit Card,56433.54,2,2026/02/10
3423,15592999,Credit Card,69820.2,3,2026/04/14
3424,15632280,Investment,443.01,1,2025/11/26
3425,15700394,Credit Card,72622.51,2,2026/02/11
3426,15670898,Investment,26587.66,2,2026/05/12
3427,15617648,Investment,53659.64,2,2025/11/19
3428,15732448,Credit Card,107.37,1,2026/06/14
3429,15589924,Credit Card,158.06,2,2026/08/05
3430,15703167,Loan,365.22,2,2026/07/25
3431,15734850,Loan,59393.7,1,2026/04/16
3432,15708710,Credit Card,184.14,1,2025/09/30
3433,15712543,Loan,72294.07,2,2025/12/08
3434,15770567,Credit Card,98478.36,1,2025/11/18
3435,15813504,Credit Card,-778.26,1,2025/09/30
3436,15726814,Credit Card,420.96,2,2025/12/29
3437,15764335,Loan,73656.02,2,2025/12/05
3438,15757467,Savings,270.58,2,2025/09/21
3439,15662500,Checking,41.84,2,2026/05/01
3440,15781689,Investment,-1224.26,2,2026/01/14
3441,15713843,,-855.57,2,2025/11/25
3442,15744044,Loan,87820.91,1,2026/08/30
3443,15671969,Checking,792.85,2,2026/04/30
3444,15599268,Checking,436.77,2,2026/04/14
3445,15687634,SAVINGS,109583.0,1,2025/11/01
3446,15660833,Loan,27267.46,2,2026/05/14
3447,15747043,Credit Card,-2368.41,2,2025/09/23
3448,15665402,Investment,86512.13,1,2026/04/17
3449,15704657,Investment,79283.98,1,2026/03/04
3450,15604138,Investment,81.52,1,2026/09/01
3451,15633866,Credit Card,,1,2026/06/17
3452,15700083,Investment,117639.59,2,2026/05/09
3453,15770968,Savings,66470.84,2,2026/04/25
3454,15578098,loan,341.52,2,2026/05/13
3455,15633531,Checking,161485.57,1,2025/10/30
3456,15713144,Credit Card,1087.29,1,2025/11/17
3457,15659234,Credit Card,43125.2,1,2025/11/05
3458,15675896,Investment,86388.88,1,2026/02/28
3459,15726494,Checking,132565.43,1,2025/10/20
3460,15699963,INVESTMENT,111047.98,1,2025/12/16
3461,15657228,SAVINGS,60724.03,2,2026/01/26
3462,15750497,Loan,110832.42,1,2025/12/04
3463,15585284,Credit Card,119610.81,1,2025/11/28
3464,15750811,Loan,127496.42,1,2026/05/21
3465,15769781,Savings,1570.9,2,2026/01/20
3466,15600934,Credit Card,121052.58,1,2026/06/18
3467,15792365,Investment,44044.73,2,2026/08/08
3468,15707681,credit card,31216.12,2,2026/06/29
3469,15801417,Credit Card,99456.86,1,2025/12/20
3470,15794278,Loan,173832.43,3,2026/06/28
3471,15743828,Credit Card,482.53,1,2025/09/05
3472,15709295,Credit Card,46744.48,2,2026/05/30
3473,15730150,Checking,94391.89,1,2026/06/22
3474,15778142,Investment,55614.57,2,2025/12/04
3475,15767908,Loan,95507.8,2,2026/04/04
3476,15693381,Loan,95391.2,2,2025/10/12
3477,15768293,Credit Card,749.83,2,2026/01/07
3478,15671655,Loan,112550.46,2,2026/05/16
3479,15589147,Investment,83715.45,1,2026/08/15
3480,15701318,Loan,204481.77,1,2025/10/21
3481,15798200,Checking,874.12,3,2026/02/18
3482,15677112,,66426.72,2,2025/09/16
3483,15723373,Loan,116316.73,1,2026/01/26
3484,15593897,Credit Card,75604.03,2,2026/08/17
3485,15779496,Loan,34636.3,2,2026/08/17
3486,15569364,Credit Card,585.05,2,2025/11/04
3487,15760450,Loan,1230.25,2,2026/03/23
3488,15572415,Checking,566.97,2,2026/03/13
3489,15721007,Credit Card,35033744.37,1,2026/07/02
3490,15667602,Loan,748.41,2,2025/10/27
3491,15695819,Investment,81059.43,2,2026/02/15
3492,15775067,Loan,55200.07,2,2025/11/20
3493,15707473,Loan,65588.04,1,2025/09/17
3494,15684319,Savings,28259.76,1,2025/10/14
3495,15805463,Loan,63126.0,2,2026/04/26
3496,15702014,Checking,23458.63,2,2026/08/31
3497,15611682,Loan,320222.16,1,2026/08/06
3498,15713853,Investment,55429.74,4,2026/05/06
3499,15785869,Credit Card,380.99,2,2026/04/23
3500,15784323,Loan,597.57,2,2026/07/21
3501,15688849,Checking,54381.13,3,2026/01/18
3502,15692226,Investment,95207.91,1,2026/07/04
3503,15688337,Savings ,153870.33,1,2026/08/05
3504,15809286,Savings,-4892.98,2,2025/09/05
3505,15704284,Loan,101623.03,1,2026/02/18
3506,15661349,Investment,602.48,2,2025/09/25
3507,15571059,Checking,118.53,1,2026/08/04
3508,15668270,CreditCard,71786.1,2,2026/07/18
3509,15738588,Loan,120732.77,1,2026/04/22
3510,15741921,Loan,951.11,2,2026/02/16
3511,15691483,Savings,590.01,2,2026/06/21
3512,15620030,Credit Card,248.74,1,2025/11/08
3513,15615020,Checking,52255.49,2,2025/12/20
3514,15752915,Credit Card,1407.23,2,2025/09/27
3515,15761076,Loan,32908.49,2,2026/07/29
3516,15591509,Loan,55774.42,2,2026/01/25
3517,15586425,Savings,331.98,2,2026/02/15
3518,15688074,Credit Card,146448.02,1,2025/10/01
3519,15791944,SAVINGS,54034.64,3,2025/10/09
3520,15810660,Checking,61214.01,2,2026/06/10
3521,15792489,Savings,33.63,2,2026/07/08
3522,15785975,Credit Card,600.45,2,2026/03/17
3523,15782778,Checking,438.63,2,2025/10/20
3524,15721719,Loan,-4039.59,2,2026/03/26
3525,15646936,Loan,65204.45,2,2026/01/11
3526,15642544,Investment,397.63,2,2025/12/03
3527,15694765,Investment,111279.34,1,2026/01/03
3528,15808971,Credit Card,,2,2026/03/26
3529,15778089,Loan,908.92,2,2025/10/18
3530,15702175,Loan,59857.91,2,2025/09/13
3531,15745844,Checking,84175.3,4,2025/12/18
3532,15712938,Checking,273.77,2,2025/11/25
3533,15648461,Investment,58431.51,2,2026/03/20
3534,15767598,Savings,578.52,2,2026/03/28
3535,15686941,Investment,90.59,2,2026/01/26
3536,15756196,Investment,64089.19,2,2026/07/31
3537,15592387,Checking,517.31,1,2026/08/03
3538,15745452,Investment,110043.92,1,2025/11/20
3539,15673790,Investment,55268.87,2,2025/11/03
3540,15621205,Loan,137117.49,1,2026/02/02
3541,15815552,Checking,129494.49,1,2026/05/12
3542,15643523,Loan,596.39,2,2026/04/12
3543,15791836,Checking,389.8,2,2026/02/08
3544,15697283,Investment,927.72,2,2026/08/19
3545,15596228,Investment,12.03,2,2026/07/08
3546,15777896,Savings,80773.36,1,2025/11/09
3547,15775306,Investment,48704.25,3,2026/03/05
3548,15709917,Loan,72537.71,1,2026/08/09
3549,15771856,Investment,184.61,2,2025/10/22
3550,15570289,,78707.45,1,2026/03/10
3551,15566531,Credit Card,95116.84,1,2026/05/23
3552,15616676,Credit Card,114338.72,1,2025/12/14
3553,15793854,Savings,125227.53,1,2026/05/11
3554,15589018,loan,42187.17,2,2026/04/19
3555,15647838,Credit Card,145703.36,1,2026/03/20
3556,15620936,Credit Card,923.23,2,2026/05/04
3557,15665159,Loan,61013.83,2,2026/01/18
3558,15668679,Checking,1014.86,2,2026/06/18
3559,15659677,Checking,168298.22,1,2026/07/07
3560,15602312,Savings,159564.46,1,2026/04/07
3561,15604963,Savings,407.25,2,2025/10/19
3562,15624993,Investment,158352.2,1,2026/04/07
3563,15803654,Investment,106721.55,3,2026/03/10
3564,15750396,Investment,916.64,2,2026/07/14
3565,15689598,Loan,476.66,1,2025/12/07
3566,15778752,Investment,43117.44,2,2026/04/13
3567,15726267,Loan,54747.19,2,2026/07/22
3568,15727915,Savings,84183.72,1,2026/04/09
3569,15616028,investment,549.14,3,2025/10/20
3570,15783875,Loan,549.72,2,2025/09/23
3571,15689344,Credit Card,677.11,3,2026/05/23
3572,15768124,Savings,14.19,1,2026/02/24
3573,15700366,Savings,146321.45,1,2026/04/28
3574,15601719,Credit Card,34900174.02,1,2026/08/15
3575,15668460,Loan,1024.07,2,2025/12/26
3576,15676835,Loan,302.76,2,2026/07/31
3577,15789379,Checking,47449.76,1,2026/08/20
3578,15615050,Loan,40529.83,2,2026/09/03
3579,15742820,Loan,36219451.64,2,2025/11/21
3580,15578073,Credit Card,715.07,2,2026/05/14
3581,15784958,Savings,129.03,4,2026/05/30
3582,15761506,Checking,290.06,2,2026/07/22
3583,15679928,Loan,39345.14,2,2026/07/31
3584,15570855,Credit Card,415.43,2,2026/05/29
3585,15777743,Checking,86668.65,1,2025/10/15
3586,15795246,Checking,80900.76,2,2026/01/29
3587,15721116,Investment,,2,2026/04/30
3588,15597901,Checking ,70.82,1,2026/04/14
3589,15643671,Investment,47953.18,2,2025/10/13
3590,15617655,Investment,620.97,1,2026/05/05
3591,15805676,Checking,64142.79,2,2026/02/03
3592,15781875,Credit Card ,42344.43,2,2025/11/18
3593,15763874,Checking,833.78,2,2025/11/07
3594,15684469,Investment,78685.84,1,2026/08/19
3595,15607112,Checking,594.1,1,2026/02/03
3596,15647800,Savings,100382.54,1,2026/01/08
3597,15725024,Investment,24934.6,2,2026/05/28
3598,15779423,Checking,52453.17,2,2026/04/09
3599,15649086,Investment,1204.63,2,2026/02/01
3600,15658532,Investment,141190.68,1,2026/06/21
3601,15587210,Credit Card,120790.59,1,2025/09/27
3602,15662021,Checking,650.26,2,2026/06/12
3603,15737792,Credit Card,103575.05,1,2025/10/12
3604,15706815,Savings,76912.93,1,2025/09/26
3605,15568326,Loan,684.05,2,2026/05/23
3606,15744873,Credit Card,144406.67,1,2025/10/28
3607,15694644,Checking ,388.1,1,2026/05/22
3608,15650864,Loan,635.28,2,2026/04/08
3609,15661034,Loan,127786.55,1,2026/04/02
3610,15666711,Credit Card,1271.66,3,2025/10/21
3611,15717138,Investment,47923.92,2,2026/04/28
3612,15776051,Credit Card,452.86,2,2026/08/07
3613,15569526,Investment,50326.6,2,2026/06/21
3614,15654230,Savings,110151.21,1,2026/01/10
3615,15787322,Investment,1070.9,1,2026/03/03
3616,15695097,Loan,53888.26,2,2026/01/11
3617,15665064,Credit Card,70569.36,2,2026/06/29
3618,15600710,Loan,515.53,1,2025/10/14
3619,15649033,Investment,47215.68,2,2026/05/18
3620,15724889,Credit Card,785.77,1,2025/09/11
3621,15726960,Loan,243.88,2,2025/10/31
3622,15601857,Investment,105567.72,1,2026/08/07
3623,15744614,Savings,172154.93,2,2026/04/27
3624,15756333,Credit Card,117.48,2,2025/12/03
3625,15800412,Credit Card,24669.65,2,2025/12/05
3626,15786717,Savings,112.61,2,2026/03/23
3627,15570002,Investment,33718.26,4,2025/09/26
3628,15694879,Savings,,2,2025/10/15
3629,15601550,Investment,133824.21,1,2026/04/04
3630,15673591,Loan,41040.18,4,2026/08/29
3631,15729054,Loan,74416.25,1,2026/02/02
3632,15774857,Loan,405.72,2,2026/02/10
3633,15569878,Investment,52305.13,1,2026/06/30
3634,15656121,Checking,49635340.48,2,2026/04/23
3635,15625761,Checking,35444.83,4,2026/08/12
3636,15795759,Investment,153585.15,1,2026/04/21
3637,15570360,Checking,831.8,2,2026/07/19
3638,15764604,Credit Card,49008.06,3,2026/01/16
3639,15812647,Credit Card,92496.79,2,2026/02/24
3640,15694288,,651.45,2,2025/12/07
3641,15801821,Investment,,2,2025/12/20
3642,15659092,Loan,750.65,2,2025/12/06
3643,15575146,Checking,-3869.77,2,2025/10/13
3644,15638329,Savings,70599.8,1,2026/07/09
3645,15682421,Loan,584.16,2,2026/01/13
3646,15706706,Credit Card,59249.41,2,2026/08/13
3647,15729279,Checking,55840.47,1,2025/10/27
3648,15581526,Investment,86.7,2,2026/04/13
3649,15745621,Savings,-380.57,3,2026/06/03
3650,15595426,Loan,67207.15,2,2025/09/12
3651,15780654,Loan,45473.84,2,2025/09/05
3652,15799358,Investment,77886.34,1,2026/03/24
3653,15627262,Credit Card,68975.62,2,2025/11/01
3654,15607269,Checking,98578.39,2,2025/09/09
3655,15790594,Savings,462.24,2,2025/11/29
3656,15659475,Savings,88181.82,2,2026/08/04
3657,15680112,Loan,189564.14,1,2026/05/05
3658,15669987,Checking,75711.96,2,2026/04/26
3659,15685628,Loan,88944.38,2,2026/08/23
3660,15806926,Loan,56165.25,2,2026/03/29
3661,15787229,Savings,1387.37,2,2026/08/05
3662,15582149,Credit Card,67556.18,2,2026/07/08
3663,15668248,Checking,102043.26,1,2026/05/10
3664,15775912,Checking,36692.62,2,2026/02/05
3665,15612092,Credit Card ,115992.33,1,2026/07/16
3666,15706557,Savings,602.04,2,2026/07/15
3667,15792180,Investment,,2,2026/03/06
3668,15752081,Credit Card,28803884.25,3,2026/08/22
3669,15618225,Savings,,2,2026/08/13
3670,15684722,Checking,89517.59,2,2026/08/22
3671,15682528,Credit Card,1158.31,1,2026/08/14
3672,15804131,Checking,24824.47,2,2026/03/24
3673,15764892,Credit Card,39729.59,2,2026/02/04
3674,15659364,Credit Card,116906.22,1,2025/10/17
3675,15753840,Checking,302.45,1,2025/11/06
3676,15665416,Investment,81496.89,3,2025/11/11
3677,15689351,Savings,,1,2025/09/10
3678,15780409,Credit Card,845.65,2,2025/12/09
3679,15815645,INVESTMENT,125315.02,2,2025/10/30
3680,15704586,Credit Card,446.94,2,2025/09/11
3681,15800554,Credit Card,976.06,2,2026/08/25
3682,15779103,Investment,65406.01,2,2025/12/08
3683,15752081,Credit Card,28803884.25,3,2025/09/16
3684,15720637,Loan,184659.75,1,2025/12/19
3685,15582168,,50404.09,2,2026/05/07
3686,15718443,Investment,77.33,2,2026/08/01
3687,15722322,Savings,33.11,2,2025/11/16
3688,15658813,Checking,394.69,2,2026/08/01
3689,15645956,Savings,,1,2026/01/04
3690,15568106,Investment,49949.61,2,2026/04/14
3691,15681174,Checking,95399.0,1,2026/07/20
3692,15748552,Savings,228754.09,1,2026/06/05
3693,15807221,Checking,272.61,2,2025/12/09
3694,15727177,,209887.49,1,2025/10/17
3695,15749345,Investment,70703.13,1,2026/02/04
3696,15798439,Investment,1481.51,1,2026/04/28
3697,15619708,Investment,77548.18,2,2025/11/17
3698,15650751,loan,993.8,2,2026/05/03
3699,15671766,Savings,91321.32,1,2026/04/07
3700,15768451,Checking,58791.81,3,2025/09/14
3701,15725997,Investment,86641.17,1,2025/11/01
3702,15655341,Checking,215298.79,1,2025/11/27
3703,15618410,Investment,66820.65,3,2025/11/20
3704,15576263,Savings,400.58,1,2026/08/28
3705,15751175,Loan,216.04,2,2026/04/18
3706,15654870,Savings,1121.52,2,2026/05/09
3707,15797194,Investment,47850.96,2,2026/05/02
3708,15669342,Checking,20610.93,1,2025/09/13
3709,15748625,Credit Card,54.51,2,2026/04/21
3710,15632551,Credit Card,48616.05,2,2026/06/29
3711,15773447,Checking,194.87,1,2026/01/05
3712,15595991,LOAN,63461.14,1,2025/12/15
3713,15683677,Investment,217.86,1,2026/01/31
3714,15797748,Checking,474.78,2,2026/06/21
3715,15604295,Loan,509.1,2,2026/03/22
3716,15589948,Investment,92518.79,2,2025/09/29
3717,15569451,Checking,84686.67,1,2026/02/20
3718,15626578,Loan,434.76,2,2025/09/07
3719,15739068,Investment ,72522.37,2,2025/10/25
3720,15796111,Checking,92611.28,1,2026/07/22
3721,15798888,Loan,120096.53,1,2026/09/03
3722,15735339,Checking,125.16,1,2026/04/12
3723,15653696,Loan,612.47,2,2026/04/03
3724,15591357,Loan,157320.03,1,2026/05/14
3725,15596455,Investment,777.68,1,2026/06/26
3726,15775912,Investment ,57018.0,2,2026/07/05
3727,15775761,Credit Card,30192.37,3,2026/06/13
3728,15717398,CHECKING,868.06,1,2026/01/29
3729,15660688,Checking,105.18,2,2025/09/21
3730,15790299,Checking,243.7,3,2026/05/10
3731,15628530,Credit Card,62917.83,2,2026/03/26
3732,15727421,Investment,279.16,2,2026/05/09
3733,15643908,Investment,535.65,1,2026/05/23
3734,15597536,Investment,86065.86,1,2026/07/02
3735,15779267,Credit Card,465.72,2,2026/07/13
3736,15699619,Checking,66219.01,1,2026/08/16
3737,15593331,Loan,120590.17,1,2026/05/10
3738,15800515,Investment,147104.49,1,2025/12/30
3739,15670587,Credit Card,77369.72,2,2026/09/03
3740,15731246,Loan,64.23,2,2025/10/04
3741,15757829,Checking,63656.05,2,2026/05/31
3742,15761525,Credit Card,65031.71,2,2025/09/12
3743,15747345,Savings,82886.99,2,2026/04/07
3744,15680804,savings,52.54,2,2026/06/25
3745,15754261,Loan,55678.85,2,2026/02/11
3746,15626008,Investment,97353.12,1,2026/06/13
3747,15781409,Checking,372.1,1,2025/10/05
3748,15607347,Credit Card,123589.14,1,2026/01/18
3749,15736287,Loan,212.81,1,2026/07/31
3750,15812893,Savings,589.6,2,2026/04/04
3751,15814846,Savings,573.31,1,2026/05/03
3752,15642162,Investment,145948.77,1,2025/11/01
3753,15619935,Credit Card,109221.68,1,2026/05/14
3754,15754569,Investment,110.14,2,2026/07/18
3755,15671358,Investment,749.71,2,2026/07/30
3756,15648681,Checking,36729.73,4,2026/02/27
3757,15703563,Investment,31066.32,2,2026/04/20
3758,15635177,Checking ,284.39,1,2026/08/26
3759,15597914,Checking,40793.66,4,2026/04/14
3760,15670427,Credit Card,237505.21,1,2025/09/13
3761,15701439,Savings,97.82,4,2025/11/24
3762,15569432,Investment,643.27,2,2026/01/28
3763,15765461,Investment,567.19,2,2025/12/10
3764,15571816,Checking,985.52,1,2026/05/01
3765,15757535,Savings,702.27,3,2026/02/26
3766,15666856,Savings,267930.07,1,2026/04/15
3767,15727408,Investment,18120.11,2,2025/12/30
3768,15797692,Savings,70234.87,1,2026/05/20
3769,15698953,Credit Card,47.04,2,2025/12/24
3770,15807546,Savings,185.99,1,2026/06/30
3771,15666453,Checking,45122.61,2,2026/08/19
3772,15610090,Savings,36970.45,2,2026/02/23
3773,15775335,CHECKING,30209.06,2,2026/07/08
3774,15629985,Checking,69240.09,1,2026/08/05
3775,15726234,Loan,933.46,1,2026/04/30
3776,15734649,,189764.58,1,2025/11/09
3777,15616451,,77835.09,1,2026/01/31
3778,15598097,Savings,736.5,2,2026/09/02
3779,15759244,investment,37794.27,2,2026/03/21
3780,15775562,Investment,186.36,2,2026/04/04
3781,15696388,checking,130305.92,1,2026/08/13
3782,15802362,Investment,376.58,2,2026/08/03
3783,15723217,Investment,175.85,1,2026/03/06
3784,15705676,Investment,37166.98,2,2026/05/02
3785,15627697,Loan,916.14,2,2025/11/24
3786,15706185,Investment,74092.38,2,2026/07/18
3787,15730287,Savings,43404.28,3,2025/12/18
3788,15587835,checking,101018.9,1,2026/01/25
3789,15784320,Investment,152068.51,1,2026/08/22
3790,15692106,Savings,40422.09,3,2025/10/17
3791,15602909,Credit Card,247.28,3,2026/08/10
3792,15754599,Savings,-783.67,2,2026/05/08
3793,15615896,Credit Card,,2,2025/11/08
3794,15791006,Savings,30238.66,1,2025/11/30
3795,15740411,Loan,84187.79,2,2025/12/14
3796,15766064,Loan,33371.9,2,2025/11/22
3797,15699507,Investment ,543.59,2,2026/07/10
3798,15793688,Savings,175057.29,1,2026/05/12
3799,15675231,Checking,584.65,2,2025/10/24
3800,15705458,Checking,69488.23,2,2026/04/03
3801,15803032,Savings,110821.89,1,2026/05/13
3802,15725076,Checking,71287.08,2,2026/02/05
3803,15598894,Loan,46124.71,1,2026/01/01
3804,15573280,Loan,59418.86,2,2025/12/19
3805,15622442,Credit Card,,2,2026/06/15
3806,15627881,Loan,492.93,2,2025/09/27
3807,15657812,Checking,335.99,2,2025/09/12
3808,15667456,Credit Card,1226.28,2,2026/03/05
3809,15667651,Investment,447.78,2,2026/01/14
3810,15767921,Loan,568.75,2,2026/03/04
3811,15743192,Savings,119.74,2,2026/08/15
3812,15791972,,130.76,2,2025/11/23
3813,15690546,Credit Card,62.27,4,2025/12/01
3814,15616833,Loan,239.33,2,2026/05/18
3815,15809515,Credit Card,121375.08,1,2025/09/19
3816,15642002,Loan,47457.73,2,2025/10/05
3817,15643188,Checking,29149.84,2,2026/02/22
3818,15666559,Savings,158747.93,2,2026/04/11
3819,15796115,Investment,22808.89,4,2025/10/31
3820,15720123,Checking,787.31,2,2026/07/16
3821,15617136,,51124.14,1,2025/12/28
3822,15666297,Investment,570.76,3,2025/11/03
3823,15780716,Credit Card,59893.51,2,2026/06/17
3824,15800554,loan,681.7,2,2025/12/26
3825,15707968,Credit Card,38945.28,2,2026/05/10
3826,15786215,Loan,52012.19,2,2026/01/13
3827,15808784,Savings,97757.2,2,2026/02/24
3828,15771417,Savings,131860.97,1,2026/03/03
3829,15698474,Loan,61624.8,2,2025/09/26
3830,15572547,Loan,118996.62,1,2026/06/15
3831,15738448,Investment,98868.11,2,2026/01/17
3832,15725478,Loan,712.09,2,2025/11/19
3833,15634143,Credit Card,36855.33,1,2026/08/22
3834,15785183,Investment,770.44,2,2026/05/24
3835,15766776,Savings,64.3,1,2026/07/09
3836,15797627,Checking,128421.35,1,2026/08/11
3837,15681075,Credit Card,46.94,3,2025/10/26
3838,15691906,Savings,55436.66,2,2026/08/30
3839,15701364,,147.02,2,2025/09/28
3840,15622443,Investment,503.83,2,2026/04/15
3841,15709368,Checking,724.06,2,2026/04/25
3842,15581736,Loan,71934.41,2,2025/10/29
3843,15570145,Loan,404.19,2,2025/10/27
3844,15783025,Credit Card,37296.68,2,2026/07/12
3845,15801436,Checking,471.05,1,2026/07/12
3846,15751455,Checking,556.16,1,2025/10/25
3847,15724543,Loan,46.21,2,2026/06/17
3848,15616028,Savings,902.97,3,2025/09/24
3849,15783615,Checking ,34212.51,4,2026/05/20
3850,15801473,Loan,35039.67,2,2025/10/26
3851,15730287,Investment,22215.05,3,2025/11/27
3852,15633181,Credit Card,37127.34,2,2026/07/22
3853,15799998,,73297.83,1,2025/11/02
3854,15749671,Checking,410.63,2,2025/12/17
3855,15739271,Credit Card,86847.16,1,2026/03/07
3856,15660271,Investment,182288.68,1,2025/11/22
3857,15631838,Loan,58886.56,2,2026/01/30
3858,15791944,Checking,31837.55,3,2026/08/31
3859,15792627,Checking,129156.08,1,2026/04/17
3860,15737909,Credit Card,58071.8,2,2026/05/20
3861,15572021,Savings,40872.11,2,2026/05/16
3862,15643826,Investment,462.17,2,2025/10/23
3863,15594827,Checking,65929.06,2,2025/11/20
3864,15691647,Checking,268.03,2,2026/07/31
3865,15815490,Investment,32576.58,3,2026/03/08
3866,15744368,Checking,,1,2026/02/21
3867,15579891,Loan,142842.01,1,2025/11/12
3868,15652401,Loan,1099.76,2,2025/11/04
3869,15608114,Checking,208669.89,1,2025/12/15
3870,15783629,Loan,22594.02,2,2026/04/15
3871,15605072,Loan,61372.9,1,2026/04/03
3872,15716347,Loan,87453.4,2,2025/09/06
3873,15635728,Savings,380.76,2,2026/01/06
3874,15662500,Investment,701.32,2,2026/05/03
3875,15643967,Savings,68176.76,1,2026/02/24
3876,15804201,Loan,106137.65,1,2026/01/27
3877,15566292,Investment,1481.26,2,2026/05/19
3878,15631267,Investment,-3328.52,2,2025/11/29
3879,15798398,Checking,85649.0,1,2025/10/16
3880,15617648,Loan,44317.29,2,2026/01/17
3881,15568360,Credit Card,187682.18,1,2026/03/12
3882,15570970,Savings,34.96,2,2026/04/03
3883,15582325,Credit Card,127252.37,1,2026/03/06
3884,15688689,Investment,70344.53,2,2026/07/22
3885,15670738,Investment,67650.01,2,2026/08/09
3886,15661945,Savings,110.9,3,2026/01/06
3887,15751057,Checking,147889.26,1,2025/11/19
3888,15582066,Investment,,1,2026/06/01
3889,15687903,Loan,646.51,2,2026/04/06
3890,15565714,Investment,16936.92,2,2025/12/28
3891,15717286,Checking,56146.7,1,2025/11/12
3892,15742272,Savings,127594.24,1,2026/04/10
3893,15575955,Loan,73.21,2,2026/04/02
3894,15783882,Credit Card,528.5,2,2026/03/31
3895,15753174,Credit Card,48597.96,3,2026/04/25
3896,15699415,Credit Card,187050.78,1,2026/05/25
3897,15666295,Savings,48566.48,2,2026/08/18
3898,15625942,Checking,201.83,2,2026/03/07
3899,15778157,Credit Card,43699.66,2,2025/09/18
3900,15651450,Checking,84518.91,2,2026/04/17
3901,15596797,Investment,,2,2025/11/16
3902,15774491,Savings,392.01,2,2025/09/08
3903,15591942,Savings,740.69,2,2026/05/25
3904,15682211,Credit Card,16512808.72,2,2025/10/08
3905,15711572,,55106.79,2,2025/10/16
3906,15806407,Checking,1335.72,2,2026/02/23
3907,15694300,Savings,389.57,2,2026/02/11
3908,15746410,Loan,728.44,2,2026/03/27
3909,15737071,Checking,188694.51,1,2025/11/26
3910,15688172,Credit Card,671.88,2,2026/04/13
3911,15659100,Investment,155999.17,1,2025/10/04
3912,15604551,Loan,600.86,2,2026/03/23
3913,15666823,Credit Card,540.43,2,2025/09/21
3914,15641175,LOAN,44635.41,3,2026/08/07
3915,15760880,Investment,679.87,2,2026/07/28
3916,15736413,Credit Card,98.65,4,2025/11/19
3917,15805413,Loan,55561.59,2,2026/06/24
3918,15772781,Savings,108.76,3,2025/10/02
3919,15777315,Credit Card,51813.97,2,2026/07/23
3920,15784180,Savings,158251.51,1,2026/09/03
3921,15766663,Checking,238.52,2,2026/08/07
3922,15806918,,475.82,1,2026/05/27
3923,15696637,Checking,112887.31,1,2026/02/01
3924,15685357,savings,141117.1,1,2026/04/05
3925,15634896,Investment,522.61,2,2026/03/27
3926,15636423,Investment,1047.14,1,2026/08/17
3927,15757559,Investment,157.6,2,2026/08/27
3928,15797760,Investment,28005.2,2,2026/06/13
3929,15757628,Investment,110645.61,1,2026/02/05
3930,15646810,Credit Card,17364.16,2,2026/02/10
3931,15691396,Credit Card,74148.87,2,2026/02/26
3932,15748327,Investment,50909.91,2,2025/09/07
3933,15752626,Credit Card,108837.38,1,2026/01/24
3934,15760090,Loan,505.35,2,2026/05/31
3935,15696061,Loan,89446.03,1,2026/07/12
3936,15660528,Savings,986.19,2,2025/11/17
3937,15728082,Credit Card,894.47,2,2026/08/27
3938,15631457,Checking,107930.91,1,2026/03/28
3939,15690664,Credit Card,460.96,2,2026/04/19
3940,15707078,Checking,248837.51,1,2026/07/29
3941,15700965,Loan,432.23,2,2025/12/17
3942,15637644,Savings,104.61,2,2026/06/08
3943,15663249,Credit Card,155189.95,1,2026/07/19
3944,15616240,Savings,355.31,2,2026/07/16
3945,15641004,Loan,143880.68,1,2026/08/02
3946,15605455,Savings,668.11,2,2026/04/17
3947,15642544,Savings,686.39,2,2026/08/26
3948,15742404,Savings,69.11,2,2026/02/26
3949,15641733,Savings,133451.12,1,2026/08/01
3950,15664737,Credit Card,384.85,2,2026/03/29
3951,15745250,Checking,110130.08,1,2025/12/13
3952,15629617,Checking,69202.54,1,2026/02/04
3953,15748352,Savings,86506.5,1,2025/10/16
3954,15757425,Checking,729.87,2,2025/09/21
3955,15685536,Loan,998.55,2,2026/06/05
3956,15766374,Checking ,57091.62,2,2026/02/21
3957,15633834,Investment,38168.7,3,2026/03/21
3958,15672144,Investment,85415.83,1,2025/11/06
3959,15738715,Investment,1323.6,3,2026/05/27
3960,15758013,,45345.63,2,2026/06/06
3961,15668886,Checking,72.73,2,2026/01/26
3962,15793135,Investment,60043.51,1,2025/12/21
3963,15694253,Loan,126258.25,2,2025/10/20
3964,15784092,Credit Card,131502.48,1,2026/05/22
3965,15748481,Checking,419.35,1,2026/06/12
3966,15598751,Credit Card,25.89,3,2026/02/09
3967,15600734,Investment,51574.22,2,2026/05/27
3968,15804072,Checking,246.85,2,2026/02/24
3969,15588566,Savings,53976.73,2,2026/07/25
3970,15812893,Credit Card,411.53,2,2025/11/23
3971,15625623,Savings,106.23,2,2025/09/14
3972,15660475,Checking,158.69,1,2025/09/17
3973,15722611,Investment,125470.71,1,2026/06/06
3974,15592583,Checking,42417.82,3,2026/07/03
3975,15798737,Checking,576.74,2,2026/01/13
3976,15671591,Savings,22132.36,4,2026/01/04
3977,15715414,Credit Card,100862.97,1,2026/02/05
3978,15588859,Loan,76750.93,2,2026/04/07
3979,15658589,Checking,83476.39,1,2026/05/19
3980,15769346,Credit Card,80767.1,2,2025/10/29
3981,15727857,Savings,227.88,2,2025/10/03
3982,15596800,Checking,171607.52,1,2026/03/12
3983,15650889,Credit Card,55287.57,2,2026/01/13
3984,15690492,Checking,21202.23,2,2026/07/21
3985,15677123,Investment,100.65,2,2026/05/20
3986,15806420,Savings,263.06,2,2026/03/03
3987,15631681,Investment,879.58,2,2025/11/05
3988,15733705,Checking,56964.39,2,2025/09/27
3989,15657214,Credit Card,81.93,2,2026/08/02
3990,15767681,Credit Card,433.78,2,2025/11/05
3991,15664759,Savings,443.36,2,2026/04/20
3992,15607690,Savings,80846.36,2,2026/02/02
3993,15643496,Checking,31622.56,2,2026/06/23
3994,15637138,Investment,265.7,2,2025/09/05
3995,15711716,,127514.51,1,2026/04/23
3996,15809722,Checking,65363.46,2,2026/02/23
3997,15598493,Loan,625.54,2,2026/01/01
3998,15591428,Loan,1079.28,2,2026/06/27
3999,15764072,Checking,98602.94,1,2026/06/19
4000,15655274,Loan,757.18,2,2026/09/03
4001,15733444,Loan,464.79,2,2026/07/21
4002,15576935,Checking,42237.54,2,2026/08/09
4003,15601659,Loan,47240.42,2,2026/06/03
4004,15782418,investment,106315.37,1,2026/07/04
4005,15754112,Credit Card,1017.33,2,2025/12/31
4006,15670755,Checking,706.22,2,2026/03/01
4007,15752388,Credit Card,956.68,2,2026/02/03
4008,15719606,Savings,40.13,2,2026/01/26
4009,15657830,Checking,,2,2026/08/10
4010,15801351,Checking,797.64,2,2026/06/23
4011,15790497,Loan,589.19,2,2026/08/13
4012,15626787,Investment,221341.2,1,2025/11/13
4013,15754177,Investment,47339.83,2,2026/09/03
4014,15623053,Loan,12766.75,1,2026/03/15
4015,15592914,Checking,107.48,2,2026/05/27
4016,15699523,Loan,97183.15,2,2026/01/07
4017,15606158,Checking,163.6,1,2025/10/26
4018,15749265,credit card,42703.06,1,2026/02/17
4019,15754926,Checking,424.86,2,2026/05/25
4020,15795298,Loan,58826.28,2,2026/06/28
4021,15700813,Checking,51219.77,2,2025/12/10
4022,15663294,Checking,126192.12,1,2026/03/06
4023,15765650,Credit Card,154055.85,1,2026/04/23
4024,15642619,Savings,1537.95,2,2025/10/23
4025,15634146,SAVINGS,175550.77,2,2025/11/17
4026,15706647,Investment,345.74,3,2026/09/02
4027,15593283,Checking,116529.1,2,2026/04/08
4028,15752137,Savings,118925.21,1,2026/04/01
4029,15703614,Savings,69601.12,1,2025/10/14
4030,15662901,LOAN,380.16,2,2025/10/20
4031,15748360,Loan,43321.78,2,2025/10/04
4032,15772073,Loan,724.33,1,2026/04/08
4033,15634968,Loan,87451.32,1,2025/11/08
4034,15627162,Checking,204291.62,1,2026/05/04
4035,15744105,Investment,55258.61,2,2025/12/21
4036,15580935,Credit Card,-2247.97,2,2026/04/19
4037,15809057,Checking,992.0,2,2025/10/12
4038,15706217,Savings,68955.41,2,2026/03/11
4039,15723400,Investment,256.27,2,2026/08/15
4040,15627876,Savings,99328.38,1,2026/05/30
4041,15756918,Checking,56.72,2,2026/03/28
4042,15798024,Credit Card,133277.54,1,2026/07/01
4043,15774936,Loan,226426.72,1,2026/06/16
4044,15588197,Savings,,2,2026/05/26
4045,15566958,Savings,81595.47,1,2026/03/24
4046,15812850,Checking,590.9,2,2026/01/16
4047,15661548,Checking,177000.55,1,2026/06/29
4048,15628600,Savings,47525.23,3,2026/05/16
4049,15725767,Checking,509.79,2,2026/07/25
4050,15724527,Investment,847.08,2,2026/04/07
4051,15772798,Loan,603.62,2,2026/04/16
4052,15758775,Credit Card,-4991.08,1,2026/08/21
4053,15629846,Credit Card,53972.76,1,2026/05/11
4054,15813659,Checking,166.34,1,2026/04/04
4055,15648367,Loan,39025.47,2,2025/11/25
4056,15611580,savings,51267.54,1,2025/11/15
4057,15674156,Checking,24118.75,1,2026/05/19
4058,15739160,Loan,150093.69,1,2025/11/07
4059,15594436,Credit Card,107.02,2,2026/05/09
4060,15767871,Loan,486.95,2,2026/09/02
4061,15595153,Loan,24710.12,2,2026/04/25
4062,15636105,Credit Card,662.42,2,2025/11/08
4063,15703292,Loan,43551.22,2,2026/08/29
4064,15663410,Loan,51081.31,3,2026/05/23
4065,15736069,Loan,89602.36,1,2026/05/31
4066,15770525,Checking,93628.76,2,2025/11/02
4067,15647207,,710.69,2,2026/08/24
4068,15795586,Savings,95658.04,1,2025/12/20
4069,15800287,Checking,65211.58,2,2026/04/24
4070,15685109,Checking,922.4,2,2026/05/03
4071,15790355,Credit Card,100031.81,2,2025/09/19
4072,15669253,Loan,112154.98,2,2025/11/22
4073,15678034,Investment,134511.37,1,2026/06/16
4074,15576085,Loan,770.94,2,2026/03/11
4075,15707488,Credit Card,647.8,2,2025/11/02
4076,15730796,CHECKING,160758.45,1,2026/07/08
4077,15706537,Checking,91808.43,1,2026/03/31
4078,15591932,Savings,100122.7,1,2025/10/29
4079,15814237,Savings,71974.98,2,2025/11/03
4080,15741429,Loan,63116.13,2,2026/03/11
4081,15715297,Savings,110490.36,1,2026/06/22
4082,15580872,Savings ,26386.89,2,2026/01/29
4083,15756625,Savings,496.48,2,2025/09/23
4084,15754849,Investment,19537283.16,2,2026/05/28
4085,15693814,Investment,38.99,2,2025/11/20
4086,15569624,Loan,44661.11,2,2025/11/02
4087,15812767,Credit Card,103.6,2,2026/03/12
4088,15631709,Checking,,2,2026/02/06
4089,15603851,Loan,29229.05,4,2026/03/13
4090,15598892,Savings,49239.41,3,2026/02/05
4091,15657868,Investment,67993.79,1,2026/01/31
4092,15582116,Loan,67195.17,2,2026/05/09
4093,15665053,Credit Card,127936.79,1,2025/09/17
4094,15648225,Loan,119426.66,1,2025/11/15
4095,15635143,Credit Card,21704078.69,2,2025/11/14
4096,15581840,Credit Card,460.33,2,2026/07/01
4097,15659843,Savings,671.19,2,2026/04/06
4098,15622017,Checking,329.69,1,2025/09/27
4099,15572767,Loan,131.27,2,2026/02/06
4100,15601387,Checking,485.17,2,2026/01/26
4101,15571144,Savings,203.69,2,2025/12/22
4102,15599433,Checking,41171.66,1,2025/12/05
4103,15763747,Credit Card,171.49,2,2026/05/11
4104,15788022,CREDIT CARD,12918.19,2,2025/09/04
4105,15596870,,214307.06,1,2025/11/04
4106,15668889,Loan,48721.58,4,2026/06/10
4107,15787071,Loan,143.9,2,2026/02/28
4108,15785339,,54636.96,2,2025/10/07
4109,15771535,,702.72,2,2025/09/25
4110,15630113,Investment,162596.98,1,2026/04/04
4111,15720745,Checking,216982.06,1,2026/05/07
4112,15672912,Loan,21616490.94,2,2026/06/23
4113,15641877,Savings,74278.71,1,2026/02/08
4114,15595037,Savings,11969.06,1,2026/06/19
4115,15610765,Loan,360.14,2,2026/04/22
4116,15792388,,105732.34,1,2026/02/22
4117,15597896,Credit Card,161220.16,1,2026/03/15
4118,15686999,Loan,1011.22,2,2026/05/04
4119,15646969,Investment,54.42,2,2026/07/10
4120,15731829,Loan,400.08,2,2025/11/09
4121,15646374,Credit Card,42421.37,2,2025/11/12
4122,15762745,Checking,334.65,1,2026/05/19
4123,15672970,Investment,161.41,2,2026/07/25
4124,15657306,investment,1192.75,1,2026/04/26
4125,15741092,,124551.79,1,2026/04/21
4126,15773709,Savings,,2,2026/08/10
4127,15605276,,-1738.44,2,2026/04/20
4128,15582016,Checking,61127.92,2,2025/11/18
4129,15706394,Credit Card,877.05,2,2026/02/16
4130,15730287,Checking,32548.57,3,2025/10/18
4131,15812210,Investment,45496.12,4,2026/07/19
4132,15706602,Investment,65816.58,2,2026/08/09
4133,15724691,Credit Card,175.21,2,2026/07/19
4134,15569248,Credit Card,510.41,4,2026/03/31
4135,15667896,Savings,100819.34,2,2026/03/20
4136,15770225,Savings,570.37,2,2025/12/31
4137,15666453,Savings,49310.15,2,2026/03/24
4138,15746341,Loan,646.82,2,2026/02/23
4139,15585734,Loan,69451.64,2,2026/06/06
4140,15621423,Loan,64339.45,3,2025/09/26
4141,15648067,Investment,39881.74,2,2026/08/12
4142,15661827,credit card,916.49,2,2026/04/17
4143,15590606,Savings,888.35,2,2026/01/23
4144,15794297,Loan,648.84,2,2026/07/30
4145,15808386,Investment,112005.49,1,2025/10/18
4146,15601589,Investment,742.7,2,2025/11/26
4147,15794870,Credit Card,41257.67,2,2026/08/31
4148,15674000,Savings,359.18,2,2025/09/15
4149,15805062,Credit Card,75908.66,1,2026/06/22
4150,15813144,Loan,34487.89,2,2026/07/22
4151,15608338,Savings,49932.08,4,2026/08/31
4152,15614187,Loan ,48011.41,2,2026/02/08
4153,15648858,Credit Card,,1,2026/06/17
4154,15617252,Loan,82174.14,1,2026/07/30
4155,15750684,Investment,778.36,1,2025/11/05
4156,15671769,Loan,45137.41,3,2026/07/29
4157,15672152,Savings,163226.48,1,2026/06/16
4158,15757931,Savings,720.26,2,2025/10/16
4159,15780492,Investment,1038.76,2,2025/12/10
4160,15639946,Checking,48727.03,3,2026/07/16
4161,15749947,Savings,405.49,2,2026/06/07
4162,15671148,loan,79891.36,2,2026/06/25
4163,15753110,Investment,31452.66,2,2025/09/30
4164,15683503,Credit Card,498.38,3,2026/06/21
4165,15608528,loan,696.17,4,2026/05/28
4166,15697879,Credit Card,39817.34,1,2025/12/08
4167,15622305,Investment,68161.26,2,2026/05/04
4168,15721921,Savings,222523.89,1,2026/05/18
4169,15636428,Credit Card,158.46,1,2025/09/12
4170,15588219,Investment,71249.77,2,2025/11/03
4171,15789095,Credit Card,2.1,2,2026/08/06
4172,15764618,Checking,998.37,1,2026/06/02
4173,15749381,Savings,135537.93,1,2025/12/04
4174,15619029,Credit Card,597.72,2,2025/09/12
4175,15795640,Savings,74389.94,2,2026/01/21
4176,15674765,,112.14,1,2025/12/17
4177,15811773,Investment,,2,2026/01/06
4178,15807335,Loan,122516.44,1,2026/08/30
4179,15815420,Checking,-1299.14,1,2026/06/26
4180,15778589,Credit Card,63257.45,2,2026/04/18
4181,15685536,Credit Card,729.25,2,2025/10/16
4182,15637354,Investment,92514.09,2,2026/06/03
4183,15781777,Credit Card,155911.07,1,2026/07/10
4184,15607312,Credit Card,564.17,2,2026/02/14
4185,15651140,Investment,659.58,1,2026/03/27
4186,15795224,Investment,191919.74,1,2026/07/01
4187,15784491,,,3,2025/09/26
4188,15734005,Credit Card,1062.41,2,2026/05/12
4189,15809124,Investment,216442.42,1,2025/09/14
4190,15767358,Investment,60231.31,2,2026/02/24
4191,15773503,Investment,1031.5,2,2026/04/14
4192,15799925,Loan,52741.78,4,2025/12/04
4193,15654519,Savings,383.47,2,2026/04/03
4194,15590476,Savings,509.33,2,2025/09/15
4195,15673908,Credit Card,162135.41,1,2026/05/31
4196,15569654,,31832.02,1,2026/02/12
4197,15633608,Credit Card,112505.76,2,2026/03/17
4198,15744942,Credit Card,157625.64,1,2026/01/12
4199,15587233,Loan,22157.57,3,2025/10/19
4200,15710087,Savings,16740.14,3,2025/10/31
4201,15679909,Credit Card,203.83,2,2025/10/23
4202,15807221,Savings,897.54,2,2026/06/07
4203,15763859,Credit Card,124.33,2,2025/11/28
4204,15607874,Credit Card,139899.17,1,2026/01/27
4205,15608595,Checking,124976.76,1,2025/11/15
4206,15784687,Checking,138135.17,1,2025/12/05
4207,15649793,Credit Card,374.16,2,2026/01/11
4208,15666982,Investment,139114.16,1,2025/10/18
4209,15666166,Savings,170582.01,1,2025/11/20
4210,15758023,Investment,135052.09,1,2026/02/07
4211,15669490,Investment,58037.86,2,2026/03/30
4212,15606397,Credit Card,,1,2026/08/16
4213,15731478,Credit Card,63595.1,1,2025/11/28
4214,15761132,Savings,89231.13,1,2025/10/03
4215,15574012,Savings,66704.99,2,2026/07/14
4216,15670823,Investment,,1,2026/02/16
4217,15637324,Savings,72.59,2,2025/12/04
4218,15766355,Credit Card,37070.46,3,2025/09/16
4219,15799494,Investment,74881.79,2,2026/09/03
4220,15812324,Credit Card,417.63,2,2025/10/02
4221,15632816,Credit Card,,3,2026/02/02
4222,15626012,Loan,102972.56,1,2026/03/21
4223,15585823,Checking,153396.24,1,2025/10/23
4224,15668445,Credit Card,205.24,2,2026/02/13
4225,15637315,Savings,869.26,2,2025/11/14
4226,15699335,Savings,68432.91,2,2026/04/02
4227,15811343,Investment,56792.31,3,2026/02/15
4228,15642530,Credit Card,169126.29,1,2026/01/13
4229,15648681,Investment,49466.72,4,2026/03/14
4230,15679294,Loan,52358.89,2,2025/11/03
4231,15576196,Investment,70955.11,2,2025/09/29
4232,15772604,Checking,96306.43,2,2025/12/15
4233,15636935,Checking,996.73,2,2026/01/03
4234,15776733,Checking,35360.92,2,2026/07/05
4235,15764537,Loan,774.52,2,2026/06/30
4236,15678173,Investment,101133.08,2,2026/01/02
4237,15568819,Credit Card,35004.1,3,2026/05/13
4238,15601410,Savings,674.95,3,2026/05/21
4239,15758856,Investment,443.19,2,2026/05/19
4240,15803749,Investment,35517.62,2,2026/03/19
4241,15806688,Checking,39441.58,3,2025/10/31
4242,15775797,Checking,693.71,3,2026/01/18
4243,15701333,Loan,97133.03,1,2025/10/04
4244,15715951,Savings,114784.53,1,2026/02/12
4245,15798749,Checking,98748.74,2,2026/04/28
4246,15574879,Loan,62849.64,2,2026/06/13
4247,15615176,Checking,67.55,2,2026/03/30
4248,15582519,Savings,100141.19,1,2025/10/06
4249,15798906,Savings,997.01,2,2026/05/08
4250,15718369,Credit Card,106312.92,1,2025/09/17
4251,15772896,Checking,124025.15,1,2026/03/30
4252,15613854,Savings,47339.66,2,2026/07/24
4253,15772528,Credit Card,71313.08,2,2025/12/31
4254,15651315,Credit Card,484.04,3,2025/09/12
4255,15594305,Checking,350.73,2,2026/01/18
4256,15596979,Loan,372.63,2,2026/06/13
4257,15698321,Credit Card,25329.63,2,2026/06/30
4258,15693737,Credit Card,34474.99,2,2026/08/14
4259,15684548,Investment,46.79,2,2025/10/24
4260,15586993,Checking,,2,2026/01/07
4261,15800434,Savings,86502.11,1,2026/06/14
4262,15746970,,194.57,2,2026/08/02
4263,15566494,Credit Card,858.09,2,2025/11/06
4264,15609623,Savings,1397.72,1,2026/02/05
4265,15740602,Credit Card,118955.45,1,2026/06/20
4266,15672826,Checking,53924.58,2,2026/03/30
4267,15727384,Checking,134378.15,1,2026/04/19
4268,15613734,Checking,59324.25,2,2025/10/15
4269,15796218,Investment,65665.91,2,2026/07/25
4270,15635752,Checking,82139.74,2,2026/05/17
4271,15658889,Investment,90991.72,1,2025/12/16
4272,15743818,Checking,50275.68,2,2025/11/14
4273,15586183,Loan,516.83,2,2026/03/13
4274,15767414,Credit Card,,2,2026/06/06
4275,15636444,Checking,73030.32,2,2025/11/28
4276,15717225,Loan,104586.45,2,2026/01/06
4277,15727041,Investment,964.94,2,2026/06/05
4278,15588944,Checking,111067.64,2,2026/04/07
4279,15661409,Checking,736.08,1,2026/06/14
4280,15674929,Savings,603.8,2,2026/04/22
4281,15585466,Credit Card,140.72,2,2025/09/24
4282,15769902,Loan,436.13,2,2025/09/03
4283,15628523,Savings,959.68,2,2026/04/28
4284,15634974,,18617.62,4,2026/07/17
4285,15607278,Savings,70162.35,1,2026/01/29
4286,15603111,Savings,83779.73,1,2026/08/03
4287,15609011,Investment,63716.4,1,2025/11/27
4288,15694200,Savings,30617197.46,1,2025/09/03
4289,15794122,Savings,125.61,2,2025/10/03
4290,15723400,Checking,366.31,2,2026/05/07
4291,15704597,Checking,119801.37,1,2026/01/20
4292,15580366,Loan,47251.71,2,2026/07/06
4293,15579112,Savings,755.9,2,2026/01/09
4294,15633586,Investment,155039.75,1,2026/08/17
4295,15719508,LOAN,29094.65,4,2026/03/16
4296,15742323,Savings,892.9,2,2026/03/01
4297,15575492,,557.48,2,2026/07/23
4298,15784130,Savings,158723.57,1,2025/12/20
4299,15672481,Loan,1250.79,2,2026/06/29
4300,15763093,Savings,69412.63,1,2026/05/22
4301,15773852,Loan,53897.96,2,2026/01/25
4302,15782311,savings,190.03,2,2025/09/26
4303,15759456,Checking,62264.27,2,2025/11/24
4304,15773731,Credit Card,717.27,2,2026/06/03
4305,15786392,Savings,74422.75,1,2026/06/18
4306,15690673,Investment,283.41,2,2025/10/08
4307,15763194,Savings,464.28,2,2026/02/03
4308,15646720,Savings,434.05,3,2025/10/18
4309,15643826,Investment,462.17,2,2026/03/24
4310,15756148,Loan,,1,2026/08/26
4311,15718773,Checking,225.96,2,2025/11/04
4312,15676909,Investment,614.2,2,2025/11/13
4313,15574352,Checking,251571.44,1,2026/06/14
4314,15643215,Savings,37588.02,2,2026/01/24
4315,15746035,SAVINGS,56927.24,2,2026/04/12
4316,15677135,Savings,72731.09,2,2025/12/19
4317,15682489,Savings,430.31,2,2026/07/12
4318,15794356,Credit Card,51501.36,2,2026/05/19
4319,15585241,Investment,69462.41,2,2026/02/12
4320,15796230,Savings,21981.99,3,2026/08/18
4321,15627365,Savings,550.45,2,2026/02/25
4322,15613427,Savings,44111.57,2,2026/07/25
4323,15665376,Savings,92614.64,2,2026/01/14
4324,15623536,loan,154042.93,1,2026/08/31
4325,15806486,Savings,697.83,2,2026/04/22
4326,15621440,Checking,724.15,2,2026/01/20
4327,15713379,Checking,146.96,4,2026/01/06
4328,15623063,Investment,,1,2026/08/08
4329,15585855,Checking,1110.82,1,2026/02/14
4330,15669945,Investment,81573.44,2,2026/02/24
4331,15577657,Investment,,2,2025/12/19
4332,15751333,Savings,154.4,2,2026/04/26
4333,15752342,Checking,37700.44,3,2026/07/06
4334,15646817,Credit Card,92532.63,2,2026/02/18
4335,15574142,Investment,114707.81,2,2025/09/11
4336,15769974,Checking,54846.06,1,2026/08/23
4337,15584766,Savings,80328.75,1,2025/11/10
4338,15585907,Investment,558.37,2,2026/07/30
4339,15720924,Savings,782.94,3,2025/09/04
4340,15600357,Credit Card,96400.8,2,2026/07/11
4341,15774491,Loan,508.15,2,2026/05/04
4342,15710978,Credit Card,25650.72,2,2025/09/05
4343,15791780,Savings,,3,2025/09/07
4344,15624229,Investment,437.24,2,2026/08/13
4345,15734311,Credit Card,417.72,2,2025/11/30
4346,15573152,Credit Card,1051.19,2,2026/04/02
4347,15726634,Savings,1259.12,1,2026/06/14
4348,15686974,Investment,266.81,1,2026/08/25
4349,15697214,Checking,-2287.2,2,2026/08/29
4350,15762902,Investment,232.81,2,2026/05/11
4351,15782574,Checking,592.13,2,2026/03/23
4352,15576517,Loan,49605.97,2,2026/06/05
4353,15756820,Credit Card,159069.96,1,2025/10/14
4354,15611247,Loan,37.21,2,2026/08/01
4355,15722535,Credit Card,118109.41,1,2026/08/02
4356,15684669,Investment,118044.12,1,2025/10/12
4357,15814033,Investment,1198.59,2,2026/06/05
4358,15719352,Credit Card,98931.9,2,2025/09/18
4359,15805704,Loan,734.68,4,2026/08/12
4360,15624068,Investment ,646.67,2,2026/04/18
4361,15579189,Savings,939.11,2,2026/08/13
4362,15672930,Loan,6.01,2,2025/11/05
4363,15784844,Credit Card,162819.15,1,2026/03/02
4364,15670416,Savings,1175.08,1,2026/03/14
4365,15617507,Savings,988.16,2,2026/07/07
4366,15578297,Investment,153497.55,1,2026/03/05
4367,15688563,,56913.58,2,2026/03/20
4368,15655875,Loan,447.51,2,2025/12/02
4369,15582259,Savings,184.53,2,2026/08/25
4370,15734628,Investment,698.67,2,2025/09/07
4371,15762573,Credit Card,593.52,2,2025/11/05
4372,15711843,Credit Card,54417.0,3,2026/04/27
4373,15694890,Investment,81326.23,2,2026/03/11
4374,15666252,Savings,676.04,2,2025/12/10
4375,15716357,Loan,45364.03,2,2026/04/18
4376,15653753,Loan,79695.82,1,2025/09/07
4377,15698271,Savings,955.08,2,2025/12/25
4378,15654096,Checking,15193823.61,2,2025/09/13
4379,15677136,Savings,161.47,2,2026/01/24
4380,15702190,Checking,957.07,2,2026/08/17
4381,15611767,Checking,101455.93,1,2026/09/01
4382,15720649,Credit Card,49916.97,1,2026/03/05
4383,15592773,Loan,57959.78,3,2025/12/10
4384,15604551,Checking,256.2,2,2025/10/19
4385,15804787,Savings,61551.26,1,2026/07/14
4386,15608688,Investment,507.53,2,2026/07/20
4387,15651352,Checking,579.03,1,2026/02/05
4388,15810942,Checking,138886.55,1,2025/12/25
4389,15785352,Investment,,1,2025/12/31
4390,15643752,Investment,106356.33,1,2026/05/13
4391,15787168,,150878.18,1,2026/03/07
4392,15697035,Checking,379.66,2,2025/09/21
4393,15625964,Checking,160922.43,1,2026/01/24
4394,15696826,Loan,144892.58,1,2026/05/13
4395,15708422,Savings,,2,2026/08/29
4396,15701809,Investment ,558.92,1,2026/08/30
4397,15688210,Investment,116647.98,1,2026/07/10
4398,15726931,Investment,41492.51,2,2025/12/19
4399,15671769,Checking,42456.93,3,2025/09/06
4400,15681956,Loan,825.23,2,2025/12/12
4401,15778947,Investment,994.06,2,2026/07/26
4402,15714006,Savings,70300.37,1,2026/03/24
4403,15568162,Investment,691.63,1,2025/10/29
4404,15696098,Loan,441.89,2,2026/01/23
4405,15567725,Checking,28281.13,2,2026/06/21
4406,15769254,Investment,26977.26,2,2026/05/17
4407,15764892,Investment,32638.91,1,2026/05/13
4408,15752846,Savings,118.25,2,2025/11/29
4409,15713483,Investment,673.4,1,2026/06/12
4410,15776467,Savings,4347.21,2,2025/12/11
4411,15689147,Checking,1553.8,2,2026/08/06
4412,15738018,Loan,389.85,2,2026/06/19
4413,15640161,CREDIT CARD,82449.08,2,2026/08/13
4414,15813697,Investment,38330.03,2,2026/08/18
4415,15640852,Savings,,4,2026/07/08
4416,15791102,Savings,35628.39,3,2026/06/19
4417,15785559,Checking,166955.4,1,2025/12/01
4418,15699598,Investment,282.67,2,2025/10/06
4419,15694381,Investment,24049351.47,1,2026/07/01
4420,15747174,Credit Card,110063.96,2,2025/11/07
4421,15801414,Checking,440.38,1,2025/10/06
4422,15715673,Investment,28930995.57,1,2025/11/07
4423,15682834,Credit Card,14188.93,2,2026/01/13
4424,15790564,Checking,57666.69,1,2026/06/21
4425,15705343,Investment,817.61,1,2025/12/28
4426,15644765,Credit Card,,1,2026/05/28
4427,15568834,Loan,74384.84,2,2026/01/21
4428,15667321,,252.99,2,2025/12/10
4429,15747724,Investment,703.6,1,2026/08/16
4430,15776404,Checking,114971.88,1,2025/09/14
4431,15756305,Checking,94.59,2,2026/08/23
4432,15723864,Savings,65013.3,2,2026/08/16
4433,15592197,Savings,26.18,2,2026/06/02
4434,15577402,Savings,10.12,2,2026/07/14
4435,15781129,Checking,29448.72,2,2026/01/10
4436,15697441,Credit Card,213354.2,1,2026/08/17
4437,15746183,Credit Card,,2,2026/06/16
4438,15646227,Credit Card,92924.82,1,2026/04/23
4439,15810845,Investment,120.6,4,2025/09/04
4440,15694296,Checking,59541.93,2,2026/04/09
4441,15782181,Checking,72181.12,1,2026/07/28
4442,15796230,Investment,24977.88,3,2026/08/13
4443,15675360,Credit Card,197.11,1,2026/08/01
4444,15652883,Credit Card,31714.03,2,2025/09/29
4445,15693902,Savings,622.44,2,2026/02/15
4446,15796230,Credit Card,40932.66,3,2026/04/12
4447,15813283,Investment,596.05,1,2026/03/30
4448,15708236,Investment,106101.99,1,2026/01/21
4449,15665378,Credit Card,147.01,2,2025/11/04
4450,15692744,Loan ,53278.42,2,2026/08/17
4451,15641675,Investment,39330.84,3,2026/05/26
4452,15755868,Savings,253.2,1,2026/04/29
4453,15741693,Investment,120964.6,1,2026/05/14
4454,15786389,Credit Card,265.73,2,2026/03/07
4455,15721740,Loan,117073.85,1,2026/05/25
4456,15680197,Checking,216.24,2,2025/09/25
4457,15797686,Checking,112247.52,3,2025/12/26
4458,15708904,Credit Card,618.97,1,2025/09/27
4459,15815316,Loan,21946.76,4,2026/01/23
4460,15790019,Checking,99647.11,1,2026/04/06
4461,15804038,Investment,819.33,1,2026/06/02
4462,15801904,Loan,73601.55,2,2026/04/20
4463,15791342,Loan,114147.7,1,2026/02/11
4464,15682084,Savings,222.98,2,2025/09/05
4465,15763194,Loan,643.25,2,2026/03/22
4466,15700212,Investment,824.0,2,2025/12/11
4467,15735080,Savings,373.49,1,2026/02/21
4468,15637138,Savings,938.93,2,2025/10/14
4469,15718247,Credit Card,343.57,2,2026/06/22
4470,15659420,Credit Card,75435.64,2,2025/09/15
4471,15608688,Loan,1112.03,2,2025/12/27
4472,15704987,Credit Card,40028.21,1,2026/08/22
4473,15611786,Credit Card,614.05,1,2026/04/07
4474,15717962,Loan,77803.26,1,2025/10/11
4475,15584452,Credit Card,580.36,2,2026/01/08
4476,15658668,Credit Card,332.49,2,2025/12/12
4477,15778947,Loan,494.05,4,2025/11/26
4478,15601811,Credit Card,90817.62,1,2026/02/18
4479,15754820,Savings,111171.94,2,2026/02/09
4480,15602735,Investment,35536.19,4,2025/10/05
4481,15747458,Checking,102841.56,2,2026/07/20
4482,15724282,Loan,87204.63,2,2026/07/20
4483,15570932,Checking,65629.73,2,2025/10/22
4484,15656484,Checking,279.23,2,2025/09/17
4485,15798605,Credit Card,79964.58,1,2026/05/06
4486,15672499,Investment,100528.91,2,2026/04/12
4487,15662955,Checking,65216.75,2,2025/09/15
4488,15800961,Savings,41076.06,2,2026/07/03
4489,15611223,Savings,39305.0,2,2026/07/20
4490,15663826,Loan,199.5,1,2026/02/21
4491,15675190,Savings,606.68,2,2026/01/09
4492,15797219,Loan,132934.77,1,2026/01/07
4493,15599722,Credit Card,46437.75,2,2025/10/28
4494,15636658,Credit Card,238.28,1,2026/05/03
4495,15651093,loan,349.11,2,2026/01/03
4496,15660833,Credit Card,35391.24,2,2026/02/24
4497,15754919,Investment,204.43,2,2025/09/30
4498,15761024,Credit Card,96297.11,2,2026/02/20
4499,15737452,Credit Card,129242.82,1,2026/05/27
4500,15815259,Loan,332.51,2,2026/01/02
4501,15681562,Credit Card,-3080.09,2,2025/10/10
4502,15635531,Savings,252.36,2,2026/07/07
4503,15747795,Investment,104200.03,1,2026/07/17
4504,15647974,Savings,,2,2026/04/15
4505,15719479,Investment,47.07,2,2025/10/21
4506,15775663,Investment,25786.3,2,2026/07/20
4507,15754796,Loan ,56581.2,2,2026/04/19
4508,15661656,Investment,20628308.63,2,2026/06/26
4509,15791045,Credit Card,70590.13,1,2025/11/05
4510,15732644,Savings,50889.67,2,2025/10/16
4511,15806447,Loan,-2980.08,3,2025/10/04
4512,15810898,Credit Card,73579.21,2,2025/09/20
4513,15572073,Loan,40.2,3,2026/03/15
4514,15737489,Investment,113516.11,1,2026/02/10
4515,15599126,Investment,65530.46,1,2026/08/24
4516,15695078,Loan,-1895.16,2,2025/10/06
4517,15755731,Savings,105447.82,2,2025/11/07
4518,15606267,Investment,,1,2025/10/04
4519,15801920,Savings,49087.42,2,2026/04/17
4520,15780561,Checking,42826.16,2,2025/10/01
4521,15661936,INVESTMENT,115647.5,1,2026/02/04
4522,15752801,Loan,93384.91,2,2026/07/12
4523,15786170,Savings,111043.34,1,2026/07/20
4524,15617538,Investment,381.9,2,2026/04/12
4525,15761525,Loan,,2,2025/10/06
4526,15778934,Credit Card,681.75,2,2025/10/25
4527,15742358,Investment,137171.26,1,2026/08/15
4528,15784923,Investment,70084.81,1,2025/10/01
4529,15644179,Loan,1676.58,2,2026/06/16
4530,15768777,Checking,839.15,2,2025/09/29
4531,15643438,Loan,551.31,2,2026/01/31
4532,15623668,CreditCard,57523.83,2,2026/03/17
4533,15805681,Savings,317.89,1,2026/03/27
4534,15805303,Loan,187946.08,1,2025/10/22
4535,15713975,Investment,140049.57,1,2026/07/16
4536,15704629,Loan,101089.33,1,2026/04/01
4537,15636396,Loan,390.89,2,2025/12/31
4538,15777639,Credit Card,36299.76,2,2026/07/06
4539,15578825,Savings,143128.79,1,2026/08/06
4540,15651533,Checking,176270.3,1,2026/07/19
4541,15636551,Savings,24640.31,2,2025/09/08
4542,15624424,Savings,516.0,2,2026/04/23
4543,15794939,Loan,48054.1,2,2026/03/18
4544,15631912,Loan,176001.7,1,2026/04/28
4545,15693018,Investment,117107.1,1,2026/04/10
4546,15746338,Credit Card,238.11,2,2026/07/17
4547,15788776,SAVINGS,33790.02,3,2026/07/17
4548,15697510,Loan,712.02,1,2025/10/24
4549,15742638,Checking,251.06,2,2026/02/23
4550,15732265,Savings,970.75,2,2026/08/02
4551,15695078,Checking,14.7,2,2026/08/14
4552,15811177,Checking,153983.55,1,2025/09/16
4553,15756824,Loan,29314.58,2,2026/04/23
4554,15711218,Savings,45880.47,2,2026/05/25
4555,15737408,Checking,100645.26,1,2026/02/18
4556,15701291,,753.22,2,2026/06/30
4557,15718588,Credit Card,636.57,2,2025/12/10
4558,15799653,Investment,69633.61,2,2025/10/28
4559,15654654,Loan,94907.44,2,2025/10/25
4560,15570895,Credit Card ,73146.21,3,2025/09/09
4561,15753215,Investment,729.32,2,2026/07/04
4562,15736124,Checking,42197.13,2,2026/09/03
4563,15637354,Checking,101575.36,2,2025/10/07
4564,15576623,Investment,411.41,2,2026/07/03
4565,15738220,Loan,427.34,2,2025/12/11
4566,15758606,Credit Card,958.78,1,2026/06/23
4567,15744529,Checking,567.82,2,2025/11/06
4568,15800083,Investment,9427.48,1,2026/07/26
4569,15785352,Investment,,1,2026/05/21
4570,15676521,Investment,25.72,2,2026/01/12
4571,15811594,Checking,78066.0,1,2026/03/03
4572,15664897,Loan,151219.82,1,2026/04/06
4573,15635728,Credit Card,654.63,2,2026/05/07
4574,15800703,Checking,134884.95,1,2026/07/17
4575,15766047,,95827.83,1,2026/04/18
4576,15761043,Checking,54462.06,2,2025/12/07
4577,15587978,Loan,194607.67,1,2026/01/05
4578,15715750,Savings,148221.82,1,2025/11/12
4579,15618936,loan,1029.96,1,2025/09/25
4580,15711352,Investment,101707.06,2,2025/10/03
4581,15731553,Credit Card,109.86,2,2025/11/07
4582,15756277,Checking,48264.2,2,2026/02/09
4583,15726358,Investment,499.51,2,2026/06/29
4584,15775294,Credit Card,587.89,2,2026/04/14
4585,15589869,Loan,47930.57,2,2026/05/23
4586,15716164,Credit Card,55022.21,1,2026/08/02
4587,15706021,Credit Card,46065.43,2,2026/03/05
4588,15757015,Checking,97736.51,1,2026/02/09
4589,15582616,Investment,1092.89,2,2026/06/28
4590,15689781,,394.31,1,2026/06/07
4591,15770974,Credit Card,31159.04,2,2025/11/16
4592,15624703,Loan,20878.79,2,2025/11/17
4593,15707132,Credit Card,37.88,2,2026/05/01
4594,15756625,Loan,651.66,2,2026/02/08
4595,15674833,Checking ,611.4,2,2026/07/08
4596,15566467,Checking,117859.29,2,2026/02/25
4597,15698749,Investment,56923.66,1,2026/01/30
4598,15769308,Investment,22606.66,2,2026/03/10
4599,15680430,Loan,56279.36,2,2025/09/07
4600,15637947,Loan,106229.79,1,2026/05/26
4601,15692977,Savings,53158.62,2,2026/06/30
4602,15805565,Checking,174921.33,1,2026/08/05
4603,15667424,Investment,84464.23,2,2026/08/16
4604,15750181,Checking,56733.26,2,2025/11/16
4605,15585961,Loan,946.44,2,2025/10/02
4606,15713267,Checking,1165.09,2,2026/01/02
4607,15792151,Credit Card,271.99,2,2026/05/20
4608,15766417,Loan,48.35,2,2026/06/16
4609,15799964,Loan,123594.93,1,2025/09/30
4610,15709135,Checking ,69593.67,2,2026/04/07
4611,15684592,Checking,592.53,2,2026/02/26
4612,15579777,Loan,583.14,2,2025/12/12
4613,15585222,savings,280.89,2,2025/12/14
4614,15699550,Credit Card,446.89,2,2026/07/27
4615,15739160,Loan,150093.69,1,2025/12/15
4616,15585427,Investment,61800.77,2,2025/10/08
4617,15579040,Loan,27200251.75,2,2026/02/24
4618,15749177,Loan,318.18,2,2025/12/08
4619,15566111,Credit Card,655.62,1,2026/08/10
4620,15639669,Investment,78515.84,1,2026/05/04
4621,15656263,Investment,1161.62,2,2026/08/24
4622,15691863,Savings,375.21,2,2026/08/23
4623,15618018,Credit Card,62111.0,2,2026/04/30
4624,15776128,Investment,67822.3,1,2026/07/07
4625,15688963,Checking,997.28,1,2026/08/23
4626,15812594,Savings,1198.22,2,2026/02/19
4627,15787699,Loan,198112.72,1,2026/06/26
4628,15596761,Credit Card,107421.79,1,2026/06/19
4629,15754267,Checking,72741.53,2,2026/02/21
4630,15674368,Loan,43748.78,2,2026/07/15
4631,15689614,Savings,204485.58,1,2026/02/03
4632,15654067,Loan,,2,2026/04/05
4633,15784010,Investment,161514.9,1,2026/02/18
4634,15786308,Savings,205.82,2,2025/11/25
4635,15625586,Savings,69.6,1,2025/10/26
4636,15714939,Checking,179396.69,1,2026/04/23
4637,15787161,Savings,95431.61,1,2025/09/24
4638,15806307,Credit Card,9.84,2,2026/05/14
4639,15681332,Checking,885.5,1,2025/12/24
4640,15807239,Checking,121495.55,1,2025/09/04
4641,15662203,Checking,62792.44,2,2026/07/27
4642,15677550,Checking,379.23,2,2025/12/26
4643,15747878,Loan,406.26,1,2026/08/23
4644,15571415,Loan,115274.86,1,2025/12/29
4645,15810347,Credit Card,733.1,2,2026/04/29
4646,15724663,Savings,354.23,2,2026/07/19
4647,15804709,Loan,93501.53,1,2025/12/21
4648,15583736,,48491.97,2,2026/01/03
4649,15622532,Checking,85934.89,2,2026/05/07
4650,15794868,Loan,39143.17,2,2026/02/19
4651,15586914,Checking,89978.47,2,2026/03/14
4652,15644212,Investment,403.79,2,2025/12/17
4653,15663625,Credit Card,506.17,2,2026/03/26
4654,15583680,Credit Card,313.71,1,2025/12/06
4655,15577683,Checking,79.84,2,2025/09/06
4656,15695097,Savings,50407.33,4,2026/03/07
4657,15759717,Loan,348.3,2,2025/09/08
4658,15624892,Checking,46007.11,2,2025/10/10
4659,15795527,Loan,99113.32,2,2026/03/05
4660,15667602,Credit Card,817.68,2,2025/09/18
4661,15790829,Savings,267.09,2,2026/06/14
4662,15810891,Credit Card,49055.24,2,2025/10/31
4663,15633213,Credit Card,167.96,1,2025/11/14
4664,15811842,Savings,817.43,2,2026/01/29
4665,15762937,Credit Card,77351.9,2,2026/04/16
4666,15678725,Savings,198.8,2,2025/12/11
4667,15756299,Credit Card,86445.76,1,2026/07/23
4668,15727829,Loan,598.99,2,2026/06/29
4669,15768746,Savings,812.49,2,2026/03/06
4670,15756155,Investment,33118810.36,2,2025/09/25
4671,15627262,Investment,46167.04,2,2025/09/18
4672,15799300,Savings,56412.85,1,2025/12/13
4673,15712287,Savings,562.73,3,2025/12/13
4674,15629244,,76765.74,2,2026/01/26
4675,15675380,Savings,153507.96,1,2025/12/01
4676,15628824,investment,92420.4,2,2025/12/24
4677,15576945,Savings,817.49,1,2026/01/15
4678,15783615,investment,29658.09,4,2025/12/01
4679,15641662,Checking,42609.57,2,2026/02/23
4680,15616550,Credit Card,40098026.9,2,2026/06/13
4681,15613772,Investment,125471.6,1,2026/01/06
4682,15604832,Savings,311.68,1,2025/12/03
4683,15602280,Checking,97568.53,1,2025/12/12
4684,15802560,Checking,178812.78,1,2025/09/14
4685,15795132,Checking,129081.96,1,2025/12/02
4686,15730759,Savings,122057.03,1,2026/01/15
4687,15754113,Credit Card,775.23,2,2025/10/24
4688,15613282,Credit Card,108777.77,2,2025/09/13
4689,15755077,Credit Card,53094.68,2,2026/08/15
4690,15638003,Checking,109512.63,1,2025/11/12
4691,15645517,Loan,693.85,2,2026/03/16
4692,15806688,Loan,38060.93,3,2026/08/04
4693,15598751,Loan,238.68,3,2025/10/29
4694,15622230,Checking,631.67,2,2026/02/23
4695,15600912,Checking,34806321.83,2,2025/12/19
4696,15811236,,156150.86,1,2026/02/06
4697,15738291,Loan ,68657.71,2,2026/04/24
4698,15612350,Credit Card,39889.76,1,2026/01/03
4699,15578141,Savings,-4496.69,1,2026/03/11
4700,15712938,Credit Card,669.55,2,2026/03/12
4701,15612455,Savings,115386.13,1,2026/08/07
4702,15709653,Savings,845.18,2,2025/11/29
4703,15783026,Loan,325.32,1,2026/05/30
4704,15807473,Savings,342.53,2,2026/07/19
4705,15736399,Loan,538.52,2,2026/04/13
4706,15800746,Credit Card,231453.56,1,2026/09/02
4707,15594878,Loan,34890.73,1,2025/10/06
4708,15677112,Loan,49998.42,2,2025/11/02
4709,15648362,,53134.17,2,2025/11/15
4710,15800688,Investment,461.97,2,2025/11/08
4711,15704581,Savings,58545.8,2,2025/12/09
4712,15620579,Checking,969.22,2,2025/12/10
4713,15701537,Loan,475.54,2,2026/06/02
4714,15814923,Checking,164279.41,1,2026/03/15
4715,15640280,Credit Card,82967.36,2,2026/08/24
4716,15639004,Checking,10.71,2,2026/03/13
4717,15649487,Loan,35220.11,2,2026/02/12
4718,15672237,Loan,727.27,1,2026/07/06
4719,15672754,Checking,199283.97,1,2026/04/10
4720,15607713,Checking,816.54,2,2026/07/25
4721,15654859,Checking,75792.21,2,2026/01/06
4722,15743817,Credit Card,-1781.27,3,2025/09/26
4723,15775234,Investment,830.45,2,2026/07/15
4724,15605666,Savings,77504.54,1,2026/06/30
4725,15604732,LOAN,603.89,2,2025/12/08
4726,15785542,checking,72364.94,2,2026/06/04
4727,15750649,Credit Card,1178.63,2,2026/01/31
4728,15650244,Investment,56641.78,2,2025/11/18
4729,15580146,Investment,92266.37,1,2026/02/17
4730,15679550,Checking,890.93,2,2026/01/07
4731,15745624,Loan,68.95,2,2025/09/30
4732,15646190,Credit Card,104348.37,1,2026/07/22
4733,15613880,Checking,93870.57,1,2026/01/24
4734,15760988,Savings,78931.11,2,2025/11/06
4735,15569098,Credit Card,189034.68,1,2026/05/21
4736,15588197,Credit Card,80.17,2,2026/06/29
4737,15663650,Savings,40069.07,3,2026/05/11
4738,15750649,Checking,794.6,2,2025/12/19
4739,15588517,Credit Card,281.03,2,2025/10/14
4740,15636977,Credit Card,43395.58,3,2026/05/01
4741,15724127,Credit Card,29999.06,2,2026/08/08
4742,15586029,Loan,56481.85,2,2026/07/14
4743,15752139,Investment,40257.48,2,2025/10/06
4744,15581811,Savings,66288.28,2,2025/11/27
4745,15739248,Credit Card,411.2,2,2026/05/21
4746,15806486,Loan,662.44,2,2026/03/20
4747,15604217,Checking,833.38,2,2026/07/30
4748,15609653,Checking,141891.26,1,2026/05/21
4749,15594864,Investment,107716.25,1,2026/03/13
4750,15788920,,55450.87,2,2026/05/16
4751,15686963,Credit Card,870.07,1,2026/05/26
4752,15606273,Investment,64356.01,2,2026/04/28
4753,15684419,Credit Card,52.75,3,2025/12/03
4754,15701301,,56208.68,2,2026/02/14
4755,15720305,Checking,99483.58,1,2026/09/02
4756,15720774,Credit Card,121429.82,1,2026/03/13
4757,15725737,Loan,697.42,2,2026/05/30
4758,15710456,,672.67,2,2026/08/24
4759,15619537,Loan,96330.8,1,2026/05/08
4760,15583552,Credit Card ,63951.43,1,2026/05/14
4761,15783097,Savings,57815.51,1,2026/05/03
4762,15567063,Loan,80090.59,1,2026/01/18
4763,15656829,Savings,562.65,2,2026/06/27
4764,15777904,Investment,388.0,2,2026/03/27
4765,15759717,Savings,222.11,2,2026/07/26
4766,15722532,Credit Card,90159.34,2,2026/06/28
4767,15640648,Checking,354.65,2,2026/08/01
4768,15693205,Savings,50100.71,3,2025/09/21
4769,15717700,Savings,76162.6,2,2025/12/18
4770,15812279,Credit Card,45020.5,2,2025/12/24
4771,15699830,Credit Card,736.3,2,2025/12/15
4772,15807768,Credit Card,107085.92,1,2026/04/22
4773,15759133,Savings,215.64,2,2026/01/01
4774,15638149,Loan,127338.25,1,2026/03/24
4775,15571148,Credit Card,689.62,2,2025/12/23
4776,15650924,Credit Card,38542.13,2,2026/02/06
4777,15608328,Credit Card,332.35,2,2026/04/08
4778,15568046,Credit Card,123337.56,1,2026/03/15
4779,15668009,Checking,493.03,2,2026/06/22
4780,15777599,,107977.99,2,2025/11/22
4781,15610936,Investment,,2,2026/03/13
4782,15702499,Savings,142760.72,1,2026/01/11
4783,15737414,,140781.55,1,2026/06/11
4784,15726179,Investment,35609.18,2,2025/10/16
4785,15595391,Savings,,2,2025/11/10
4786,15654772,Loan,57912.17,2,2025/10/16
4787,15709643,CreditCard,646.16,3,2026/02/01
4788,15794916,Credit Card,112446.35,1,2026/04/18
4789,15737173,Savings,385.84,2,2026/05/26
4790,15639314,Loan,855.15,2,2026/03/02
4791,15761783,Loan,317.13,1,2025/12/29
4792,15667289,Loan,6.91,2,2026/06/28
4793,15677955,Savings,153939.19,1,2025/09/24
4794,15624623,checking,49107.83,2,2026/04/29
4795,15594270,Checking,126735.97,2,2026/05/23
4796,15739931,Investment,203950.39,1,2026/07/18
4797,15575399,Savings,50525.56,2,2026/02/22
4798,15668580,Credit Card,653.51,2,2026/04/09
4799,15613463,Loan,65043.73,2,2026/04/21
4800,15590094,Savings,60914.93,2,2026/04/30
4801,15605293,Investment,820.71,2,2026/04/12
4802,15805704,Savings,632.34,4,2026/03/31
4803,15633378,Checking,1014.9,2,2026/03/10
4804,15613816,credit card,81765.01,2,2026/05/15
4805,15613337,Credit Card,598.11,2,2026/02/12
4806,15598088,Investment,782.1,2,2026/01/20
4807,15734942,CHECKING,96332.87,1,2026/03/17
4808,15643828,Credit Card,272.99,2,2025/09/15
4809,15777217,Checking,201.07,2,2025/12/03
4810,15782875,Credit Card,65212.5,2,2026/04/17
4811,15682914,Loan,49484.57,1,2025/12/31
4812,15736008,Loan,45211.26,1,2026/01/16
4813,15730810,Savings,122503.14,1,2026/07/30
4814,15760446,Savings,422.16,1,2025/10/11
4815,15720583,,130781.21,1,2026/03/05
4816,15594612,,377.66,1,2025/10/15
4817,15664754,Investment,,4,2026/01/31
4818,15791040,Investment,54230.67,2,2026/05/17
4819,15808544,Checking,754.29,1,2026/05/23
4820,15641575,Investment,126429.45,1,2026/06/09
4821,15707974,Savings,-796.61,1,2026/07/29
4822,15658339,Credit Card,71073.92,2,2025/10/13
4823,15599289,Investment,76587.93,1,2026/01/22
4824,15749103,Credit Card,161268.73,1,2025/12/28
4825,15595657,CREDIT CARD,107532.66,1,2025/10/23
4826,15804602,Loan,51780.33,2,2025/11/02
4827,15759021,Credit Card,211.28,1,2025/10/09
4828,15636736,Investment,185.81,2,2026/03/06
4829,15802570,Investment,1208.57,2,2025/09/22
4830,15706587,Loan,413.97,2,2026/06/09
4831,15718245,Checking,494.65,2,2025/12/14
4832,15600781,Credit Card,,2,2026/02/20
4833,15570073,Checking,671.85,1,2025/12/12
4834,15580845,Credit Card,91486.29,1,2026/08/14
4835,15684171,Loan,195191.41,1,2026/02/18
4836,15770291,,841.17,2,2026/01/09
4837,15694160,Checking,111.39,2,2026/02/04
4838,15677908,Credit Card,519.32,2,2026/08/18
4839,15608886,Credit Card ,102.81,2,2026/01/21
4840,15672905,Savings,211.96,2,2025/12/09
4841,15684512,Investment,54109.8,2,2026/08/30
4842,15752312,Savings,97400.35,2,2026/07/09
4843,15780805,Loan,2.85,2,2025/11/12
4844,15611800,Savings,98460.9,2,2026/06/08
4845,15587177,Investment,138106.65,1,2026/01/14
4846,15810218,Loan,770.15,3,2025/09/07
4847,15607884,Savings,802.68,2,2026/02/03
4848,15629744,Savings,562.95,2,2026/01/25
4849,15682355,Investment,32725.83,2,2026/02/27
4850,15664681,Checking,42158.22,2,2026/03/28
4851,15775562,Loan,355.51,2,2026/03/29
4852,15780966,Checking,-3806.39,2,2026/06/26
4853,15812198,Investment,117606.08,1,2026/08/04
4854,15580366,Checking,45770.45,2,2025/09/09
4855,15634281,Credit Card,120064.25,1,2026/05/02
4856,15723864,Loan,38089.22,2,2026/08/03
4857,15763171,Investment,28571387.83,1,2026/05/23
4858,15693704,Credit Card,34433.89,2,2025/11/18
4859,15672966,Credit Card,1030.84,2,2026/03/25
4860,15808784,Credit Card,64620.19,2,2025/12/28
4861,15798850,Credit Card,13.31,2,2025/12/28
4862,15714689,Savings,111802.24,1,2025/12/19
4863,15592104,Credit Card,,1,2026/05/03
4864,15689044,Checking,-186.35,1,2025/12/31
4865,15596797,savings,393.9,2,2026/05/25
4866,15724161,Savings,39077.38,4,2026/06/30
4867,15811773,Checking,180.84,2,2026/06/12
4868,15677141,Savings,122282.9,1,2026/04/30
4869,15711386,Checking,482.25,2,2026/04/27
4870,15720509,Checking,110258.18,1,2026/02/24
4871,15805162,Loan,1059.07,2,2025/10/16
4872,15632575,Savings,1108.22,1,2026/02/10
4873,15757952,Loan,249.04,3,2025/12/08
4874,15756538,Loan,602.6,1,2026/04/10
4875,15742820,Checking,643.39,2,2026/08/26
4876,15694409,Checking,62300.9,2,2026/04/04
4877,15567855,Loan,539.36,2,2025/12/19
4878,15709737,Checking,65802.63,2,2026/04/15
4879,15690130,Checking,10951.27,1,2026/04/21
4880,15643359,Credit Card,410.6,1,2026/06/15
4881,15634501,Savings,139879.46,1,2025/09/18
4882,15566467,Savings,50847.8,2,2026/03/13
4883,15782121,Savings,1205.53,2,2025/11/13
4884,15726313,Investment,639.81,2,2026/06/25
4885,15724890,Checking,44278.34,2,2025/11/07
4886,15701281,Checking,838.84,2,2026/02/06
4887,15621520,Investment,146409.11,1,2025/09/07
4888,15701765,Checking,486.85,2,2026/05/16
4889,15601387,Investment,753.38,2,2026/08/06
4890,15794257,Loan,67935.33,1,2026/03/03
4891,15808674,Loan,52680.02,2,2026/02/23
4892,15608328,Investment,195.37,2,2025/12/27
4893,15642934,Savings,52592.89,2,2026/04/05
4894,15762134,,58931.05,2,2026/04/08
4895,15779711,Credit Card,33802.27,2,2026/08/20
4896,15579208,SAVINGS,788.55,2,2026/03/28
4897,15701605,Savings,78776.88,1,2026/08/22
4898,15799422,Savings,137.34,1,2026/06/05
4899,15797065,Checking,845.66,2,2026/02/03
4900,15604544,Credit Card,70024.73,2,2026/02/16
4901,15639788,Savings,409.28,4,2026/06/30
4902,15579112,Checking ,754.96,2,2025/09/14
4903,15806880,Savings,553.06,1,2026/06/20
4904,15788634,Savings,104072.41,1,2025/09/19
4905,15633525,Checking,4.51,2,2025/11/13
4906,15718465,Loan,138935.69,1,2025/11/20
4907,15701319,Investment,13342.72,2,2026/02/19
4908,15703923,Checking,112008.14,2,2026/06/20
4909,15600462,Checking,47974.24,1,2026/07/22
4910,15654574,checking,53412.99,2,2026/07/08
4911,15700656,Investment,575.67,2,2026/07/11
4912,15649078,Investment,59798.2,2,2026/06/23
4913,15695699,CHECKING,868.86,2,2026/03/22
4914,15732621,Checking,495.94,1,2026/03/17
4915,15714750,Savings,52542.87,2,2025/12/16
4916,15633950,Investment,151334.01,1,2026/03/22
4917,15693088,Checking,431.67,2,2025/10/05
4918,15597739,Savings,1034.8,1,2026/06/03
4919,15753102,Savings,107972.21,1,2026/03/19
4920,15722993,Investment,147406.09,3,2025/12/08
4921,15762045,Savings,108494.22,2,2026/05/04
4922,15654229,Checking,795.8,2,2025/10/28
4923,15574608,Savings,166566.95,1,2026/02/18
4924,15623210,Investment,57947.77,3,2026/06/21
4925,15745355,Savings,145210.86,1,2026/04/22
4926,15724684,Savings,75810.55,1,2026/07/27
4927,15614049,Investment,55.63,2,2026/02/05
4928,15687094,Loan,28633.8,2,2025/10/20
4929,15591150,Savings,674.89,2,2025/11/29
4930,15584749,Savings,81488.75,1,2025/10/26
4931,15813168,Investment,36459.64,3,2026/08/14
4932,15584930,Loan,39341.82,2,2026/06/13
4933,15681327,Savings,308.79,3,2025/12/02
4934,15782236,Credit Card,276.29,2,2025/09/19
4935,15695499,Loan,61401.57,2,2026/08/21
4936,15701301,Savings,81783.18,2,2026/07/08
4937,15621815,Investment,185073.85,1,2026/05/11
4938,15607877,Savings,309.08,2,2025/09/16
4939,15655389,Loan,144853.28,1,2025/12/07
4940,15759805,Investment,57.84,2,2025/12/13
4941,15795228,Investment,181239.2,1,2025/10/08
4942,15745201,Checking,38516.49,2,2026/03/19
4943,15588535,Loan,792.36,2,2026/01/26
4944,15569976,,161888.25,1,2025/12/17
4945,15753550,Investment,496.79,2,2025/12/31
4946,15617401,Savings,803.02,2,2026/01/30
4947,15713826,Savings,126074.02,1,2026/08/06
4948,15761775,Loan,46099.35,2,2026/05/29
4949,15656148,Credit Card,24697.8,4,2025/10/08
4950,15612478,,347.49,3,2026/04/23
4951,15703292,Loan,43551.22,2,2025/10/02
4952,15802869,Loan,49509.99,2,2026/03/10
4953,15644119,Credit Card,364.67,1,2026/05/26
4954,15572792,Checking,79867.26,1,2025/09/08
4955,15809227,Investment,544.08,2,2025/11/29
4956,15571550,Savings,1050.89,1,2026/02/17
4957,15658890,Checking,30141.18,2,2026/04/01
4958,15596212,Savings,761.92,2,2026/03/22
4959,15632079,Checking,113052.24,1,2025/11/22
4960,15704378,Loan,79542.51,1,2025/10/29
4961,15801072,Savings,,2,2025/11/08
4962,15598044,Investment,392.37,1,2026/06/04
4963,15567630,Credit Card,52124.9,1,2026/04/05
4964,15662854,Loan,60785.07,2,2026/05/05
4965,15772781,CreditCard,848.73,3,2025/10/08
4966,15645847,Investment,57816.78,3,2026/03/21
4967,15803078,Loan,215.87,2,2025/12/17
4968,15739248,Savings,284.53,2,2025/11/08
4969,15591942,Loan,942.0,2,2025/12/17
4970,15777855,Checking,581.35,2,2026/02/08
4971,15680727,Investment,171706.12,1,2026/04/12
4972,15622897,Credit Card,830.27,3,2026/09/01
4973,15625944,Checking,115206.8,1,2026/08/09
4974,15764294,Checking,105272.04,1,2026/05/04
4975,15743192,credit card,993.81,2,2025/11/23
4976,15651958,Checking,949.24,2,2026/07/09
4977,15755018,Credit Card,58484.57,2,2026/06/24
4978,15676835,Checking,696.01,2,2026/02/08
4979,15713644,Credit Card,221.14,2,2026/06/30
4980,15691119,Savings,126027.71,1,2025/12/15
4981,15810910,Loan,141.46,2,2026/05/18
4982,15784958,Checking,693.91,4,2026/08/19
4983,15609643,Investment,36781.1,2,2026/04/25
4984,15596811,Credit Card,180384.45,1,2026/01/22
4985,15808566,Investment,928.98,2,2025/12/15
4986,15638068,,44.35,2,2025/09/06
4987,15743075,Investment,131.93,1,2025/11/15
4988,15811290,Investment,99525.1,2,2026/04/19
4989,15586914,Credit Card,76317.76,2,2025/10/05
4990,15791780,Loan,22971.93,3,2026/03/26
4991,15761168,Investment,148112.05,1,2026/07/09
4992,15750574,Checking,-406.86,2,2026/01/07
4993,15792329,Savings,54587.73,2,2026/05/30
4994,15729224,Loan,467.16,2,2026/02/18
4995,15603246,Checking,4049.16,2,2026/06/21
4996,15592846,Checking,54251.45,2,2026/05/12
4997,15756150,Checking,963.41,2,2026/04/26
4998,15662189,Credit Card,785.83,1,2026/04/27
4999,15720929,Checking,18727.17,3,2026/06/24
5000,15698184,Savings,22433.79,2,2025/09/23
5001,15577587,Loan,186365.96,1,2025/10/19
5002,15639882,Credit Card,68139.36,2,2026/01/28
5003,15598840,Savings,117413.86,3,2026/07/30
5004,15683375,Checking,703.27,1,2026/04/24
5005,15799031,Investment,440.59,2,2026/02/27
5006,15662100,Loan,78464.76,1,2026/08/27
5007,15687372,Credit Card,63119.69,2,2026/09/02
5008,15621546,Savings,149371.63,3,2026/02/02
5009,15761733,Loan,822.14,2,2026/03/22
5010,15730868,Savings,715.66,2,2026/07/13
5011,15674833,Savings,466.23,2,2025/12/01
5012,15703588,Loan,132702.89,2,2026/04/03
5013,15810593,Investment,-3761.88,3,2026/01/08
5014,15653776,Investment,25978.21,4,2025/12/03
5015,15591552,Credit Card,134745.8,1,2026/07/16
5016,15584518,Savings,79906.26,2,2026/04/12
5017,15591344,Credit Card,240.19,2,2026/04/25
5018,15776985,Credit Card,43208.42,2,2026/03/18
5019,15673971,Credit Card,194263.13,1,2026/08/06
5020,15689237,Savings,589.3,4,2025/12/05
5021,15703199,Investment,83297.2,1,2026/08/26
5022,15626608,Credit Card,105906.59,1,2026/06/21
5023,15640635,Savings,1622.62,2,2025/10/21
5024,15742854,Credit Card,,2,2026/03/23
5025,15745354,Loan,432.8,2,2026/08/26
5026,15642004,Credit Card,1160.27,2,2025/09/25
5027,15683625,Credit Card,178148.43,1,2026/01/03
5028,15642991,Savings,631.1,2,2025/11/22
5029,15625461,Credit Card,53180.22,2,2026/01/21
5030,15662151,Checking,420.07,1,2026/07/21
5031,15757535,Checking,425.45,3,2026/06/05
5032,15633352,Savings,192732.56,1,2026/01/30
5033,15671387,Savings,65375.75,2,2026/08/10
5034,15741385,Checking,137738.75,1,2025/10/07
5035,15738907,Savings,113180.03,1,2026/08/26
5036,15591986,,161651.41,1,2025/12/23
5037,15594305,Credit Card,433.26,2,2026/05/13
5038,15764073,Credit Card,291.69,2,2026/04/01
5039,15808023,Investment,139453.9,1,2026/06/13
5040,15592000,Credit Card,82839.77,1,2025/11/04
5041,15794014,Investment,468.56,2,2026/03/10
5042,15625522,CreditCard,825.79,2,2025/10/12
5043,15715079,Checking,113381.19,1,2025/10/26
5044,15719931,Loan,877.49,2,2026/05/19
5045,15801994,Loan,132.93,2,2026/02/16
5046,15597983,Loan,184233.76,1,2026/03/31
5047,15641158,Investment,68570.05,1,2026/04/21
5048,15742297,Investment,131238.54,1,2025/11/26
5049,15732265,Credit Card,568.22,2,2026/01/10
5050,15633818,Checking,-4553.1,3,2025/12/18
5051,15774393,Checking,566.65,2,2026/05/20
5052,15715939,Credit Card,782.88,2,2025/09/25
5053,15684801,Investment,46268.33,3,2026/04/27
5054,15636330,Credit Card,64124.24,1,2025/09/16
5055,15730394,Loan,345.8,2,2025/10/10
5056,15783349,Investment,72216.71,1,2026/07/27
5057,15796480,Credit Card,509.0,2,2026/08/24
5058,15585280,Credit Card,379.77,2,2026/08/14
5059,15778936,Investment,145054.74,1,2026/04/27
5060,15632967,Checking,482.27,2,2026/03/17
5061,15804256,Checking,41688.28,2,2026/02/25
5062,15672798,Savings,192668.22,1,2026/03/26
5063,15654274,Investment,263.44,2,2025/12/11
5064,15779586,Credit Card,44131.86,2,2026/03/25
5065,15642394,Credit Card,1165.39,2,2025/09/22
5066,15696859,Checking,1177.68,2,2025/09/08
5067,15628863,Checking,73311.98,1,2026/01/09
5068,15580914,Investment,,2,2025/10/31
5069,15747854,Loan,786.4,3,2026/09/01
5070,15708916,Credit Card,526.02,2,2025/11/11
5071,15578671,Checking,87029.08,1,2026/02/17
5072,15803479,Credit Card,1163.21,2,2026/08/12
5073,15663888,Checking,114180.75,2,2026/04/28
5074,15759537,Investment,-813.18,2,2026/05/09
5075,15589230,Investment,47251.99,1,2026/04/27
5076,15640258,Savings,45641.77,2,2025/10/07
5077,15671969,Savings,,2,2025/10/15
5078,15791533,Savings,133204.68,1,2026/06/10
5079,15706186,Investment,48485.39,2,2026/08/05
5080,15642934,credit card,60225.11,2,2026/01/05
5081,15809279,INVESTMENT,90991.95,1,2026/09/03
5082,15609824,Loan,69769.55,3,2026/04/15
5083,15802256,Checking,50301.31,2,2025/11/13
5084,15710295,Savings,80464.76,2,2026/05/02
5085,15723320,LOAN,26828.89,2,2026/01/23
5086,15593736,Credit Card,146746.06,1,2025/11/24
5087,15590637,Savings,539.41,2,2025/11/29
5088,15750574,Investment,67.55,1,2025/09/12
5089,15677921,Checking,65214.49,2,2026/07/10
5090,15761286,Savings,68631.28,2,2025/10/24
5091,15714240,Credit Card,644.79,2,2025/12/02
5092,15690134,Investment,88514.92,1,2026/01/31
5093,15788686,Investment,1121.9,2,2025/11/05
5094,15579262,Savings,1164.36,1,2026/06/03
5095,15758306,Investment,1096.62,2,2026/03/22
5096,15733491,Credit Card,51132.45,2,2025/11/28
5097,15769499,Investment,413.43,2,2025/10/12
5098,15769308,Credit Card,15811.59,2,2026/08/12
5099,15689237,Credit Card,678.56,2,2025/09/08
5100,15739692,Investment,112.81,2,2026/08/15
5101,15781034,Investment,663.66,2,2026/01/20
5102,15729771,Checking,132906.26,1,2025/11/20
5103,15650670,Checking,71415.71,2,2026/04/16
5104,15571571,Loan,67792.62,3,2026/03/05
5105,15638231,Loan,967.18,2,2025/12/03
5106,15709459,Investment,791.56,1,2025/12/22
5107,15612050,CreditCard,280165.64,1,2026/09/03
5108,15793331,Investment,83069.78,2,2025/09/20
5109,15697034,Checking,772.8,2,2026/08/14
5110,15771299,Credit Card,57005.74,1,2026/06/02
5111,15653222,Checking,1938.92,2,2025/12/22
5112,15806403,Investment,910.34,2,2026/04/17
5113,15625706,Loan,57222.01,2,2026/08/25
5114,15749119,Savings,579.92,2,2025/09/27
5115,15568006,Investment,606.59,4,2026/07/25
5116,15738627,Savings,272.48,2,2026/05/28
5117,15714391,Savings,152893.44,1,2026/07/28
5118,15583462,Investment,137453.87,2,2026/08/08
5119,15633059,Savings,487.57,2,2026/08/06
5120,15723481,Loan,520.46,2,2025/10/25
5121,15715707,Credit Card,65544.45,2,2026/03/21
5122,15576714,Checking,364.66,2,2026/08/22
5123,15643523,Investment,591.96,2,2026/02/07
5124,15589312,Loan,94567.89,1,2026/04/18
5125,15764444,Investment,55751.76,2,2025/09/29
5126,15683841,Investment,23602.22,2,2026/07/06
5127,15656333,Investment,131554.33,1,2025/09/05
5128,15812230,Checking,,3,2025/09/27
5129,15592451,Investment,1446.35,2,2026/03/15
5130,15810203,Checking,56220.75,2,2025/12/15
5131,15672516,Checking,68231.24,2,2026/01/08
5132,15668679,Investment,745.0,2,2026/03/13
5133,15730469,Investment,43558.59,2,2026/01/03
5134,15778287,Investment,503.41,2,2025/12/14
5135,15724443,Checking,74198.29,1,2025/10/19
5136,15802351,Credit Card,63341.37,2,2025/09/11
5137,15719508,Credit Card,19355.92,4,2026/04/06
5138,15657540,Loan,67253.41,4,2025/09/17
5139,15760851,Checking,81.37,2,2025/09/10
5140,15605791,Checking,101228.46,2,2026/02/22
5141,15632263,,132951.01,1,2025/12/10
5142,15594084,Savings,988.53,2,2026/08/17
5143,15748660,Loan,123758.0,1,2026/08/11
5144,15726588,Investment,877.99,2,2025/10/05
5145,15692583,Loan,33.99,2,2025/12/24
5146,15717191,Checking,52020.62,2,2025/10/22
5147,15727281,Savings,194.24,2,2026/08/09
5148,15770631,Credit Card,182450.49,1,2025/11/27
5149,15783029,Investment,87542.29,2,2025/11/27
5150,15803526,Checking ,81259.67,1,2025/09/25
5151,15736431,Investment,381.51,2,2026/04/03
5152,15571586,Loan,144211.53,1,2026/05/23
5153,15623107,Loan,45089.11,3,2025/10/28
5154,15732438,Loan,384.46,4,2026/02/17
5155,15694453,Loan,92250.66,2,2026/02/15
5156,15705994,,462.51,1,2026/06/17
5157,15584967,Checking,353.87,2,2026/07/20
5158,15657603,Checking,17317602.67,1,2025/12/09
5159,15622230,Savings,-453.82,2,2026/07/19
5160,15577402,Checking,878.75,2,2025/12/18
5161,15698031,Credit Card,72033.62,2,2026/06/07
5162,15721730,Investment,46673282.6,2,2026/03/24
5163,15625824,Checking,31253.72,4,2026/04/10
5164,15646563,Credit Card,422.64,1,2025/11/03
5165,15810010,Credit Card,89074.96,2,2025/12/30
5166,15655436,Credit Card,134537.92,1,2025/12/21
5167,15664737,Checking,535.76,2,2025/10/27
5168,15748414,Checking,81203.52,2,2026/03/04
5169,15752956,Loan,670.65,4,2026/02/15
5170,15568742,Credit Card,154.03,1,2025/11/30
5171,15684722,Loan,51630.27,2,2025/09/10
5172,15713854,,451.88,2,2026/03/27
5173,15656822,Loan,29943.06,4,2026/08/03
5174,15678727,Savings,103489.28,1,2026/02/11
5175,15721569,Savings,107588.51,1,2025/09/09
5176,15623695,Investment,22.6,2,2026/03/21
5177,15645029,Credit Card,4.64,2,2025/12/20
5178,15603328,Loan,77352.66,1,2026/04/25
5179,15717498,,68784.75,2,2025/12/24
5180,15746515,Investment,61472.89,3,2025/10/06
5181,15733597,Loan,84165.53,2,2026/08/05
5182,15720353,Loan,189.7,2,2026/01/23
5183,15704209,Credit Card,54605.0,2,2026/08/01
5184,15632669,Savings,426.92,2,2026/07/19
5185,15700657,Savings,136937.5,1,2026/03/10
5186,15776605,Loan,66.41,2,2025/09/25
5187,15719778,Credit Card,292.0,2,2025/10/07
5188,15587611,Investment,519.2,2,2025/12/23
5189,15698839,Loan,29840.76,2,2026/04/01
5190,15713505,savings,573.29,2,2026/02/04
5191,15619898,Loan,894.2,2,2026/07/06
5192,15573045,Investment,90205.35,2,2026/05/16
5193,15790299,Investment,1412.45,3,2025/10/25
5194,15803716,Checking,,2,2026/09/02
5195,15745716,investment,873.07,2,2026/06/04
5196,15645571,Loan,1147.12,2,2026/06/21
5197,15647898,Loan,49501.01,3,2025/11/29
5198,15627854,Loan,463.1,2,2026/01/09
5199,15760861,CREDIT CARD,164515.77,1,2025/10/21
5200,15637857,Investment,479.16,1,2026/07/07
5201,15763704,Checking,30490.88,2,2026/02/16
5202,15694946,Investment,,2,2026/07/23
5203,15792668,Investment,43451.17,2,2026/08/25
5204,15636061,Credit Card,43819.67,2,2026/03/20
5205,15812611,Investment,1131.58,2,2026/08/16
5206,15604792,Loan,52800.17,2,2026/08/24
5207,15662698,Checking,59663.33,1,2025/11/10
5208,15574692,Loan,558.96,2,2026/02/20
5209,15771139,Investment,87715.57,2,2025/12/01
5210,15589030,Savings,566.53,2,2026/07/25
5211,15781034,Loan,-1036.28,2,2026/08/21
5212,15695356,Checking,411.23,2,2026/02/12
5213,15655252,Loan,86757.97,3,2026/08/10
5214,15684769,Checking,139204.93,1,2026/05/07
5215,15665221,Savings,80422.62,2,2025/10/07
5216,15810660,Credit Card,43644.03,2,2026/02/21
5217,15566660,Investment,86.6,3,2025/09/12
5218,15788775,Credit Card,112699.4,2,2026/07/11
5219,15681081,Checking,1899.31,2,2026/06/29
5220,15750658,Investment,120.43,3,2026/04/20
5221,15609558,Savings,40154.02,2,2026/03/17
5222,15637428,Savings,1378.17,2,2026/05/22
5223,15780411,Loan,499.53,2,2026/07/27
5224,15790355,Loan,99250.66,2,2025/12/31
5225,15734659,Credit Card,35345.0,2,2026/05/18
5226,15589257,Credit Card,38480.82,2,2026/06/30
5227,15718106,Checking,573.74,2,2026/08/29
5228,15732113,Savings,1208.94,2,2025/09/09
5229,15663650,Investment,38744.36,3,2025/12/31
5230,15722404,Credit Card,431.21,2,2025/09/13
5231,15650288,Credit Card,123267.25,1,2026/07/15
5232,15782659,Investment,300.01,1,2025/11/05
5233,15661275,,159713.15,1,2026/02/08
5234,15690664,Loan,85.51,2,2026/01/02
5235,15582129,Investment,18312.29,3,2026/04/10
5236,15585768,Loan,17966.9,2,2026/01/05
5237,15578722,Checking,256.3,2,2026/07/17
5238,15586629,Savings,82.09,2,2025/10/13
5239,15698791,Loan,95763.95,1,2025/10/03
5240,15645569,Credit Card ,23089.36,2,2025/11/12
5241,15672756,Investment,111488.18,1,2026/03/13
5242,15795429,Loan,62928.18,2,2026/05/16
5243,15702300,Checking,61.7,2,2026/02/01
5244,15739592,Investment,63673.93,1,2025/12/15
5245,15724200,Savings,78470.3,1,2025/11/19
5246,15570508,Loan,,1,2026/03/14
5247,15742886,Investment,42028.41,2,2025/12/16
5248,15807709,Checking,243739.49,1,2026/07/28
5249,15634491,Checking,54493.7,1,2025/09/22
5250,15774857,Investment,943.81,2,2026/01/02
5251,15752956,SAVINGS,479.01,2,2026/07/06
5252,15619045,Credit Card,606.1,2,2026/04/18
5253,15725762,Loan,112769.35,1,2026/02/18
5254,15660200,Loan,205.78,2,2025/11/10
5255,15770030,Checking,731.85,2,2026/01/23
5256,15704581,Checking,74775.72,2,2026/02/12
5257,15677184,Investment,110982.37,1,2026/07/29
5258,15696674,Savings,127313.15,1,2025/09/23
5259,15577913,Loan,166327.66,1,2026/05/27
5260,15720649,Credit Card,49916.97,1,2026/04/03
5261,15715345,Savings,831.96,2,2026/07/31
5262,15706552,Savings,59081.48,1,2026/01/28
5263,15749583,Credit Card,29021.55,3,2025/09/15
5264,15785290,Credit Card,984.36,1,2025/12/29
5265,15631813,Loan,683.11,2,2026/02/19
5266,15654506,Checking,84.39,2,2026/02/25
5267,15656717,Credit Card,596.91,2,2026/01/05
5268,15644005,Loan,346.63,2,2025/12/17
5269,15769254,Credit Card,69001.98,2,2026/06/06
5270,15776433,Investment,907.35,2,2025/09/30
5271,15566843,Investment,178353.88,1,2026/08/09
5272,15728709,Investment,40896.99,2,2026/01/08
5273,15600399,Credit Card,852.38,1,2026/08/20
5274,15671917,Investment,104041.53,1,2026/08/25
5275,15811927,Loan,110162.62,1,2025/12/25
5276,15654964,Credit Card ,65455.2,1,2026/07/11
5277,15731267,Checking,47530.86,1,2026/03/17
5278,15724145,Credit Card,104281.4,1,2026/05/27
5279,15718843,Investment,69923.19,1,2026/02/14
5280,15641629,Credit Card,441.8,2,2025/12/05
5281,15645323,Credit Card,129.68,1,2026/04/17
5282,15792151,Checking,,2,2026/07/22
5283,15756481,Savings,103357.93,1,2025/09/06
5284,15806327,Checking,24152.44,2,2025/10/06
5285,15640789,Checking,86674.99,1,2026/05/12
5286,15767391,Checking,39374.02,2,2025/10/08
5287,15586821,LOAN,417.03,2,2025/12/10
5288,15592765,Savings,18747.72,1,2025/09/29
5289,15768746,Credit Card,358.9,2,2026/07/24
5290,15809654,Investment,60483.35,2,2025/11/14
5291,15619238,Credit Card,395.38,2,2025/12/16
5292,15654562,Savings,52913.64,4,2025/11/06
5293,15682472,Savings,72868.46,2,2025/10/19
5294,15615430,Checking,54779.19,1,2025/11/30
5295,15792222,Loan,52718.51,2,2026/07/03
5296,15619953,Savings,152381.13,1,2026/06/11
5297,15638247,Checking,817.32,2,2025/12/16
5298,15663921,Savings,252.63,2,2026/01/01
5299,15642468,Credit Card,73829.72,2,2026/05/20
5300,15679622,Investment,618.17,1,2025/10/13
5301,15601594,Loan,55823.33,4,2026/04/09
5302,15702430,Credit Card,693.61,1,2026/04/30
5303,15674950,Savings,49149.55,2,2026/02/09
5304,15769412,Checking,114103.11,2,2025/11/26
5305,15790599,Savings,87458.24,2,2025/12/13
5306,15574369,Loan,108866.68,1,2026/01/06
5307,15617029,Checking,,2,2026/04/08
5308,15654390,Checking,180307.91,1,2025/12/02
5309,15691111,Checking,48607.71,2,2026/07/10
5310,15791191,Checking,68272.32,1,2026/01/08
5311,15734626,Loan ,1335.49,2,2026/02/05
5312,15701200,Loan,796.92,2,2026/01/27
5313,15668283,Investment,35047.87,4,2026/06/25
5314,15660422,Savings,338.62,2,2026/04/20
5315,15730639,Savings,82999.84,2,2026/07/25
5316,15613014,Investment,57426.59,2,2025/12/15
5317,15694444,Credit Card,61823.72,3,2026/01/20
5318,15567335,Savings,286.94,2,2026/05/07
5319,15586236,,32334.69,3,2025/10/13
5320,15630466,Savings,790.52,1,2026/03/06
5321,15656829,Investment,729.92,2,2026/03/25
5322,15605263,Checking,156928.71,1,2026/03/15
5323,15687421,Checking,122660.16,1,2025/11/27
5324,15711446,Investment,,3,2026/05/02
5325,15811415,Investment,93965.8,2,2026/04/16
5326,15628523,Investment,750.73,2,2026/04/07
5327,15637979,Loan,71244.24,2,2026/05/19
5328,15588904,Credit Card,490.86,1,2026/07/12
5329,15615352,Investment,49510.97,2,2026/04/12
5330,15808228,Investment,36457.59,1,2025/11/21
5331,15759436,Savings,38816.94,3,2026/05/07
5332,15767474,Investment,468.01,3,2025/09/13
5333,15764195,Investment,85668.35,1,2026/03/17
5334,15613713,investment,55760.26,1,2026/04/09
5335,15679294,Checking,49933.74,2,2025/10/15
5336,15753679,Investment,1254.92,2,2026/02/03
5337,15617476,Checking,262.93,2,2026/07/04
5338,15699532,,72336.49,3,2026/06/05
5339,15675185,Checking,61468.3,2,2025/11/20
5340,15810723,Savings,765.41,3,2026/06/13
5341,15672330,Investment,787.57,2,2025/12/01
5342,15655232,Loan,52664.71,2,2026/01/12
5343,15700752,,,2,2026/03/16
5344,15711843,Checking,31101.19,3,2026/04/28
5345,15599403,Loan,90561.75,2,2026/02/06
5346,15708713,Savings,157.26,2,2026/04/23
5347,15706810,Credit Card,57618.18,2,2026/01/26
5348,15602929,Savings,606.9,1,2026/03/14
5349,15694510,Savings,111733.4,1,2026/06/17
5350,15575486,Checking,838.68,2,2026/07/10
5351,15630511,Checking,38.55,2,2026/05/07
5352,15738980,Investment,645.56,2,2025/10/09
5353,15572801,Loan,82390.81,2,2026/02/20
5354,15746802,Investment,113443.89,1,2025/11/11
5355,15612524,Savings,105580.72,1,2026/05/01
5356,15750545,Savings,714.7,4,2025/12/12
5357,15651664,Savings,133175.28,1,2025/11/21
5358,15813095,Checking,783.35,2,2025/12/09
5359,15711571,Investment,126645.66,1,2025/09/05
5360,15578603,Savings,50161.58,1,2025/09/09
5361,15744607,Investment,47605.46,2,2026/05/17
5362,15772618,Credit Card,122395.15,1,2026/03/13
5363,15731781,Savings,1496.07,2,2026/05/12
5364,15664668,Credit Card,100582.87,1,2026/03/29
5365,15737977,Credit Card,959.46,2,2026/04/03
5366,15689492,checking,57112.19,2,2026/03/24
5367,15628963,Checking,72450.92,2,2026/03/13
5368,15584229,Savings,124230.13,1,2026/03/18
5369,15586310,Checking,206969.95,1,2026/05/11
5370,15594408,Loan,137998.97,1,2026/02/07
5371,15645621,Savings,753.02,2,2026/07/28
5372,15632365,Loan,86115.3,2,2026/07/01
5373,15647975,Loan,152705.74,1,2025/10/09
5374,15587581,Savings,55829.68,2,2026/03/31
5375,15697606,Credit Card,120544.7,1,2025/09/22
5376,15680141,Checking,129440.4,1,2025/11/05
5377,15625929,Savings,172970.21,1,2026/03/19
5378,15641413,Loan,89902.36,2,2026/06/19
5379,15566790,Investment,75242.32,2,2025/11/25
5380,15654346,Loan,74045.92,2,2025/12/11
5381,15711468,Investment,551.92,2,2026/04/14
5382,15612832,Investment,92847.15,1,2026/01/11
5383,15792328,Investment,43.88,2,2026/02/28
5384,15567442,Checking,1588.57,2,2026/05/21
5385,15688251,Savings,28431.32,2,2026/09/01
5386,15656627,Checking,143.12,2,2026/05/11
5387,15780650,investment,460.6,1,2026/07/25
5388,15604515,investment,26723.42,2,2026/08/21
5389,15630913,Checking,142427.59,1,2026/03/10
5390,15619801,Checking,28376.11,2,2026/08/25
5391,15576676,Checking,82821.88,2,2025/10/02
5392,15761692,Credit Card,59407.0,2,2026/08/02
5393,15612444,Loan,684.72,2,2026/03/19
5394,15684367,Investment,294.58,2,2026/04/08
5395,15683195,Investment,71426.24,1,2026/01/07
5396,15738785,Credit Card,3.14,2,2026/01/05
5397,15787550,Loan,1200.57,3,2026/05/05
5398,15727041,Checking,594.81,2,2025/09/20
5399,15674179,Savings,79806.41,1,2026/03/07
5400,15712483,Credit Card,1076.85,2,2026/07/23
5401,15798749,Savings,87738.99,2,2026/08/30
5402,15737521,Checking,40985.43,2,2026/08/15
5403,15663808,Credit Card ,92603.71,2,2025/09/17
5404,15768342,Loan,28539.19,3,2026/08/26
5405,15802758,Loan,67717.2,2,2026/08/09
5406,15659325,Credit Card,209.57,2,2026/07/30
5407,15700714,Credit Card,243.67,2,2025/11/17
5408,15591509,CREDIT CARD,38225.09,2,2026/01/14
5409,15598700,Savings,346.69,2,2026/07/09
5410,15583456,Credit Card,25394.67,3,2026/04/24
5411,15810807,Credit Card,485.78,2,2026/08/17
5412,15655335,Credit Card,344.98,2,2025/11/17
5413,15581323,Checking,75704.98,4,2026/01/11
5414,15624437,Savings,512.79,4,2026/01/07
5415,15649738,Savings,439.55,2,2026/07/08
5416,15720338,Loan,59700.72,2,2026/06/26
5417,15754929,Loan,20783.33,2,2026/08/08
5418,15596088,Savings,38434.44,2,2025/11/24
5419,15724944,Savings,433.14,2,2025/09/09
5420,15595391,Investment ,929.91,2,2025/11/01
5421,15755178,Credit Card,29.59,3,2025/10/20
5422,15681671,Loan,75547.61,2,2026/07/29
5423,15788946,Checking,,1,2026/09/02
5424,15802909,Loan,113157.92,1,2026/03/18
5425,15744622,Checking,87091.2,1,2026/03/25
5426,15796074,Loan,32273.4,2,2026/08/30
5427,15679249,Loan,85813.54,1,2026/06/30
5428,15575883,Credit Card,110381.67,2,2025/10/14
5429,15588928,Loan,1006.3,2,2026/05/26
5430,15803378,Credit Card,648.78,2,2025/12/08
5431,15676156,Savings,33328.56,2,2026/04/07
5432,15813660,Investment,194511.03,1,2025/11/26
5433,15726556,Credit Card,82694.34,2,2026/04/09
5434,15603942,Investment,4251.96,3,2026/01/10
5435,15750141,Savings,42329.29,2,2026/08/23
5436,15736990,Loan,,1,2026/02/04
5437,15735388,Checking,36788.54,2,2026/05/17
5438,15720284,,87913.01,1,2026/06/02
5439,15600392,Checking,25224.6,3,2026/08/06
5440,15636589,Loan,1204.13,2,2026/03/17
5441,15747591,Investment,184498.78,1,2026/06/30
5442,15778135,Savings,516.38,1,2026/02/07
5443,15690744,Checking,79541.7,2,2026/04/01
5444,15604818,Investment,175582.62,1,2025/10/18
5445,15673180,Savings,44810.09,2,2025/10/28
5446,15734044,Loan,49903.9,1,2026/07/25
5447,15813422,Checking,86942.45,1,2026/06/23
5448,15765048,Checking,649.28,3,2026/02/26
5449,15792989,checking,128437.41,1,2025/11/15
5450,15726931,Checking,33911.21,2,2026/01/18
5451,15565878,Credit Card,147.2,2,2025/12/19
5452,15638487,Loan,178964.35,1,2026/03/25
5453,15801169,Credit Card,,1,2026/08/26
5454,15690209,Loan,34688.22,2,2026/02/07
5455,15626385,Investment,58776.35,2,2025/09/06
5456,15570073,Checking,671.85,1,2025/11/28
5457,15747974,Credit Card,221.7,2,2026/05/12
5458,15641366,Checking,98995.12,1,2025/09/03
5459,15759555,Checking,969.0,2,2025/10/22
5460,15765173,Savings,592.9,1,2025/10/08
5461,15683618,Savings,122230.02,1,2026/08/25
5462,15597487,Investment,145.47,1,2026/04/04
5463,15657830,Investment,44180.78,2,2026/05/29
5464,15808780,Loan,1104.54,2,2026/04/04
5465,15778149,Investment,217.2,2,2026/08/04
5466,15704209,Loan,59929.96,2,2026/01/28
5467,15622289,Loan,786.3,2,2026/04/11
5468,15719898,Credit Card,57855.31,2,2025/11/29
5469,15597309,Savings,516.55,2,2025/12/02
5470,15689061,Credit Card,31892732.35,2,2026/03/13
5471,15609824,Savings,63423.64,3,2025/12/07
5472,15801934,Investment,837.46,2,2026/08/29
5473,15592773,Credit Card,39998.94,3,2025/11/10
5474,15811970,Checking,276.81,2,2025/12/13
5475,15724181,Loan,70894.57,2,2026/05/10
5476,15675176,Savings,146732.71,2,2025/12/05
5477,15771409,Investment,125000.69,1,2026/05/18
5478,15632967,Savings,304.54,2,2025/10/29
5479,15743709,Checking,68952.46,1,2026/04/21
5480,15764105,Loan,789.27,3,2026/06/20
5481,15650864,Investment,649.77,2,2025/12/20
5482,15735428,Checking,306.43,2,2025/12/07
5483,15630195,Loan,106113.68,1,2025/12/14
5484,15640258,Investment,48756.36,2,2025/10/03
5485,15583138,,54171.38,2,2025/12/05
5486,15680895,Investment,711.25,1,2025/12/10
5487,15699238,Checking,936.79,2,2026/01/13
5488,15777784,Checking,191791.12,1,2026/03/31
5489,15660429,Loan,60716.66,2,2026/04/16
5490,15756560,Savings,31745.62,2,2026/07/20
5491,15636592,Savings,66599.14,2,2026/07/19
5492,15729975,Investment,163031.38,1,2025/10/28
5493,15713517,Credit Card,30275.1,2,2026/07/25
5494,15588622,Savings,94087.68,1,2025/11/27
5495,15700864,Checking,14.77,2,2025/10/13
5496,15572428,Checking,162575.55,1,2026/01/31
5497,15757473,Checking,93065.36,2,2025/10/16
5498,15744843,Savings,,1,2026/03/15
5499,15639368,Loan,89668.62,1,2025/11/05
5500,15678626,Investment,250.3,4,2026/01/22
5501,15737888,Checking,134975.98,1,2025/10/05
5502,15731760,Loan,683.67,1,2026/02/25
5503,15702175,Investment,110736.68,2,2025/09/18
5504,15764153,Checking,58464.45,2,2026/06/29
5505,15633112,Checking,32388.65,2,2026/01/01
5506,15665438,Savings,167473.24,1,2026/05/05
5507,15773876,Credit Card,291.59,2,2026/05/09
5508,15599195,Loan,54063.89,1,2026/08/13
5509,15637774,Credit Card,48785.01,1,2025/10/24
5510,15708228,Loan,127888.51,1,2025/09/07
5511,15794560,Credit Card,570.64,1,2025/10/04
5512,15657468,Checking,112865.46,1,2026/01/17
5513,15665088,Investment,234.17,2,2025/09/06
5514,15774393,Credit Card,608.94,2,2026/08/09
5515,15686917,Investment,273.86,2,2026/06/28
5516,15663164,Savings,22189.15,4,2025/09/24
5517,15615575,Savings,100.26,2,2025/10/22
5518,15795933,Checking,378.94,2,2025/12/20
5519,15664150,Credit Card,100055.95,2,2026/05/28
5520,15673877,Loan,792.57,3,2025/09/06
5521,15789563,Checking,55947.71,1,2026/03/14
5522,15576714,Credit Card,262.87,2,2026/07/08
5523,15632826,Savings,108643.5,1,2026/05/27
5524,15692142,Investment,55661.3,1,2026/01/17
5525,15800805,Checking,132183.06,1,2026/05/09
5526,15661708,Savings,218.87,2,2026/05/03
5527,15752953,Checking,1476.85,2,2026/02/22
5528,15724955,,,2,2026/07/09
5529,15657535,Savings,579.88,1,2026/04/10
5530,15641675,Loan,38643.33,3,2026/02/22
5531,15810910,Investment,66.85,2,2026/03/11
5532,15582116,Credit Card,50798.49,2,2026/08/18
5533,15662434,Checking,,2,2026/02/25
5534,15719561,Checking,395.11,3,2026/02/11
5535,15727539,Credit Card,963.5,2,2026/01/03
5536,15725679,Checking,266.95,1,2026/03/06
5537,15605286,Credit Card,60696.34,2,2026/08/09
5538,15613518,Checking,102133.18,1,2026/03/26
5539,15805955,Savings,136144.64,1,2026/03/15
5540,15602405,Investment,135090.68,1,2026/07/12
5541,15575417,Savings,93358.65,2,2025/10/02
5542,15694192,Credit Card,647.12,2,2026/03/04
5543,15717643,Loan,37028.76,2,2026/02/19
5544,15602456,Loan,43359.56,2,2025/10/24
5545,15810864,Loan,156.5,2,2025/09/04
5546,15790659,Investment,73.29,2,2026/04/24
5547,15788151,Loan,65745.82,2,2026/08/26
5548,15810390,Savings,498.25,2,2026/03/27
5549,15786643,Credit Card,231.19,2,2025/11/13
5550,15803976,Savings,62.68,2,2025/09/16
5551,15741295,Checking,592.81,2,2026/07/08
5552,15763544,Credit Card,483.77,2,2025/11/04
5553,15653937,Loan,174159.63,1,2026/06/01
5554,15629002,Checking,32254.37,2,2026/01/24
5555,15598521,Credit Card,72200.41,2,2026/08/27
5556,15694946,Credit Card,229.54,2,2026/01/08
5557,15593601,Savings,198028.5,1,2026/03/10
5558,15587581,Loan,36369.89,2,2026/04/22
5559,15699598,Savings,455.86,2,2026/07/16
5560,15733597,Checking,97691.17,2,2026/08/20
5561,15677310,Credit Card,71832.24,1,2026/08/06
5562,15579183,Loan,588.64,2,2026/05/04
5563,15793455,Checking,557.54,1,2026/05/24
5564,15781586,Loan,116227.39,1,2026/04/02
5565,15794014,Savings,425.37,2,2026/08/07
5566,15572408,Loan,-2878.96,2,2025/12/08
5567,15569249,Savings,13771.06,3,2025/09/04
5568,15656286,Savings,880.03,2,2026/07/26
5569,15807194,Checking,40924.95,2,2026/02/14
5570,15723339,Savings,80487.4,2,2025/09/11
5571,15631392,Investment,26703.37,2,2026/07/24
5572,15769064,Loan,62154.81,1,2026/03/06
5573,15736327,SAVINGS,26618.26,2,2025/09/26
5574,15785367,Checking,393.09,1,2026/02/16
5575,15792180,Savings,74876.84,2,2026/08/16
5576,15774285,Loan,89963.45,1,2026/04/18
5577,15769596,Loan,,2,2025/12/31
5578,15781665,Savings,5.18,1,2026/07/10
5579,15794549,Loan,64983.34,2,2026/05/09
5580,15612670,Savings,146.9,2,2026/03/26
5581,15665008,Checking,12761.47,3,2026/07/13
5582,15688691,Checking,36003.27,2,2025/10/14
5583,15778915,Investment,61971.17,2,2026/02/28
5584,15795990,Checking,,1,2026/04/10
5585,15571002,,79694.38,1,2026/05/04
5586,15657284,Investment,77902.81,1,2026/08/06
5587,15763544,Checking,418.74,2,2026/08/27
5588,15644699,,484.44,2,2025/10/24
5589,15790717,Savings,406.18,2,2026/03/19
5590,15576526,Credit Card,839.49,2,2026/01/31
5591,15713267,Loan,654.91,2,2026/07/10
5592,15706021,Checking,47722.27,2,2025/12/11
5593,15647474,Investment,,2,2026/09/02
5594,15813645,Loan,66836.24,1,2025/11/15
5595,15658432,Credit Card,518.59,1,2026/05/27
5596,15641490,Investment,33700.89,2,2026/06/22
5597,15671915,Investment,238.44,2,2026/05/19
5598,15662294,Savings,12074.43,2,2025/09/19
5599,15618239,Investment,381.99,1,2025/11/07
5600,15609913,Savings,331.04,1,2026/05/15
5601,15585036,Credit Card,719.74,2,2025/10/17
5602,15733964,Savings,147834.61,1,2026/02/04
5603,15631848,Credit Card,137578.9,1,2026/08/13
5604,15783083,Loan,275.46,2,2026/06/10
5605,15707025,Loan,435.97,2,2026/04/30
5606,15610727,Savings,96667.97,1,2025/11/28
5607,15750441,Savings,52111.21,2,2026/04/19
5608,15587394,Credit Card,80178.04,2,2025/11/01
5609,15625395,Savings,130586.09,1,2026/05/07
5610,15621440,INVESTMENT,201.67,2,2026/08/08
5611,15812850,Investment,466.28,2,2026/06/06
5612,15720559,Savings,124829.33,1,2026/01/04
5613,15782569,Investment,431.57,1,2026/01/05
5614,15767954,Savings,46314.05,2,2025/12/20
5615,15738980,Loan,235.66,2,2025/11/29
5616,15771966,Savings,235971.67,1,2026/08/06
5617,15805449,Credit Card,22690766.4,2,2026/08/27
5618,15579433,Investment,48808.97,2,2025/10/18
5619,15675585,Checking,-4467.38,2,2025/10/27
5620,15696834,Credit Card,1194.76,2,2026/04/13
5621,15595640,Loan,1531.32,2,2025/09/17
5622,15682600,Loan,140331.89,1,2025/11/24
5623,15676909,Credit Card,971.06,2,2026/02/17
5624,15720662,Checking,78524.38,1,2026/03/18
5625,15781710,Loan,765.95,2,2026/01/24
5626,15810829,Loan,384.76,1,2025/12/24
5627,15613097,,-2955.85,3,2026/01/12
5628,15779744,Checking,98827.62,1,2026/08/09
5629,15700223,Savings,138220.78,1,2026/05/04
5630,15641175,Credit Card,63756.59,3,2026/08/12
5631,15636767,Investment,177.68,1,2025/11/05
5632,15595388,Checking,406.91,2,2026/08/09
5633,15808334,Loan,54563.22,2,2025/11/11
5634,15725166,Investment,382.74,2,2026/06/03
5635,15642824,Credit Card,78785.67,2,2026/07/24
5636,15643048,CHECKING,,2,2026/05/12
5637,15791131,Investment,83189.08,1,2025/10/19
5638,15807457,Investment,904.4,2,2026/08/23
5639,15573318,investment,795.51,2,2026/02/20
5640,15703413,Credit Card,165867.69,1,2025/12/26
5641,15637411,Investment,163.92,2,2026/06/24
5642,15791780,Investment,16544.7,3,2026/07/07
5643,15677377,Investment,369.67,2,2025/10/06
5644,15578809,Credit Card,39532.21,2,2026/07/29
5645,15803415,Investment,120216.86,2,2026/02/25
5646,15791700,Investment,39576.78,4,2026/03/15
5647,15617866,Credit Card,58945.04,2,2026/03/17
5648,15767894,Checking,207.31,2,2026/08/03
5649,15782879,Checking,612.38,2,2026/07/28
5650,15667456,Investment,547.54,2,2026/06/17
5651,15799653,Savings,45078.79,2,2026/04/14
5652,15794048,Credit Card,39224.66,2,2025/12/31
5653,15788920,Checking,58197.55,2,2025/12/26
5654,15658360,Savings,54352.65,2,2026/01/13
5655,15635597,Investment,-3901.75,2,2025/11/01
5656,15637650,Investment,32984.7,2,2026/01/29
5657,15803538,Investment,861.73,3,2025/10/17
5658,15794056,Checking,95.24,3,2025/10/30
5659,15780572,Checking,28.3,2,2025/10/18
5660,15584338,Loan,720.17,2,2026/02/24
5661,15681180,Checking,155156.74,1,2026/07/03
5662,15692918,Loan,181488.45,1,2025/12/08
5663,15729836,Loan,972.4,2,2025/11/01
5664,15662397,Savings,166360.9,1,2026/06/23
5665,15642816,Savings,23162.77,2,2026/03/10
5666,15771749,Savings,39541.14,2,2025/11/07
5667,15757981,Investment,1114.43,1,2026/02/10
5668,15658409,Credit Card,43010.76,3,2026/03/16
5669,15667651,Investment,447.78,2,2026/06/25
5670,15789498,Savings,71205.18,2,2025/09/03
5671,15750765,Checking,78.32,1,2026/02/09
5672,15604963,Investment,411.97,2,2025/10/04
5673,15643794,Savings,540.7,1,2026/07/02
5674,15643916,Loan,41477.77,1,2026/06/04
5675,15656100,Savings,103189.27,1,2025/12/09
5676,15716328,Credit Card,596.36,2,2026/03/20
5677,15707242,,542.73,2,2026/04/07
5678,15641732,Savings,813.21,2,2026/02/13
5679,15668460,Investment,1038.22,2,2026/03/08
5680,15733602,Investment,261.28,2,2026/08/16
5681,15692002,Savings,151719.14,1,2025/11/06
5682,15615322,Checking,87061.47,2,2026/05/27
5683,15813067,Savings,161256.89,1,2026/08/08
5684,15577683,Investment,286.4,2,2026/07/08
5685,15645744,Checking,794.43,2,2026/07/02
5686,15720814,Checking,70561.99,2,2025/12/25
5687,15683183,Investment,123747.31,1,2025/10/27
5688,15614187,Investment,58781.42,2,2026/03/24
5689,15726250,Credit Card,103443.06,2,2025/09/07
5690,15706458,Checking,10897718.46,3,2026/06/05
5691,15729804,Investment,1125.04,2,2026/04/26
5692,15595874,Credit Card,519.55,2,2026/02/11
5693,15606855,Checking,1008.9,2,2025/11/16
5694,15645835,Savings,957.5,2,2026/02/01
5695,15700964,Checking,65938.37,1,2025/12/24
5696,15609977,Savings,72193.43,1,2026/05/16
5697,15623143,Loan,836.2,2,2026/08/17
5698,15720725,Credit Card,433.15,2,2026/04/24
5699,15794566,Savings,716.37,2,2025/11/17
5700,15633419,Loan,84215.44,2,2026/07/07
5701,15643679,Checking,50365.54,2,2026/01/26
5702,15712409,Loan,122663.8,2,2025/11/16
5703,15757759,Savings,42595.02,3,2026/08/09
5704,15654673,Investment,201814.65,1,2026/08/28
5705,15738828,Credit Card,133193.06,1,2025/09/20
5706,15588918,Checking,1052.41,2,2026/07/06
5707,15711062,Credit Card,34471.51,2,2026/02/13
5708,15685290,Credit Card,101460.69,2,2026/02/08
5709,15758252,Savings,,2,2026/05/18
5710,15736769,Savings,431.62,2,2026/08/21
5711,15729224,Savings,207.15,2,2025/11/05
5712,15713370,Credit Card,54128.06,2,2026/01/21
5713,15631333,Investment,176463.97,1,2026/08/30
5714,15680683,Credit Card,123175.0,2,2026/06/23
5715,15748473,Credit Card,11.03,2,2026/05/05
5716,15711181,Loan,215.09,2,2026/07/23
5717,15810460,Loan,697.79,3,2025/12/22
5718,15691785,Savings,529.28,1,2026/05/14
5719,15784218,Checking,919.68,2,2026/01/30
5720,15603247,Investment,115526.8,1,2026/08/29
5721,15722533,Investment,761.91,2,2026/03/14
5722,15789557,Savings,127332.8,1,2025/10/03
5723,15748752,Loan,50274.74,2,2026/02/20
5724,15783025,Investment,57553.74,2,2025/11/20
5725,15641934,Checking,54974.43,1,2025/12/19
5726,15576760,Checking,48260.54,2,2025/12/27
5727,15748034,Investment,255294.43,1,2026/08/27
5728,15736397,Investment,108764.85,1,2025/09/29
5729,15578783,Checking,51321.56,1,2025/12/03
5730,15781127,Credit Card,48148.51,1,2026/05/10
5731,15600882,Checking,834.81,2,2026/03/22
5732,15804950,Investment,,2,2026/02/03
5733,15738936,Checking,35836.09,2,2026/08/06
5734,15757837,Loan,60621.01,2,2025/11/23
5735,15753174,Investment,63833.19,3,2025/09/14
5736,15800890,,373.85,2,2026/06/10
5737,15808389,Savings,1153.36,1,2026/03/22
5738,15591915,Checking,219.94,1,2026/02/22
5739,15619626,Investment,52617.1,2,2026/04/07
5740,15581526,Checking,236.09,2,2026/08/16
5741,15565701,Savings,112018.44,1,2026/05/03
5742,15802118,Checking,,1,2026/02/28
5743,15674620,Credit Card,51357.63,2,2026/03/22
5744,15808044,Investment,37328.92,3,2026/03/22
5745,15778142,Credit Card,58949.69,2,2025/10/09
5746,15745826,Loan,493.24,2,2026/05/31
5747,15570859,Savings,96032.14,2,2026/01/25
5748,15777459,Credit Card,60115.95,2,2026/01/25
5749,15761733,Credit Card,415.15,2,2026/08/25
5750,15673342,Credit Card,18.17,2,2025/12/11
5751,15621834,Savings,1402.58,2,2026/08/27
5752,15806081,Credit Card,74244.93,2,2026/06/10
5753,15573854,Loan,352.7,4,2026/03/23
5754,15763065,checking,302.91,2,2025/10/22
5755,15628972,Credit Card,62812.75,3,2025/11/09
5756,15759751,Credit Card,844.05,2,2026/02/15
5757,15712264,Investment,953.96,2,2026/06/27
5758,15812888,Loan,1167.62,4,2025/09/30
5759,15713250,Checking,669.51,2,2026/09/01
5760,15749669,Checking,1259.47,2,2026/02/05
5761,15798737,SAVINGS,535.78,2,2026/04/25
5762,15702571,Savings,50089.39,3,2026/08/04
5763,15683503,Savings,989.49,3,2025/11/25
5764,15771702,Loan,56155.79,2,2026/06/25
5765,15603481,Loan,52.06,2,2025/11/12
5766,15570192,Credit Card,121075.3,1,2026/04/17
5767,15711618,Loan,123533.69,1,2026/08/25
5768,15669501,Credit Card,901.58,2,2026/05/08
5769,15691952,Savings,103644.01,1,2026/01/30
5770,15812040,Loan,193884.56,1,2025/11/16
5771,15605737,Checking,139.64,2,2025/12/19
5772,15761141,Credit Card,161.36,1,2025/12/23
5773,15605036,Savings,159021.49,1,2025/12/12
5774,15570859,Loan,59260.16,2,2026/08/02
5775,15644977,Savings,367.79,2,2025/09/07
5776,15704746,Credit Card,64892.35,2,2026/03/07
5777,15676353,Checking,97531.26,1,2026/06/24
5778,15605286,Savings,71461.6,2,2025/10/25
5779,15761024,Savings,100237.46,4,2026/08/16
5780,15592222,Loan,87136.15,1,2025/11/17
5781,15589380,Savings,51133.66,2,2026/03/14
5782,15675522,Checking,89442.68,2,2026/04/09
5783,15612729,Investment,373.23,2,2026/08/16
5784,15610972,Savings,41348.41,2,2025/11/28
5785,15790497,Savings,-4018.54,2,2025/10/01
5786,15727353,Checking,131269.63,1,2025/10/22
5787,15624519,Investment,82024.67,1,2026/03/04
5788,15649183,Savings,,3,2026/05/03
5789,15658693,Savings,488.69,2,2025/12/03
5790,15650391,Loan,203092.22,1,2025/09/29
5791,15770214,Loan,575.69,2,2025/11/02
5792,15648681,Credit Card,42374.12,4,2026/05/24
5793,15651460,Savings,781.38,1,2026/08/01
5794,15579820,Loan,96740.72,1,2026/02/23
5795,15667620,Investment,479.34,2,2026/07/03
5796,15668669,Credit Card,112982.13,1,2026/04/13
5797,15666297,Loan,548.6,3,2025/11/18
5798,15572626,Checking,87.46,2,2026/07/21
5799,15605826,Checking,50685.73,3,2026/03/28
5800,15715744,Savings,242.26,1,2026/01/06
5801,15587913,Savings,265.28,2,2025/09/20
5802,15732563,Savings,60808.47,2,2025/11/02
5803,15693200,Checking,554.09,2,2026/01/04
5804,15580953,Loan,76043.14,1,2026/03/25
5805,15601627,Credit Card,205567.32,1,2026/05/11
5806,15793723,Loan,76819.24,2,2026/02/04
5807,15783589,Checking,1295.47,2,2026/08/21
5808,15586135,Savings,1354.22,1,2026/07/05
5809,15682618,,10536.78,2,2025/11/30
5810,15622182,Checking,119046.25,2,2026/08/03
5811,15689328,Savings,115276.34,1,2026/03/14
5812,15684645,Savings,36092.14,2,2026/08/23
5813,15747762,Loan,14749745.57,1,2026/08/12
5814,15765283,Credit Card,72793.95,2,2026/08/06
5815,15710456,Savings,1061.45,2,2025/10/18
5816,15589257,Savings,65409.07,2,2026/04/28
5817,15732704,Checking ,93421.49,2,2026/08/01
5818,15812230,Credit Card,11304.62,3,2026/03/17
5819,15586504,Checking,297.99,4,2026/01/21
5820,15740104,Credit Card,65499.91,2,2026/07/23
5821,15695103,Savings,579.22,2,2026/08/03
5822,15566735,Loan,38554.08,2,2026/04/18
5823,15567557,Loan,177012.66,1,2026/03/10
5824,15643294,Investment,160073.86,1,2025/09/08
5825,15711843,Investment,30771764.29,3,2025/11/03
5826,15589643,Loan,241.42,1,2025/11/01
5827,15711396,Investment,398.06,2,2025/10/15
5828,15749528,,565.19,2,2025/11/04
5829,15698349,Loan,387.92,2,2026/05/11
5830,15668889,Checking,25389.55,4,2026/07/28
5831,15591100,Savings,108832.54,1,2026/08/11
5832,15713250,Loan,278.8,2,2026/05/21
5833,15689268,Checking,161.4,1,2025/12/27
5834,15734886,Loan,87992.38,2,2025/09/14
5835,15725509,Loan,64453.76,2,2026/06/30
5836,15619029,Investment,1380.3,2,2026/06/23
5837,15682211,Checking,583.65,2,2026/06/23
5838,15735263,Credit Card,64622.08,1,2026/05/06
5839,15732175,Checking,14.43,1,2026/01/21
5840,15798824,Checking,55853.65,2,2026/08/24
5841,15681562,Checking,34428.16,2,2025/10/21
5842,15795079,Savings,320.19,2,2026/07/03
5843,15665861,Loan,79816.71,1,2025/12/04
5844,15609669,Loan,77709.44,2,2026/03/18
5845,15622182,Credit Card,72659.31,2,2026/05/08
5846,15576000,Savings,,1,2026/07/30
5847,15700487,Checking,51027.04,3,2026/08/28
5848,15636330,Investment,68814.77,2,2026/04/13
5849,15619304,Checking,72680.2,3,2026/02/02
5850,15791304,Investment,155445.92,1,2026/06/22
5851,15755642,Checking,345.15,2,2025/11/06
5852,15577478,Checking,747.36,1,2025/10/23
5853,15759741,Savings,137549.28,1,2026/02/16
5854,15728224,Credit Card,76524.48,2,2025/10/05
5855,15629787,Checking,74908.07,2,2026/09/03
5856,15768342,Savings,27267.08,3,2026/06/05
5857,15616550,Savings,76271.36,2,2025/12/06
5858,15592197,Checking,1040.75,2,2026/03/29
5859,15643575,Savings,80757.82,1,2026/08/27
5860,15678317,Credit Card,333.74,2,2025/09/13
5861,15603554,Credit Card,31598.37,3,2026/03/23
5862,15626243,Loan,155451.12,1,2026/06/14
5863,15612505,Credit Card,98552.01,1,2026/06/04
5864,15788118,Investment,86009.06,3,2026/06/01
5865,15638513,Credit Card,72411.17,2,2026/05/11
5866,15612771,Investment,102040.54,1,2025/10/05
5867,15675749,Savings,165.44,2,2026/05/26
5868,15654222,Credit Card,140056.66,1,2026/06/29
5869,15769980,Savings,60512.07,1,2026/06/05
5870,15802617,Investment,19911.47,2,2026/09/03
5871,15764153,Checking,58464.45,2,2026/08/02
5872,15746515,Loan,30528.46,3,2025/11/05
5873,15678129,Investment,94420.3,2,2025/12/18
5874,15676645,Savings,555.61,2,2026/08/06
5875,15758050,Savings,279.79,2,2025/11/02
5876,15623082,Checking,158.21,4,2025/12/04
5877,15636731,Checking ,84021.55,2,2026/07/06
5878,15593900,,248528.91,1,2026/08/24
5879,15687648,Investment,890.74,2,2025/12/04
5880,15795275,Checking,40794.72,2,2025/09/05
5881,15801821,Credit Card,106.85,2,2026/06/14
5882,15589660,Checking,163017.48,1,2026/04/19
5883,15653455,Savings,541.56,2,2026/02/10
5884,15570533,Checking ,156835.04,1,2025/11/04
5885,15607098,Checking,37326.1,2,2025/09/23
5886,15789097,Investment,544.93,2,2025/11/07
5887,15643048,Investment,,2,2026/06/24
5888,15634891,Checking,83184.19,1,2025/12/17
5889,15620836,,77629.8,2,2026/08/03
5890,15621093,Savings,49357.05,2,2025/11/24
5891,15656901,Savings,289.35,2,2025/10/17
5892,15660101,Checking,-4492.15,2,2026/06/17
5893,15755196,LOAN,120753.87,1,2026/01/12
5894,15639117,Credit Card,497.68,1,2025/09/20
5895,15798895,Savings,54039.63,1,2025/10/16
5896,15808044,Loan,37123.34,3,2025/11/05
5897,15793585,Loan,1422.87,2,2026/05/20
5898,15748499,Loan,80897.87,1,2026/02/02
5899,15771383,Checking,86933.03,1,2026/03/08
5900,15763665,Investment,74071.22,2,2026/06/08
5901,15766810,Investment,30922.47,2,2025/11/29
5902,15763898,Checking,472.09,2,2026/04/07
5903,15626474,Credit Card,489.02,2,2026/08/05
5904,15776433,Savings,659.35,2,2025/09/03
5905,15622527,Checking,272.87,1,2026/01/08
5906,15646190,Credit Card,104348.37,1,2026/02/03
5907,15601045,Loan,99221.32,2,2025/09/26
5908,15769191,Investment,100849.22,2,2026/05/26
5909,15696371,Checking,84408.09,1,2026/01/31
5910,15794792,Loan,177249.48,1,2026/08/06
5911,15744109,Loan,403.54,1,2026/06/03
5912,15790412,Investment,1065.9,2,2026/04/18
5913,15612931,Checking,97689.14,1,2025/11/13
5914,15773890,Loan,1649.66,2,2026/06/25
5915,15695585,Checking,261738.92,1,2026/05/12
5916,15714567,Checking,601.57,2,2026/08/24
5917,15805884,Loan,146.94,2,2026/02/10
5918,15584156,Savings,39.87,3,2026/05/28
5919,15702656,Savings,83210.69,1,2026/03/02
5920,15699830,Loan,473.57,2,2026/07/10
5921,15781619,Checking,35.72,1,2026/06/05
5922,15728362,Credit Card,866.27,2,2026/05/22
5923,15809909,Savings,396.43,2,2025/12/19
5924,15792004,Savings,491.09,2,2026/08/21
5925,15743153,Credit Card,79969.13,2,2025/10/23
5926,15696277,Savings,499.05,2,2026/08/08
5927,15807525,Loan,391.41,2,2025/09/25
5928,15646490,Checking,242356.04,1,2026/01/02
5929,15690925,,30179.42,2,2025/09/21
5930,15800620,Investment,171.17,2,2025/12/08
5931,15768137,Loan,74414.36,2,2025/11/14
5932,15774155,Loan,119972.54,1,2026/02/03
5933,15626233,Investment,228.12,2,2025/12/22
5934,15765812,Checking,31.33,2,2025/11/10
5935,15701439,Loan,623.78,4,2026/07/08
5936,15632609,Loan,187105.96,1,2026/06/12
5937,15683544,Checking,155.94,1,2025/12/22
5938,15739578,Loan,81978.15,1,2026/07/02
5939,15661591,Loan,90698.62,2,2026/03/05
5940,15748231,Savings,46626.63,2,2026/01/23
5941,15686099,Loan,82530.22,1,2025/11/07
5942,15669957,Investment,137214.77,1,2026/07/18
5943,15611329,Investment,216.74,2,2026/04/07
5944,15670587,Investment,55161.19,2,2025/10/11
5945,15750778,Checking,51339.27,4,2026/06/11
5946,15729908,Loan,806.27,1,2026/01/11
5947,15755978,Savings,93.5,2,2026/01/14
5948,15731522,Investment,172.63,2,2026/03/17
5949,15769005,Savings,37277.16,2,2026/08/01
5950,15595158,investment,58385.06,2,2025/11/25
5951,15733876,Checking,98.32,2,2026/03/26
5952,15637427,Loan,819.27,2,2026/04/24
5953,15777614,Savings,490.49,2,2025/10/15
5954,15580701,Credit Card,155522.48,3,2026/01/11
5955,15728564,Investment,12.58,2,2026/08/15
5956,15599124,Credit Card,821.91,2,2026/04/08
5957,15734365,Loan,80.01,2,2026/08/24
5958,15628007,Savings,1071.91,2,2025/11/15
5959,15581539,Savings,717.12,2,2026/06/04
5960,15569423,Loan,,2,2025/12/16
5961,15741865,Checking,84531.48,1,2025/10/09
5962,15736431,Savings,479.21,2,2026/07/22
5963,15815236,Savings,950.47,2,2026/01/18
5964,15679770,Savings,31579.35,5,2026/07/24
5965,15793324,Credit Card,454.28,3,2026/08/25
5966,15624677,Investment,52374.57,2,2026/07/30
5967,15615176,Savings,55.1,2,2025/12/10
5968,15722692,Checking,41196.87,1,2026/09/03
5969,15649451,Credit Card,1113.25,2,2026/03/12
5970,15601848,Savings,264.86,2,2026/06/18
5971,15694404,Investment,173800.86,1,2026/08/05
5972,15566735,Savings,40611.41,2,2026/07/31
5973,15687431,Investment,115526.13,1,2026/05/22
5974,15683213,Savings,39568.69,2,2026/07/09
5975,15700714,Investment,490.8,2,2025/11/25
5976,15706170,Loan,98258.21,1,2026/04/05
5977,15771580,Investment,70627.97,1,2025/11/20
5978,15584785,Investment,124542.79,1,2026/02/11
5979,15608886,Savings,325.49,2,2026/04/13
5980,15719958,Loan,41403.47,2,2026/03/16
5981,15740470,Checking,60667.55,2,2025/09/16
5982,15580227,Investment,105.12,2,2026/07/09
5983,15722533,Loan,417.07,2,2026/01/07
5984,15574692,Investment,,2,2025/10/12
5985,15726832,Savings,194981.01,1,2026/01/19
5986,15641136,Checking,170.72,2,2025/11/05
5987,15811200,Investment,1097.4,2,2026/06/02
5988,15624451,Investment,627.03,2,2025/10/29
5989,15756155,Credit Card,733.8,2,2026/08/19
5990,15568519,Loan,367.77,2,2026/06/10
5991,15754919,Credit Card,587.73,2,2026/03/30
5992,15713621,Checking,32207.05,2,2025/10/06
5993,15758171,Loan ,548.55,1,2026/02/18
5994,15704769,Savings,-3227.08,2,2026/07/27
5995,15795881,Credit Card,98246.62,1,2025/10/18
5996,15708162,Investment,52553.39,2,2026/03/07
5997,15620505,Credit Card,,1,2026/02/20
5998,15773949,Loan,6.92,2,2026/01/20
5999,15707110,Credit Card,49142.01,2,2025/11/16
6000,15574558,Savings,285.02,2,2025/12/27
6001,15567802,Checking,431.71,2,2026/01/21
6002,15631054,Savings,489.34,2,2025/09/08
6003,15710315,Investment,106931.8,1,2025/10/23
6004,15685109,Savings,820.88,2,2026/03/15
6005,15626985,Credit Card,95781.76,1,2025/12/25
6006,15752081,Checking,216.65,3,2026/03/15
6007,15755138,Savings,426.04,2,2025/10/26
6008,15758856,Credit Card,325.68,2,2025/11/05
6009,15712319,Investment,79584.34,2,2025/12/01
6010,15594685,Savings,128.47,2,2026/05/30
6011,15719541,Checking,38070.63,2,2026/02/06
6012,15592578,Credit Card,40031.75,2,2026/07/01
6013,15706200,Credit Card,77239.74,2,2026/05/11
6014,15727546,Credit Card,411.18,2,2025/10/21
6015,15743051,Credit Card,139520.62,1,2026/05/31
6016,15773789,Savings,116404.63,1,2026/02/28
6017,15734765,Loan,163291.57,1,2026/08/27
6018,15678720,Credit Card,761.31,2,2026/06/22
6019,15804864,Checking,93764.73,1,2026/01/25
6020,15651336,Investment,854.81,2,2026/06/12
6021,15610271,Loan,136976.09,1,2026/01/19
6022,15774262,Investment,49524.68,2,2026/07/11
6023,15713644,Checking,810.5,2,2025/10/23
6024,15652789,Credit Card,494.32,2,2025/09/27
6025,15743478,Savings,27381.57,2,2025/11/29
6026,15799859,Checking,186294.9,1,2026/02/12
6027,15621409,Investment,122747.69,1,2026/03/21
6028,15632850,Savings,589.25,2,2025/12/04
6029,15684103,Investment,470.67,2,2026/02/26
6030,15583353,Investment,172.84,1,2026/08/16
6031,15585867,Investment,830.23,2,2026/06/02
6032,15603846,INVESTMENT,178.79,2,2026/06/12
6033,15768072,Credit Card,97.3,1,2026/07/04
6034,15628007,Checking,535.21,2,2026/03/28
6035,15622729,Credit Card,605.09,2,2026/05/05
6036,15659420,Credit Card,75435.64,2,2026/07/03
6037,15728683,Savings,681.68,2,2025/11/07
6038,15566312,Savings,258.32,3,2026/01/13
6039,15743016,Investment,261895.75,1,2025/09/07
6040,15703793,Savings,35392.74,4,2026/08/20
6041,15768451,Credit Card,17266.31,3,2026/05/23
6042,15591980,Credit Card,58893.84,2,2026/09/03
6043,15686461,Credit Card,59315.47,2,2025/11/21
6044,15730738,Loan,339.99,2,2026/08/05
6045,15760431,Loan,-4592.42,2,2025/11/06
6046,15767891,,29218.25,2,2025/11/15
6047,15669945,Checking,88072.5,2,2026/03/15
6048,15610753,CREDIT CARD,140447.78,1,2026/06/20
6049,15777907,Savings,589.62,1,2026/01/17
6050,15689661,Credit Card,296.56,3,2025/09/30
6051,15733114,Loan,632.84,2,2026/07/27
6052,15730137,Checking,119674.43,1,2026/03/11
6053,15766374,Loan,,2,2026/08/31
6054,15608956,Credit Card,509.39,1,2026/01/08
6055,15793324,Loan,270.7,3,2026/08/16
6056,15709639,CREDIT CARD,105691.79,1,2026/07/11
6057,15807837,Checking,31465.69,1,2026/04/05
6058,15703394,,246.99,2,2026/08/30
6059,15645766,Savings,1.1,2,2026/04/25
6060,15664339,Credit Card,78604.47,2,2025/12/05
6061,15681755,Credit Card,617.29,2,2026/04/15
6062,15686743,Loan,23298.19,3,2026/03/03
6063,15611430,Investment,158.47,1,2026/04/30
6064,15806808,Checking,25436.58,3,2026/05/18
6065,15684801,Loan,34606.73,3,2026/01/27
6066,15732832,Checking,8.16,2,2026/01/22
6067,15671390,Savings,145.05,2,2026/04/10
6068,15765345,Savings,249.02,2,2026/05/27
6069,15689031,Loan,143197.98,1,2025/12/29
6070,15810944,Checking,145.74,2,2026/02/06
6071,15762138,Checking,1559.33,2,2026/07/25
6072,15787907,Checking,59668.52,3,2025/10/17
6073,15778157,Savings ,43364.82,2,2026/02/06
6074,15792818,Loan,189154.73,1,2026/03/30
6075,15647898,Checking,42521.17,3,2026/02/10
6076,15628292,Credit Card,82169.87,2,2025/10/19
6077,15576824,Loan,41440.93,3,2026/07/24
6078,15692577,Checking,76569.95,1,2025/10/13
6079,15626040,,843.01,2,2025/10/12
6080,15773487,Checking,38847.34,1,2026/01/03
6081,15715532,Investment,87965.76,1,2025/10/20
6082,15699492,Loan,,1,2025/11/26
6083,15672970,Checking,416.93,2,2026/06/24
6084,15751926,Loan,35202.93,2,2025/10/02
6085,15795151,Loan,179937.98,1,2025/10/16
6086,15634936,Loan,177615.28,1,2026/01/27
6087,15692664,Loan,125926.63,1,2026/06/13
6088,15570857,Investment,49446.45,2,2026/05/13
6089,15729668,Loan,60579.63,1,2025/09/08
6090,15751392,Savings,738.42,2,2026/04/08
6091,15693683,Loan,73410.0,2,2026/08/15
6092,15683483,Checking,84868.89,2,2026/05/21
6093,15718765,Loan,120547.63,1,2025/11/11
6094,15712199,Checking,153296.44,2,2026/05/06
6095,15606097,Savings,168249.1,1,2026/05/15
6096,15595883,Checking,90221.85,1,2026/05/24
6097,15612043,Loan,123851.14,1,2026/08/19
6098,15657779,Investment,668.87,2,2026/08/15
6099,15684348,Credit Card,159.83,2,2026/06/02
6100,15673439,Loan,68944.63,2,2026/08/26
6101,15670172,Investment,39487867.62,1,2025/11/05
6102,15627251,Checking,125055.88,1,2026/03/29
6103,15568429,Savings,647.77,2,2025/09/10
6104,15618437,Investment,,2,2026/07/15
6105,15582849,Savings,604.35,1,2025/12/09
6106,15626898,Checking,85748.47,1,2025/09/06
6107,15608701,Savings,107861.99,1,2026/09/03
6108,15658435,Investment,825.09,2,2026/04/08
6109,15610643,Savings,169600.03,1,2026/08/28
6110,15692291,Investment,62516.26,2,2026/06/03
6111,15783659,Credit Card,123873.13,1,2026/02/26
6112,15749123,Investment,159569.1,1,2026/01/06
6113,15658032,,100.28,2,2026/08/07
6114,15639303,Credit Card,106495.1,1,2026/05/31
6115,15667085,Investment,846.39,2,2026/08/19
6116,15645621,Loan,621.37,2,2026/07/11
6117,15583394,,38296.01,2,2025/09/24
6118,15732628,Loan,188751.4,1,2026/07/10
6119,15567802,Credit Card,822.9,3,2026/04/20
6120,15634772,Credit Card,137232.97,1,2025/11/28
6121,15569266,Checking,192210.35,1,2026/08/14
6122,15717995,Loan,326.05,2,2026/05/29
6123,15575243,Investment,74831.43,2,2025/12/27
6124,15662884,Credit Card,101394.66,1,2025/12/01
6125,15585835,Loan,67891.27,2,2025/10/11
6126,15772383,Investment,169888.07,1,2026/03/09
6127,15633612,Checking,221640.86,1,2025/11/10
6128,15723318,Checking,702.13,3,2026/05/24
6129,15606552,Savings,49849.63,2,2026/03/02
6130,15815070,Loan,121554.2,2,2025/09/29
6131,15651740,Checking,733.52,2,2026/04/07
6132,15696703,Checking,65620.94,3,2026/05/14
6133,15643361,Loan,84997.17,2,2026/03/16
6134,15704746,Investment,34643.87,2,2025/11/29
6135,15704681,Investment,39998.43,2,2026/03/13
6136,15709016,Loan,96653.31,1,2025/10/30
6137,15762138,Investment,632.77,2,2026/02/23
6138,15629575,Savings,153902.18,1,2026/08/16
6139,15710553,Checking,-3231.93,2,2026/01/08
6140,15612615,Investment,934.39,2,2026/06/06
6141,15713843,Checking,485.11,2,2025/11/02
6142,15685019,Loan,,1,2026/01/29
6143,15776844,Investment,203.38,2,2026/02/03
6144,15737795,Checking,800.48,1,2026/05/08
6145,15732476,Investment,,2,2026/01/31
6146,15742638,Loan,1166.11,2,2026/01/16
6147,15752294,Investment,33667.05,4,2025/12/21
6148,15718057,Loan,139017.06,1,2025/09/04
6149,15774401,,860.91,2,2026/07/23
6150,15674000,Checking,13.35,2,2026/06/21
6151,15782454,Investment,598.12,1,2026/03/23
6152,15595067,Investment,201.84,2,2025/12/23
6153,15603216,Credit Card,267.97,2,2026/02/06
6154,15665327,Loan,46729.62,2,2026/07/29
6155,15648367,Credit Card,51609.39,2,2026/05/24
6156,15605835,Loan,25729.86,2,2025/09/21
6157,15736769,Credit Card,565.96,2,2026/04/28
6158,15789158,Savings,43896.92,2,2026/07/16
6159,15668767,Loan,563.13,2,2026/05/10
6160,15645184,Checking,151.41,2,2025/10/02
6161,15677049,Checking,42444.44,2,2026/03/04
6162,15666032,Investment,214291.17,1,2025/09/06
6163,15569666,savings,190.69,1,2026/07/15
6164,15654760,Loan,123403.14,1,2026/04/26
6165,15808526,Loan,159660.65,1,2026/02/18
6166,15758813,Savings,76455.96,2,2026/02/02
6167,15653448,Investment,666.99,2,2026/03/03
6168,15711750,Loan,253.93,2,2025/10/27
6169,15812365,Loan,70006.01,1,2025/09/05
6170,15757759,Investment,,3,2026/03/01
6171,15813159,Savings,81882.05,1,2025/12/07
6172,15708917,Savings,,1,2026/03/27
6173,15687413,Credit Card,253.57,2,2026/03/03
6174,15752375,Loan,74332.49,1,2025/09/07
6175,15806945,Loan,89453.98,1,2025/10/24
6176,15797227,Investment,912.09,2,2026/04/11
6177,15736299,Credit Card,79955.39,1,2026/05/12
6178,15592326,Credit Card,593.59,2,2025/12/13
6179,15618926,Loan,1044.24,2,2025/10/16
6180,15623647,,60134.62,1,2026/05/31
6181,15739189,Checking,321.75,2,2026/05/24
6182,15744582,Savings,1002.95,3,2025/11/20
6183,15671800,Savings,60035.59,2,2026/04/01
6184,15787693,Checking,90125.79,1,2025/11/05
6185,15624677,Credit Card,44515.58,2,2026/05/10
6186,15769169,Credit Card,307.05,1,2025/09/06
6187,15646969,Loan,81.83,2,2025/11/21
6188,15694717,Savings,61696.79,1,2026/08/05
6189,15666332,Investment,981.47,2,2026/01/09
6190,15740630,Loan,206.22,2,2025/12/27
6191,15670481,Savings,44025.11,2,2026/05/01
6192,15728043,Credit Card,62082.45,2,2026/03/24
6193,15596522,Checking,,2,2026/03/13
6194,15668774,Investment,93575.03,1,2026/02/03
6195,15709846,Savings,90714.59,1,2026/03/08
6196,15756475,,39794.88,2,2026/04/10
6197,15732644,Credit Card,83142.64,2,2025/12/05
6198,15748639,Credit Card,30874.53,2,2026/06/04
6199,15644400,Savings,89747.34,3,2026/01/18
6200,15669411,Investment,106626.62,1,2025/10/28
6201,15650244,Loan,46718.04,2,2026/04/15
6202,15671514,Loan,,2,2026/08/05
6203,15581811,Loan,-1539.77,2,2026/04/15
6204,15579616,Investment,,2,2025/11/24
6205,15576094,Savings,504.62,2,2025/11/13
6206,15705544,Credit Card,173374.52,1,2026/03/03
6207,15696989,Savings,60080.62,3,2026/04/13
6208,15777122,Savings,393.05,2,2025/09/05
6209,15794413,Savings,578.47,3,2026/03/05
6210,15775306,Loan,14991.69,3,2026/09/01
6211,15666916,Savings,47291.28,2,2025/12/13
6212,15748882,Credit Card,34.23,2,2025/10/29
6213,15735782,Savings,143495.06,1,2025/12/09
6214,15741728,,89025.02,1,2026/01/26
6215,15660101,Savings ,111309.52,2,2025/09/23
6216,15640846,Investment,29827.85,4,2025/11/10
6217,15642937,Checking,501.66,2,2026/03/24
6218,15797733,Loan,96618.46,2,2026/04/06
6219,15722425,Loan,1121.31,2,2026/02/19
6220,15680303,Loan,953.79,1,2025/09/19
6221,15691061,Credit Card,96.28,2,2025/11/24
6222,15812279,Loan,96739.06,2,2026/08/10
6223,15672499,Loan,75471.41,2,2025/12/13
6224,15664895,Savings,531.18,2,2026/05/06
6225,15631072,Investment,45620.05,2,2026/08/09
6226,15669293,Savings,147472.23,1,2026/01/17
6227,15583090,Savings,413.47,2,2025/11/02
6228,15779947,Investment,57952.46,3,2026/04/06
6229,15648005,Savings,19626190.18,2,2026/05/11
6230,15635396,Credit Card,122707.47,1,2026/06/11
6231,15744606,CREDIT CARD,75467.0,3,2026/05/14
6232,15798960,Credit Card,103032.54,1,2026/08/18
6233,15585888,Credit Card,29.93,1,2026/09/03
6234,15642099,Loan,102.33,2,2025/11/07
6235,15778975,Checking,41076.06,3,2026/02/16
6236,15642726,Loan,38228.16,1,2026/03/26
6237,15766575,Loan,74007.64,1,2026/05/17
6238,15636624,Checking,,1,2026/03/21
6239,15595874,Checking,297.86,2,2025/11/09
6240,15815097,Loan,567.25,2,2025/10/29
6241,15680370,Savings,175.05,2,2025/10/28
6242,15623649,Savings,792.8,3,2025/09/13
6243,15574071,Checking,27535.56,2,2025/11/06
6244,15766427,Loan,,2,2025/11/21
6245,15748595,Credit Card,54923.01,2,2026/02/26
6246,15807568,Checking,87.53,2,2026/05/17
6247,15624820,Credit Card,15178.39,5,2025/09/09
6248,15577700,Savings,44244.72,2,2026/08/19
6249,15734161,Credit Card,737.14,2,2026/01/02
6250,15668081,Savings,59.5,2,2025/09/29
6251,15761886,Checking,199853.94,1,2026/08/16
6252,15687372,Investment,39100.22,2,2026/02/25
6253,15673529,Checking,39245.45,2,2026/04/10
6254,15601873,Savings,1224.61,1,2026/07/05
6255,15734438,Savings,399.35,2,2025/09/07
6256,15718280,Credit Card,70446.36,2,2026/04/13
6257,15723989,Investment,37569.34,2,2026/05/06
6258,15607170,Checking,47.4,2,2026/01/29
6259,15579074,Loan,64315.93,1,2026/01/25
6260,15710450,Loan,103638.68,1,2026/05/09
6261,15689288,Loan,951.19,2,2025/10/15
6262,15815043,Credit Card,271.31,2,2026/04/10
6263,15689081,Credit Card,1010.83,1,2026/01/07
6264,15647570,Loan,181092.25,1,2026/07/16
6265,15793901,Savings,766.82,2,2025/11/20
6266,15786042,Investment,87947.4,2,2026/05/22
6267,15620000,Savings,85675.98,2,2025/12/07
6268,15785611,Checking,181577.49,1,2026/01/08
6269,15750778,Loan,24654.73,4,2026/01/24
6270,15630413,Checking,472.54,2,2025/10/31
6271,15730579,Credit Card,201455.25,1,2026/01/15
6272,15587299,Investment,238.16,1,2026/08/27
6273,15782247,Loan ,189.38,3,2026/01/07
6274,15617331,Loan,132487.97,1,2026/08/10
6275,15576680,Savings,312.23,2,2026/04/10
6276,15663386,Loan,731.24,2,2025/12/13
6277,15660866,Loan,456.05,2,2026/05/03
6278,15758372,Credit Card,773.01,2,2026/08/30
6279,15807245,Savings,107761.02,2,2025/10/25
6280,15774854,Checking,1027.71,1,2026/08/27
6281,15719508,Savings,40743.25,4,2026/05/18
6282,15729065,Savings,71277.79,2,2026/07/12
6283,15607040,Savings,51366.28,2,2025/12/04
6284,15736717,Credit Card,160408.61,1,2025/12/08
6285,15772421,Investment,115060.09,1,2026/07/02
6286,15673619,Savings,111533.82,1,2026/07/22
6287,15622083,CHECKING,83544.29,2,2026/07/24
6288,15623082,Loan,444.33,2,2025/11/18
6289,15797733,Investment,48485.32,2,2025/12/29
6290,15660602,Checking,-2306.72,2,2025/11/03
6291,15732293,,296.76,2,2025/11/09
6292,15784594,Savings,31309.82,2,2026/03/27
6293,15643229,Credit Card,289.56,2,2025/09/22
6294,15774872,Investment,621.9,2,2026/01/21
6295,15786789,Checking,894.65,2,2025/12/10
6296,15588928,Credit Card,522.66,2,2025/11/16
6297,15689886,Investment,53610.68,3,2026/04/09
6298,15695465,Loan,163.85,1,2025/09/12
6299,15756241,Loan,197517.47,1,2026/07/15
6300,15812616,Loan,265.68,1,2025/12/14
6301,15770995,Loan,76006.88,1,2025/10/19
6302,15734659,Savings,59675.48,2,2025/09/29
6303,15806332,Investment,279.34,2,2026/03/16
6304,15569892,Savings,33266.99,1,2026/03/30
6305,15615016,Credit Card,338.65,2,2026/05/29
6306,15627517,credit card,248087.62,1,2026/02/06
6307,15707144,Loan,22553.66,4,2026/08/27
6308,15745001,Savings,468.33,2,2026/07/24
6309,15664802,,,2,2025/12/30
6310,15810218,credit card,954.52,3,2025/12/25
6311,15623346,Investment,442.99,2,2026/02/22
6312,15594515,Credit Card,410.32,2,2026/04/09
6313,15784918,Loan,,2,2026/05/06
6314,15602811,Savings,-562.65,2,2025/10/04
6315,15656597,Loan,69847.69,2,2026/05/22
6316,15791988,Credit Card,716.55,2,2026/04/09
6317,15577170,Loan,31192.79,2,2026/07/29
6318,15597239,Loan,94230.81,1,2025/09/29
6319,15638257,Checking,26357.7,2,2026/02/05
6320,15720929,Credit Card,28756.6,3,2025/10/29
6321,15578761,Savings,89397.86,2,2026/01/18
6322,15800482,Checking,649.83,2,2026/03/08
6323,15802009,Savings,1138.11,2,2026/01/24
6324,15732778,Savings,54218.33,2,2026/03/01
6325,15695339,Checking,88228.03,1,2026/09/02
6326,15680370,Credit Card,442.18,2,2026/04/05
6327,15585287,Checking,116696.15,1,2026/01/07
6328,15669169,Loan,-3068.66,2,2026/02/13
6329,15709354,Loan,899.15,2,2025/09/27
6330,15740147,Loan,701.86,1,2025/12/05
6331,15594576,Investment,,1,2025/09/23
6332,15671779,Checking,465.08,2,2025/09/03
6333,15687171,Credit Card,159154.42,1,2025/09/29
6334,15739857,Loan,461.52,2,2026/08/07
6335,15659094,Loan,56561.21,2,2026/02/14
6336,15737647,Investment,73903.52,1,2025/12/20
6337,15697201,Investment,676.78,1,2026/01/27
6338,15583394,Checking,60658.14,2,2026/05/02
6339,15656009,Loan,776.17,1,2026/01/24
6340,15660403,checking,630.18,2,2026/07/10
6341,15623062,Savings,65697.92,1,2025/10/24
6342,15602797,,18301.39,3,2026/04/11
6343,15672437,Checking,72101.26,2,2025/12/06
6344,15779886,Credit Card,1298.85,2,2026/01/10
6345,15656454,Checking,82401.1,1,2026/05/12
6346,15579714,Checking,519.89,2,2026/03/08
6347,15662533,Investment,844.53,2,2026/02/21
6348,15653251,Checking,113122.88,1,2026/02/05
6349,15746139,Credit Card,44555164.56,1,2025/10/30
6350,15775797,Credit Card,670.45,3,2025/10/22
6351,15599024,Credit Card,726.45,2,2026/08/11
6352,15659428,Investment,431.18,2,2025/09/09
6353,15659031,Loan,51195.7,2,2026/08/18
6354,15701687,Investment,28567.27,3,2026/06/12
6355,15814040,Loan,451.18,2,2025/11/08
6356,15586039,Savings,67577.9,2,2026/02/19
6357,15647111,Checking,114834.43,1,2026/03/06
6358,15728523,Savings,109481.76,1,2026/03/07
6359,15608968,Savings,32724.49,2,2026/07/01
6360,15688637,Savings,108.25,2,2026/05/31
6361,15613712,Checking,15001728.43,2,2026/07/09
6362,15626507,,124801.65,1,2026/03/12
6363,15596992,Savings,195670.2,1,2026/01/02
6364,15645543,Loan,,2,2026/08/01
6365,15721377,Credit Card,183507.5,1,2026/01/22
6366,15768682,Savings,193.1,1,2025/12/19
6367,15758477,Checking,150.2,2,2026/06/29
6368,15574842,Savings,84129.64,3,2026/03/18
6369,15575430,Checking,135546.8,1,2025/10/17
6370,15598536,Checking,,1,2025/10/27
6371,15650437,Checking,78250.75,2,2025/11/08
6372,15657321,Investment,38885.34,2,2026/07/22
6373,15731281,Savings,76944.79,2,2026/07/08
6374,15567333,Credit Card,125.64,2,2025/11/03
6375,15746333,Investment,388.21,4,2025/09/24
6376,15607690,Investment,62028.04,2,2026/06/30
6377,15815040,Checking,128705.15,1,2026/08/04
6378,15709396,SAVINGS,503.4,2,2025/12/09
6379,15793803,Checking,28414801.75,1,2025/12/10
6380,15572461,Investment,52997.03,2,2026/08/29
6381,15737605,Checking,58815.78,2,2026/04/19
6382,15705403,Loan,129908.22,1,2025/10/23
6383,15725509,Savings,57079.62,2,2025/10/11
6384,15709643,CreditCard,646.16,3,2026/06/09
6385,15569222,Checking,104658.64,1,2026/07/16
6386,15598751,Savings,497.06,3,2026/02/25
6387,15568904,Savings,102751.95,1,2026/02/04
6388,15570857,Savings,79897.58,2,2026/05/03
6389,15756196,,61058.13,2,2025/12/15
6390,15762993,Savings,61125.98,2,2026/06/03
6391,15663987,Loan,452.85,3,2025/11/20
6392,15809309,Loan,219194.65,1,2025/09/25
6393,15730735,,57308.61,2,2025/11/07
6394,15637522,Investment,97123.35,1,2025/12/10
6395,15759244,Credit Card,50807.34,2,2026/04/05
6396,15610403,Credit Card,-3866.78,4,2026/06/11
6397,15754526,Investment,186738.09,1,2026/09/02
6398,15703728,Checking,347.25,1,2026/01/10
6399,15608338,Credit Card,40759.64,4,2026/06/16
6400,15790324,Loan,112912.77,1,2026/02/27
6401,15810834,Investment,159559.74,1,2026/03/09
6402,15605264,Loan,38512.33,2,2026/04/20
6403,15626475,INVESTMENT,552.1,2,2026/07/22
6404,15697801,Investment,44544.78,2,2025/11/02
6405,15605698,Loan,258.81,3,2026/04/14
6406,15605950,Savings,40142.83,2,2025/10/07
6407,15633854,Checking,,2,2026/05/08
6408,15712877,Loan,744.6,2,2026/04/05
6409,15698167,Checking,51359.47,2,2026/05/29
6410,15798885,Savings,73082.19,2,2026/05/18
6411,15722845,,80981.42,2,2025/09/14
6412,15702601,Savings,57261.84,2,2025/11/27
6413,15668323,Savings,67937.26,1,2026/07/06
6414,15696361,,160663.51,1,2026/01/21
6415,15741745,Credit Card,,2,2026/08/25
6416,15779064,Credit Card,84.34,2,2025/11/08
6417,15693771,Loan,99036.72,1,2026/01/29
6418,15596713,Investment,64305.9,2,2025/09/26
6419,15770525,Credit Card,57911.18,2,2026/06/19
6420,15699515,Savings,48966.9,2,2025/10/04
6421,15808182,Credit Card,62905.37,2,2026/08/24
6422,15613189,Loan,,1,2025/12/09
6423,15793856,Loan,73876.87,2,2026/03/25
6424,15799468,Savings,,1,2026/05/14
6425,15685500,Loan,91629.58,2,2026/08/19
6426,15672374,CreditCard,302808.55,1,2026/06/02
6427,15760121,Credit Card,74158.92,1,2026/05/23
6428,15656627,Investment,267.17,2,2025/10/11
6429,15565996,CreditCard,125.45,2,2025/11/26
6430,15592386,Credit Card,259.88,2,2026/04/15
6431,15580623,Loan,401.06,2,2026/05/21
6432,15645942,Investment,1059.76,2,2026/03/18
6433,15588933,Checking,158167.84,2,2026/06/17
6434,15800228,,345.12,2,2026/03/21
6435,15690670,Credit Card,32.63,2,2026/03/27
6436,15576723,Loan,50.84,2,2026/07/10
6437,15615352,Credit Card,79410.25,2,2026/01/20
6438,15700046,Savings,,2,2025/12/17
6439,15611189,,72317.35,1,2025/12/06
6440,15638028,,58881.81,2,2025/09/04
6441,15730076,Loan,57.22,1,2025/11/23
6442,15736124,Investment,55193.73,2,2026/06/22
6443,15796721,Investment,122257.32,2,2025/12/23
6444,15772503,Loan,89.43,2,2026/07/03
6445,15642468,Loan,55563.16,2,2026/08/25
6446,15664339,Loan,95977.46,2,2025/09/07
6447,15778418,Loan,165011.18,1,2026/05/23
6448,15698953,Loan,131.33,3,2026/04/24
6449,15724223,Checking,926.73,1,2026/05/18
6450,15624323,Checking,691.37,2,2026/08/31
6451,15591130,Savings,717.7,2,2026/05/29
6452,15709142,Checking,66738.61,2,2026/01/13
6453,15735246,Checking,230.33,2,2026/02/05
6454,15730460,Savings,160.93,1,2025/12/24
6455,15761775,Loan,46099.35,2,2026/02/01
6456,15722701,Savings,178809.61,1,2026/08/31
6457,15781875,Loan,51468.51,2,2026/01/18
6458,15797190,Loan,139011.67,1,2026/06/12
6459,15589975,Loan,92335.26,1,2025/11/02
6460,15721181,Savings,1209.72,2,2025/11/29
6461,15767821,Credit Card,20065.29,2,2025/12/26
6462,15636024,Loan,101908.54,1,2025/09/26
6463,15716926,Loan,47044.11,2,2026/06/03
6464,15736420,Checking,85838.3,2,2026/01/02
6465,15806964,Checking,106187.81,1,2026/01/30
6466,15768201,Credit Card,113131.24,1,2025/09/23
6467,15668580,Investment,339.87,2,2026/07/27
6468,15658158,Checking,142014.25,1,2025/11/17
6469,15642202,Checking,45616.66,2,2026/01/23
6470,15693732,Savings,917.48,2,2025/11/10
6471,15587451,Credit Card,203443.24,1,2026/01/19
6472,15729489,Loan,94306.85,1,2025/09/29
6473,15708063,Loan,40382.16,3,2026/07/28
6474,15585748,Investment,63140.13,2,2026/01/08
6475,15691910,,689.09,3,2025/12/19
6476,15791991,Checking,724.02,1,2026/06/03
6477,15697360,Savings ,78050.09,1,2025/11/01
6478,15671934,Checking,161547.46,1,2025/09/03
6479,15585853,Savings,341.84,1,2026/08/01
6480,15666200,Savings,514.43,3,2026/02/27
6481,15685096,Checking,450.42,2,2026/07/23
6482,15679587,Checking,178759.51,1,2026/07/09
6483,15715877,Credit Card,327.62,3,2026/03/10
6484,15613048,Checking,116664.05,1,2026/02/16
6485,15658409,investment,13552.49,3,2025/10/15
6486,15709487,Savings,-2593.25,2,2026/08/30
6487,15757568,Checking,849.95,1,2026/06/11
6488,15792726,Credit Card,56085.6,2,2026/01/16
6489,15622578,Loan,94782.8,1,2025/11/10
6490,15636756,Savings,447.43,2,2026/03/31
6491,15621685,Savings,58408.66,2,2026/07/13
6492,15811389,INVESTMENT,100153.76,2,2026/01/31
6493,15709412,Credit Card,810.44,2,2026/02/16
6494,15682639,CREDIT CARD,459.94,2,2025/10/02
6495,15649112,Investment,96828.54,2,2026/07/20
6496,15700476,Savings,64493.32,2,2025/09/08
6497,15710421,Investment,126853.08,1,2026/03/04
6498,15585580,Loan,150543.91,1,2025/12/24
6499,15802088,Investment,55.83,1,2026/01/24
6500,15726167,Checking,422.03,2,2025/12/02
6501,15722083,Checking,842.93,2,2026/01/12
6502,15583850,Investment,65305.69,2,2025/09/11
6503,15698442,Investment,231776.1,1,2026/06/05
6504,15591360,Loan,39396.95,4,2026/08/05
6505,15744582,Investment,164.84,3,2026/06/28
6506,15643487,Checking,122626.58,1,2025/10/27
6507,15811200,Savings,239.89,2,2026/08/21
6508,15725221,Checking,81552.22,1,2026/03/17
6509,15662908,Loan,33422.37,2,2026/08/03
6510,15650258,,147135.25,1,2026/01/12
6511,15721307,Investment,58881.08,2,2026/07/20
6512,15680234,Investment,159822.57,1,2026/07/24
6513,15651943,Investment,19.17,2,2026/07/09
6514,15616859,Loan,12354.57,4,2026/06/12
6515,15758531,Savings,426.02,2,2025/12/17
6516,15697307,Savings,1009.5,2,2026/04/17
6517,15708162,Savings,34154.51,2,2025/12/24
6518,15569670,Savings,115584.76,1,2026/02/16
6519,15579616,Checking,512.2,2,2026/01/18
6520,15743893,Checking,-4380.38,1,2025/12/16
6521,15662751,Credit Card,84851.35,1,2026/06/27
6522,15677020,Loan,954.93,1,2026/07/22
6523,15674750,Credit Card,425.09,2,2026/03/24
6524,15774630,Investment,146271.5,1,2025/11/21
6525,15686236,CREDIT CARD,182932.0,1,2026/04/19
6526,15600882,Credit Card,178.33,2,2025/12/30
6527,15579387,Checking,50793.28,2,2026/04/13
6528,15724307,Investment,112858.91,1,2026/03/10
6529,15736963,Credit Card,360.34,2,2025/11/17
6530,15705085,Loan,804.54,2,2026/05/06
6531,15745083,Checking,62223.18,1,2025/10/20
6532,15605804,Credit Card,261.65,2,2026/05/14
6533,15762588,Loan,415.82,2,2025/12/04
6534,15668594,Loan,125723.73,1,2026/04/26
6535,15761670,Loan,367.99,1,2025/12/06
6536,15595937,Savings,88893.44,2,2025/12/02
6537,15697691,Savings,1084.38,1,2025/12/08
6538,15768270,Checking,775.23,2,2026/06/21
6539,15808674,Investment,38328.55,3,2026/05/12
6540,15724623,Loan,128050.53,1,2025/12/04
6541,15679299,Loan,111691.01,1,2026/07/31
6542,15657396,Savings,99.37,2,2026/01/25
6543,15812832,Investment,15901.69,2,2025/09/13
6544,15679983,Investment,258.48,3,2026/02/08
6545,15677939,,41.32,2,2025/11/25
6546,15770039,Credit Card,131677.8,1,2025/12/02
6547,15669805,Loan,76741.0,1,2026/03/23
6548,15665168,checking,72765.69,2,2026/08/20
6549,15617134,Credit Card,457.79,2,2026/07/11
6550,15725772,Checking,330.45,2,2025/12/08
6551,15642619,Loan,758.76,2,2025/10/08
6552,15695225,Credit Card,161.85,2,2025/11/15
6553,15637717,Checking,54745.32,2,2025/10/09
6554,15614034,Investment,84795.8,2,2026/04/09
6555,15733616,Loan,112540.17,1,2026/01/06
6556,15586959,Loan,111.38,1,2026/04/23
6557,15620756,Loan,184454.56,1,2026/07/30
6558,15644977,Loan,32.36,2,2026/03/28
6559,15624188,Savings,33.52,2,2025/10/24
6560,15665521,Credit Card,64125.36,2,2026/05/30
6561,15798084,Loan,623.72,2,2025/11/12
6562,15792729,Loan,218257.51,1,2025/09/09
6563,15570205,Credit Card,759.79,2,2026/07/08
6564,15629094,Credit Card,138180.15,1,2025/10/24
6565,15687162,Investment,120643.84,1,2026/03/15
6566,15745433,Credit Card,99005.08,2,2026/03/18
6567,15676519,Savings,1.19,2,2025/09/13
6568,15681007,Investment,37133.0,4,2025/10/29
6569,15700710,Loan,118623.86,1,2025/09/09
6570,15606887,Checking,10710462.8,1,2026/07/29
6571,15662626,Credit Card,339.8,2,2025/09/25
6572,15602797,Credit Card,29821.36,3,2025/11/09
6573,15567013,Savings,1060.64,2,2026/01/08
6574,15809772,Loan,212.05,1,2025/10/15
6575,15784124,Credit Card,104799.42,1,2026/01/18
6576,15764174,Checking,210.37,2,2025/11/15
6577,15789669,Credit Card,893.0,2,2026/07/21
6578,15744919,Investment,185285.9,1,2026/07/07
6579,15576269,Checking,166.29,2,2025/09/09
6580,15653776,Credit Card,43149.29,4,2025/09/07
6581,15603134,Loan,253274.48,1,2025/10/27
6582,15578787,Investment,679.62,1,2026/06/07
6583,15709531,Checking,70640.06,1,2026/02/23
6584,15793042,Loan,46271.92,2,2026/08/31
6585,15776229,Loan,41990.47,1,2025/10/16
6586,15723250,Investment,924.95,2,2025/12/15
6587,15600692,Checking,449.33,2,2025/11/13
6588,15628583,Savings,828.05,2,2026/05/06
6589,15586880,Investment,57970.0,2,2026/06/18
6590,15712807,Checking,94380.38,1,2026/04/18
6591,15614103,Checking,,1,2025/11/25
6592,15634262,CREDIT CARD,73207.27,2,2026/02/07
6593,15698902,Savings,-1246.01,1,2026/02/19
6594,15603550,Savings,46984.64,2,2026/05/06
6595,15806132,Investment,96978.46,1,2025/11/21
6596,15763662,Investment,23031.3,2,2026/01/05
6597,15570002,Loan,,4,2025/10/01
6598,15755825,SAVINGS,747.09,1,2026/06/08
6599,15623220,Loan,208.79,2,2026/08/23
6600,15723339,Credit Card,94746.83,2,2026/01/17
6601,15566594,Savings,555.89,2,2026/07/21
6602,15731412,Investment,114870.17,1,2026/06/08
6603,15566594,Loan,128.21,2,2025/11/05
6604,15682839,Loan,100110.74,1,2025/09/13
6605,15568429,Investment,694.45,2,2025/09/25
6606,15754999,Loan,563.58,1,2025/10/25
6607,15626475,Checking,805.02,2,2026/06/08
6608,15812482,Investment,168689.67,1,2026/02/01
6609,15684999,Savings,29025.02,2,2025/10/25
6610,15775703,Loan,87882.94,1,2026/05/22
6611,15580912,Checking,67175.36,2,2026/04/03
6612,15607381,Credit Card,121295.76,2,2025/11/14
6613,15595831,Checking,122883.29,1,2025/09/03
6614,15604020,Checking,155075.39,1,2025/12/26
6615,15677395,Credit Card,70264.0,2,2025/09/15
6616,15656865,Investment,46704.69,1,2025/12/28
6617,15587676,Credit Card,232.57,1,2026/04/09
6618,15814331,Investment,41364.56,2,2026/03/19
6619,15708193,Investment,1529.08,2,2025/11/17
6620,15811877,Loan,1.3,2,2026/03/02
6621,15746190,Credit Card,353.2,2,2026/08/04
6622,15590349,Savings,237.29,1,2026/01/27
6623,15711130,Savings,896.19,2,2025/12/27
6624,15767729,Investment,36826.78,2,2026/08/19
6625,15799710,Credit Card,96316.94,1,2026/03/18
6626,15732235,Loan,81643.48,1,2026/08/20
6627,15719940,Savings,41708.88,2,2025/10/30
6628,15746461,Checking,690.22,2,2026/05/12
6629,15794276,Loan,1086.83,1,2025/11/28
6630,15648800,Loan,90412.36,1,2025/10/29
6631,15760177,Savings,96949.03,3,2025/12/26
6632,15734610,Checking,40737.86,3,2025/10/25
6633,15705620,Savings,45674.21,2,2026/01/25
6634,15637428,Investment,572.2,2,2026/03/04
6635,15594862,Loan,1072.52,2,2025/10/12
6636,15770516,Loan,178177.23,2,2026/07/15
6637,15810485,Investment,,1,2026/02/20
6638,15677307,Credit Card,138441.13,1,2025/11/02
6639,15683027,Savings,48770.55,2,2026/03/06
6640,15593365,Investment,71640.54,1,2025/10/16
6641,15741745,Credit Card,,2,2025/09/25
6642,15778219,,313.91,1,2026/07/09
6643,15766869,Checking,27925786.22,2,2025/11/19
6644,15680855,Loan,35582627.24,1,2025/12/03
6645,15731246,Checking,307.29,2,2026/04/10
6646,15649523,Credit Card,280.1,2,2026/06/01
6647,15718242,Checking,134299.3,1,2026/02/21
6648,15574012,Loan,35999.51,2,2026/07/07
6649,15806822,Investment,426.9,2,2025/12/04
6650,15663312,Loan,47176.83,2,2026/08/16
6651,15596021,Savings,45.68,2,2026/04/08
6652,15763515,,351.44,2,2025/11/18
6653,15669606,Loan,394.33,2,2026/08/10
6654,15757521,Investment,110853.68,1,2026/08/20
6655,15703923,Savings,93838.69,2,2026/02/04
6656,15612627,Investment,88328.32,4,2026/07/19
6657,15690526,Investment,72460.2,2,2026/01/27
6658,15701037,Loan,65.7,2,2026/02/28
6659,15667460,Savings,346.02,2,2025/10/26
6660,15583392,Credit Card,40140.59,3,2026/01/19
6661,15800251,Investment,16952.88,2,2026/05/16
6662,15750248,Credit Card,91229.7,1,2026/08/07
6663,15794580,investment,383.96,1,2026/03/10
6664,15808971,Investment,41.38,2,2026/01/16
6665,15705521,Savings,113333.98,1,2026/09/02
6666,15610433,Savings,511.03,2,2025/10/12
6667,15571476,Investment,155588.47,1,2025/09/04
6668,15706463,Savings,193.35,2,2025/11/18
6669,15746737,Checking,75025.07,1,2026/08/04
6670,15573769,Investment,515.69,2,2025/11/17
6671,15726747,Credit Card,83440.77,1,2026/02/13
6672,15584037,Credit Card,112549.27,1,2025/11/17
6673,15655961,Loan,179391.71,1,2026/03/21
6674,15575748,Loan,40194.26,2,2026/04/19
6675,15768455,Investment,976.4,2,2026/05/05
6676,15671358,Credit Card,28477033.75,2,2025/10/07
6677,15775238,Investment,129477.73,1,2025/10/30
6678,15652069,Credit Card,536.14,2,2026/06/25
6679,15747854,Savings,169.08,3,2026/04/09
6680,15652192,Checking,110284.99,2,2026/01/23
6681,15751771,Investment,89654.44,1,2025/11/16
6682,15712608,Investment,37356.86,2,2025/10/19
6683,15742834,Loan,96.3,1,2026/02/15
6684,15640507,Investment,36438.71,3,2025/11/07
6685,15763065,investment,496.16,2,2025/12/05
6686,15584338,Investment,390.97,2,2026/03/19
6687,15707551,Loan,31341.19,2,2026/03/02
6688,15613699,Savings,82520.61,1,2026/02/13
6689,15625761,Loan,34984.46,4,2026/05/14
6690,15579787,Credit Card,608.64,2,2026/04/08
6691,15664759,Checking,513.51,2,2026/05/07
6692,15795571,Investment,101666.85,1,2026/08/24
6693,15745266,Credit Card,1511.64,1,2026/04/02
6694,15685640,Loan,131261.05,1,2026/07/08
6695,15573278,Credit Card,27.39,2,2026/07/25
6696,15572073,Savings,281.91,2,2026/02/20
6697,15746674,Loan,372.28,1,2025/11/12
6698,15650086,Credit Card,57854.66,2,2026/08/03
6699,15709994,Checking,220937.27,1,2026/01/06
6700,15747542,Credit Card,84.42,2,2026/03/18
6701,15626144,Loan,-1423.76,2,2026/04/05
6702,15575492,Checking,996.55,2,2026/06/11
6703,15687218,Investment,113449.03,1,2026/05/15
6704,15600992,Credit Card,873.0,2,2026/06/05
6705,15585748,Savings,87845.87,2,2026/06/03
6706,15660301,Checking,78795.83,2,2026/05/13
6707,15654300,,79598.56,1,2026/06/02
6708,15749727,Loan,709.19,2,2026/06/04
6709,15779492,Investment,18565.57,1,2025/12/29
6710,15769412,Checking,114103.11,2,2026/03/18
6711,15640407,Savings,77041.87,2,2025/10/15
6712,15702561,Investment,926.39,1,2026/06/27
6713,15668445,Investment,731.7,2,2026/04/06
6714,15751943,Credit Card,536.88,2,2026/05/30
6715,15745794,Savings,674.66,2,2026/06/25
6716,15581871,Loan ,63366.32,2,2026/08/24
6717,15608209,Savings,41617.89,2,2025/12/24
6718,15616240,Loan,236.73,2,2026/08/28
6719,15591135,Checking,,2,2025/10/17
6720,15693864,Savings,124248.96,1,2026/01/01
6721,15796569,Credit Card,455.06,1,2026/03/07
6722,15643024,Savings,171767.84,1,2025/09/04
6723,15702669,Savings,94590.77,2,2025/12/16
6724,15710375,Savings,293.5,2,2025/09/11
6725,15613014,Loan,78926.65,2,2026/03/07
6726,15582797,Checking,86698.27,1,2026/06/15
6727,15692207,Savings,533.65,2,2026/05/03
6728,15578375,Savings,1443.46,1,2025/11/10
6729,15745012,Credit Card,63.9,2,2025/10/29
6730,15779496,Investment,52047.24,2,2025/10/03
6731,15576623,Checking,357.25,2,2026/02/28
6732,15787602,Checking,821.95,2,2026/03/06
6733,15725698,Investment,69270.21,1,2025/11/13
6734,15645815,Savings,581.7,2,2026/01/31
6735,15625824,Investment,25276.24,4,2026/04/26
6736,15757632,Savings,92247.2,2,2025/11/15
6737,15731519,,894.46,2,2026/06/12
6738,15769955,Savings,835.51,2,2026/04/06
6739,15758056,Credit Card,91.62,2,2026/01/05
6740,15584114,Savings,89403.46,1,2025/12/19
6741,15576517,Checking,60465.54,2,2025/12/26
6742,15647091,Credit Card,54377.06,1,2025/10/01
6743,15729377,Loan ,737.75,2,2025/11/12
6744,15691170,Checking,36431.54,1,2025/11/02
6745,15814816,Checking,12098273.28,1,2026/08/25
6746,15654238,CREDIT CARD,119230.72,1,2026/08/29
6747,15706186,Loan,60495.66,1,2025/11/15
6748,15706593,Savings,761.59,2,2026/03/15
6749,15728078,LOAN,84680.72,1,2025/09/16
6750,15730353,Investment,45977.18,2,2026/08/25
6751,15635939,Checking,38.91,2,2026/04/08
6752,15659736,Checking,-1228.35,1,2026/03/12
6753,15605673,Credit Card,42.82,2,2025/09/30
6754,15608109,Credit Card,81293.79,2,2026/08/28
6755,15671293,Investment,171521.87,1,2025/10/27
6756,15621093,Loan,35656.61,2,2026/08/08
6757,15664498,Savings,165331.24,1,2026/06/27
6758,15766609,Checking,849.05,2,2025/10/10
6759,15802585,Savings,-3742.9,1,2026/05/05
6760,15684484,Credit Card,-1549.62,2,2026/07/04
6761,15804235,Savings,73354.14,2,2025/11/22
6762,15573348,Investment,83047.4,1,2025/09/18
6763,15771442,Savings,73452.52,1,2025/11/17
6764,15752047,Loan,113888.08,2,2026/03/09
6765,15661290,Investment,134410.04,1,2025/11/14
6766,15631406,Loan,115380.56,1,2025/10/13
6767,15717770,savings,38.73,1,2026/01/06
6768,15778884,Credit Card,66219.31,4,2025/10/12
6769,15810385,Credit Card,132390.67,1,2025/09/09
6770,15615004,Investment,562.03,2,2026/06/21
6771,15768881,Savings,1090.36,2,2026/04/04
6772,15760550,Investment,76186.1,2,2025/11/18
6773,15651740,Savings ,663.91,3,2025/12/05
6774,15623143,,173.88,1,2026/05/01
6775,15781689,Credit Card,571.32,2,2025/11/13
6776,15634628,Savings,34714.93,2,2026/05/31
6777,15613673,Loan,,1,2026/08/26
6778,15665695,Credit Card,1108.95,2,2026/02/03
6779,15595282,Savings,171.4,2,2026/05/01
6780,15708867,Savings,57864.4,3,2026/04/01
6781,15610711,Savings,137089.33,1,2026/02/22
6782,15803538,Savings,226.67,3,2026/04/18
6783,15808334,Savings,51930.21,2,2026/07/30
6784,15693904,Credit Card,48134.55,2,2026/08/24
6785,15695299,Savings,34571.47,1,2025/09/09
6786,15702377,Investment,180260.48,1,2026/01/27
6787,15614491,checking,83597.18,2,2025/10/29
6788,15729083,Savings,91496.01,1,2025/11/21
6789,15770420,Loan,43128.71,2,2025/10/03
6790,15777893,Savings,1204.53,2,2026/07/28
6791,15721917,Savings,120941.83,1,2025/09/19
6792,15610383,Loan,11930.34,4,2026/07/09
6793,15796115,Checking,21892.79,6,2025/11/30
6794,15775750,Savings,125827.67,1,2026/05/18
6795,15791326,Credit Card,166.01,1,2025/11/24
6796,15728333,Savings,946.44,1,2025/09/08
6797,15716347,Checking,109101.14,2,2026/03/24
6798,15809830,Credit Card,152.34,2,2026/04/07
6799,15802483,Savings,87437.09,2,2026/08/17
6800,15613471,Loan,47880.09,2,2026/04/23
6801,15717010,Savings,452.33,1,2026/06/13
6802,15791172,Investment,42439.95,1,2026/09/02
6803,15766609,Savings,425.58,2,2026/01/13
6804,15805151,Checking,50499.82,2,2026/06/22
6805,15578546,Savings,90034.53,1,2026/05/17
6806,15745794,Credit Card,371.69,2,2026/02/06
6807,15611088,Savings,749.92,2,2026/09/01
6808,15751022,Investment,99300.38,2,2025/12/28
6809,15787756,Savings,,2,2026/04/07
6810,15684925,Investment,322.9,2,2025/11/22
6811,15577657,Savings,602.23,2,2026/01/20
6812,15794472,Checking,1154.03,2,2025/10/20
6813,15759140,Credit Card,132169.46,1,2026/05/28
6814,15657778,Loan,61324.9,2,2026/03/15
6815,15630704,Credit Card,62581.01,2,2025/11/06
6816,15812324,Investment,77.55,2,2025/12/20
6817,15767757,Investment,,1,2026/03/27
6818,15655238,Checking,352.05,2,2026/07/16
6819,15574947,credit card,78673.19,2,2025/10/01
6820,15705739,,128877.04,1,2025/12/24
6821,15747677,Credit Card,,1,2026/03/22
6822,15683124,Savings,154206.16,1,2025/12/06
6823,15774316,Loan,173.83,2,2026/06/16
6824,15751084,Credit Card,111429.63,1,2026/07/09
6825,15600792,Investment,283.37,2,2025/10/12
6826,15621870,Checking,467.22,1,2026/08/23
6827,15708608,Loan,94972.13,2,2026/04/30
6828,15646558,Savings,84709.13,1,2026/05/05
6829,15631201,Checking,612.73,2,2026/02/10
6830,15743817,Investment,17469.94,3,2026/08/03
6831,15777639,Savings,52054.5,2,2026/07/28
6832,15668104,Loan,127988.11,1,2026/03/29
6833,15796993,Savings,73521.47,2,2026/03/16
6834,15790336,Savings,16663.43,2,2025/11/26
6835,15568982,Checking,847.99,2,2025/09/30
6836,15667134,Credit Card,221.66,2,2026/03/12
6837,15721469,Checking,45177.85,2,2026/07/31
6838,15591360,Checking,57762.31,2,2026/04/08
6839,15809872,Checking,97610.45,1,2025/12/11
6840,15753079,Credit Card,834.33,3,2026/01/19
6841,15682540,Investment,96.97,2,2025/10/28
6842,15758726,Investment,723.17,2,2025/10/26
6843,15735522,Savings,61187.94,2,2025/10/12
6844,15682021,Checking,57263.25,2,2026/03/07
6845,15567893,Loan,72305.01,2,2026/07/08
6846,15687828,loan,75553.65,2,2026/02/21
6847,15717629,,30175.17,2,2025/09/17
6848,15749557,Savings,115.49,2,2026/01/03
6849,15601787,Loan,161976.69,1,2026/01/25
6850,15649450,Credit Card,76192.16,2,2025/11/25
6851,15754068,Checking,,2,2026/06/07
6852,15659820,Checking,1060.09,2,2025/10/27
6853,15711825,Credit Card,45275.52,2,2025/10/06
6854,15631512,Savings,73856.54,1,2025/12/20
6855,15662063,Checking,168112.52,1,2026/07/05
6856,15804295,Checking,58031.51,2,2025/09/08
6857,15574324,Checking,61138.11,2,2026/02/08
6858,15602845,Investment,67369.4,2,2025/12/08
6859,15770091,Savings,101667.7,2,2026/06/12
6860,15688865,Loan,792.69,2,2025/12/15
6861,15673238,Loan,52648.41,2,2026/07/26
6862,15745716,Savings,701.04,2,2025/09/19
6863,15672027,Credit Card,48647.61,2,2026/01/04
6864,15799924,Investment,141217.83,1,2026/01/18
6865,15761487,Investment,1389.36,1,2025/10/16
6866,15702462,Loan ,42830.35,1,2026/06/21
6867,15680597,Savings,106956.39,1,2026/06/19
6868,15640491,Credit Card,65194.54,2,2025/09/25
6869,15572022,Credit Card,676.06,1,2026/06/18
6870,15806389,Credit Card,104768.21,2,2026/05/08
6871,15644994,credit card,59830.2,2,2025/09/26
6872,15639590,Checking,114214.56,1,2025/09/27
6873,15622289,Credit Card,343.06,2,2026/02/11
6874,15589428,Credit Card ,766.59,2,2025/10/20
6875,15666548,Investment,54332.19,3,2026/02/08
6876,15696605,Credit Card,273150.39,1,2025/09/07
6877,15812534,Checking,559.96,3,2026/03/04
6878,15579189,,205.98,2,2026/01/25
6879,15592846,Credit Card,69960.75,2,2026/03/25
6880,15737571,Investment,126762.13,1,2026/05/17
6881,15631201,Investment,76.84,2,2025/12/11
6882,15623102,Investment,52058.57,2,2026/02/11
6883,15763218,Investment,637.28,2,2026/03/22
6884,15688619,Savings,82289.26,2,2026/03/04
6885,15665783,Checking,60.46,2,2025/11/08
6886,15716431,Checking,98807.74,2,2026/08/28
6887,15759991,Loan,,1,2026/08/14
6888,15696989,Credit Card,46820.63,3,2025/10/22
6889,15615938,Checking,196110.97,1,2026/02/19
6890,15814092,Investment,595.32,1,2026/03/30
6891,15738248,Credit Card,-3071.47,2,2026/05/18
6892,15682728,Checking,171.96,2,2025/10/24
6893,15776827,Savings,81860.78,3,2026/05/18
6894,15593683,,422.1,4,2025/11/18
6895,15599552,Savings,187.02,2,2025/09/15
6896,15752344,Checking,83.93,2,2026/06/30
6897,15802486,Credit Card,839.74,2,2026/03/17
6898,15669516,Investment,612.32,2,2026/05/05
6899,15699029,Credit Card,88785.89,2,2026/06/30
6900,15675431,Credit Card,302.48,2,2025/09/22
6901,15659194,Savings,91359.35,1,2026/01/29
6902,15592645,Savings,287.29,2,2025/11/24
6903,15703820,Checking,98992.41,2,2025/11/19
6904,15723706,Loan,107655.38,1,2026/08/18
6905,15654341,Loan,67177.96,1,2026/04/28
6906,15583303,CREDIT CARD,187206.84,1,2025/10/13
6907,15592925,Savings,59265.71,3,2026/07/20
6908,15572762,Investment,54753.89,2,2025/10/20
6909,15798532,Savings,55149.55,2,2025/12/30
6910,15595228,Savings,90.11,1,2025/12/22
6911,15579166,Loan,98423.12,1,2026/08/17
6912,15579706,Loan,349.36,1,2026/08/03
6913,15725767,Loan,292.6,2,2025/11/14
6914,15777922,Savings,132384.78,2,2025/11/24
6915,15734892,Investment,690.15,2,2026/05/17
6916,15570134,Loan,90668.4,2,2026/05/25
6917,15697801,Checking,28766.21,3,2026/07/11
6918,15740494,Savings,722.12,2,2026/08/02
6919,15788676,Checking,23731.21,2,2026/05/28
6920,15580148,Credit Card,59168.96,3,2026/02/24
6921,15575410,Checking,30719.53,2,2026/04/20
6922,15661380,Credit Card,1366.13,2,2025/11/09
6923,15664504,Credit Card,-2831.12,2,2026/02/23
6924,15654211,Credit Card,1136.86,1,2026/01/29
6925,15766272,INVESTMENT,104915.85,1,2026/03/06
6926,15707634,Loan,66981.99,2,2026/07/19
6927,15595303,Investment,71048.46,1,2026/04/11
6928,15615091,Savings,763.01,2,2025/09/23
6929,15736112,Credit Card,58741.74,2,2026/09/02
6930,15798385,Investment,1050.32,2,2026/08/18
6931,15677739,Checking,838.89,2,2026/03/20
6932,15675854,Loan,226658.17,1,2026/01/03
6933,15579131,Checking,747.93,2,2025/12/18
6934,15648479,SAVINGS,788.75,2,2026/07/12
6935,15685654,Savings,177.0,2,2026/07/10
6936,15620111,Investment ,136962.49,1,2025/10/11
6937,15799811,Investment,399.5,1,2025/11/20
6938,15633897,Loan,36214.84,2,2026/06/20
6939,15706557,Loan,904.17,2,2026/07/21
6940,15622461,INVESTMENT,69380.03,2,2026/05/15
6941,15747558,Savings,538.43,2,2025/10/22
6942,15679297,Loan,218919.69,1,2025/09/10
6943,15806420,Checking,669.68,2,2025/11/15
6944,15646609,Loan,142389.5,1,2026/02/08
6945,15626679,Checking,250.18,2,2026/06/10
6946,15762123,Credit Card,587.88,2,2025/10/17
6947,15798659,Credit Card,52.78,2,2026/05/16
6948,15811490,Investment,1132.32,2,2025/10/21
6949,15715160,Savings,62931.68,2,2026/04/23
6950,15692671,Savings,942.4,3,2026/02/10
6951,15665014,Credit Card,129.64,2,2025/11/28
6952,15723856,Savings,38721.49,2,2026/02/01
6953,15775572,Loan,53922.25,2,2025/11/24
6954,15679642,Investment,536.13,2,2025/10/07
6955,15705918,Credit Card,246.59,2,2026/01/24
6956,15790935,Checking,154.53,2,2026/06/25
6957,15631709,Credit Card,49086.73,2,2026/03/08
6958,15764174,Loan,471.57,2,2026/03/02
6959,15743040,Savings,64495.67,2,2025/10/18
6960,15777504,Savings,955.29,1,2025/10/09
6961,15668270,Checking,62513.42,2,2025/12/03
6962,15603764,Savings,,1,2026/09/01
6963,15753550,Savings ,798.74,2,2026/04/26
6964,15576162,Credit Card,176442.86,1,2026/01/13
6965,15696733,Loan,465.97,1,2026/05/03
6966,15656613,Checking,134856.18,1,2026/01/12
6967,15699797,Investment,188737.23,1,2026/04/17
6968,15669175,Investment,60356.52,2,2026/08/01
6969,15749688,Savings,825.81,2,2025/11/13
6970,15753337,Credit Card,,3,2025/11/05
6971,15696812,Checking,1178.0,2,2026/06/21
6972,15612670,Investment,-4725.61,2,2026/05/10
6973,15672145,Investment,44020.18,2,2025/09/23
6974,15709136,Checking,196.68,2,2026/03/08
6975,15624423,Investment,139728.69,1,2026/01/27
6976,15705448,Checking,103071.03,1,2026/03/27
6977,15790448,Investment,62799.66,1,2026/03/31
6978,15587174,Loan,773.65,2,2026/07/17
6979,15652914,Credit Card,1044.68,3,2026/08/17
6980,15669204,Investment,52364.56,2,2025/11/08
6981,15734610,Loan,13269.39,3,2026/04/16
6982,15613962,Savings,444.07,2,2026/03/09
6983,15650098,Savings,357.62,2,2026/05/23
6984,15717065,,80936.71,1,2026/07/19
6985,15698028,Checking,858.08,2,2026/02/10
6986,15793883,Loan,287.12,2,2026/03/13
6987,15772482,Savings,82751.75,3,2025/10/15
6988,15620372,Checking,996.51,2,2026/08/18
6989,15672053,Credit Card,,2,2026/04/02
6990,15641298,Credit Card,54300.09,2,2026/05/20
6991,15779904,Credit Card,720.86,2,2026/04/21
6992,15603594,INVESTMENT,152.44,2,2026/01/15
6993,15636756,Credit Card,396.64,2,2026/08/18
6994,15806256,LOAN,130843.72,1,2025/09/24
6995,15785488,Loan,104.33,2,2026/07/17
6996,15598802,Checking ,658.15,2,2026/07/29
6997,15791769,Checking,170732.66,1,2025/10/02
6998,15813022,Investment,317.1,2,2026/01/06
6999,15711396,Loan,1220.18,2,2026/08/27
7000,15750970,Loan,129661.12,1,2026/06/17
7001,15771674,Credit Card,74792.62,2,2025/09/07
7002,15755209,Checking,143958.13,1,2025/11/21
7003,15737782,Investment,448.93,1,2025/10/26
7004,15573278,Savings,424.23,2,2026/01/29
7005,15616709,Checking,52347.66,2,2026/03/14
7006,15796218,Savings,61255.99,2,2025/11/23
7007,15713853,Loan,69501.7,2,2026/06/21
7008,15694566,Investment,850.04,2,2026/03/26
7009,15783029,Savings,46495.71,2,2025/10/10
7010,15573741,Investment,64592.16,1,2025/12/26
7011,15723907,Credit Card,65570.68,2,2026/03/20
7012,15654625,Investment,95797.29,2,2026/04/27
7013,15687719,Savings,80.58,2,2026/08/11
7014,15629677,Checking,134.75,3,2025/10/20
7015,15713774,Credit Card,16592.22,1,2026/02/28
7016,15606232,Investment,134538.87,1,2026/04/29
7017,15705050,Checking,285.22,2,2026/04/30
7018,15694628,Savings,93308.03,2,2026/07/28
7019,15701687,Savings,27739.21,3,2026/06/03
7020,15586974,Savings,841.4,2,2026/04/29
7021,15720083,Savings,995.19,2,2025/10/28
7022,15681878,Checking,58599.16,1,2025/10/16
7023,15729246,Loan,37.79,1,2025/12/04
7024,15736271,Checking,673.06,1,2025/10/28
7025,15700540,Credit Card,139260.56,1,2026/03/25
7026,15630402,Checking,9.99,1,2026/04/12
7027,15684010,Checking,,1,2025/12/14
7028,15691840,Credit Card,61551.0,2,2026/03/27
7029,15687413,Investment,476.18,2,2026/02/18
7030,15746995,Checking,103603.6,1,2025/10/06
7031,15728773,Savings,54.43,2,2026/02/12
7032,15691504,Investment,72695.54,1,2026/02/25
7033,15595537,Checking,80539.25,2,2026/07/09
7034,15590810,Savings,93977.43,1,2026/05/09
7035,15793070,Checking,53174.97,2,2025/12/20
7036,15765902,Checking,79656.19,2,2026/08/28
7037,15786200,Loan,317.97,2,2026/05/04
7038,15614361,Credit Card,84962.4,1,2025/10/31
7039,15586243,Credit Card,113180.88,1,2026/01/23
7040,15607634,,45373.89,2,2026/04/23
7041,15734987,Credit Card,99814.61,2,2025/09/22
7042,15730441,checking,27.41,2,2026/06/09
7043,15583364,Loan,107780.12,1,2025/11/21
7044,15725478,Credit Card,1059.64,2,2026/05/01
7045,15583456,Investment,14679.66,3,2025/11/16
7046,15585839,Credit Card,,2,2026/07/27
7047,15671987,Checking,183415.28,1,2025/12/21
7048,15707681,Savings,59165.07,2,2026/02/13
7049,15735203,Investment,109540.31,1,2026/06/20
7050,15637235,Credit Card,216.69,1,2025/09/19
7051,15640280,Investment,-1661.52,2,2026/07/07
7052,15632345,Checking,389.03,2,2026/03/16
7053,15607629,Loan,-977.23,2,2025/10/04
7054,15756277,Credit Card,59067.52,2,2026/03/07
7055,15698246,Investment,832.99,2,2026/04/11
7056,15640078,Savings,168609.84,1,2026/05/03
7057,15792649,Checking,263.19,2,2025/12/21
7058,15667476,Credit Card,87235.48,1,2025/09/30
7059,15796790,Investment,125449.49,1,2025/12/20
7060,15645896,Checking,77793.04,2,2025/09/14
7061,15794323,Savings,93240.14,1,2026/08/19
7062,15697574,Loan,830.09,3,2026/04/07
7063,15794895,Loan,657.93,2,2026/01/19
7064,15601589,Checking,432.92,2,2026/01/10
7065,15693904,Checking,49784.31,2,2026/07/25
7066,15722758,Loan,526.65,2,2025/12/02
7067,15638803,Loan,452.92,2,2025/10/15
7068,15630661,Savings,67647.38,1,2025/11/14
7069,15595766,investment,26196.12,2,2025/10/08
7070,15721307,Loan,41080.49,2,2026/01/21
7071,15743153,Loan,89644.48,2,2026/03/29
7072,15720155,Savings,107339.01,1,2025/10/14
7073,15608209,Checking,52372.96,2,2026/02/02
7074,15673790,Checking,44576.28,2,2026/09/02
7075,15584704,Checking,65154.4,1,2026/04/22
7076,15658982,Investment,30736.61,3,2026/04/05
7077,15594902,Savings,158100.99,1,2026/05/29
7078,15780140,Loan,25453.49,2,2025/12/21
7079,15636592,Investment,104979.22,1,2026/08/11
7080,15780362,Checking,87669.59,2,2026/01/13
7081,15796505,Savings,79149.04,2,2025/12/06
7082,15603216,Savings,1044.48,2,2025/09/30
7083,15778604,Savings,726.09,2,2025/10/20
7084,15568469,Loan,473.01,2,2026/04/10
7085,15727868,Loan,75036.33,2,2026/02/25
7086,15813303,Credit Card,203.21,2,2026/02/02
7087,15746986,Investment,48651.78,2,2025/11/26
7088,15700383,Credit Card,61908.54,2,2025/12/13
7089,15780654,Checking,74967.57,2,2026/02/28
7090,15610433,Loan,242.57,2,2026/04/05
7091,15688984,Loan,74077.04,1,2026/05/07
7092,15605622,Savings,191.15,2,2026/05/04
7093,15762605,Loan,97416.57,1,2026/06/04
7094,15658032,Credit Card,658.94,2,2026/08/21
7095,15762799,Credit Card,38042.28,2,2025/11/24
7096,15581871,Investment,,2,2026/08/25
7097,15590241,Checking,71999.36,1,2026/04/14
7098,15600651,Credit Card,551.36,3,2026/03/03
7099,15588839,loan,127480.51,2,2026/08/23
7100,15671032,Credit Card,42551.3,2,2026/06/22
7101,15799534,Checking,71803.23,2,2026/03/21
7102,15696506,Savings,109227.28,1,2025/09/08
7103,15792008,Savings,630.75,2,2026/06/17
7104,15591980,Loan,74299.96,2,2026/07/05
7105,15801277,Checking,45166364.0,2,2025/12/13
7106,15714046,Checking,64445.52,2,2025/10/12
7107,15672056,Credit Card,35020.37,5,2026/08/10
7108,15772503,Investment,777.68,2,2026/06/26
7109,15636590,Savings,898.48,2,2026/07/15
7110,15660840,Loan,185803.73,1,2025/11/16
7111,15754713,Savings,37057.99,1,2026/02/15
7112,15716728,Investment,908.48,2,2026/08/09
7113,15700864,Investment,939.57,2,2026/02/12
7114,15607837,,106670.61,1,2025/09/10
7115,15716000,Investment,540.53,2,2025/11/19
7116,15626147,Loan,155138.9,1,2026/04/25
7117,15782247,Savings,771.55,3,2025/11/17
7118,15616859,Savings,36252.91,4,2026/05/16
7119,15636520,Checking,48330.96,1,2026/02/12
7120,15675337,Loan,,1,2025/10/31
7121,15790412,Checking,363.31,2,2026/08/14
7122,15720644,Checking,217.58,2,2026/03/30
7123,15797787,Checking,98446.01,1,2026/01/15
7124,15656471,Investment,587.34,2,2026/05/27
7125,15769346,Investment,68339.71,2,2025/09/04
7126,15751774,Credit Card,149000.11,1,2026/04/21
7127,15679743,Savings,65135.52,2,2025/11/06
7128,15746902,Savings,-2428.85,2,2026/07/24
7129,15590286,Credit Card,29300249.58,1,2026/04/21
7130,15574523,Loan,821.55,2,2026/07/27
7131,15778934,Checking,252.9,2,2026/06/26
7132,15719779,Savings,113060.99,2,2025/10/22
7133,15583595,Credit Card,78.07,1,2025/09/21
7134,15734628,CHECKING,499.77,2,2025/12/23
7135,15773394,Credit Card,1103.38,2,2025/12/08
7136,15693200,Investment,109.32,2,2026/04/06
7137,15684358,Loan,895.86,2,2026/08/25
7138,15717527,Savings,193956.46,1,2026/06/09
7139,15680767,Checking,51530.32,2,2025/11/27
7140,15637461,Savings,247.41,2,2026/07/07
7141,15678427,Checking,58201.0,2,2026/03/15
7142,15806455,Checking,456.27,2,2025/12/22
7143,15675320,Savings,32115.63,2,2026/02/28
7144,15682686,Investment,139.22,2,2025/12/19
7145,15716984,Investment,180.31,2,2025/12/09
7146,15739502,Checking,50300.13,2,2026/08/16
7147,15632275,Investment,19.8,1,2026/06/25
7148,15614687,Credit Card,64617.48,2,2025/09/10
7149,15765266,Investment,375.88,2,2026/03/11
7150,15679770,Checking,43225.49,4,2026/03/08
7151,15595917,Checking,130630.01,1,2025/09/11
7152,15691625,Investment,164710.25,3,2026/02/04
7153,15791111,Checking,42607.35,2,2026/02/07
7154,15745232,Checking,819.59,2,2026/05/18
7155,15653147,Savings ,150455.41,1,2025/11/05
7156,15594917,Checking,67583.81,1,2026/08/27
7157,15809823,Credit Card,116799.3,1,2026/05/16
7158,15794253,Investment,65172.31,2,2026/08/01
7159,15719793,Credit Card,795.31,2,2026/04/24
7160,15654292,Loan,26559.07,2,2026/04/02
7161,15780909,Loan,73378.47,1,2026/04/01
7162,15575243,Checking,56281.82,2,2026/03/02
7163,15613656,,67599.83,1,2026/03/02
7164,15667620,Credit Card,572.51,2,2026/06/07
7165,15748920,Investment,19.71,1,2026/04/09
7166,15663421,Savings,57336.95,2,2026/05/28
7167,15635097,Loan,157115.7,2,2026/02/21
7168,15642002,Checking,72442.6,2,2025/10/31
7169,15709256,Credit Card,519.48,2,2025/12/02
7170,15683560,Loan,191.56,2,2026/04/25
7171,15632010,Checking,73608.16,2,2026/04/10
7172,15657809,Investment,34196.7,3,2026/03/13
7173,15569410,Savings,50033.62,2,2025/12/02
7174,15674442,Credit Card,160602.86,1,2026/06/13
7175,15662067,Savings,59819.37,1,2026/07/04
7176,15577178,Savings,56523.59,1,2025/11/25
7177,15629677,Investment,112.4,3,2026/06/07
7178,15782100,Checking,92824.7,1,2026/04/14
7179,15706163,Credit Card,,1,2026/03/17
7180,15795290,Savings,97401.34,1,2026/01/26
7181,15584090,Savings,1070.33,2,2026/08/06
7182,15761018,Checking,71014.13,2,2026/08/21
7183,15811389,Savings,36661.88,2,2026/08/17
7184,15761102,Savings,119569.68,1,2026/04/14
7185,15782404,Credit Card,87996.28,1,2026/07/24
7186,15775880,Savings,,2,2026/01/26
7187,15609319,Savings,161990.6,1,2026/08/28
7188,15603378,Savings,165684.31,1,2026/07/17
7189,15651063,Investment,72845.96,2,2025/10/23
7190,15756655,Credit Card,653.48,2,2025/10/17
7191,15697270,Savings,,1,2025/10/26
7192,15789941,Loan,112976.83,1,2025/10/18
7193,15775809,Loan,115712.92,1,2026/08/01
7194,15575955,Savings,305.87,2,2025/09/11
7195,15724269,Savings,246.92,2,2026/07/15
7196,15752601,Loan,347.59,2,2026/04/01
7197,15801062,Credit Card,201.56,2,2025/10/26
7198,15606133,Checking ,88.44,2,2026/05/15
7199,15689671,Savings,772.48,1,2026/07/19
7200,15751561,,73617.1,1,2026/06/08
7201,15803947,Savings,168807.4,1,2025/10/24
7202,15586629,Credit Card,593.68,2,2026/07/24
7203,15790958,Credit Card,16.95,2,2026/04/18
7204,15624611,Savings,80549.1,2,2026/05/18
7205,15634950,Checking,97531.23,1,2026/06/27
7206,15747534,Investment,32.22,1,2025/09/19
7207,15632736,Savings,53864.4,2,2026/08/10
7208,15729040,Loan,864.09,2,2026/01/29
7209,15814675,Savings,204145.27,1,2026/04/06
7210,15739042,Credit Card,28263011.14,2,2025/12/20
7211,15658972,Credit Card,127948.03,1,2025/12/26
7212,15592089,Investment,1148.87,2,2026/04/23
7213,15776211,Investment,872.26,2,2026/06/12
7214,15762821,Credit Card,806.62,2,2026/03/17
7215,15658614,Checking,78026.44,2,2025/10/31
7216,15627699,Savings,102700.41,1,2025/12/12
7217,15726087,Savings,23.25,1,2026/05/01
7218,15724764,Checking,22019.83,2,2025/11/05
7219,15685628,Savings,41534.06,2,2026/03/01
7220,15791316,Investment,128.02,2,2026/04/28
7221,15690546,Loan,1029.44,4,2026/04/02
7222,15662501,Credit Card,74436.6,1,2026/07/30
7223,15709741,Credit Card,145750.46,3,2026/08/29
7224,15772030,Savings ,165.32,2,2026/03/24
7225,15701524,Loan,1248.71,2,2025/09/06
7226,15686302,Loan,,1,2026/03/13
7227,15654611,Loan,35594.21,2,2025/12/26
7228,15729718,Investment,1039.09,3,2026/05/20
7229,15804771,Investment,34655.12,1,2026/01/26
7230,15653849,Savings,159091.85,1,2026/01/18
7231,15711130,Investment,769.96,2,2026/08/06
7232,15813640,Checking,946.4,2,2026/01/16
7233,15766906,Investment,101045.37,2,2026/02/07
7234,15620123,Loan,204363.28,1,2026/04/03
7235,15691817,Savings,1281.6,3,2026/08/13
7236,15698474,Savings,79170.67,2,2026/01/04
7237,15592091,Credit Card,96641.39,2,2025/09/05
7238,15795149,Investment,43256.1,2,2026/04/03
7239,15758362,Checking,125807.63,1,2025/09/19
7240,15571148,Checking,3.43,2,2025/09/10
7241,15700965,Investment,1005.97,2,2025/09/16
7242,15683553,Checking,254.1,2,2025/11/20
7243,15576022,Loan,866.78,2,2026/03/13
7244,15786014,Checking,70150.85,2,2026/05/26
7245,15802486,Savings,500.03,2,2026/07/07
7246,15775826,Investment ,126188.21,1,2026/02/12
7247,15624995,Savings,-281.15,1,2026/02/21
7248,15807609,Credit Card,33046.35,3,2025/11/29
7249,15743193,Loan,69370.21,2,2026/06/22
7250,15695475,Investment,53636.74,2,2026/04/11
7251,15639552,Savings,135924.66,1,2026/01/04
7252,15679394,Loan,47781.5,2,2026/06/14
7253,15747130,Credit Card,431.62,2,2026/03/22
7254,15654562,Loan,27234.87,4,2025/12/10
7255,15683758,Checking,125867.0,1,2026/07/15
7256,15804962,Loan,139449.73,1,2026/07/29
7257,15659175,Checking,363.95,2,2026/03/23
7258,15787884,Loan,304.75,2,2025/09/29
7259,15664802,Savings,968.26,2,2026/06/25
7260,15627212,Credit Card,144031.67,1,2026/04/10
7261,15813168,Loan,33549.92,3,2025/11/07
7262,15574213,Credit Card,172284.64,1,2026/07/25
7263,15815043,Investment,723.28,2,2026/03/21
7264,15802478,Savings,145.22,2,2025/11/30
7265,15711218,Checking,75918.64,2,2026/03/28
7266,15686696,Credit Card,37387.67,2,2026/02/12
7267,15621893,Loan,130984.94,3,2026/05/25
7268,15808846,Savings,89939.92,2,2025/11/23
7269,15610226,Investment,60076.47,2,2026/04/14
7270,15762937,LOAN,66879.97,2,2025/12/30
7271,15734762,Credit Card,38673.6,3,2025/10/23
7272,15633840,Checking,43756.0,2,2026/09/01
7273,15647782,Credit Card,89164.47,2,2025/11/06
7274,15620832,Savings,1070.22,2,2026/05/19
7275,15751137,Credit Card,166270.37,1,2025/11/02
7276,15629117,Savings,262.97,2,2026/07/23
7277,15570417,Credit Card,456.58,2,2026/06/25
7278,15697028,Credit Card,29531.03,2,2026/03/22
7279,15648638,Savings,235.59,2,2026/07/21
7280,15593295,Investment,113034.21,1,2026/01/14
7281,15574761,Loan,12708.98,2,2026/06/13
7282,15707138,Loan,687.05,2,2025/11/23
7283,15618401,Credit Card,43715.05,2,2026/02/15
7284,15615931,Savings,168.43,2,2025/12/16
7285,15570681,Loan,110730.82,1,2025/10/20
7286,15736601,Loan,133460.02,1,2025/10/20
7287,15707559,Loan,701.56,2,2025/09/16
7288,15595135,Loan,114325.07,1,2026/04/14
7289,15586300,Credit Card,611.36,2,2025/09/08
7290,15800295,Credit Card,23510.32,3,2026/07/21
7291,15740900,Investment,139.26,2,2026/07/03
7292,15745533,Credit Card,66365.4,2,2025/11/20
7293,15689147,Investment,,2,2025/09/17
7294,15810390,Checking,202.33,2,2026/07/16
7295,15652615,Credit Card,90220.24,1,2026/08/31
7296,15689294,Savings,136996.86,1,2026/06/08
7297,15737977,Savings,190.85,2,2025/10/13
7298,15794122,Investment,1300.85,2,2026/06/22
7299,15684367,Credit Card,118.92,2,2026/03/17
7300,15778830,,175.25,2,2025/09/15
7301,15568963,Loan,132839.5,1,2025/11/08
7302,15590993,Checking,37087.9,2,2026/04/23
7303,15790596,Credit Card,179974.95,1,2026/07/24
7304,15654409,Credit Card,80265.93,1,2026/07/23
7305,15716619,Investment,66803.1,1,2026/03/05
7306,15642448,Checking,136977.47,1,2025/12/07
7307,15715117,Investment,682.46,1,2026/01/03
7308,15665879,Checking,245.94,2,2026/08/03
7309,15647259,Loan,581.21,2,2025/12/25
7310,15597265,Savings,147.56,2,2026/02/02
7311,15710689,Checking,45691.61,1,2025/12/11
7312,15714466,Credit Card,1071.3,3,2026/06/04
7313,15693947,Savings,25024.49,2,2026/01/06
7314,15773731,Loan,958.71,2,2026/03/15
7315,15699309,Savings,526.01,1,2026/01/14
7316,15733032,Credit Card,537.62,2,2026/08/06
7317,15568878,Checking,683.64,2,2025/09/29
7318,15734970,Checking,47314.1,1,2026/01/21
7319,15610653,Savings,164.1,2,2025/10/15
7320,15698028,Investment,281.8,2,2025/11/15
7321,15754342,Savings,104008.8,1,2026/07/21
7322,15592645,Loan,192.19,2,2025/09/14
7323,15576824,Investment,27211.61,3,2026/07/26
7324,15605327,Checking,144.5,2,2026/06/26
7325,15779414,Investment,127105.71,1,2025/10/25
7326,15745012,Savings,675.71,2,2025/10/29
7327,15695846,Credit Card,671.83,4,2026/04/26
7328,15716134,Credit Card,,1,2026/07/05
7329,15692106,Loan,65628.98,4,2025/11/04
7330,15568044,Savings,786.2,2,2025/10/27
7331,15779522,Checking,965.01,2,2025/11/14
7332,15702919,Loan,36880.18,1,2026/01/25
7333,15596624,Savings,967.3,2,2026/01/15
7334,15760568,Savings,55068.46,2,2025/12/04
7335,15592707,Savings,50527.38,2,2025/10/20
7336,15689492,checking,57112.19,2,2025/10/12
7337,15770174,Savings,182280.14,1,2026/05/14
7338,15657778,Credit Card,58295.14,2,2026/03/07
7339,15755178,Savings,256.28,3,2025/12/18
7340,15615012,Savings,232634.97,1,2026/03/22
7341,15723884,Investment,376.26,2,2025/10/24
7342,15793324,Checking,11.92,3,2026/05/12
7343,15738267,Credit Card,139856.1,1,2025/09/14
7344,15609928,Savings,111212.31,2,2026/04/02
7345,15621653,Loan,67289.39,1,2025/10/10
7346,15676576,Checking,132913.97,1,2026/05/10
7347,15593555,Investment,105.81,2,2026/07/20
7348,15686463,credit card,106651.09,1,2025/10/12
7349,15709928,Loan,92.5,2,2025/12/19
7350,15666297,Checking,919.36,3,2026/08/20
7351,15603096,Credit Card,147204.87,1,2026/04/05
7352,15785576,Savings,,1,2026/03/14
7353,15592736,CREDIT CARD,81869.31,1,2026/02/10
7354,15670552,Checking,101373.49,1,2026/07/24
7355,15711540,,507.39,1,2026/04/21
7356,15632324,Savings,50.24,2,2025/11/24
7357,15710164,Credit Card,671.07,2,2025/12/04
7358,15680449,Credit Card,127392.6,1,2026/02/02
7359,15772482,Credit Card,18436.69,5,2025/09/08
7360,15673578,Loan,50805.88,2,2025/12/03
7361,15791501,Checking,123.09,2,2026/08/06
7362,15797081,Checking,79525.98,2,2026/06/20
7363,15681887,Loan,83945.63,2,2026/07/23
7364,15623525,,176771.23,1,2026/07/10
7365,15593501,Savings,79521.51,2,2025/09/19
7366,15635240,Investment,58.48,2,2025/11/02
7367,15768387,Loan,380.24,2,2026/02/25
7368,15646196,Checking,122444.53,2,2026/02/27
7369,15764654,Checking,36277.54,2,2026/05/08
7370,15579808,Credit Card,148429.69,1,2026/07/14
7371,15803681,Loan,298.87,2,2026/07/07
7372,15741336,Credit Card,94666.43,1,2026/06/09
7373,15763612,Credit Card,53926.6,2,2025/09/05
7374,15726945,Checking,130.99,2,2025/11/23
7375,15710161,Credit Card,424.27,2,2026/05/28
7376,15710012,LOAN,174.22,2,2026/01/11
7377,15658100,Checking,211.27,1,2025/11/04
7378,15795936,Loan,387.09,2,2025/12/10
7379,15685314,Loan,527.42,2,2026/07/10
7380,15806230,CREDIT CARD,43999.5,3,2025/09/18
7381,15739972,Savings,21211.91,3,2026/06/04
7382,15630321,Investment,7.26,2,2025/09/14
7383,15710375,Loan,918.78,2,2026/05/26
7384,15728542,Credit Card,1000.84,2,2026/05/23
7385,15733111,Loan,200182.96,1,2025/11/20
7386,15747974,Savings,236.02,2,2025/12/22
7387,15739972,Checking,50367.89,3,2026/03/08
7388,15783615,Credit Card,42584.65,4,2025/10/31
7389,15788022,Loan,49469.83,2,2025/12/23
7390,15776807,Savings,922.63,1,2025/09/18
7391,15763097,Loan,697.65,2,2026/02/17
7392,15753837,Checking,149.73,2,2025/11/12
7393,15582910,Checking,99251.37,1,2025/12/24
7394,15753888,Investment,168479.48,1,2025/10/15
7395,15644621,Savings,48368.61,2,2026/08/23
7396,15780256,Loan,685.74,2,2025/11/06
7397,15639946,Investment,33181.02,3,2026/01/18
7398,15622897,Savings,581.53,3,2026/01/21
7399,15720529,Investment,308.13,2,2026/05/07
7400,15648577,Checking,1435.98,1,2025/12/14
7401,15600357,Investment,69073.21,2,2025/10/20
7402,15738181,Checking,42195.34,2,2026/02/28
7403,15812262,Investment,60658.98,1,2026/08/31
7404,15800514,Checking,59304.59,2,2026/06/12
7405,15649136,Savings,101.32,2,2026/08/02
7406,15761720,Investment,95887.94,1,2026/01/31
7407,15739189,Loan,-145.25,2,2026/04/30
7408,15711015,Investment,1076.54,2,2026/05/14
7409,15649423,Loan,541.52,2,2026/04/14
7410,15701109,Investment,90.84,1,2026/05/23
7411,15686917,Loan,477.05,2,2026/03/26
7412,15580560,Credit Card,285.74,1,2025/12/10
7413,15753213,Credit Card,79.29,2,2026/01/09
7414,15627999,Investment,183.33,2,2025/11/30
7415,15632793,Investment,118940.02,1,2025/12/13
7416,15593555,Loan,857.81,2,2026/08/20
7417,15617401,Loan,422.83,2,2026/01/24
7418,15744607,Checking,49888.74,2,2026/03/23
7419,15705777,Investment,121405.37,1,2025/10/25
7420,15708046,Credit Card,,1,2026/06/28
7421,15701768,Loan,1040.02,2,2026/06/30
7422,15587297,credit card,635.81,2,2026/02/09
7423,15774250,Checking,89703.42,1,2025/11/26
7424,15791700,Credit Card,41649.14,4,2025/12/17
7425,15736043,Loan,135458.61,1,2026/05/10
7426,15598086,Savings,80662.54,1,2026/04/12
7427,15801351,Savings,424.22,2,2026/04/19
7428,15613471,Investment,43539.47,2,2026/04/07
7429,15577985,Checking,61822.38,2,2026/07/05
7430,15569759,,383.43,3,2026/01/20
7431,15706269,Savings,59872.61,2,2026/02/13
7432,15657228,SAVINGS,60724.03,2,2026/07/18
7433,15806570,Savings,1306.81,1,2025/10/28
7434,15622658,Credit Card,216891.28,1,2026/07/10
7435,15667889,Savings,693.94,2,2026/03/18
7436,15727408,Savings,51061.89,2,2026/04/10
7437,15692207,Loan,281.4,2,2025/12/14
7438,15579223,Investment,95380.18,1,2026/06/20
7439,15794142,Savings,38235.1,3,2026/03/02
7440,15712319,Savings,92503.73,2,2026/03/13
7441,15619083,Credit Card,376.28,2,2026/07/23
7442,15680685,Savings,186433.26,1,2025/10/05
7443,15809616,Checking,505.96,2,2026/04/21
7444,15616859,Credit Card,20108.98,4,2025/11/27
7445,15763907,,88013.27,1,2025/09/20
7446,15636658,Credit Card,238.28,1,2026/05/22
7447,15637411,Loan,929.28,2,2026/01/10
7448,15724563,Investment,55417.5,2,2026/06/30
7449,15687658,Credit Card,37831.85,2,2026/03/31
7450,15669491,Checking,131892.81,1,2026/01/31
7451,15721504,loan,167.48,2,2026/07/09
7452,15791836,Loan,164.63,2,2026/07/30
7453,15746012,SAVINGS,534.89,2,2026/06/01
7454,15808905,Savings,72247.52,1,2026/03/02
7455,15610140,CreditCard,637.59,4,2026/03/25
7456,15606386,Credit Card,45391.46,3,2025/09/18
7457,15570601,Investment,133067.75,1,2025/10/31
7458,15716501,Loan,128772.73,1,2025/12/04
7459,15753370,Savings,123036.7,1,2026/02/15
7460,15639278,Investment,67655.38,2,2026/04/10
7461,15724251,,64128.82,1,2025/12/07
7462,15637954,Checking,84617.74,1,2026/03/05
7463,15614491,Investment,49271.56,2,2026/01/06
7464,15780804,Credit Card,139408.1,1,2025/10/10
7465,15682435,Loan,71288.57,2,2025/12/22
7466,15649121,Checking,855.32,1,2026/08/05
7467,15756894,CREDIT CARD,435.49,1,2026/03/12
7468,15794941,Checking,25420.5,3,2026/03/12
7469,15647301,Loan,87236.4,2,2025/11/16
7470,15611644,Investment,130985.04,1,2026/02/10
7471,15727311,Checking,51350.37,2,2025/11/04
7472,15658577,Loan,44334.8,3,2025/09/07
7473,15610343,Loan,776.31,2,2026/02/13
7474,15720919,Credit Card,389.32,1,2026/08/21
7475,15738835,Loan,-4207.68,2,2025/09/08
7476,15697567,Loan,982.84,2,2026/02/18
7477,15702298,Loan,98631.52,1,2025/12/21
7478,15767908,Credit Card,50529.87,2,2026/04/29
7479,15669064,Credit Card,113554.0,1,2026/06/20
7480,15670374,Checking,19187.97,4,2026/02/14
7481,15617617,Checking,656.84,2,2025/12/31
7482,15789548,Investment,549.58,2,2026/06/17
7483,15754012,Savings,,2,2025/10/06
7484,15639946,Loan,72019.46,3,2026/03/19
7485,15789158,,32244.14,2,2026/01/26
7486,15665834,Checking,108.32,1,2026/07/08
7487,15773146,Checking,68717.54,2,2025/12/20
7488,15670205,Investment,103085.66,1,2026/05/30
7489,15686060,Credit Card,102631.66,1,2025/12/23
7490,15790750,Savings,116885.64,1,2025/10/25
7491,15672091,Loan,42407.9,2,2026/06/17
7492,15717560,Credit Card,126884.23,1,2026/01/23
7493,15661821,Loan,58959.64,3,2026/07/11
7494,15594450,Credit Card,240547.56,1,2026/08/12
7495,15647259,Investment,1029.55,2,2025/10/11
7496,15666711,Savings,217.7,3,2026/06/23
7497,15674880,Investment,779.35,2,2026/07/30
7498,15782735,Savings,251.26,1,2026/04/06
7499,15743293,CREDIT CARD,54940.47,3,2026/08/18
7500,15584288,CreditCard,317.86,2,2026/04/13
7501,15623277,Investment,569.31,2,2026/02/12
7502,15752912,Loan,505.53,2,2026/02/13
7503,15670103,Investment,138189.39,1,2025/12/13
7504,15778696,Savings,208668.6,1,2025/12/12
7505,15701932,Savings,127552.15,1,2025/09/28
7506,15600992,Checking,626.76,2,2026/05/13
7507,15688409,Investment,35053.85,1,2026/05/16
7508,15602373,Investment,64133.92,2,2025/09/26
7509,15761047,Credit Card,60611.46,2,2026/01/21
7510,15757434,Loan,81796.12,1,2026/04/06
7511,15810786,Credit Card,1163.51,2,2025/11/03
7512,15638355,Investment,108568.71,1,2025/11/05
7513,15717706,Checking,45336.62,2,2026/04/22
7514,15632439,Credit Card,71.2,2,2025/11/29
7515,15765457,Loan,101168.65,1,2026/07/07
7516,15659937,Loan,201.34,2,2026/02/17
7517,15697045,Credit Card,514.87,2,2026/07/02
7518,15611961,Checking,37.46,2,2026/03/18
7519,15578374,Savings,144879.75,1,2026/01/02
7520,15667633,Credit Card,639.08,2,2026/06/25
7521,15639322,Investment,93525.02,2,2025/09/13
7522,15612729,Savings,260.05,2,2026/01/26
7523,15727467,Checking,1211.89,2,2025/09/12
7524,15619465,Investment,669.28,2,2026/07/29
7525,15610383,Credit Card,10477.66,4,2026/06/24
7526,15578835,Investment,102967.93,1,2025/09/05
7527,15604355,Checking,98537.66,1,2026/04/27
7528,15780254,Credit Card,443.19,1,2026/01/26
7529,15796813,Credit Card,54969.88,2,2025/11/09
7530,15702541,Loan,101272.72,1,2026/03/28
7531,15673578,Credit Card,62334.19,2,2025/09/21
7532,15570379,CreditCard,100416.95,1,2026/06/03
7533,15797665,Loan,491.96,2,2026/05/31
7534,15593454,Savings,75116.47,1,2025/09/23
7535,15810432,Investment,280.35,2,2026/02/22
7536,15578865,Investment,123845.83,1,2026/07/30
7537,15627042,Loan,994.31,2,2025/09/11
7538,15761364,Credit Card,99.52,2,2025/10/08
7539,15729454,Investment,772.33,2,2026/05/01
7540,15690209,Credit Card,30083.96,2,2025/10/21
7541,15580629,Savings,154227.76,1,2026/04/03
7542,15721507,Checking,143435.39,1,2026/02/04
7543,15788183,Loan,61185.23,2,2026/01/21
7544,15678067,Investment,911.53,2,2026/02/12
7545,15802483,Investment,50472.54,2,2026/02/27
7546,15677105,Savings,130212.95,1,2026/03/26
7547,15665943,Investment,,2,2025/10/13
7548,15576824,Savings,42341.83,3,2026/06/14
7549,15625175,Checking,139335.81,1,2026/02/10
7550,15809248,Checking,145.71,2,2026/05/13
7551,15709643,Loan,289.53,3,2026/07/13
7552,15605113,CHECKING,129511.32,1,2025/09/27
7553,15773934,Savings,93155.6,1,2026/03/23
7554,15743293,Savings,62615.39,3,2026/02/02
7555,15635285,,532.74,2,2026/08/25
7556,15694821,Savings,118749.97,1,2026/04/23
7557,15595010,Investment,518.09,2,2026/05/13
7558,15688498,Savings,63178.95,2,2026/07/28
7559,15618213,Credit Card,65584.03,1,2025/11/04
7560,15803633,Savings,160.16,2,2026/03/13
7561,15698953,Credit Card,47.04,2,2026/07/16
7562,15810878,Loan,188935.32,1,2025/10/25
7563,15618245,Checking,49048.65,2,2025/09/17
7564,15583597,Credit Card,115033.07,1,2025/12/26
7565,15745605,Credit Card,101149.11,1,2025/09/27
7566,15768120,Checking,61536.57,1,2025/09/08
7567,15790299,Credit Card,719.24,4,2025/11/13
7568,15660611,Savings,,2,2025/10/26
7569,15584363,Savings,181630.19,1,2026/02/15
7570,15591628,Checking,120552.31,1,2026/08/21
7571,15756125,Savings,51374.38,2,2026/04/14
7572,15640266,Savings,49266.21,1,2025/12/27
7573,15679804,Checking,28487.01,2,2025/11/29
7574,15586757,Checking,86675.47,1,2025/10/18
7575,15762110,Investment,176.55,2,2025/12/09
7576,15787459,,67474.41,1,2026/03/10
7577,15714260,Credit Card,10.38,2,2026/06/05
7578,15664270,Loan,35677122.22,4,2025/09/05
7579,15618255,Credit Card,55590.75,2,2026/08/21
7580,15781530,Credit Card,9.68,2,2025/09/29
7581,15641490,Credit Card,44188.44,2,2026/01/13
7582,15645496,Checking,140607.28,1,2025/09/25
7583,15738715,Credit Card,191.22,3,2025/10/29
7584,15639357,Investment,73697.14,3,2025/09/27
7585,15567778,Credit Card,71595.33,1,2026/02/05
7586,15736420,Credit Card,74598.19,2,2025/10/11
7587,15606755,Loan,481.39,2,2026/01/16
7588,15775206,,1090.1,2,2026/02/18
7589,15606641,Loan,32333.28,3,2026/08/21
7590,15746995,Checking,103603.6,1,2026/07/13
7591,15667932,Checking,423.78,2,2026/03/16
7592,15756920,Credit Card,104709.0,1,2026/01/19
7593,15773394,Loan,475.86,2,2026/08/26
7594,15731669,Credit Card,170403.39,1,2025/11/29
7595,15657747,Loan,36714.7,2,2025/11/12
7596,15691446,Loan,1219.95,2,2026/06/28
7597,15734246,Investment,,2,2026/04/26
7598,15576676,Savings,81117.58,2,2025/11/03
7599,15653521,Loan,89637.51,1,2025/11/06
7600,15610765,Investment,476.53,2,2026/02/13
7601,15694677,Credit Card,513.35,2,2025/11/17
7602,15772777,Checking,216.38,2,2026/06/29
7603,15707559,Credit Card,,2,2026/04/02
7604,15692235,Investment,528.88,2,2026/07/26
7605,15644686,Investment,26936.9,2,2026/04/19
7606,15578980,Investment,68.42,2,2026/08/11
7607,15720644,,564.29,2,2025/11/04
7608,15743759,Savings,662.03,2,2026/05/28
7609,15574480,Checking,100638.25,1,2026/05/31
7610,15736250,Loan,128477.56,1,2026/01/04
7611,15632789,Credit Card,472.09,2,2026/06/25
7612,15762331,Investment,133316.91,1,2026/05/05
7613,15738181,Investment,25887051.66,2,2026/08/07
7614,15780492,Credit Card,106.38,2,2026/05/11
7615,15773017,Loan,649.25,2,2026/01/24
7616,15775797,Loan,149.01,3,2026/02/14
7617,15733429,Loan,75192.89,2,2026/05/08
7618,15778395,Checking,48212.41,2,2025/12/27
7619,15650432,Loan,69893.24,1,2025/10/20
7620,15577751,Credit Card,81366.75,1,2026/01/16
7621,15770974,Loan,103786.39,2,2026/02/01
7622,15611325,LOAN,40928.83,2,2026/09/02
7623,15649033,Credit Card,76598.97,2,2025/10/15
7624,15770214,Checking,523.32,2,2026/03/02
7625,15795124,Checking,92057.55,1,2026/06/15
7626,15691874,Investment,79748.59,1,2026/01/05
7627,15772148,Checking,172195.05,1,2026/08/06
7628,15649060,Loan,32149.73,2,2026/07/31
7629,15588248,Credit Card,417.94,2,2025/12/17
7630,15674922,Loan,171160.1,1,2026/08/24
7631,15737354,Loan,98.45,2,2025/10/12
7632,15604515,Savings,59100.84,2,2025/10/11
7633,15575214,Investment,115.47,1,2026/05/14
7634,15598982,Credit Card,104963.8,1,2025/10/03
7635,15800215,Checking,501.65,2,2025/12/20
7636,15595136,Loan,943.15,2,2025/09/09
7637,15754605,Investment,1017.66,2,2026/08/12
7638,15776156,Credit Card,107490.39,1,2025/12/22
7639,15653222,Credit Card,73988.86,2,2026/04/30
7640,15734491,Investment,386.38,2,2026/03/19
7641,15680767,Credit Card,65020.57,2,2025/12/08
7642,15736510,,628.64,3,2026/05/10
7643,15715638,Checking,-3748.66,2,2025/10/26
7644,15661745,Loan,661.62,1,2026/02/24
7645,15663933,Loan,35758.54,2,2025/12/18
7646,15577999,Investment,,1,2026/07/02
7647,15593973,Investment,132681.6,1,2026/05/31
7648,15812497,Credit Card,157166.66,1,2026/05/24
7649,15802274,Loan,48496.38,1,2026/02/10
7650,15779423,Savings,34484.89,2,2026/02/09
7651,15620836,Savings,84050.84,2,2026/08/31
7652,15617348,Loan,853.24,2,2026/04/23
7653,15650351,Investment,83627.35,1,2026/08/04
7654,15759805,Checking,81.41,2,2025/11/20
7655,15808621,Investment,29441.08,2,2026/05/19
7656,15761506,Investment,798.45,2,2025/10/27
7657,15648735,Credit Card,1064.29,2,2025/11/08
7658,15701265,Loan,38935.92,2,2025/12/24
7659,15605067,Loan,1217.85,2,2026/03/08
7660,15804822,Investment,842.01,2,2026/03/19
7661,15627637,Savings,58594.72,2,2026/04/22
7662,15683483,Credit Card,52964.61,2,2026/07/17
7663,15703106,Loan,1442.78,2,2026/05/23
7664,15753895,Loan ,816.16,2,2025/12/15
7665,15794895,Investment,283.06,2,2026/03/26
7666,15757306,Savings,772.26,3,2025/12/08
7667,15702788,Investment,98589.71,1,2025/10/08
7668,15669219,Checking,125280.02,1,2026/01/23
7669,15773792,Credit Card,146201.03,1,2026/04/07
7670,15787189,Credit Card,64444.61,3,2025/11/26
7671,15738042,,57375.59,2,2026/08/20
7672,15653715,Investment,310.3,1,2026/02/07
7673,15789498,Credit Card,41597.81,2,2026/06/25
7674,15590344,Loan,90192.11,2,2026/07/31
7675,15732884,Loan,68040.63,1,2025/10/25
7676,15782608,Loan,735.49,2,2025/11/17
7677,15719017,credit card,,2,2026/04/27
7678,15744689,Savings,100338.34,1,2025/10/27
7679,15591724,Savings,135678.21,3,2025/10/29
7680,15738501,Loan,215070.34,1,2026/01/04
7681,15583049,Checking,99587.91,1,2025/09/11
7682,15683053,Loan,944.22,1,2026/04/26
7683,15633283,Credit Card,1293.12,2,2025/12/07
7684,15567422,Loan,894.46,2,2026/01/17
7685,15721292,Investment,1176.81,2,2025/09/17
7686,15716024,Credit Card,570.62,2,2026/05/04
7687,15791767,Savings,736.95,2,2026/08/07
7688,15658548,Savings,93657.16,2,2026/06/01
7689,15674254,Savings,896.53,2,2026/04/22
7690,15703544,Credit Card,624.44,1,2026/03/02
7691,15626143,Loan,341.64,2,2026/01/16
7692,15656176,Checking,1286.54,2,2025/11/02
7693,15738220,Credit Card,109.85,2,2026/06/11
7694,15661162,Checking,949.26,1,2025/10/16
7695,15672640,Savings,38743.32,2,2026/03/03
7696,15590094,Checking,59527.93,2,2026/04/11
7697,15582591,CREDIT CARD,158912.76,1,2025/12/20
7698,15804586,Investment,214.22,1,2025/11/19
7699,15712121,Savings,197580.6,1,2026/03/25
7700,15729359,Loan,549.73,2,2026/05/18
7701,15724466,Savings,81941.53,1,2026/04/11
7702,15614137,savings,565.36,2,2026/05/21
7703,15660535,Loan,866.25,2,2026/02/20
7704,15661827,Loan,1118.42,2,2025/09/30
7705,15686835,Checking,115259.41,1,2026/04/16
7706,15674637,Loan,128210.34,1,2026/01/20
7707,15592979,Savings,8094.44,3,2026/03/11
7708,15583692,Checking,27379.34,2,2025/10/23
7709,15653547,Checking,127710.3,1,2025/09/28
7710,15659002,Credit Card,178.0,2,2026/08/01
7711,15587133,LOAN,70351.82,2,2026/03/17
7712,15744914,Savings,268989.65,1,2026/04/07
7713,15684042,Savings,32951.61,2,2025/12/11
7714,15640521,Savings,177871.33,1,2026/01/31
7715,15689602,Savings,120482.35,1,2025/12/08
7716,15728885,Investment,246.96,1,2026/03/28
7717,15723658,Credit Card ,519.25,2,2025/12/02
7718,15658987,Investment,68619.71,3,2026/07/04
7719,15790659,Loan,1044.84,2,2026/01/22
7720,15620570,Loan,239722.89,1,2026/06/01
7721,15745001,Checking,1187.72,3,2026/07/11
7722,15677135,Investment,52851.5,2,2026/05/13
7723,15780628,Checking,182.01,2,2026/05/26
7724,15661249,Investment,288.7,2,2026/04/12
7725,15796231,Loan,73455.47,1,2025/10/28
7726,15588537,Checking,109429.93,1,2026/08/17
7727,15697574,Credit Card,1037.72,3,2025/09/28
7728,15602500,Investment,136904.19,1,2026/07/30
7729,15716000,Savings,64.32,2,2026/01/08
7730,15732963,Savings,582.58,2,2025/10/29
7731,15734737,Loan,177.84,2,2025/12/24
7732,15639265,Loan,151853.14,1,2025/10/31
7733,15741195,Checking,325.49,1,2025/09/30
7734,15651554,Investment,124319.01,1,2025/09/21
7735,15612418,Savings,790.04,4,2026/06/24
7736,15711825,Savings,48421.25,2,2026/01/17
7737,15777855,Savings,1058.89,2,2026/01/03
7738,15705991,Savings,221878.7,1,2025/10/06
7739,15665590,Investment,1408.63,2,2026/06/02
7740,15603221,Credit Card,78474.58,1,2025/10/24
7741,15683416,Loan,33718.16,3,2026/01/22
7742,15668886,Loan,675.53,2,2025/12/27
7743,15638751,Loan,911.47,2,2026/07/17
7744,15573284,Loan,196.08,2,2026/08/27
7745,15697678,Investment,57725.11,2,2026/03/29
7746,15684995,,168369.15,1,2026/03/22
7747,15689425,Savings,24385.97,2,2026/03/23
7748,15660528,Checking,1458.9,2,2025/10/24
7749,15799825,Credit Card,947.78,2,2025/12/24
7750,15643824,Checking,65222.37,2,2026/08/23
7751,15714057,Investment,482.16,1,2026/01/18
7752,15646817,Loan,37505.47,2,2026/05/14
7753,15704014,Credit Card,83614.52,2,2025/12/17
7754,15803790,Investment,40070.12,2,2025/11/29
7755,15689322,Checking,152025.15,1,2025/12/16
7756,15591150,Credit Card,595.76,2,2026/02/27
7757,15751912,Savings,1366.81,2,2026/07/26
7758,15694098,Savings,55494.58,1,2026/01/28
7759,15621974,Savings,47073.71,2,2026/08/30
7760,15729763,Savings,74317.4,1,2026/07/05
7761,15748995,Loan,,2,2026/01/28
7762,15643966,Savings,71331.7,2,2025/09/04
7763,15775318,,54650.1,3,2025/10/21
7764,15738662,Loan,116980.51,1,2025/12/06
7765,15666043,Loan,105958.19,2,2026/05/18
7766,15777553,Savings,111363.59,1,2026/08/27
7767,15625698,Investment,272.24,2,2026/07/18
7768,15747867,Loan,118586.16,1,2026/05/05
7769,15721487,Checking,263.12,1,2026/02/06
7770,15801414,CREDIT CARD,195.99,2,2026/08/21
7771,15625524,Investment,1105.13,2,2026/01/03
7772,15703482,Credit Card,87794.42,2,2025/11/29
7773,15746553,Savings,173208.44,3,2026/02/11
7774,15580805,Credit Card,719.24,2,2026/08/17
7775,15607993,Loan,72491.31,1,2025/10/08
7776,15635125,Savings,32326.25,2,2025/11/27
7777,15582246,Investment,1205.42,2,2025/12/07
7778,15592028,Checking,434.48,1,2026/02/20
7779,15570943,Checking,157157.82,1,2026/04/24
7780,15814209,Credit Card,53019.73,3,2025/11/14
7781,15786215,Checking,53592.01,2,2025/09/09
7782,15762218,checking,168.16,2,2026/08/10
7783,15709199,Loan,90.07,1,2026/05/03
7784,15625641,Checking,54069.7,2,2026/04/10
7785,15606552,Investment,68811.92,2,2026/02/21
7786,15605673,Loan,787.98,2,2025/09/13
7787,15644724,Savings,33497.21,2,2025/12/02
7788,15621116,Loan,75107.88,1,2026/01/16
7789,15649060,Credit Card,46480.35,2,2025/10/12
7790,15635870,Savings,151452.73,1,2025/11/29
7791,15793307,Loan,47436.34,3,2026/08/16
7792,15602647,Credit Card,126929.64,1,2025/09/07
7793,15577313,Investment,90324.18,1,2026/07/04
7794,15699753,Credit Card,98227.49,1,2026/03/02
7795,15801072,Loan,155.42,2,2026/05/03
7796,15767871,Investment,422.43,2,2026/06/28
7797,15655274,Credit Card,704.51,2,2025/09/03
7798,15771674,Savings,68600.69,2,2026/05/11
7799,15648136,Savings,136053.56,1,2026/01/07
7800,15627412,,861.54,2,2026/05/02
7801,15778489,Checking,64739.57,2,2025/10/29
7802,15612966,Checking,164489.33,1,2025/09/26
7803,15729412,Loan,169079.62,1,2025/09/11
7804,15698716,Savings,32662.99,2,2026/06/20
7805,15683977,Credit Card,1064.24,2,2026/08/17
7806,15770309,Savings,206769.5,1,2026/01/29
7807,15687852,Checking,129456.23,1,2025/12/28
7808,15768449,Savings,30259.69,2,2026/05/29
7809,15797964,Checking,,1,2026/05/18
7810,15615032,Loan ,850.84,2,2025/11/27
7811,15648721,Savings,386.61,2,2025/11/17
7812,15707291,Credit Card,78556.51,2,2025/10/21
7813,15687527,Credit Card,781.02,1,2025/10/24
7814,15733842,Investment,117291.33,1,2026/02/05
7815,15701412,Credit Card,101.21,2,2026/02/21
7816,15733476,Savings,85751.57,1,2026/04/22
7817,15780409,Credit Card,845.65,2,2026/05/12
7818,15733247,Checking,792.61,1,2026/03/01
7819,15572291,Investment,190319.53,1,2026/06/09
7820,15684267,Investment,50954.13,2,2026/01/12
7821,15588235,Credit Card,181847.23,1,2026/08/08
7822,15629244,Loan,70575.45,2,2026/05/10
7823,15727138,Checking,913.51,2,2026/01/10
7824,15736274,Loan,330.99,2,2026/03/08
7825,15611186,Loan,25162.31,1,2026/04/25
7826,15731553,Loan,793.63,2,2025/09/09
7827,15715031,Loan,449.15,2,2026/03/02
7828,15650933,Credit Card,202197.13,1,2026/02/04
7829,15624391,Checking,115414.14,1,2026/09/01
7830,15665340,Loan,742.74,2,2026/02/20
7831,15593683,Investment,450.2,2,2026/05/26
7832,15690182,Credit Card,136038.38,1,2026/08/08
7833,15742824,Loan,151040.19,1,2026/07/05
7834,15616122,Credit Card,203.67,2,2026/05/08
7835,15615016,Savings,168.35,2,2025/10/30
7836,15677243,Credit Card,75.0,2,2026/01/19
7837,15749851,Loan,71637.11,1,2026/08/20
7838,15782688,Savings,139188.6,1,2026/05/26
7839,15575391,Credit Card,68.97,2,2026/07/27
7840,15734085,Credit Card,129088.37,1,2025/09/13
7841,15807432,Investment,28758.28,2,2025/11/17
7842,15635531,Checking,62.36,2,2026/04/01
7843,15793346,Investment,843.87,2,2025/12/24
7844,15588446,Credit Card,703.29,2,2026/08/06
7845,15734917,Checking,72287.44,2,2025/11/14
7846,15677243,Checking,1269.4,2,2026/03/04
7847,15728043,Savings,68034.68,2,2026/05/15
7848,15667462,Checking,487.52,2,2025/09/18
7849,15788025,Credit Card,863.5,2,2026/01/06
7850,15634632,Loan,1194.18,2,2026/06/25
7851,15605037,Loan,524.92,1,2026/08/25
7852,15664521,Checking,69080.09,2,2026/04/11
7853,15678333,Investment,122.47,2,2026/03/06
7854,15680706,Savings,102420.87,1,2025/12/17
7855,15577771,Checking,97922.55,1,2025/10/18
7856,15596972,Investment,446.39,1,2025/12/11
7857,15784361,Savings,152134.72,1,2026/03/15
7858,15658504,Checking,42426.72,2,2026/07/27
7859,15602551,Credit Card,1191.19,2,2025/10/28
7860,15651336,,1053.88,2,2026/01/21
7861,15689344,Investment,653.02,4,2026/07/20
7862,15705515,Savings,64410.99,2,2026/08/16
7863,15693233,Loan,62918.75,2,2026/06/08
7864,15652401,Investment,309.75,2,2026/04/21
7865,15578211,Credit Card,381.91,2,2026/05/30
7866,15588859,Savings,147453.45,2,2025/12/01
7867,15721582,Loan,,2,2026/01/16
7868,15688865,Checking,5.35,2,2026/08/16
7869,15569364,Savings,45863897.74,2,2026/02/28
7870,15781451,Investment,73041.67,2,2026/02/19
7871,15750671,Loan,,2,2026/03/22
7872,15659092,Checking,748.07,2,2026/07/01
7873,15787602,Savings,554.79,2,2026/04/04
7874,15675949,Investment,458.83,4,2026/01/22
7875,15623196,Checking,174235.49,1,2026/02/08
7876,15633194,Credit Card,29454.87,4,2025/12/09
7877,15806318,Investment,,1,2025/09/24
7878,15659475,Investment,101157.14,2,2026/06/26
7879,15706647,Checking,302.12,3,2026/05/27
7880,15676810,Loan,43175.14,2,2026/08/28
7881,15723064,Checking,75504.79,2,2026/02/25
7882,15603465,Investment,68690.99,2,2026/07/13
7883,15588019,Investment,50690.56,1,2025/11/04
7884,15800524,Credit Card,211020.52,1,2026/04/12
7885,15566689,Checking,1131.24,2,2026/04/23
7886,15705918,Loan,456.32,2,2026/06/20
7887,15668504,Loan,56559.17,1,2026/02/27
7888,15725024,Checking,63142.92,2,2026/01/28
7889,15779176,CREDIT CARD,27184.88,3,2025/10/29
7890,15584518,Loan,40828.77,2,2025/09/07
7891,15682421,Investment,588.68,2,2026/05/16
7892,15666548,Checking,23009.68,3,2026/08/19
7893,15596671,Investment,100451.88,2,2025/11/17
7894,15803378,Checking,799.22,2,2026/04/29
7895,15733973,Checking,911.51,1,2026/08/17
7896,15571958,Credit Card,212696.66,1,2025/11/18
7897,15667521,Savings,,2,2026/05/28
7898,15705663,Savings,68549.57,2,2026/01/29
7899,15777452,Savings,65257.76,1,2026/07/19
7900,15741652,Investment,96966.96,1,2026/06/15
7901,15582762,Checking,93.63,3,2026/08/09
7902,15577988,Loan,295.27,2,2025/11/25
7903,15734312,Credit Card,356.03,2,2026/02/05
7904,15764604,Savings,31382.29,3,2026/05/10
7905,15650313,Loan,145186.94,1,2026/01/28
7906,15674840,Loan,38546.8,2,2025/10/06
7907,15625023,Checking,1263.65,1,2026/01/31
7908,15722083,Credit Card,221.09,2,2025/09/10
7909,15750778,Investment,27938.32,4,2026/04/23
7910,15647782,Loan,30075.03,2,2025/09/23
7911,15663312,Investment,60906.33,2,2025/12/23
7912,15669169,Credit Card,632.53,2,2026/01/25
7913,15619343,Credit Card,49307.48,2,2026/07/03
7914,15606003,Credit Card,383.27,2,2025/11/05
7915,15709004,Credit Card,,2,2025/09/30
7916,15785490,Investment,,1,2026/05/11
7917,15774104,Credit Card,819.9,2,2026/02/06
7918,15689602,Savings,120482.35,1,2025/09/05
7919,15714227,Checking,1234.44,1,2026/04/11
7920,15585215,Investment,62.67,2,2026/03/02
7921,15810891,Credit Card,49055.24,2,2026/08/07
7922,15801559,Checking,55529.96,3,2025/09/03
7923,15682355,Savings,47765.69,2,2025/09/28
7924,15693690,Checking,100081.97,1,2026/01/09
7925,15796957,Savings,915.97,3,2025/11/12
7926,15728006,Loan,150270.54,1,2026/03/01
7927,15769312,Investment,388.91,2,2026/01/26
7928,15785920,Savings,40718.89,2,2026/05/18
7929,15664150,Checking,43766.98,2,2026/08/09
7930,15635776,Investment,35901.81,2,2026/06/17
7931,15607230,,63012.16,2,2025/11/21
7932,15569187,Investment,672.17,2,2025/10/17
7933,15610337,Checking,132925.34,1,2026/09/03
7934,15744240,Loan,59707.06,1,2026/01/19
7935,15613085,Investment,390.87,1,2025/11/15
7936,15597385,Loan,24.71,2,2025/12/12
7937,15721047,,124971.88,1,2026/04/12
7938,15646513,Investment,276.21,1,2026/06/29
7939,15591995,Loan,75117.42,2,2025/10/14
7940,15788068,Savings,52348.57,3,2026/01/29
7941,15807457,Credit Card,691.27,2,2025/12/24
7942,15748673,Savings,640.58,2,2025/09/19
7943,15794661,Loan,681.6,2,2026/05/03
7944,15753639,Checking,59199.09,4,2026/03/03
7945,15705885,Loan,22.32,2,2026/01/08
7946,15723105,Loan,314.02,1,2026/08/16
7947,15620276,Checking,460.56,3,2026/07/26
7948,15792565,Investment,,1,2026/03/19
7949,15720706,Investment,87111.24,1,2026/04/07
7950,15763895,Investment,73245.14,2,2026/03/26
7951,15725660,Loan,70636.63,1,2025/10/23
7952,15786153,Investment,53617.78,2,2026/01/14
7953,15578156,,194281.18,1,2026/02/04
7954,15698271,Checking,1191.12,2,2026/07/05
7955,15763922,Savings,46419.78,2,2026/02/09
7956,15697424,Credit Card,37538.77,1,2025/11/30
7957,15739858,Loan,617.02,1,2026/06/18
7958,15686164,Credit Card,80133.75,1,2026/04/14
7959,15814772,Credit Card,,1,2026/08/16
7960,15636407,Checking,164121.81,3,2026/02/15
7961,15574523,Savings,383.92,2,2026/06/26
7962,15734762,Savings,28309.14,3,2025/11/13
7963,15595447,Credit Card,89247.54,1,2026/08/18
7964,15636521,Credit Card,71934.34,1,2025/12/14
7965,15632345,Savings,155.97,4,2026/01/09
7966,15768495,Investment,81105.44,2,2025/11/11
7967,15672930,Credit Card,736.35,2,2026/04/04
7968,15774179,Checking,,2,2026/06/13
7969,15643824,Loan,93529.5,2,2025/12/14
7970,15789714,Loan,139107.7,1,2026/02/04
7971,15713604,,78226.17,2,2026/02/06
7972,15587647,Loan,188200.23,1,2025/10/16
7973,15697310,Investment,96059.44,1,2026/02/02
7974,15719561,Investment,491.64,3,2026/06/20
7975,15724648,Savings,122431.0,1,2026/07/21
7976,15654562,,54468.46,4,2026/04/27
7977,15709142,Loan,36117.99,2,2026/06/09
7978,15785170,Loan,175838.65,1,2025/12/05
7979,15781129,Credit Card,45969.83,2,2026/03/14
7980,15619529,Savings,131692.87,1,2026/04/14
7981,15695301,Investment,138335.58,1,2025/10/22
7982,15789955,Checking,32868.65,2,2025/11/12
7983,15706762,Loan,107388.66,4,2026/05/30
7984,15786308,Investment,5.71,2,2026/04/17
7985,15783526,Credit Card,162455.56,1,2026/08/24
7986,15796115,CreditCard,9499.94,4,2026/02/10
7987,15672516,Savings,50039.38,2,2026/05/18
7988,15718064,Loan,207.37,2,2026/08/19
7989,15592412,Credit Card,143533.99,1,2026/09/02
7990,15691513,Savings,1355.25,4,2026/03/05
7991,15732903,Loan,26602.69,2,2026/04/30
7992,15749068,Investment,181800.05,1,2026/03/03
7993,15745527,Savings,65890.14,2,2026/04/09
7994,15733661,Checking,71948.27,2,2026/04/29
7995,15780572,Savings,451.68,2,2026/04/06
7996,15649738,Loan,336.12,2,2026/04/01
7997,15676526,,47585130.47,1,2026/04/27
7998,15796370,Savings,119044.11,1,2025/09/17
7999,15574237,Checking,167.19,1,2026/06/16
8000,15668575,Loan,65105.58,3,2025/09/16
8001,15664734,Checking,53123.62,2,2026/04/06
8002,15790935,CreditCard,205.03,2,2025/10/18
8003,15689341,Loan,172.8,4,2025/11/13
8004,15598751,Savings,497.06,3,2026/07/14
8005,15606386,INVESTMENT,28392.65,3,2026/02/04
8006,15636520,Checking,48330.96,1,2026/01/05
8007,15706729,Savings,112693.77,1,2026/06/27
8008,15746664,Checking,77566.65,1,2026/05/23
8009,15737194,Checking,649.82,2,2026/03/13
8010,15768295,Investment,-1859.89,1,2025/11/07
8011,15795370,Investment,74391.24,1,2026/07/17
8012,15682322,Credit Card,62473.2,2,2026/06/08
8013,15667932,Investment,512.22,2,2026/06/19
8014,15742511,Credit Card,89075.96,1,2026/01/31
8015,15771154,Savings,58700.55,2,2025/09/30
8016,15603830,Savings,326.24,2,2026/03/23
8017,15760865,Checking,155689.52,1,2025/11/06
8018,15602572,Investment,1132.02,2,2026/03/28
8019,15637235,Investment,636.12,2,2026/08/12
8020,15782574,Savings,398.86,2,2025/09/06
8021,15673180,Investment,37272.59,2,2026/04/27
8022,15570417,,,2,2026/05/26
8023,15759274,Credit Card,255.08,1,2026/04/26
8024,15598884,Checking,237.91,1,2025/09/30
8025,15709232,Checking,45727.04,2,2025/10/16
8026,15719541,Savings,41241.49,2,2025/10/01
8027,15766663,Credit Card,140.16,2,2026/01/19
8028,15799925,Credit Card,40203.58,2,2026/08/01
8029,15743076,Credit Card,315.1,1,2025/10/27
8030,15693337,Loan,119973.19,1,2026/02/20
8031,15610343,Savings,952.7,2,2026/07/04
8032,15595067,Checking,765.9,2,2025/10/22
8033,15757759,Credit Card,58341.27,3,2026/01/29
8034,15746902,Checking,524.71,2,2026/06/19
8035,15699446,Investment,102400.21,2,2026/05/07
8036,15687079,Credit Card,,1,2026/08/22
8037,15661626,Savings,70334.36,1,2026/02/19
8038,15570629,Checking,21595.79,1,2025/10/04
8039,15727197,Investment,57785.66,2,2025/11/04
8040,15655648,Loan,369.7,2,2026/06/29
8041,15585839,Savings,845.7,2,2026/08/14
8042,15775234,Checking,404.38,2,2026/05/22
8043,15783875,Checking,742.17,2,2025/09/30
8044,15640507,Credit Card,,3,2026/08/28
8045,15759690,Checking,281.61,2,2025/12/16
8046,15767864,Credit Card,267.52,2,2026/05/25
8047,15634591,Credit Card,81299.33,1,2025/11/15
8048,15738672,Savings ,100263.96,2,2026/06/17
8049,15799790,Loan,363.66,1,2026/05/14
8050,15692317,Checking,115.94,2,2025/11/11
8051,15759499,Savings,128043.95,1,2025/12/26
8052,15729718,Loan,275.27,3,2026/08/14
8053,15705001,Loan,65948.53,1,2026/07/27
8054,15756056,Loan,394.16,1,2025/11/21
8055,15783752,Loan,113544.27,1,2026/02/04
8056,15638963,Savings,132255.49,1,2026/07/21
8057,15684512,Checking,111944.55,2,2026/02/09
8058,15565714,Loan,39708.73,2,2025/09/06
8059,15738318,Savings,150520.73,1,2026/05/09
8060,15668058,Checking,111815.89,1,2026/07/19
8061,15680399,Loan,809.92,2,2026/08/21
8062,15598574,Savings,-3003.72,2,2025/12/14
8063,15603170,Checking,85441.15,1,2025/10/31
8064,15729689,Credit Card,42758.24,2,2025/10/07
8065,15580213,Loan,38.67,2,2025/09/03
8066,15743582,Savings,57942.68,1,2025/11/20
8067,15617991,Credit Card,192421.47,1,2026/07/09
8068,15589449,Loan,382.67,3,2025/11/03
8069,15579130,Loan,0.0,1,2026/05/27
8070,15649451,Checking,423.51,2,2025/10/22
8071,15644833,Loan,215.9,1,2026/01/07
8072,15613216,Savings,137822.89,1,2025/12/16
8073,15699095,Investment,317.77,1,2025/10/26
8074,15789955,Investment,55697.2,2,2026/05/03
8075,15699772,Credit Card,63091.77,2,2025/09/15
8076,15766659,Credit Card,35.4,2,2026/05/19
8077,15745533,Checking,32262.94,2,2026/04/18
8078,15655368,Loan,186.84,1,2026/03/22
8079,15672637,Savings,83676.44,1,2025/10/01
8080,15607275,Loan,168208.38,2,2025/11/04
8081,15756475,Loan,26965.88,2,2026/02/03
8082,15657228,Checking,39872.7,2,2026/03/29
8083,15778345,Savings,113675.48,1,2026/05/08
8084,15744273,Credit Card,46054.47,2,2025/12/06
8085,15803842,Savings,9421.78,2,2026/01/01
8086,15660422,Loan,322.87,2,2026/06/09
8087,15811985,Savings,-1538.57,2,2026/01/14
8088,15759874,Savings,180949.18,1,2026/07/13
8089,15706200,Savings,45865.48,2,2026/08/17
8090,15597709,Savings,70871.35,2,2026/04/15
8091,15751593,Loan,103173.85,1,2026/08/05
8092,15566660,Savings,486.98,3,2026/07/15
8093,15791053,Checking,100671.22,1,2025/11/05
8094,15606310,,97085.79,1,2026/04/12
8095,15626044,Savings,-3664.45,2,2025/11/16
8096,15769402,Loan,150852.43,1,2026/07/25
8097,15620981,Credit Card,89699.69,1,2025/09/14
8098,15586585,Checking,-4747.91,1,2025/12/06
8099,15758372,Checking,398.49,2,2025/11/14
8100,15654372,Savings,14377.93,2,2026/08/05
8101,15662758,Credit Card,92917.88,1,2026/01/04
8102,15693233,Credit Card,35275.37,2,2025/11/29
8103,15616630,Credit Card,50694.19,1,2026/05/22
8104,15630511,Investment,102.41,2,2026/08/27
8105,15664543,,660.51,1,2026/06/09
8106,15572038,Investment,66125.77,1,2025/12/14
8107,15811127,Investment,111097.18,1,2026/05/04
8108,15731519,Loan,-4259.91,2,2026/05/06
8109,15793949,Loan,777.48,1,2026/01/29
8110,15707138,Credit Card,,2,2026/01/29
8111,15780256,Checking,163.2,2,2026/08/10
8112,15694852,Credit Card,73181.62,2,2025/10/24
8113,15735078,Checking,69619.22,2,2026/07/01
8114,15721307,Loan,41080.49,2,2026/05/13
8115,15623536,loan,154042.93,1,2026/03/10
8116,15663888,Credit Card,84160.16,2,2026/08/10
8117,15777708,Loan,0.63,2,2026/01/21
8118,15678146,Investment,229458.64,1,2026/03/22
8119,15674932,credit card,661.39,2,2026/03/19
8120,15720123,Loan,15.13,2,2026/08/26
8121,15754578,Investment,70901.9,2,2025/10/27
8122,15631693,Savings,322.25,2,2026/04/28
8123,15744105,Credit Card,83078.5,2,2026/04/04
8124,15700693,Credit Card,654.68,4,2026/04/08
8125,15692718,Checking ,586.83,2,2025/11/17
8126,15721935,Savings,47.17,2,2025/09/17
8127,15807163,Savings,984.47,1,2026/01/26
8128,15600997,Savings,30953.52,2,2026/04/25
8129,15777067,Savings,185669.24,1,2025/11/03
8130,15759751,Checking,446.52,2,2026/06/18
8131,15737133,Savings,165449.99,1,2026/03/21
8132,15689526,Credit Card,57489.52,2,2025/09/08
8133,15689168,Loan,60171.16,2,2026/06/27
8134,15625035,Investment,57962.18,2,2026/02/05
8135,15591747,Credit Card,981.13,2,2025/09/20
8136,15611759,Checking,97722.36,2,2026/07/30
8137,15633650,Investment,66909.25,2,2026/08/02
8138,15611409,Credit Card,543.38,2,2026/08/05
8139,15656300,Credit Card,30320.87,2,2026/07/17
8140,15569274,Checking,142157.8,1,2026/04/18
8141,15697391,Credit Card,589.14,2,2025/09/24
8142,15718064,Savings,949.29,2,2026/03/03
8143,15643439,Checking,-1864.55,2,2025/11/13
8144,15583137,Checking,25015.54,2,2026/04/30
8145,15757001,Loan,39685.62,2,2026/04/25
8146,15577831,Savings,173579.53,1,2026/01/22
8147,15609899,Savings,938.82,1,2025/09/07
8148,15730044,Investment,5727.59,3,2025/11/23
8149,15630580,Credit Card,48172.84,2,2026/03/05
8150,15794868,Investment,80037.47,2,2026/05/17
8151,15601116,Checking,90.38,2,2026/05/18
8152,15587013,Savings,105236.09,1,2025/12/19
8153,15776725,Savings,21530.62,1,2026/02/28
8154,15582951,Credit Card,147126.56,1,2026/08/30
8155,15658716,Savings,46041.49,3,2026/05/29
8156,15646859,Checking,120043.32,1,2026/03/21
8157,15698664,Credit Card,40970.06,2,2026/05/23
8158,15566156,Credit Card,50868.98,2,2025/10/05
8159,15679668,,164092.48,1,2025/12/01
8160,15686936,Savings,,1,2026/08/04
8161,15784736,CHECKING,116708.38,1,2025/11/19
8162,15793196,Investment,650.91,2,2026/03/02
8163,15570360,Loan,166.54,2,2026/08/04
8164,15745088,Investment,50750.92,2,2026/06/18
8165,15785980,Checking,43077.09,2,2026/02/23
8166,15759038,Savings,111808.52,1,2026/04/26
8167,15566156,Investment,51182.98,2,2025/11/13
8168,15724838,Loan,-908.65,1,2026/01/23
8169,15766869,Investment,31584.48,2,2026/08/06
8170,15807473,Savings,342.53,2,2026/02/05
8171,15813911,Loan,407.16,1,2026/03/23
8172,15732903,Checking,54656.22,2,2025/10/07
8173,15815645,Checking,78533.63,2,2026/07/30
8174,15593976,Loan,22189.37,4,2026/05/08
8175,15593014,Investment,92740.37,1,2026/03/14
8176,15775116,Credit Card,912.49,2,2026/05/02
8177,15635660,loan,191350.61,1,2026/07/10
8178,15675501,Checking,150203.19,1,2026/08/06
8179,15679283,Loan,65021.16,2,2025/12/04
8180,15705506,Savings,286.3,2,2026/06/24
8181,15613427,Loan,51912.68,2,2026/08/31
8182,15611371,Credit Card,326526.25,1,2026/05/20
8183,15731463,checking,79390.59,1,2026/08/06
8184,15606641,Savings,30086.8,3,2026/05/30
8185,15691910,Investment,799.74,3,2026/01/13
8186,15778947,Investment,994.06,2,2025/11/08
8187,15721251,Loan,-4601.11,1,2026/08/26
8188,15569807,Credit Card,42032.54,1,2026/02/15
8189,15683276,Investment,91020.32,2,2026/07/01
8190,15696744,Checking,176394.99,1,2026/06/27
8191,15579287,Savings ,302.85,2,2026/02/28
8192,15808017,Loan,51550.07,2,2026/06/29
8193,15703167,Savings,,2,2026/07/16
8194,15665629,Checking,1025.82,2,2026/03/28
8195,15604093,Savings,94284.85,2,2025/10/07
8196,15777211,Loan,62185.02,1,2025/09/26
8197,15757829,Savings,57382.14,2,2025/09/18
8198,15584812,Checking,228.27,3,2025/11/23
8199,15745232,Investment,901.84,2,2025/12/30
8200,15704795,Loan,551.88,2,2025/10/22
8201,15734365,Checking,953.72,2,2026/08/09
8202,15805764,Checking,226.14,2,2025/10/27
8203,15717231,Credit Card,100204.96,1,2026/05/16
8204,15728005,Investment,71280.53,2,2026/08/16
8205,15727251,Credit Card,60071.49,1,2026/05/04
8206,15591550,Credit Card,93460.02,1,2026/02/15
8207,15680683,Investment,57279.61,2,2025/12/30
8208,15759966,Loan,42442.44,2,2026/01/02
8209,15663410,Investment,22054.94,3,2025/10/26
8210,15670374,Loan,33070.15,4,2025/12/01
8211,15740411,Investment,58105.82,2,2026/03/18
8212,15727539,Checking,,2,2026/04/06
8213,15803681,Checking,377.6,2,2025/10/05
8214,15627665,Checking,42.66,1,2025/10/04
8215,15811026,Investment,56511.29,2,2026/07/13
8216,15607537,Investment,108915.59,1,2026/01/09
8217,15694408,Checking ,105426.38,1,2025/10/31
8218,15784958,Loan,74.22,4,2025/09/22
8219,15621195,Loan,89956.7,2,2025/10/10
8220,15811486,Investment,58416.85,2,2026/04/17
8221,15790247,Savings,624.54,2,2026/03/13
8222,15595426,Credit Card,22421.76,2,2026/07/10
8223,15662152,Credit Card,102082.26,1,2026/07/23
8224,15749528,Savings,302.59,2,2025/09/18
8225,15740458,Loan,51789.66,1,2025/12/01
8226,15806771,Loan,1974.4,2,2026/02/14
8227,15802390,Savings,179.89,2,2025/10/28
8228,15808868,Investment,26365.65,3,2026/08/26
8229,15653776,Loan,41879.88,4,2026/04/21
8230,15750569,Checking,39774.18,2,2026/03/15
8231,15746662,Savings,143121.04,1,2025/11/10
8232,15634245,Savings ,131111.52,1,2026/07/26
8233,15806360,Checking,74.23,1,2026/06/23
8234,15662263,Savings,28304771.34,2,2026/06/14
8235,15747807,Checking,117321.11,2,2025/12/14
8236,15693205,Loan,48098.03,3,2025/12/12
8237,15662091,Savings,99511.82,1,2026/01/10
8238,15625501,Checking,199362.96,1,2026/05/12
8239,15600813,Loan,74094.09,1,2026/04/15
8240,15702030,Investment,98158.71,1,2026/08/16
8241,15708713,Credit Card,700.62,2,2026/01/27
8242,15779985,Investment,53788.25,2,2025/12/27
8243,15577905,Loan,58621.31,2,2025/12/15
8244,15641250,Investment,179840.44,1,2025/11/24
8245,15719212,Checking,48468.09,1,2026/04/13
8246,15778752,Checking,23817.59,2,2026/05/31
8247,15668521,Loan,761.34,2,2025/12/10
8248,15777436,Checking,455.92,2,2025/10/17
8249,15767231,Credit Card,190963.77,1,2026/06/28
8250,15630241,Loan,49187.4,1,2025/09/15
8251,15568238,Investment,-2902.43,2,2026/07/22
8252,15771857,Investment,57294.11,2,2026/08/11
8253,15596493,Checking,628.48,2,2025/10/22
8254,15621435,Savings,211197.53,1,2025/12/16
8255,15722583,Checking,83643.7,2,2025/09/20
8256,15793890,Checking,459.47,1,2025/11/13
8257,15805884,Checking,537.58,2,2025/09/05
8258,15631739,Investment,,1,2026/03/06
8259,15662532,Savings,73839.72,2,2026/03/30
8260,15716155,Savings,78820.78,1,2026/06/20
8261,15655875,Credit Card,688.67,2,2026/06/09
8262,15752650,Checking,29278.5,1,2025/10/09
8263,15581479,Savings,69483.71,1,2026/02/24
8264,15785654,Loan,47949.34,2,2025/12/06
8265,15636444,Investment,52730.22,2,2026/08/18
8266,15778526,Investment,841.55,2,2026/07/28
8267,15609562,Investment,93649.58,1,2026/05/31
8268,15583278,Savings,100651.83,1,2026/05/15
8269,15767432,Checking,865.66,3,2025/12/09
8270,15744046,Loan,1299.44,2,2025/12/18
8271,15732199,Savings,106059.38,1,2026/06/22
8272,15589380,Loan,53381.4,1,2026/05/03
8273,15811877,Checking,41.16,2,2026/05/17
8274,15679963,,114997.93,2,2026/03/02
8275,15623644,Checking,172.1,2,2026/03/04
8276,15759381,Credit Card,37705.78,1,2026/07/16
8277,15645404,Loan,58565.07,2,2026/06/16
8278,15744770,Savings,598.69,2,2025/11/12
8279,15621227,,235935.44,3,2025/10/07
8280,15710553,Savings,61072.63,2,2026/04/15
8281,15627859,Credit Card,61849.55,1,2026/04/09
8282,15768451,Credit Card,17266.31,3,2026/07/20
8283,15749004,Loan,48349.12,2,2026/03/14
8284,15731989,Savings,47301.26,2,2025/10/09
8285,15734886,Savings,78036.59,2,2026/06/21
8286,15734005,Checking,530.42,2,2025/10/13
8287,15659962,Credit Card,1665.53,2,2025/11/07
8288,15698816,Savings,67587.51,1,2026/05/25
8289,15576680,Investment,424.32,2,2026/02/02
8290,15795429,Credit Card,86456.88,2,2025/10/24
8291,15779620,Loan,670.21,1,2025/11/02
8292,15615029,Savings,577.08,1,2026/05/16
8293,15607598,Savings,-747.34,2,2025/12/30
8294,15654531,Savings,61948.83,2,2025/09/29
8295,15626742,,127159.82,3,2026/07/07
8296,15695932,Checking,61859.94,1,2026/06/06
8297,15690540,Investment,147643.12,1,2026/02/19
8298,15814032,Credit Card,,2,2025/09/14
8299,15655192,Investment,413.28,2,2025/12/26
8300,15597131,Credit Card,131497.71,1,2026/01/29
8301,15803633,Checking,563.51,2,2026/01/09
8302,15590344,Investment,86786.75,2,2026/03/21
8303,15658052,Loan,120268.06,1,2026/08/29
8304,15735025,Checking,86503.38,2,2026/03/05
8305,15727688,Loan,848.17,2,2025/10/07
8306,15799534,Savings,145731.21,2,2025/11/22
8307,15748597,Savings,61042.9,1,2026/01/28
8308,15786196,Investment,32131.45,3,2025/10/11
8309,15760749,Checking,59351.39,1,2026/06/03
8310,15596339,Checking,195923.59,1,2026/06/24
8311,15731755,,1013.55,2,2026/01/04
8312,15717898,Credit Card,,1,2026/05/26
8313,15761076,Credit Card,26227.24,2,2026/07/12
8314,15603846,,625.16,2,2026/05/17
8315,15743818,Savings,37018.6,1,2026/02/09
8316,15657396,Savings,99.37,2,2026/03/26
8317,15590228,Investment,79257.99,1,2026/07/16
8318,15758116,Credit Card,34149.08,1,2025/10/02
8319,15576111,Loan,,1,2026/06/09
8320,15714466,Loan,62.81,3,2026/08/26
8321,15696812,Credit Card,299.36,2,2025/10/29
8322,15625819,Savings,873.83,1,2026/06/28
8323,15646764,Savings,77184.78,2,2026/05/02
8324,15598892,Loan,29638.89,2,2026/01/15
8325,15722479,Checking,465.73,4,2026/08/03
8326,15665811,Checking,178435.47,1,2025/09/18
8327,15586479,Credit Card,416.45,1,2025/09/19
8328,15792029,Investment,1232.14,2,2026/02/23
8329,15670492,Investment,165.67,2,2026/04/06
8330,15606861,Checking,285.59,2,2026/01/14
8331,15632538,Credit Card,134851.0,1,2025/12/14
8332,15669301,Savings,120432.49,1,2026/02/21
8333,15578722,Savings,,2,2025/10/03
8334,15742238,Checking,65958.39,1,2025/11/13
8335,15742210,Investment,27448.23,1,2025/12/16
8336,15656300,Checking,43438.41,2,2026/06/10
8337,15796167,,35263.08,2,2026/02/18
8338,15583026,Savings,92271.45,1,2026/08/08
8339,15763515,Credit Card,83.14,2,2025/10/04
8340,15710671,Credit Card,182959.86,1,2026/01/01
8341,15632899,Investment,53965.25,2,2026/05/13
8342,15610002,Checking,355.67,2,2025/10/10
8343,15796179,Savings,31.89,1,2026/06/18
8344,15578908,Investment,365.7,2,2026/07/12
8345,15749947,Credit Card,950.98,2,2026/08/28
8346,15585041,Checking,1110.02,2,2025/09/21
8347,15606436,Checking,657.9,2,2026/02/27
8348,15644295,Savings,132557.41,1,2025/10/09
8349,15771977,,117912.51,1,2026/04/04
8350,15733014,Investment,37283.17,2,2026/07/06
8351,15691513,Loan,630.54,4,2026/07/13
8352,15667971,Loan,35932.18,2,2025/10/14
8353,15672894,Savings,60703.62,2,2026/06/12
8354,15622443,Credit Card,518.19,2,2026/05/06
8355,15607301,Investment,115647.88,1,2025/11/08
8356,15607560,Checking,355.72,2,2026/01/19
8357,15724321,Savings,100119.89,1,2025/09/24
8358,15640627,Loan,512.25,2,2025/10/26
8359,15587535,,167288.72,1,2025/09/21
8360,15744983,Investment,19570.43,1,2026/05/15
8361,15710295,Credit Card,43597.62,2,2026/05/20
8362,15677764,Checking,93122.32,2,2025/12/27
8363,15618255,Loan,57234.12,2,2026/08/01
8364,15647842,Credit Card,123038.53,1,2026/03/01
8365,15613945,Savings,220.41,2,2026/04/11
8366,15621457,Checking,54212.83,2,2026/05/05
8367,15732832,Credit Card,363.5,2,2026/02/05
8368,15618258,Investment,222745.13,1,2025/12/28
8369,15583736,Loan,50483.63,2,2025/09/13
8370,15700854,Checking,1185.02,1,2025/10/01
8371,15624388,Credit Card,144975.79,1,2025/09/16
8372,15626882,Investment,125907.19,1,2025/12/12
8373,15614962,Loan,98146.61,1,2026/06/03
8374,15739068,Savings,57058.33,2,2026/07/11
8375,15669589,Savings,,1,2026/03/16
8376,15605742,Checking,114949.15,1,2026/08/18
8377,15704788,Investment,26760.12,2,2026/08/19
8378,15591711,Credit Card,176772.15,1,2025/09/12
8379,15575605,Investment,840.0,2,2026/06/12
8380,15642099,Credit Card,775.43,2,2026/05/07
8381,15671097,Investment,296.07,2,2025/09/29
8382,15645772,Savings,951.67,2,2026/03/20
8383,15742442,Savings,111931.88,1,2026/03/15
8384,15739194,Loan,120618.68,2,2026/08/25
8385,15620557,Savings,83824.54,1,2025/11/06
8386,15593425,Checking,278783.17,1,2026/04/11
8387,15694518,Savings,31.75,1,2026/08/28
8388,15636700,Checking,174255.93,1,2026/04/09
8389,15704250,Credit Card,461.8,2,2026/06/11
8390,15770185,Credit Card ,,1,2025/11/12
8391,15656937,Savings,188792.03,1,2025/11/01
8392,15801924,Credit Card,299.43,2,2026/04/15
8393,15585777,Checking,97726.87,1,2025/11/02
8394,15742269,Investment,609.37,2,2026/07/15
8395,15648064,Credit Card,686.75,2,2026/03/10
8396,15697042,Credit Card,134207.57,1,2026/03/02
8397,15687329,Checking,33410.16,2,2025/12/11
8398,15640377,Loan,455.05,2,2026/02/25
8399,15569249,Checking,10956.62,3,2026/04/14
8400,15758039,Loan,381.93,2,2025/10/02
8401,15788448,Checking,124006.36,1,2026/01/02
8402,15606149,Loan,182394.2,1,2025/12/30
8403,15796838,,127199.33,1,2025/10/20
8404,15691004,Loan,-851.48,1,2026/07/01
8405,15803078,INVESTMENT,475.89,2,2025/09/08
8406,15801994,Credit Card,39538302.16,2,2025/12/28
8407,15628715,Investment,693.57,2,2026/04/02
8408,15589221,Credit Card,72231.88,2,2026/06/04
8409,15623966,Investment,288.38,2,2026/06/20
8410,15773242,Credit Card,44.84,2,2025/09/26
8411,15768449,Credit Card,19060.48,2,2025/09/10
8412,15626135,Investment,111077.05,2,2026/01/08
8413,15682454,Savings,754.11,2,2025/10/02
8414,15632051,Investment,142166.65,1,2025/10/12
8415,15787035,Credit Card,482.5,2,2025/10/02
8416,15623357,Savings,92976.65,1,2025/11/06
8417,15795878,Savings,44.76,2,2026/04/15
8418,15623791,Credit Card,74081.01,1,2025/12/04
8419,15742632,Investment,46.3,1,2026/01/25
8420,15680666,Savings,102483.88,2,2025/09/25
8421,15690440,Savings,374.54,2,2026/02/10
8422,15783958,,81737.61,2,2026/03/01
8423,15585047,Loan,139264.31,1,2026/07/08
8424,15641136,Loan,344.36,2,2026/08/04
8425,15794159,Investment,135017.22,1,2026/01/06
8426,15772632,Savings,73.74,2,2026/01/30
8427,15730488,Savings,1283.55,1,2025/11/08
8428,15804610,Checking ,23.98,2,2026/07/10
8429,15787174,Credit Card,,2,2026/03/25
8430,15643121,,62224.52,2,2026/05/06
8431,15670668,Investment,26524.62,2,2026/08/05
8432,15642709,Credit Card,795.47,2,2025/11/04
8433,15789874,Credit Card,39220.1,2,2026/08/05
8434,15674551,Credit Card,112230.02,1,2025/10/12
8435,15752193,Savings,86985.69,1,2025/10/12
8436,15568876,Credit Card,22106.84,2,2026/01/09
8437,15589323,,516.47,2,2026/06/08
8438,15791501,Savings,619.29,3,2025/12/17
8439,15623712,Investment,425.31,3,2026/05/14
8440,15800251,Credit Card,24400.54,2,2026/08/30
8441,15727317,Loan,21013.56,3,2026/03/04
8442,15762588,credit card,30.31,2,2025/12/24
8443,15748589,Credit Card,154.56,2,2026/04/18
8444,15672242,Checking,505.74,1,2026/09/03
8445,15599329,Credit Card,13345.9,4,2026/02/04
8446,15623369,,69767.25,1,2026/03/09
8447,15696564,Checking,50802.54,2,2026/06/12
8448,15813844,Credit Card,73672.88,2,2026/01/30
8449,15575605,Credit Card,,2,2026/08/03
8450,15603925,Loan,89114.0,2,2026/01/06
8451,15640846,Checking,30651.64,4,2026/05/30
8452,15808283,Savings,1591.09,1,2026/01/17
8453,15728912,Savings,80499.46,1,2026/02/13
8454,15572021,Loan,46268.46,2,2026/08/26
8455,15579617,Checking,751.42,2,2026/06/07
8456,15726310,Loan,164.57,2,2026/05/18
8457,15612193,Checking,91453.5,2,2025/10/26
8458,15814553,Investment,30464.45,2,2025/09/30
8459,15720941,Loan,53613.81,2,2026/02/27
8460,15796721,Loan,31449.64,2,2026/04/01
8461,15666141,Savings,59500.76,2,2026/08/30
8462,15767818,Credit Card,137049.85,1,2026/07/18
8463,15617518,Credit Card,89303.13,1,2026/05/09
8464,15685314,Investment,536.08,2,2026/01/24
8465,15774510,Investment,137156.45,1,2025/10/13
8466,15577170,Savings,24131.33,2,2025/12/16
8467,15804142,Savings,85983.15,2,2025/11/12
8468,15671345,Loan,38472.93,2,2026/05/27
8469,15653780,Savings,385.48,1,2025/12/30
8470,15692991,Credit Card,15.39,2,2026/02/06
8471,15638988,Credit Card,390.85,2,2026/06/13
8472,15652667,Credit Card,199.5,2,2025/12/19
8473,15767729,Checking,101218.18,2,2025/11/04
8474,15607526,Investment,118270.91,1,2026/03/12
8475,15767358,Savings,54711.18,2,2025/11/14
8476,15601351,Credit Card,105594.83,1,2025/09/21
8477,15804002,Credit Card,60927.52,1,2026/01/01
8478,15585892,Loan,405.85,1,2026/08/26
8479,15663263,Loan,48319.49,2,2026/04/16
8480,15617603,Loan,91222.09,2,2026/08/01
8481,15781307,Investment,52583.58,2,2026/04/23
8482,15637178,Investment,209.16,2,2025/10/31
8483,15596088,Investment,44112.76,2,2025/09/13
8484,15757408,Loan,118053.24,3,2026/05/16
8485,15798310,Savings,133854.74,1,2025/09/20
8486,15569572,Checking,624.71,2,2026/01/19
8487,15690007,Credit Card,60935.01,2,2026/01/23
8488,15764491,Checking,83933.37,2,2026/07/01
8489,15656426,Investment,1327.72,2,2026/03/18
8490,15727819,Credit Card,165001.03,1,2026/02/03
8491,15715031,Checking,539.03,2,2025/10/16
8492,15687903,Savings,1282.32,2,2025/10/03
8493,15687540,Investment,52292.18,2,2026/01/23
8494,15796957,Checking,976.58,3,2026/07/12
8495,15592925,Investment,46109.69,3,2026/03/18
8496,15684211,Savings,94649.97,1,2026/05/14
8497,15752294,Savings,37740.3,4,2025/09/12
8498,15672432,Investment,622.43,1,2026/03/17
8499,15733661,investment,72399.91,2,2026/03/18
8500,15758639,Investment,408.63,2,2026/04/18
8501,15706458,Investment,33734.02,3,2025/09/25
8502,15671655,Savings,31924.23,2,2025/12/26
8503,15632125,Checking,80168.35,1,2025/12/17
8504,15581370,Checking,62781.39,2,2026/03/16
8505,15794566,CreditCard,606.6,2,2025/12/06
8506,15608541,Checking,112744.28,1,2026/08/06
8507,15674149,Loan,77100.77,2,2026/04/11
8508,15812611,Checking,489.62,2,2026/06/02
8509,15671591,Checking,31438.95,4,2025/09/29
8510,15616029,Checking,359.16,2,2026/08/07
8511,15620579,Credit Card,1210.46,2,2026/02/06
8512,15791111,Loan,55111.43,2,2025/09/19
8513,15700656,,1006.77,2,2026/06/07
8514,15577107,Loan,830.97,3,2026/02/28
8515,15623858,Investment,160.15,1,2025/09/16
8516,15581237,Savings,112682.92,1,2026/07/11
8517,15799494,Credit Card,86145.86,2,2026/02/22
8518,15647402,Investment,435.7,2,2026/01/15
8519,15588186,Investment,65823.57,1,2026/07/02
8520,15576216,Loan,96365.66,1,2025/12/22
8521,15569452,Checking,93827.07,2,2025/09/17
8522,15779809,Investment,22561.27,1,2026/02/24
8523,15757952,Savings ,561.31,3,2026/07/18
8524,15643696,Savings,1295.41,2,2026/04/13
8525,15620323,Loan,29889.87,2,2026/04/09
8526,15611551,Credit Card,53081.96,2,2025/10/02
8527,15592025,Investment,807.63,2,2025/10/28
8528,15694581,Checking,904.37,2,2026/06/13
8529,15767432,,1220.66,3,2026/03/20
8530,15578251,Loan,,2,2026/08/16
8531,15709476,Checking,44099.59,2,2026/01/28
8532,15693131,Loan,90600.63,1,2026/06/03
8533,15720353,Investment,319.02,2,2026/04/28
8534,15696834,Checking,39.51,2,2026/04/08
8535,15806389,Loan,61478.37,2,2026/06/23
8536,15711977,Checking,151155.14,1,2026/06/20
8537,15636820,Investment,127255.7,1,2026/05/26
8538,15679813,Loan,203.31,1,2026/01/14
8539,15603323,Credit Card,637.34,2,2025/11/25
8540,15693381,Credit Card,71804.69,2,2026/03/17
8541,15638774,Loan,18.62,2,2026/04/30
8542,15607753,Investment,47339.32,1,2026/01/02
8543,15791958,Checking,961.74,2,2025/11/09
8544,15598883,Loan,356.37,2,2025/09/10
8545,15642202,Loan,53140.03,2,2026/01/24
8546,15649508,Loan,829.62,2,2026/08/18
8547,15618363,Checking,,1,2026/01/21
8548,15705034,Savings,305.62,2,2025/10/16
8549,15695819,Credit Card,53539.04,2,2026/01/08
8550,15598097,Credit Card,860.2,2,2026/06/07
8551,15570681,Loan,110730.82,1,2026/02/01
8552,15635364,Loan,14697.12,3,2026/02/22
8553,15570912,Investment,86541.05,2,2026/06/22
8554,15755648,Investment,89034.97,1,2026/03/24
8555,15689786,Credit Card,173789.3,1,2025/09/22
8556,15647191,Investment,72.28,2,2026/07/15
8557,15676645,Loan,426.43,2,2026/01/21
8558,15763922,Credit Card,24795.99,2,2026/03/07
8559,15781589,Checking,230.92,2,2026/01/18
8560,15717191,Credit Card,30625.37,2,2026/08/06
8561,15585036,Savings,759.09,2,2026/01/09
8562,15644878,Checking,114228.89,1,2026/08/03
8563,15746564,Checking,105374.87,1,2026/07/11
8564,15665790,Investment,56454.27,2,2025/09/09
8565,15628767,Investment,61861.95,2,2025/11/05
8566,15656249,Credit Card,44123.95,2,2026/02/07
8567,15680243,Loan,186414.46,1,2026/06/21
8568,15646310,Credit Card,144164.86,1,2026/08/07
8569,15813871,Savings,273.81,2,2026/02/14
8570,15598744,Credit Card,158801.64,1,2026/01/16
8571,15740223,Checking,35648.69,3,2025/12/03
8572,15745196,Savings,758.4,2,2026/04/18
8573,15598521,Savings,62806.67,2,2026/04/27
8574,15776223,Credit Card,61350.29,1,2025/09/11
8575,15691446,Investment,815.26,2,2026/04/16
8576,15617486,Loan,133302.57,1,2025/09/07
8577,15607827,Investment,83975.74,2,2026/04/29
8578,15569867,Investment,1172.03,2,2025/09/21
8579,15807245,Investment,81332.83,2,2026/03/05
8580,15694628,Checking,85473.47,2,2026/05/06
8581,15682273,Checking,163309.35,1,2026/07/26
8582,15607827,Credit Card,64680.78,2,2026/06/14
8583,15608845,Investment,101010.26,1,2025/12/23
8584,15612064,Investment,433.39,2,2026/03/31
8585,15590623,Investment,47889.66,2,2025/10/02
8586,15632850,Checking,310.66,2,2026/06/26
8587,15671590,Investment,631.91,2,2025/10/13
8588,15624793,Credit Card,161575.13,1,2026/01/22
8589,15681316,Investment,40138.46,2,2026/07/12
8590,15773751,Credit Card,147909.16,1,2026/06/12
8591,15710390,Loan,51704.35,3,2026/02/10
8592,15642001,Savings,85448.33,1,2025/10/05
8593,15634295,Checking,105374.17,1,2026/04/16
8594,15775108,Investment,61053.08,2,2025/12/04
8595,15651103,Investment,206219.76,1,2026/01/13
8596,15587443,Checking,510.83,2,2026/01/22
8597,15627027,Credit Card,368.45,2,2026/01/13
8598,15757541,Savings,87249.46,2,2026/05/14
8599,15733876,Savings,26.27,2,2025/11/07
8600,15758013,Savings,44042.96,2,2025/12/28
8601,15760851,Savings,693.92,2,2026/07/22
8602,15598846,Loan,52366.38,1,2025/12/01
8603,15782630,Investment,101143.77,1,2025/11/17
8604,15786463,Investment,57851.77,2,2026/07/16
8605,15740383,Checking,740.86,2,2026/08/04
8606,15700487,Loan,23381.6,3,2025/09/28
8607,15621687,Investment,906.49,2,2025/12/31
8608,15751131,Loan,161466.6,1,2025/10/31
8609,15616530,Savings,234148.18,1,2026/08/04
8610,15732293,,296.76,2,2025/09/22
8611,15580956,Checking,146499.0,1,2025/12/06
8612,15725665,Savings,96178.26,2,2026/08/19
8613,15570326,Checking,801.02,2,2026/05/20
8614,15769005,Credit Card,91897.34,2,2026/04/16
8615,15619436,Investment,953.13,2,2026/06/26
8616,15665088,Credit Card,182.8,2,2026/02/12
8617,15709780,Loan,28793.39,2,2025/09/24
8618,15807595,,88484.85,2,2026/06/13
8619,15795275,Savings,41516.4,2,2025/12/28
8620,15788536,Credit Card,91515.56,2,2025/10/04
8621,15815534,loan,154836.6,2,2026/09/03
8622,15588986,Investment,112671.83,1,2026/01/13
8623,15762351,Credit Card,383.14,2,2026/01/12
8624,15623644,Investment,159.65,2,2025/09/11
8625,15579714,Savings,707.21,2,2026/08/16
8626,15624755,Loan,93839.58,1,2026/03/02
8627,15723989,Credit Card,36591.86,2,2026/06/06
8628,15579207,Loan,69105.25,1,2025/09/25
8629,15680421,Loan,878.85,2,2026/07/07
8630,15591135,Investment,82336.42,2,2026/01/01
8631,15713267,Checking,1165.09,2,2026/03/01
8632,15641850,Savings,86418.62,1,2025/10/28
8633,15665181,Credit Card,1415.33,2,2025/10/12
8634,15704954,Checking,184689.31,1,2026/05/20
8635,15801152,Credit Card,61982.22,2,2026/04/18
8636,15672467,Investment,50097.4,2,2025/10/30
8637,15760550,Checking,63508.06,2,2026/05/22
8638,15566091,Loan,74.41,1,2025/10/12
8639,15742269,Checking ,727.21,2,2026/01/02
8640,15702061,Loan,676.81,2,2025/12/16
8641,15727291,Checking,283.19,2,2026/02/16
8642,15733138,Savings,111655.3,1,2026/06/22
8643,15764448,Savings,159718.44,1,2026/03/12
8644,15752300,Investment,147060.16,1,2026/08/17
8645,15705890,Investment,33670.98,1,2026/04/03
8646,15750335,Checking,44931.09,3,2025/10/09
8647,15799932,Checking,623.29,2,2026/07/28
8648,15687884,Loan,136771.44,1,2026/04/09
8649,15624820,Loan,22860.05,3,2026/01/25
8650,15747927,Credit Card,208683.95,1,2025/11/15
8651,15670584,,1101.7,1,2025/09/15
8652,15791925,Savings,,1,2026/02/17
8653,15677906,Credit Card,352.83,1,2026/07/10
8654,15656319,Loan,98720.4,1,2026/03/06
8655,15693326,Credit Card,90438.83,2,2026/02/21
8656,15700511,Loan,85887.57,2,2026/03/30
8657,15747772,Investment,22768.8,2,2026/08/02
8658,15599452,Savings,75168.67,2,2026/03/13
8659,15801265,Loan,72705.67,2,2026/05/01
8660,15651585,Credit Card,75584.31,1,2026/01/31
8661,15766066,Investment,,1,2026/07/18
8662,15734202,Checking,93170.64,1,2025/09/18
8663,15797160,Checking,737.75,1,2025/11/24
8664,15739054,Investment,127709.37,1,2026/03/10
8665,15747000,Investment,188.81,2,2025/09/25
8666,15694366,Credit Card,164272.23,1,2026/01/29
8667,15658169,Credit Card,91456.29,4,2025/11/18
8668,15728917,Credit Card,113132.78,1,2026/07/02
8669,15567993,Checking,88886.73,1,2025/09/16
8670,15654408,Loan,84428.39,2,2025/10/27
8671,15602084,Checking,104537.54,1,2026/07/11
8672,15761348,Investment,369.41,2,2025/12/20
8673,15701602,Investment,28868.82,3,2026/02/10
8674,15617982,Savings,15.22,2,2026/05/22
8675,15623314,Credit Card,192092.98,1,2026/05/21
8676,15668575,Loan,65105.58,3,2026/06/27
8677,15712199,Savings,87835.08,2,2026/09/02
8678,15566891,Credit Card,48330.67,1,2026/02/26
8679,15566708,Investment,758.22,2,2025/12/22
8680,15579208,Checking,676.59,2,2026/03/15
8681,15638424,Checking,80209.74,2,2026/06/28
8682,15579787,Loan,512.8,2,2025/09/19
8683,15780409,Loan,59.02,2,2026/08/05
8684,15756471,Credit Card,71605.85,4,2025/11/18
8685,15642041,Investment,33174.68,2,2026/03/17
8686,15643630,Checking,43145.53,2,2026/08/01
8687,15732437,Loan,72970.42,2,2025/10/13
8688,15779985,Checking,54681.96,2,2025/10/12
8689,15736816,Checking,115249.37,2,2025/12/26
8690,15784000,,99691.61,1,2026/06/19
8691,15668893,Investment,596.25,2,2026/05/18
8692,15634180,Loan,53893.82,2,2026/06/24
8693,15770811,Checking,757.52,2,2026/07/22
8694,15648702,LOAN,43430.14,2,2026/06/10
8695,15757646,Loan,523.29,2,2026/04/05
8696,15764293,Checking,653.2,2,2026/06/05
8697,15572114,Checking,82454.69,3,2025/11/04
8698,15768219,Savings,241.89,2,2026/05/31
8699,15673584,Investment,657.31,2,2025/09/29
8700,15805212,Savings,708.96,2,2026/07/10
8701,15614778,Checking,1262.95,2,2026/05/02
8702,15757897,,106359.79,1,2026/08/06
8703,15804797,,96189.85,1,2026/05/29
8704,15788659,Credit Card,,2,2026/05/27
8705,15752816,Checking,98067.01,1,2026/04/16
8706,15714241,,233290.35,1,2026/02/12
8707,15627220,LOAN,113660.19,1,2026/01/18
8708,15645815,CreditCard,57.69,2,2025/12/11
8709,15607988,Investment,191149.39,1,2026/06/24
8710,15720893,Loan,,2,2026/01/31
8711,15783865,Checking,-4045.26,1,2026/01/05
8712,15730059,Checking,41294.17,2,2026/02/18
8713,15738411,Credit Card,114828.38,1,2026/01/05
8714,15570004,Savings,430.58,2,2026/03/07
8715,15685997,Investment,,3,2025/12/30
8716,15689633,Credit Card,134757.85,1,2026/04/24
8717,15684958,Credit Card,67683.16,2,2026/02/11
8718,15732672,Credit Card,-954.1,1,2025/11/01
8719,15600280,Investment,833.01,2,2026/08/23
8720,15584190,CHECKING,41195.96,2,2026/01/04
8721,15779529,Credit Card,492.34,2,2026/04/18
8722,15598259,Savings,122969.64,1,2026/03/31
8723,15665181,Investment,284.15,2,2026/03/07
8724,15690337,Investment,80623.08,2,2025/10/13
8725,15573971,Loan,531.69,2,2026/03/02
8726,15725835,Credit Card,57965.02,2,2026/06/16
8727,15744979,,398.32,1,2026/05/19
8728,15606861,Savings,278.61,2,2025/10/12
8729,15653776,Checking,50011.68,3,2026/03/07
8730,15629338,Loan,43790.58,1,2026/08/03
8731,15779947,Loan,56072.03,3,2026/05/08
8732,15634949,Investment,89659.58,2,2026/07/09
8733,15607263,Loan,,1,2025/12/29
8734,15686957,Loan,56547.08,2,2026/04/20
8735,15715939,Investment,1474.27,2,2026/04/05
8736,15800366,Savings,762.09,1,2025/12/29
8737,15727499,Investment,,2,2026/06/21
8738,15711299,Credit Card,87355.82,1,2025/11/06
8739,15703264,Credit Card,76842.0,1,2026/06/05
8740,15809999,Checking,82331.8,2,2026/01/06
8741,15731790,Investment,-570.22,1,2026/03/30
8742,15761600,Checking,85996.67,1,2026/08/14
8743,15749019,Savings,45767.71,2,2026/06/29
8744,15651063,,108867.46,2,2026/08/09
8745,15781553,Credit Card,61900.07,1,2025/11/12
8746,15574554,Credit Card,37808.53,2,2026/07/10
8747,15588839,Investment,76552.21,2,2026/01/14
8748,15762984,Investment,583.26,2,2026/01/27
8749,15736327,,34043.14,2,2026/02/24
8750,15684296,Credit Card,198552.06,1,2026/02/10
8751,15704442,Credit Card,55859.89,4,2025/11/02
8752,15572174,,73885.78,2,2025/10/14
8753,15778395,Savings,25301.43,2,2026/03/31
8754,15622993,Checking,45194.96,2,2026/04/06
8755,15665064,Savings,74700.56,2,2026/05/19
8756,15709412,Savings,370.02,2,2025/11/17
8757,15726186,Loan,38459136.41,2,2026/06/24
8758,15614893,Loan,342.25,1,2026/05/14
8759,15578866,Loan,1248.67,1,2026/07/23
8760,15736371,Credit Card,69473.68,2,2025/12/13
8761,15599440,Investment,58.77,2,2025/12/04
8762,15801863,Savings,74411.82,2,2026/04/23
8763,15634310,Investment,124.49,2,2025/09/10
8764,15614220,Credit Card,547.2,3,2025/11/27
8765,15595609,Checking,79027.95,2,2025/11/03
8766,15786249,Checking,203.18,2,2026/04/05
8767,15708867,Loan,,3,2026/01/15
8768,15782802,Checking,110713.26,1,2026/06/13
8769,15682356,Investment,58179.17,2,2026/09/02
8770,15644788,,763.96,2,2026/05/01
8771,15702190,Checking,957.07,2,2025/10/24
8772,15632669,Checking,533.44,1,2025/11/06
8773,15771750,,169071.64,1,2025/09/20
8774,15765487,Loan,159446.7,1,2026/04/11
8775,15710206,Savings,189113.02,1,2025/09/15
8776,15732307,Investment,115507.2,1,2026/08/22
8777,15778287,Loan,878.51,2,2025/11/27
8778,15680772,,356.4,2,2025/10/10
8779,15592816,Investment,70929.67,1,2025/11/09
8780,15591047,Loan,105485.89,2,2026/05/24
8781,15718667,Savings,131719.47,1,2026/06/01
8782,15640580,Checking,1006.99,1,2026/03/20
8783,15648455,LOAN,99807.9,1,2026/04/07
8784,15716984,Loan,1192.32,2,2026/03/03
8785,15814267,Checking,131201.4,1,2025/11/07
8786,15718673,Credit Card,78501.86,1,2026/03/27
8787,15752838,Loan,92.07,2,2026/08/25
8788,15792473,Loan,19560.58,3,2026/06/15
8789,15762123,Investment,1056.26,2,2026/01/04
8790,15792862,Savings,120683.46,1,2026/09/02
8791,15745201,Checking,38516.49,2,2026/01/31
8792,15758901,Checking,453.57,1,2025/11/02
8793,15796015,Checking,91459.3,1,2026/02/22
8794,15615330,Checking,391.64,2,2026/02/22
8795,15762048,Savings,36053.68,2,2026/07/02
8796,15719426,Savings,33216.93,2,2026/07/11
8797,15601184,Investment,1161.58,2,2026/07/15
8798,15769499,Checking,509.76,2,2025/10/28
8799,15635388,Investment,110385.62,1,2025/09/26
8800,15672056,Savings,30054.84,3,2025/10/10
8801,15623712,Loan,808.58,3,2026/03/03
8802,15815316,Investment,23571.24,4,2026/04/20
8803,15630106,Checking ,461.36,2,2026/03/31
8804,15585455,Credit Card,208.89,2,2026/07/22
8805,15752081,Savings,369.15,3,2026/04/21
8806,15665678,Savings,282096.92,1,2026/04/14
8807,15710087,Investment,44814.56,3,2026/01/29
8808,15730705,Credit Card,136650.34,1,2026/05/05
8809,15620751,,133.72,2,2026/08/27
8810,15700255,Checking,24119.92,2,2025/11/10
8811,15664035,Loan,281.89,2,2025/12/05
8812,15586996,Loan,246.76,2,2026/07/01
8813,15715769,Investment,94402.12,1,2026/05/21
8814,15709941,Loan,,3,2025/10/15
8815,15763107,Savings,1303.39,1,2025/11/19
8816,15684248,Credit Card,615.12,2,2025/09/06
8817,15575581,Savings,72424.86,2,2026/07/03
8818,15673529,Investment,35774.3,2,2026/07/03
8819,15585249,Checking,77637.3,1,2026/03/11
8820,15607395,Investment,55417.78,2,2026/08/14
8821,15632472,Credit Card,139769.56,1,2026/08/01
8822,15777179,Loan,1136.1,2,2026/04/23
8823,15673481,Savings,89914.79,1,2026/03/16
8824,15713594,Checking,77405.35,1,2026/02/14
8825,15801316,CreditCard,91276.89,1,2026/04/15
8826,15623966,Credit Card,1019.01,2,2025/12/02
8827,15598883,Investment,1053.32,2,2026/05/21
8828,15669782,Checking,62813.71,1,2026/07/01
8829,15698758,Investment,950.21,2,2026/01/24
8830,15733014,Checking,21041.95,2,2025/10/22
8831,15613017,Checking,179803.15,1,2025/12/30
8832,15793693,Loan,466.74,1,2026/02/02
8833,15601787,Loan,161976.69,1,2026/05/13
8834,15598838,Savings,183992.91,1,2026/02/24
8835,15587233,Credit Card,8176.86,3,2025/09/27
8836,15744691,Investment,,3,2026/06/18
8837,15605067,Loan,1217.85,2,2026/05/26
8838,15778192,Credit Card,42.06,2,2026/05/29
8839,15772995,Savings,101098.94,1,2026/06/26
8840,15786063,Checking,666.09,2,2026/05/21
8841,15762793,Loan,68789.82,2,2026/04/09
8842,15714877,Investment,667.84,2,2026/01/27
8843,15693637,Checking,1261.75,2,2026/02/15
8844,15799910,Loan,612.18,2,2026/03/18
8845,15624013,Loan,121704.25,1,2026/02/13
8846,15714610,Checking,419.56,2,2025/12/03
8847,15711446,Checking,222.68,4,2025/11/15
8848,15610147,Investment,283.03,2,2025/09/24
8849,15641122,Checking,62.48,2,2025/12/19
8850,15586821,Investment,666.07,2,2026/04/11
8851,15728456,Investment,345.71,1,2026/05/26
8852,15662232,Loan,54876.43,3,2026/01/23
8853,15600337,Credit Card,209170.77,1,2026/06/24
8854,15772243,Credit Card,1090.42,1,2026/07/15
8855,15729718,Loan,275.27,3,2026/02/10
8856,15581968,Investment,24105964.65,2,2025/10/23
8857,15800784,Checking,113438.93,1,2026/02/27
8858,15677512,Loan,479.98,1,2026/01/26
8859,15672216,Checking,87063.57,1,2025/11/26
8860,15656286,Credit Card,610.27,2,2025/11/02
8861,15604497,Investment,66722.66,1,2026/01/28
8862,15800061,Credit Card,18965.32,3,2026/01/21
8863,15566211,Checking,71725.29,1,2026/05/10
8864,15583850,Savings,68421.36,2,2026/04/15
8865,15572022,Credit Card,676.06,1,2025/12/26
8866,15611800,Checking,83084.87,2,2025/11/28
8867,15802741,Checking,143529.95,1,2026/01/28
8868,15686219,Savings,33956.43,2,2026/01/13
8869,15759733,Checking,636.43,2,2026/07/10
8870,15811742,Loan,474.77,2,2025/10/27
8871,15637131,Investment,488.63,2,2025/12/30
8872,15752508,Investment,-3452.25,2,2026/08/10
8873,15636551,Investment,59439.87,2,2026/01/23
8874,15631927,Loan,41352273.58,2,2025/11/14
8875,15763381,Credit Card,110078.68,1,2025/10/22
8876,15746410,Credit Card,587.64,2,2025/12/17
8877,15626628,Loan,21514.81,2,2026/06/12
8878,15709451,Savings,83980.3,2,2026/05/21
8879,15778604,Checking,693.72,2,2025/11/28
8880,15801218,Loan,160648.22,1,2025/09/17
8881,15567486,Savings,415.03,2,2026/07/06
8882,15633194,Investment,34873.61,4,2025/09/23
8883,15736533,Checking,104010.14,1,2026/06/06
8884,15699532,Savings,56986.01,2,2026/06/05
8885,15589563,Investment,73050.88,2,2025/12/11
8886,15786196,Checking,43382.97,3,2025/09/06
8887,15658459,,,2,2026/05/11
8888,15615820,Savings,155659.11,1,2025/09/16
8889,15707968,Savings,19832.87,2,2026/03/11
8890,15780961,Credit Card,67240.14,2,2025/12/16
8891,15762238,Credit Card,57315.6,2,2026/01/25
8892,15791700,Checking,32632.59,4,2026/06/22
8893,15757821,Savings,825.61,2,2026/04/09
8894,15655123,Savings,,3,2026/04/18
8895,15646632,Loan,-1448.53,2,2026/05/27
8896,15757385,Investment,212209.8,1,2025/11/06
8897,15744553,Loan,193156.76,1,2026/04/23
8898,15573926,Checking,31449.68,2,2026/02/01
8899,15790594,Loan,266.77,2,2025/10/29
8900,15645463,Loan,267.53,2,2026/08/30
8901,15790683,,75533.43,2,2025/11/03
8902,15605918,Investment,28920.19,2,2026/04/18
8903,15785167,Credit Card,921.47,2,2026/04/12
8904,15776780,Savings,221.9,1,2026/05/13
8905,15674541,Savings,155907.6,1,2026/01/15
8906,15629787,Savings,71071.13,2,2025/10/17
8907,15690175,Checking,464.89,2,2025/11/12
8908,15675518,CreditCard,29790.89,2,2026/01/23
8909,15737998,Credit Card,509.44,1,2026/08/11
8910,15807889,Checking ,141960.55,1,2025/11/01
8911,15654531,Loan,21423.79,2,2026/03/03
8912,15692929,Loan,70573.16,2,2025/10/13
8913,15688876,Credit Card,370.02,3,2025/12/25
8914,15581197,Credit Card,84229.22,1,2025/10/11
8915,15734626,Credit Card,152.53,2,2026/02/17
8916,15720702,Checking,197.67,1,2025/11/22
8917,15616213,Savings,148716.12,1,2026/05/20
8918,15727605,Investment,42861.56,2,2026/02/21
8919,15643042,Credit Card,70173.59,2,2026/01/22
8920,15667438,Credit Card,90814.43,1,2026/04/23
8921,15722479,Checking,465.73,4,2026/07/22
8922,15746515,,46907.23,3,2026/05/23
8923,15782219,Savings,448.48,2,2026/08/13
8924,15721433,Savings,42054553.75,2,2025/10/10
8925,15608528,Checking,522.51,4,2026/08/30
8926,15702300,Savings,362.31,2,2026/08/21
8927,15774224,Savings,51044.14,2,2026/02/11
8928,15771569,Checking,93056.89,1,2025/09/22
8929,15723894,Savings,153310.84,1,2026/04/12
8930,15598700,Investment,316.47,2,2025/10/24
8931,15679928,Investment,69257.39,2,2026/08/30
8932,15640409,Investment,51705.53,1,2026/05/27
8933,15576131,Loan,338.89,2,2026/02/12
8934,15672704,Credit Card,1050.33,2,2025/12/09
8935,15664270,Savings,59142.32,4,2026/06/15
8936,15608344,Investment,56440.36,3,2026/08/07
8937,15762172,Checking,668.69,2,2026/07/20
8938,15572374,Credit Card,804.02,2,2025/09/21
8939,15759290,Loan,1015.14,2,2026/07/24
8940,15779059,Loan,43834.25,2,2026/07/21
8941,15784890,Investment,486.82,2,2025/09/07
8942,15785782,Checking,777.95,1,2026/01/06
8943,15640917,Investment,581.85,2,2025/11/12
8944,15724269,Loan,338.62,2,2026/06/30
8945,15586522,Investment,145604.02,1,2026/03/14
8946,15667938,Loan,56131.85,2,2025/12/24
8947,15718245,Credit Card,182.38,2,2026/08/13
8948,15782879,investment,453.81,2,2025/12/12
8949,15793856,Credit Card,56729.52,2,2026/01/16
8950,15685329,,166382.0,1,2026/05/01
8951,15655658,Investment,71.25,2,2025/11/19
8952,15565806,Loan,966.04,2,2026/05/09
8953,15667460,Credit Card,612.11,2,2025/12/07
8954,15603065,Loan,734.81,3,2026/05/15
8955,15676094,Checking,131.92,1,2026/01/25
8956,15685844,Savings,123418.43,1,2025/11/09
8957,15714087,,,1,2025/12/13
8958,15762716,Checking,162938.99,1,2026/07/25
8959,15597914,Loan,22891.43,4,2025/10/18
8960,15814750,Credit Card,991.86,2,2026/05/25
8961,15621768,Savings,93687.48,1,2025/12/21
8962,15745326,Loan,83602.49,1,2025/09/04
8963,15631838,Investment,51278.27,2,2026/04/13
8964,15648881,Checking,94465.52,1,2025/10/07
8965,15773723,Savings,60463.11,1,2026/05/12
8966,15587266,Credit Card,241227.51,1,2026/06/15
8967,15642093,Savings,841.33,2,2026/07/12
8968,15728480,Savings,335.19,2,2025/12/18
8969,15706199,Investment,129426.08,1,2026/09/01
8970,15609637,Savings,128.97,2,2025/12/03
8971,15605279,Loan,470.44,4,2025/09/22
8972,15667633,CHECKING,407.89,2,2026/04/05
8973,15756167,Savings,143802.5,1,2026/08/21
8974,15712877,Investment,751.44,2,2026/01/15
8975,15663164,Credit Card,48516.27,3,2026/07/14
8976,15685096,Credit Card,466.0,2,2026/03/16
8977,15764153,Savings,36518.62,2,2026/07/23
8978,15652626,Checking,91949.75,1,2026/06/28
8979,15674206,Savings,1063.56,2,2026/01/01
8980,15781598,Loan,158480.85,1,2026/07/26
8981,15805637,Checking,34003.65,3,2026/02/28
8982,15593128,CREDIT CARD,46812.4,2,2026/05/08
8983,15618245,Investment,80028.69,2,2026/06/01
8984,15803457,Investment,392.49,2,2026/08/05
8985,15639278,Checking,70146.02,2,2025/12/04
8986,15587240,Checking,920.35,2,2026/02/03
8987,15784594,Loan,59450.87,2,2025/12/30
8988,15789413,Loan,532.57,2,2026/01/30
8989,15678910,Investment,118048.91,1,2026/08/11
8990,15674526,Checking,89788.4,1,2026/05/09
8991,15768451,Loan,54635.56,3,2026/05/11
8992,15660646,Credit Card,199924.26,1,2026/07/22
8993,15807900,Loan,101.78,1,2026/03/22
8994,15657163,Loan,66654.26,3,2026/07/06
8995,15767474,Loan,376.05,3,2026/03/04
8996,15766288,Savings,132110.23,1,2026/06/08
8997,15655590,Investment,35911.07,4,2026/05/07
8998,15659937,Savings,723.66,2,2026/02/01
8999,15736656,Investment,736.13,2,2025/10/22
9000,15707242,Loan,256.26,2,2025/12/24
9001,15689612,Credit Card,511.61,1,2025/10/30
9002,15812945,Checking,448.8,1,2026/01/28
9003,15649858,Investment,114785.3,1,2026/04/05
9004,15786717,Checking,626.97,2,2026/04/19
9005,15648030,Credit Card,109496.15,2,2026/02/16
9006,15789669,Savings,448.77,2,2026/01/07
9007,15618581,Checking,1451.58,3,2026/08/08
9008,15768530,Credit Card,671.24,2,2026/04/08
9009,15635905,Credit Card ,619.08,2,2025/11/01
9010,15778915,Loan,43988.21,2,2025/12/02
9011,15767339,Checking,388.18,2,2026/04/28
9012,15632010,Loan,61191.29,2,2026/02/13
9013,15776824,Checking,97223.51,1,2026/08/07
9014,15711386,Credit Card,83.9,1,2025/10/31
9015,15740900,Loan,796.67,2,2026/02/27
9016,15750335,Loan,28608.3,3,2026/08/25
9017,15748696,Investment,136603.39,1,2026/03/25
9018,15705281,Credit Card,736.19,1,2026/08/29
9019,15773906,Loan,214.85,2,2025/11/07
9020,15779711,Loan,44987.32,2,2026/05/08
9021,15617617,Credit Card,382.85,2,2026/05/11
9022,15720463,Loan,80380.84,2,2026/07/07
9023,15644621,Credit Card,25109.86,2,2026/04/01
9024,15628059,Savings,164.47,1,2026/08/20
9025,15798615,Credit Card,149912.12,1,2026/01/01
9026,15678427,Loan,46759.35,2,2025/09/17
9027,15803136,Checking,49008.4,2,2026/01/29
9028,15618203,Checking ,58379.56,2,2026/01/18
9029,15786078,Investment,640.0,2,2026/05/20
9030,15647453,Loan,104191.8,1,2025/12/22
9031,15697686,Loan,1424.64,2,2026/03/31
9032,15726167,Credit Card,173.23,2,2025/10/04
9033,15654274,Loan,260.28,2,2026/06/17
9034,15763093,Investment,66180.93,2,2026/02/15
9035,15581840,Investment,409.4,2,2026/01/14
9036,15748752,Credit Card,48048.33,2,2026/08/14
9037,15628008,checking,91876.01,1,2026/02/12
9038,15771139,Savings,65720.45,2,2026/04/01
9039,15750407,,75089.64,2,2026/03/22
9040,15674678,Savings,106758.11,1,2026/04/17
9041,15679961,Savings,92314.67,1,2026/04/08
9042,15610594,Checking,762.41,2,2026/03/26
9043,15573284,Investment,500.98,2,2026/01/14
9044,15795690,,107268.8,1,2025/09/30
9045,15814430,Credit Card,725.39,1,2026/01/18
9046,15584090,Loan,866.48,2,2026/05/09
9047,15635598,Loan,561.69,2,2025/12/24
9048,15583221,Checking,36808.08,2,2026/02/23
9049,15649523,Savings,9.14,2,2026/07/25
9050,15677052,Savings,951.37,2,2025/09/26
9051,15702380,Checking,362.19,2,2026/02/07
9052,15673929,Checking,217.97,2,2026/04/20
9053,15748595,Loan,43964.45,2,2026/03/31
9054,15812071,Investment,19376.97,2,2025/12/25
9055,15690695,Savings,566.63,2,2026/06/23
9056,15693199,Checking,559.95,2,2025/11/27
9057,15801559,Savings,77314.17,3,2026/06/04
9058,15687001,Checking,194523.69,1,2025/12/17
9059,15590268,Investment,130506.8,1,2026/07/20
9060,15571917,Investment,97508.73,2,2025/10/29
9061,15605827,Checking,,4,2026/07/14
9062,15603565,Savings,42440.36,2,2026/07/12
9063,15791988,Investment,170.28,2,2026/02/18
9064,15633640,Loan,92411.41,1,2025/11/08
9065,15571284,Checking,58830.11,2,2026/07/09
9066,15653315,,929.69,2,2026/06/06
9067,15793366,Loan,34830.07,1,2025/09/13
9068,15732437,Credit Card,72159.07,2,2025/09/13
9069,15638871,Savings,18050.48,2,2026/03/16
9070,15654096,Loan,76323.49,2,2025/10/19
9071,15805449,Investment,10.8,2,2026/08/29
9072,15640106,Savings,136726.49,1,2026/02/20
9073,15764866,Investment,25333.63,3,2026/03/02
9074,15625021,Savings,839.15,2,2026/06/13
9075,15746749,Loan,1174.85,2,2025/10/05
9076,15705515,Loan,42549.55,2,2026/08/04
9077,15665159,Checking,95277.17,2,2025/09/28
9078,15572626,Investment,559.41,2,2026/05/26
9079,15717185,Checking,28.03,2,2025/12/19
9080,15574910,Checking,178718.77,1,2026/03/07
9081,15746986,Savings,70409.56,2,2026/06/04
9082,15570087,Investment,181266.2,1,2025/12/13
9083,15812720,Savings,51246.46,2,2025/11/22
9084,15667134,Investment,34.29,2,2026/06/04
9085,15711489,Savings,375.87,2,2026/03/24
9086,15677217,Checking,8.15,1,2025/12/29
9087,15620988,Savings,723.01,2,2026/01/29
9088,15815236,Checking,1088.96,2,2025/11/24
9089,15760090,Checking,429.47,2,2026/03/13
9090,15658969,Credit Card,369.56,3,2026/02/19
9091,15714397,Savings,58938.73,2,2026/04/02
9092,15664270,Investment,65281.58,4,2025/12/22
9093,15686461,Savings,64221.06,2,2026/06/13
9094,15584928,Investment,58728.95,2,2026/01/08
9095,15675787,Credit Card,166383.49,1,2025/09/09
9096,15704910,Credit Card,114.79,2,2025/09/21
9097,15711314,Checking,37.54,1,2025/09/13
9098,15815271,Credit Card,,3,2026/05/30
9099,15699238,Investment,761.19,2,2025/10/25
9100,15771728,Credit Card,34753.5,3,2026/05/17
9101,15611544,Loan,28716.28,2,2026/03/25
9102,15750602,Investment,200568.18,1,2026/05/09
9103,15582246,Savings,879.85,2,2025/09/24
9104,15602909,Investment,47.29,2,2025/11/22
9105,15580988,Savings,649.76,2,2026/01/25
9106,15617934,Loan,119178.88,1,2026/02/04
9107,15685279,Loan,132248.01,1,2025/09/15
9108,15738150,Investment,391.55,2,2025/12/29
9109,15686776,,138803.25,2,2026/07/23
9110,15776231,Savings,111692.26,1,2026/08/21
9111,15762682,Credit Card,46845.27,2,2026/01/07
9112,15698335,Loan,65.13,1,2025/09/20
9113,15738174,Loan,375.86,2,2026/01/20
9114,15642248,Credit Card,126401.85,1,2025/11/05
9115,15705899,Credit Card,52745.24,1,2026/03/15
9116,15667392,Checking,84794.41,2,2026/08/04
9117,15725355,Savings,338.67,1,2026/03/27
9118,15799156,Credit Card,853.22,2,2025/11/09
9119,15742971,Credit Card,131901.47,2,2026/01/19
9120,15714080,Investment,29408.99,2,2025/10/16
9121,15632143,Savings,69756.84,1,2025/10/12
9122,15679048,Credit Card,183389.59,1,2025/10/10
9123,15689176,Credit Card,341.72,2,2026/05/19
9124,15567437,Investment,190103.07,1,2026/08/29
9125,15812750,Credit Card,167297.44,1,2026/04/03
9126,15726960,Savings,,2,2025/09/13
9127,15673570,Loan,61.62,2,2025/09/10
9128,15770543,Credit Card,96804.88,1,2026/06/07
9129,15617454,Investment,268.54,2,2026/07/09
9130,15760924,Savings,89817.18,1,2025/11/19
9131,15758755,Investment,90056.64,1,2025/10/21
9132,15703019,Investment,1225.43,2,2026/07/01
9133,15737542,Credit Card,99793.95,1,2026/03/22
9134,15665014,Loan,1140.08,2,2025/12/11
9135,15589329,,882.23,2,2026/07/10
9136,15694288,,651.45,2,2026/02/09
9137,15593782,Credit Card,22044811.55,3,2026/02/15
9138,15694641,Investment,701.49,2,2026/04/08
9139,15731511,Credit Card,64733.43,2,2026/05/23
9140,15585961,Credit Card,145.52,2,2025/09/14
9141,15812230,Investment,15654.68,3,2026/02/04
9142,15697497,Checking,60788.78,2,2026/01/21
9143,15579074,Loan,64315.93,1,2026/04/25
9144,15807340,Savings,53017.95,2,2025/12/15
9145,15599869,Investment,336.26,1,2025/10/24
9146,15740476,Loan,70413.96,2,2026/01/16
9147,15787318,Checking,115011.11,1,2026/08/04
9148,15700937,Investment,559.75,2,2026/06/25
9149,15663921,Credit Card,146.73,2,2026/05/02
9150,15582168,Savings,73805.78,2,2026/03/14
9151,15597951,Loan,71971.03,1,2026/01/30
9152,15718944,Savings,521.92,2,2026/04/10
9153,15604576,Credit Card,296.87,1,2025/10/20
9154,15607314,Investment,114834.77,1,2025/12/25
9155,15684196,Investment,120768.36,1,2026/03/30
9156,15723008,Loan,50292.36,2,2026/06/17
9157,15672185,Checking,784.56,2,2026/01/23
9158,15650924,Loan,57633.48,2,2026/05/08
9159,15568032,LOAN,44737.52,3,2026/01/26
9160,15573520,Investment,12685.06,2,2026/08/28
9161,15674868,Credit Card,250.58,2,2026/06/03
9162,15731117,Credit Card,74791.43,1,2026/05/20
9163,15682268,Checking,115246.33,1,2026/01/06
9164,15808621,Savings,,2,2026/03/17
9165,15620204,Savings,-1514.69,2,2025/09/11
9166,15661903,Checking,123788.44,1,2026/05/15
9167,15776233,Loan,139667.93,1,2026/03/23
9168,15679884,Checking,30270.89,3,2026/03/12
9169,15569624,Investment,69144.38,2,2026/06/09
9170,15765300,Checking,27128.3,3,2026/09/03
9171,15615020,Loan,23248.99,2,2025/10/28
9172,15704144,Investment,46358.79,2,2026/04/22
9173,15778489,Credit Card,60393.46,2,2025/12/26
9174,15780432,Savings,34574.81,3,2026/06/25
9175,15660602,Loan,90278.0,2,2025/09/15
9176,15808582,Credit Card,1744.12,1,2026/03/25
9177,15764033,Loan,90311.41,3,2025/12/30
9178,15730038,Investment,152.64,1,2026/04/19
9179,15604304,Loan,116942.82,1,2026/03/11
9180,15751167,Savings,593.21,2,2026/05/05
9181,15590637,Savings,539.41,2,2026/06/18
9182,15670374,Investment,27859.9,3,2025/10/28
9183,15631436,Credit Card,-2956.59,1,2026/07/29
9184,15774586,Checking,79051.23,1,2026/02/09
9185,15711378,Checking,470.56,2,2026/02/20
9186,15695225,Checking,760.1,2,2025/11/15
9187,15635964,Checking,153892.98,1,2026/07/22
9188,15803005,Loan,136295.78,1,2025/10/15
9189,15573045,Checking,80146.91,2,2025/10/21
9190,15679968,,158368.34,1,2026/06/17
9191,15600626,Savings,836.61,2,2025/11/28
9192,15604792,Checking,75291.39,2,2025/12/18
9193,15716835,Investment,142119.08,1,2026/05/11
9194,15715796,Investment,468.46,2,2026/07/03
9195,15724851,Checking,89809.77,1,2026/01/08
9196,15620577,Loan,358.05,2,2025/10/15
9197,15777045,Loan,121190.91,1,2025/11/14
9198,15705657,Loan,92554.26,1,2026/03/28
9199,15624528,Checking,54241.19,2,2026/07/15
9200,15751412,Checking,130388.85,1,2026/05/03
9201,15660263,Investment,53590.18,2,2026/05/28
9202,15659327,Loan,153600.48,1,2026/06/20
9203,15765345,Investment,43.23,2,2025/12/31
9204,15726403,Investment,112009.76,1,2025/10/03
9205,15675926,Checking,58233.54,1,2026/05/13
9206,15787196,Loan,909.34,2,2026/01/10
9207,15805769,Credit Card,53.46,2,2026/04/01
9208,15709621,Credit Card,449.69,2,2026/02/09
9209,15767488,Savings,1197.21,2,2026/02/22
9210,15796612,Investment,93274.88,1,2025/11/19
9211,15598782,Credit Card,,2,2025/09/21
9212,15612494,Checking,181784.25,1,2026/02/14
9213,15619955,Investment,19617.35,3,2026/08/21
9214,15784958,Investment,39506380.34,4,2026/06/19
9215,15569503,Checking,730.34,2,2026/07/06
9216,15635256,Checking,126183.27,1,2026/03/30
9217,15634974,Credit Card,26183.09,4,2025/09/05
9218,15609521,Loan,65193.42,2,2026/01/18
9219,15581323,Savings,94246.85,2,2026/08/22
9220,15694556,Loan,142167.28,1,2025/12/19
9221,15605698,Investment,345.67,3,2026/06/17
9222,15736078,Investment,114111.71,3,2026/05/11
9223,15750014,Checking,49161.32,2,2026/06/09
9224,15621629,Checking,41382.13,2,2026/05/16
9225,15709295,Investment,43442.99,2,2026/02/10
9226,15641835,Checking,135889.0,1,2026/08/02
9227,15680201,Credit Card,41399.8,2,2026/01/01
9228,15748231,Checking,45331.02,2,2026/02/14
9229,15739514,Investment,1437.37,2,2026/04/27
9230,15631162,Investment,324.64,2,2026/08/31
9231,15610446,Credit Card,35102.73,3,2026/05/08
9232,15724863,Investment,70456.68,1,2026/05/24
9233,15813894,Credit Card,372.73,2,2026/06/14
9234,15810075,Loan,54634.04,4,2025/10/14
9235,15724944,Credit Card,1056.91,2,2025/10/26
9236,15702300,Checking,61.7,2,2026/04/08
9237,15575428,Loan,94436.3,2,2026/08/27
9238,15598161,Loan,1321.24,2,2025/10/12
9239,15581440,,22017.37,4,2026/03/14
9240,15632859,Investment,1033.65,2,2025/11/07
9241,15605665,Credit Card,31973.64,2,2025/09/09
9242,15585041,Savings,-1793.48,2,2025/11/24
9243,15668894,Credit Card,61597.17,2,2026/05/27
9244,15697597,Investment,116160.7,1,2025/11/04
9245,15679810,Savings,509.43,2,2025/11/27
9246,15671124,Credit Card,135878.27,1,2025/12/13
9247,15658435,Savings,277.79,2,2026/04/15
9248,15797010,Loan,857.25,2,2025/10/31
9249,15746970,Loan,446.86,2,2025/09/22
9250,15637235,Credit Card,216.69,1,2026/04/08
9251,15735106,,72803.62,2,2026/05/14
9252,15774328,Investment,,2,2025/11/29
9253,15776985,Loan,-4118.67,2,2026/07/20
9254,15712813,Credit Card,46580.06,3,2026/05/29
9255,15764105,Investment,336.43,2,2026/05/10
9256,15731543,Savings,88992.85,1,2025/11/13
9257,15673084,Savings,109405.2,1,2026/06/10
9258,15728773,Investment,135.44,2,2026/04/05
9259,15631063,Checking,696.45,2,2026/03/26
9260,15797149,Investment,90206.53,2,2025/09/07
9261,15690743,Savings,94335.97,1,2026/02/01
9262,15769645,Credit Card,851.63,1,2025/11/02
9263,15600626,Investment,635.9,2,2026/04/13
9264,15806210,Checking,43102.44,2,2026/01/31
9265,15611756,Savings,49650.26,2,2026/08/15
9266,15666295,Loan,24878.11,2,2026/01/19
9267,15609458,Loan,60966.81,1,2026/05/28
9268,15736371,Checking,74600.98,2,2026/02/15
9269,15631054,Investment,501.55,2,2026/07/14
9270,15691627,Checking,493.36,1,2026/03/12
9271,15761976,Savings,244.23,2,2026/06/18
9272,15599301,Checking,207665.53,1,2026/08/01
9273,15699257,Savings,83401.21,2,2025/11/26
9274,15604158,Loan,307.15,2,2025/11/14
9275,15667424,Loan,28220.34,2,2026/01/29
9276,15588587,Credit Card,105762.44,1,2026/05/28
9277,15785342,Loan,232.98,2,2026/08/19
9278,15700752,Loan,229.59,2,2025/12/16
9279,15715510,Checking,46724.48,2,2026/07/14
9280,15609475,,97742.9,1,2026/09/03
9281,15605000,Investment,,3,2026/03/12
9282,15656522,Checking,213612.28,1,2026/05/26
9283,15589544,Checking,626.42,2,2026/07/09
9284,15589805,LOAN,,1,2026/01/09
9285,15758451,Savings,145470.5,1,2026/05/02
9286,15704081,Credit Card,31918.13,2,2026/04/27
9287,15682472,Loan,49751.59,2,2025/12/19
9288,15596649,Loan,,1,2026/02/19
9289,15664793,Loan,64668.41,2,2025/11/11
9290,15629128,Checking,70907.39,2,2025/11/26
9291,15608653,Investment,83083.15,1,2026/05/29
9292,15633818,Investment,694.45,2,2026/05/03
9293,15726466,Checking,107013.02,1,2025/09/08
9294,15773809,Checking,856.45,2,2026/02/12
9295,15756118,Checking,891.11,1,2026/04/04
9296,15674750,Checking,429.86,2,2025/12/03
9297,15687738,Loan,270.83,2,2025/11/18
9298,15770121,Credit Card,24.42,1,2026/05/01
9299,15748069,Investment,205784.38,1,2025/10/07
9300,15701354,Loan,1051.08,2,2025/09/05
9301,15574283,Investment,317.62,2,2026/02/09
9302,15678725,Checking,349.33,2,2026/08/28
9303,15593778,Savings,8289.93,3,2025/12/08
9304,15589541,Savings,877.25,2,2025/12/14
9305,15590201,Loan,1231.03,4,2026/08/24
9306,15630419,Checking,184876.65,1,2025/10/21
9307,15674991,Loan,336.69,2,2026/06/05
9308,15616954,Credit Card,741.4,2,2026/04/25
9309,15623107,Savings,25871.21,3,2026/02/19
9310,15677908,savings,263.97,2,2025/10/21
9311,15796813,Checking,63221.39,2,2025/10/04
9312,15624374,Credit Card,848.09,2,2026/07/19
9313,15800890,Savings,20.41,2,2026/04/30
9314,15659710,Credit Card,47105.3,2,2026/07/04
9315,15649536,Credit Card,117164.36,1,2025/11/22
9316,15646168,Investment,557.7,2,2025/10/07
9317,15606601,Loan,70180.47,2,2026/03/01
9318,15794297,Credit Card,464.98,2,2026/07/25
9319,15811589,Savings,1118.57,2,2026/06/16
9320,15764726,Credit Card,117540.42,1,2025/12/27
9321,15687946,Loan,139510.56,1,2026/02/26
9322,15661830,Checking,428.59,2,2026/07/21
9323,15755239,Loan,76564.7,2,2025/09/10
9324,15642394,,584.04,2,2025/12/10
9325,15688395,Checking,703.56,2,2026/01/21
9326,15629885,Savings,84075.58,1,2026/01/26
9327,15681758,Checking,946.81,2,2026/04/09
9328,15649160,Savings,148239.74,1,2026/06/29
9329,15788480,Credit Card,178568.0,1,2026/02/06
9330,15736534,Savings,200829.1,1,2026/03/10
9331,15636935,Checking,996.73,2,2026/07/19
9332,15746451,Savings,137286.97,1,2026/03/28
9333,15777586,Credit Card,59072.24,2,2026/01/11
9334,15761713,Investment,172867.52,1,2026/06/17
9335,15574122,Savings,159582.7,1,2026/06/07
9336,15734058,Savings,160630.99,1,2026/07/28
9337,15685245,Checking,722.77,2,2026/08/06
9338,15750243,Savings,112.78,4,2025/12/15
9339,15600792,Credit Card,167.09,2,2025/10/12
9340,15641794,Loan,54813.56,2,2026/07/03
9341,15793726,Savings,1229.32,2,2025/11/20
9342,15669606,Investment,687.7,2,2025/10/25
9343,15611029,Loan,155364.4,1,2025/12/22
9344,15573798,Savings,37447.49,2,2026/01/24
9345,15757588,Checking,207.53,2,2025/12/03
9346,15592230,Loan,888.99,2,2026/01/15
9347,15741416,Loan,15025.23,1,2026/06/18
9348,15605134,Investment,79808.8,2,2025/10/25
9349,15752838,Credit Card,,2,2025/11/06
9350,15761047,Loan,70900.13,2,2026/05/28
9351,15571244,Savings,764.03,1,2026/06/30
9352,15681476,Loan,73427.56,1,2026/07/30
9353,15716334,Credit Card,104638.87,1,2026/03/18
9354,15566543,Credit Card,67.35,2,2026/02/19
9355,15678385,Loan,45029.71,2,2026/06/24
9356,15689147,Checking,1553.8,2,2026/07/03
9357,15696900,Loan,39994.88,2,2026/07/09
9358,15570970,Loan,560.26,2,2026/01/22
9359,15715988,Loan,375.98,2,2026/07/15
9360,15663770,Credit Card,162796.88,1,2026/08/11
9361,15730673,Savings,-3713.64,1,2026/05/03
9362,15608528,Investment,772.4,4,2025/12/19
9363,15805764,Investment,143.3,2,2025/11/28
9364,15610912,Credit Card,82351.28,1,2025/09/04
9365,15574115,Loan,63512.17,2,2025/12/30
9366,15659486,Checking,23058.36,1,2025/12/22
9367,15593241,Checking,607.62,2,2025/10/19
9368,15782941,Credit Card,,2,2026/07/14
9369,15711062,Loan,52452.72,4,2025/11/17
9370,15704081,Savings,31176.15,2,2025/11/15
9371,15756070,Savings,1458.68,2,2025/11/26
9372,15623430,Loan,709.68,2,2026/05/04
9373,15686436,Credit Card,914.26,3,2025/09/03
9374,15648766,Checking,117021.66,1,2026/02/15
9375,15806771,Loan,1974.4,2,2025/10/12
9376,15594812,Savings,96517.52,2,2025/09/29
9377,15669262,Loan,86486.11,2,2025/11/12
9378,15697789,Credit Card,65182.46,2,2026/05/22
9379,15600879,Checking,33102849.39,2,2026/04/16
9380,15575759,Checking,56186.38,1,2026/04/08
9381,15791700,Savings,32773.27,4,2026/08/09
9382,15612087,Checking,118315.85,1,2026/05/02
9383,15815428,Loan,114555.85,1,2026/02/17
9384,15785406,Investment,74338.93,1,2026/02/04
9385,15693764,Credit Card,110358.34,1,2026/05/17
9386,15696552,Checking,31476.97,2,2025/11/02
9387,15720820,Savings,34437.43,2,2026/01/04
9388,15660524,Checking,119082.96,1,2026/06/16
9389,15690188,Loan,680.94,1,2026/03/23
9390,15631882,Loan,180024.62,1,2026/03/15
9391,15702337,Investment,468.25,2,2026/03/19
9392,15809847,Investment,679.12,3,2026/08/30
9393,15663252,Credit Card,201.53,2,2026/05/03
9394,15780498,Savings,138619.56,1,2026/03/03
9395,15571193,Loan,155897.92,1,2026/02/09
9396,15636238,Credit Card,261.67,2,2026/05/28
9397,15738497,Loan,68545.87,2,2026/02/12
9398,15624781,Checking,66986.04,2,2026/06/01
9399,15643826,Savings,405.22,2,2025/10/13
9400,15612109,Checking,68118.68,2,2026/07/09
9401,15740264,Savings,366.16,2,2025/12/21
9402,15672598,LOAN,99904.32,1,2025/11/27
9403,15575119,Loan,1249.45,2,2026/07/24
9404,15760774,Investment,55841.61,2,2026/01/23
9405,15680901,Credit Card,-3535.34,2,2026/09/02
9406,15592116,Investment,302.65,2,2025/11/15
9407,15661036,Loan,82.1,2,2026/04/14
9408,15593694,Credit Card,173.41,2,2026/06/16
9409,15588670,Investment,245317.51,1,2026/04/17
9410,15640407,Loan,86644.56,2,2026/05/11
9411,15594409,,88.57,2,2026/08/24
9412,15751227,Savings,67879.71,1,2026/01/09
9413,15695492,Savings,92500.56,1,2026/08/19
9414,15568449,Loan,140346.48,1,2025/11/03
9415,15736717,Credit Card,160408.61,1,2026/06/15
9416,15617320,Investment,100376.11,1,2026/04/13
9417,15652883,Loan,75628.97,2,2026/08/02
9418,15585198,CreditCard,96572.79,1,2026/02/28
9419,15626452,Investment,322.25,2,2025/12/03
9420,15592570,loan,227.92,2,2025/09/15
9421,15718912,Savings,20033.66,1,2026/03/09
9422,15607691,Investment,144604.86,1,2026/04/29
9423,15767129,Loan,103043.66,1,2026/08/12
9424,15752801,Credit Card,61959.38,2,2026/02/27
9425,15716023,Loan,112.5,2,2026/04/08
9426,15776743,Loan,164.29,2,2025/12/21
9427,15805671,Credit Card,79.86,1,2026/07/15
9428,15800412,Loan,63185.59,2,2026/06/16
9429,15815690,Loan,99577.55,1,2025/12/09
9430,15672692,Credit Card,72252.98,2,2026/03/17
9431,15815295,Savings,69725.57,1,2026/03/13
9432,15690231,Loan,52079.09,2,2025/12/03
9433,15599329,Investment,41866.95,4,2025/09/08
9434,15781702,Checking,77156.49,2,2025/12/12
9435,15753174,Savings,47472.52,3,2026/04/17
9436,15738150,Checking,11.67,2,2026/03/06
9437,15575619,Checking,101816.41,1,2026/05/30
9438,15626795,,816.32,1,2025/12/11
9439,15753332,Loan,168876.73,1,2025/09/05
9440,15606901,Loan,852.23,2,2026/06/30
9441,15739223,Loan,212.06,2,2026/02/08
9442,15614687,Loan,39709.7,2,2026/02/18
9443,15629133,Credit Card,741.18,2,2025/10/21
9444,15782736,Investment,124770.3,3,2026/03/10
9445,15735549,Credit Card,22088874.74,2,2026/01/10
9446,15617065,,202222.65,1,2026/05/18
9447,15757541,Loan,102466.9,2,2025/09/09
9448,15701319,savings,63321.74,2,2026/07/10
9449,15692317,Loan,,2,2026/01/20
9450,15767264,Loan,75675.27,1,2025/09/20
9451,15657439,Credit Card,1204.98,2,2026/07/31
9452,15594915,Savings,751.29,2,2026/01/21
9453,15742378,Savings,132639.99,1,2026/07/28
9454,15693376,Savings,578.83,2,2026/05/06
9455,15725166,Loan,735.85,2,2026/03/25
9456,15652320,Checking,186.9,2,2025/09/25
9457,15633419,,94997.22,2,2026/08/25
9458,15721793,Loan,35191.12,1,2026/08/29
9459,15687363,Credit Card,55191.31,2,2026/01/10
9460,15665180,Loan,100271.67,1,2026/01/21
9461,15772329,Credit Card,108767.28,1,2026/07/20
9462,15565891,Checking,490.57,2,2025/10/02
9463,15742504,Loan,24514.24,2,2026/06/22
9464,15773890,Investment,524.99,2,2025/09/18
9465,15769959,Investment,68954.03,1,2026/05/02
9466,15725737,Investment,1426.08,2,2026/07/11
9467,15787204,Credit Card,114730.43,1,2026/07/23
9468,15738063,Savings,670.0,2,2026/04/23
9469,15779915,Loan,813.05,1,2026/05/12
9470,15637593,Savings,207.27,2,2025/11/30
9471,15602994,Checking ,129791.27,1,2026/05/03
9472,15680001,Loan,84731.19,2,2026/07/31
9473,15589793,Investment,248190.08,1,2026/06/09
9474,15814022,Loan,102039.2,1,2025/10/26
9475,15767064,Checking,28543.26,1,2025/09/22
9476,15701166,Investment,86205.01,2,2026/03/11
9477,15800326,Investment,-832.73,2,2025/09/17
9478,15800061,Investment,39377.35,3,2026/07/13
9479,15694852,Loan,39722.87,2,2026/09/03
9480,15713354,Credit Card,93292.55,1,2025/11/20
9481,15595588,Investment,122.65,3,2026/08/30
9482,15612109,Savings,70784.24,2,2025/12/02
9483,15766458,CREDIT CARD,173777.09,1,2025/11/09
9484,15678572,Investment,40782.95,2,2025/10/15
9485,15578369,CreditCard,160454.48,1,2026/04/05
9486,15584967,Savings,473.11,2,2025/11/03
9487,15806709,Savings,127519.11,1,2025/10/01
9488,15569438,Investment,60991.16,2,2026/04/18
9489,15641319,Loan,639.42,1,2026/07/26
9490,15765311,Credit Card,467.5,1,2026/09/01
9491,15798844,Credit Card,194566.37,1,2025/10/04
9492,15690526,Loan,-3265.68,2,2026/02/10
9493,15709941,Credit Card,88.69,3,2025/10/22
9494,15790744,Investment,37648.72,2,2026/06/08
9495,15782939,Checking,63976.15,1,2026/01/23
9496,15812470,Checking,797.1,2,2025/12/11
9497,15681509,Checking,112.31,2,2026/08/04
9498,15684440,Savings,99693.67,2,2026/07/14
9499,15671209,Credit Card,14308.96,3,2025/09/11
9500,15809991,Credit Card,89676.46,1,2026/02/20
9501,15594502,Checking,58884.63,2,2026/08/13
9502,15630920,Investment,26557.43,2,2026/02/12
9503,15611544,Investment,56495.98,2,2026/09/01
9504,15679429,Savings,69978.57,1,2025/11/28
9505,15645404,Savings,29771.39,2,2026/06/30
9506,15618950,Savings,65442.79,2,2026/03/09
9507,15641312,Loan,29.27,1,2026/05/25
9508,15802390,Loan,555.82,2,2025/09/10
9509,15745827,Checking,161323.97,1,2026/08/09
9510,15766378,Savings,-3568.92,2,2026/03/28
9511,15728608,Savings,49100.01,2,2026/04/04
9512,15737310,Investment,111528.82,1,2026/08/10
9513,15631451,Savings,348.44,2,2026/08/11
9514,15608968,Checking,55226.98,2,2025/10/04
9515,15680736,Investment,72337.47,2,2025/10/06
9516,15726267,Investment,56012.89,2,2025/12/10
9517,15626212,Savings,994.38,1,2026/05/17
9518,15680918,Loan ,175779.95,1,2025/11/17
9519,15735221,Investment,664.78,2,2026/01/17
9520,15797194,Credit Card,62908.04,2,2025/10/15
9521,15800517,Credit Card,102089.49,2,2025/11/30
9522,15574947,Loan,43276.32,2,2026/04/18
9523,15568240,Savings,51346.15,2,2025/09/25
9524,15769829,Loan,1015.83,2,2026/01/22
9525,15734524,Savings,493.34,1,2026/07/11
9526,15787835,Credit Card,52567.59,2,2025/12/13
9527,15755678,checking,431.47,2,2026/08/21
9528,15796993,Credit Card,62822.08,2,2026/05/19
9529,15610165,Loan,416.34,2,2026/03/31
9530,15724444,Loan,51181.22,2,2025/11/30
9531,15809830,Loan,818.18,2,2026/07/25
9532,15612418,Loan,549.54,2,2025/09/04
9533,15566295,Credit Card,103713.53,2,2026/02/09
9534,15625584,Checking,43220925.44,2,2026/01/21
9535,15591985,Loan,56146.13,1,2026/06/17
9536,15595350,Loan,73332.61,2,2026/03/01
9537,15692463,Loan,53963.57,1,2025/11/02
9538,15786418,Credit Card,6.77,1,2026/02/24
9539,15713379,Savings,620.88,2,2026/04/29
9540,15814331,Credit Card,31712.34,1,2026/06/20
9541,15716236,Investment,864.44,2,2026/08/25
9542,15758081,Loan,,1,2025/10/17
9543,15651144,Credit Card,94385.97,2,2026/06/19
9544,15812191,Savings,136418.3,1,2026/04/28
9545,15709474,Checking,34378.75,2,2025/10/18
9546,15576745,Loan,55707.98,2,2025/11/01
9547,15597467,Savings,515.26,1,2025/10/19
9548,15743040,Loan,47396.23,2,2025/12/05
9549,15733797,Checking,80.35,2,2025/10/17
9550,15663883,Investment,72101.0,2,2025/12/07
9551,15639252,Checking,55786.69,3,2026/02/12
9552,15621466,Checking,84127.81,1,2026/07/02
9553,15789313,Credit Card,47213.95,2,2026/07/20
9554,15579781,Savings,184629.07,1,2025/09/13
9555,15569590,Investment,47187.32,1,2025/11/28
9556,15663917,Credit Card,105173.56,1,2025/09/08
9557,15574324,Investment,72487.46,2,2025/12/23
9558,15646351,Investment ,821.52,2,2026/07/26
9559,15701354,Savings,1078.14,2,2026/03/13
9560,15699225,Loan,775.79,2,2026/04/26
9561,15728480,Loan ,891.15,2,2025/10/14
9562,15752409,Savings,575.87,2,2026/01/07
9563,15663987,Savings,508.22,3,2026/02/07
9564,15602811,Credit Card,16299.65,2,2026/08/17
9565,15698953,Investment,437.7,3,2026/07/28
9566,15590320,Checking,555.07,2,2025/12/09
9567,15786617,Credit Card,116136.07,1,2025/11/09
9568,15736778,Checking,26244.17,2,2026/02/08
9569,15654060,Checking,-2128.15,2,2025/09/30
9570,15675749,Investment,218.84,2,2026/03/16
9571,15658614,CREDIT CARD,67103.77,2,2026/08/30
9572,15700263,Loan,1000.85,1,2026/01/27
9573,15767488,Loan,470.52,3,2025/12/03
9574,15717307,Checking,540.85,2,2026/01/23
9575,15580682,Loan,51781.88,2,2025/11/13
9576,15732293,Checking,396.08,2,2026/06/19
9577,15659305,LOAN,217081.85,1,2026/02/11
9578,15786469,Savings,546.93,2,2026/04/02
9579,15771855,Investment,351.82,2,2025/12/27
9580,15703117,Checking,182.51,2,2025/12/08
9581,15583692,CREDIT CARD,39506.8,2,2026/01/20
9582,15572051,Checking,1048.09,1,2025/12/14
9583,15595640,Loan,1531.32,2,2025/12/02
9584,15810723,,480.13,3,2026/02/01
9585,15796480,Checking,184.52,2,2026/01/13
9586,15628272,,106360.69,1,2026/08/26
9587,15649616,Savings,160761.46,1,2026/04/16
9588,15606855,Loan,444.25,2,2026/01/16
9589,15705309,Credit Card,861.18,2,2025/10/20
9590,15810167,Credit Card,87721.24,1,2026/05/11
9591,15805260,Savings,77442.38,1,2026/03/03
9592,15773973,Loan,903.25,2,2026/06/26
9593,15667216,Credit Card,44128.52,2,2026/03/08
9594,15644878,Checking,114228.89,1,2026/02/28
9595,15692235,savings,661.48,2,2026/07/28
9596,15749519,Credit Card,48469.05,3,2026/05/28
9597,15683657,Investment,94814.14,3,2026/04/21
9598,15793842,Investment,86277.67,3,2026/07/23
9599,15617082,Credit Card,86855.86,1,2026/08/20
9600,15725664,Loan,108616.26,1,2025/11/29
9601,15758939,Checking,112317.66,1,2025/09/21
9602,15693526,Credit Card,825.12,1,2026/06/29
9603,15777436,Savings,604.69,2,2026/03/19
9604,15764226,Checking,177016.79,1,2025/11/21
9605,15750104,Loan,45153.93,2,2026/06/05
9606,15799825,Investment,662.26,2,2026/06/21
9607,15731781,Loan,672.44,2,2025/12/19
9608,15797081,Investment,53398.34,2,2026/08/28
9609,15672053,Investment,715.99,2,2026/04/13
9610,15661330,Investment,1205.6,1,2026/02/27
9611,15769582,Investment,350.9,2,2026/07/30
9612,15662865,Loan,189.69,2,2026/08/18
9613,15626983,Checking,776.7,2,2026/01/28
9614,15810460,Checking,22422511.58,2,2025/12/18
9615,15646374,Savings ,25894.53,2,2026/02/25
9616,15571261,Loan ,33805.89,2,2026/08/27
9617,15631639,Savings,104775.62,1,2026/05/18
9618,15794549,Investment,81972.39,2,2026/06/12
9619,15770539,Checking,110523.26,1,2026/01/18
9620,15610972,Investment,23862.4,2,2025/10/19
9621,15800845,Credit Card,174681.82,1,2026/05/23
9622,15800811,Investment,145069.68,1,2025/12/19
9623,15575486,Credit Card,94.12,2,2026/01/13
9624,15637690,Credit Card,118468.4,1,2025/12/23
9625,15725882,Credit Card,53161.21,2,2026/04/30
9626,15630167,Loan,147333.44,1,2026/01/14
9627,15766746,Loan,96126.82,1,2025/09/19
9628,15698927,Loan,890.3,2,2025/11/01
9629,15582276,Checking,104267.73,1,2026/05/25
9630,15673333,Investment,107819.8,1,2026/08/06
9631,15603883,Investment,1265.94,2,2026/07/23
9632,15788659,Savings,243.4,2,2025/12/07
9633,15605965,Credit Card,210.11,2,2026/05/04
9634,15655658,Checking,193.18,2,2025/11/13
9635,15572408,Credit Card,,2,2026/04/30
9636,15677522,SAVINGS,40539947.4,2,2026/06/30
9637,15698619,Investment,609.87,2,2026/02/15
9638,15581548,Investment,63456.33,1,2026/03/12
9639,15591107,Savings,157591.9,1,2026/06/18
9640,15768465,Investment,47323.12,2,2026/03/15
9641,15802351,Checking,30996.51,2,2026/08/06
9642,15664523,Checking,100604.74,2,2026/07/01
9643,15742480,Savings ,26862.85,2,2025/09/20
9644,15633834,Checking,45009.78,2,2026/02/15
9645,15711572,Loan,71613.39,2,2026/08/28
9646,15800856,Investment,64548.51,1,2025/10/26
9647,15604093,Checking,128153.57,2,2026/07/22
9648,15585282,Loan,67169.89,2,2026/03/05
9649,15607598,Credit Card,1165.99,2,2025/09/07
9650,15775131,Loan,76713.37,2,2025/11/23
9651,15577423,Investment,126213.12,1,2026/04/06
9652,15777033,Investment,686.13,2,2026/05/04
9653,15795936,,108.15,2,2026/02/21
9654,15579183,Checking,1061.94,2,2026/02/22
9655,15663883,Loan,81266.64,2,2026/07/31
9656,15792250,Investment,136751.66,1,2025/10/24
9657,15753337,Loan,1010.07,3,2025/12/07
9658,15603925,Credit Card,83308.86,2,2026/03/05
9659,15685997,Credit Card,83994.28,2,2026/02/06
9660,15696277,Loan,486.07,2,2025/11/25
9661,15658670,Investment,374.69,2,2026/04/30
9662,15671609,Savings,584.37,2,2026/06/09
9663,15610686,Credit Card,179158.13,3,2025/12/07
9664,15568834,Credit Card,57350.58,2,2025/09/14
9665,15611612,Checking,519.49,1,2026/04/15
9666,15715394,Loan,96172.85,2,2026/07/15
9667,15579647,Savings,856.93,1,2026/04/24
9668,15745417,Savings,52416.67,1,2026/07/03
9669,15788776,,26799.9,3,2026/06/24
9670,15674343,Investment,41156.75,2,2026/08/24
9671,15593250,Investment,217.48,2,2026/04/13
9672,15712543,Savings,40240.09,2,2026/03/26
9673,15754112,Investment,717.67,2,2026/05/03
9674,15597885,Loan,,2,2026/01/05
9675,15572631,Checking,168.03,1,2026/01/10
9676,15640627,Investment ,51.06,2,2026/03/13
9677,15665327,Credit Card,23287.64,2,2026/07/07
9678,15701042,Checking,181231.22,1,2026/02/22
9679,15660144,Checking,322.5,2,2026/05/08
9680,15618446,Loan,-3806.11,2,2026/08/16
9681,15678057,Checking,33924.29,2,2026/03/27
9682,15719856,Checking,44364.31,1,2026/02/03
9683,15636684,,35.59,3,2025/09/23
9684,15659175,Loan,169.45,2,2025/12/31
9685,15804235,Investment,89668.56,2,2026/05/20
9686,15743714,Savings,69333.56,1,2025/10/28
9687,15591169,Investment,111318.19,1,2026/04/06
9688,15683276,Credit Card,91596.94,2,2026/04/09
9689,15781347,Loan,313.66,2,2026/01/18
9690,15654296,Loan,503.88,1,2026/06/25
9691,15654959,Credit Card,101027.91,1,2026/03/27
9692,15625494,Checking,50172.67,2,2026/07/03
9693,15626143,Credit Card,331.45,2,2025/09/17
9694,15694321,Savings,461.11,2,2025/11/25
9695,15729954,Credit Card,1654.67,3,2026/05/23
9696,15683993,Investment,104484.31,2,2025/11/27
9697,15745543,Credit Card,278.14,2,2026/02/03
9698,15807568,Loan,149.09,2,2026/07/05
9699,15673074,Loan,184531.06,1,2026/08/26
9700,15628144,Loan,62367.71,1,2026/05/29
9701,15613623,Credit Card,804.85,1,2025/12/13
9702,15774536,Investment,295.68,2,2026/06/20
9703,15694395,SAVINGS,45614.18,2,2025/11/13
9704,15684248,Checking,735.97,2,2025/11/08
9705,15773221,Checking,84264.35,1,2026/08/08
9706,15776223,Credit Card,61350.29,1,2026/02/20
9707,15773868,Savings,60180.9,2,2025/09/30
9708,15668347,Credit Card,706.08,2,2025/10/19
9709,15682021,,64068.38,2,2026/02/08
9710,15600739,Loan,966.75,2,2025/11/14
9711,15671591,Investment,25043.79,4,2026/02/27
9712,15738835,Checking,50147.11,2,2026/04/25
9713,15640454,Loan,150664.38,1,2026/03/24
9714,15651802,Checking,69127.96,2,2025/11/26
9715,15625824,Credit Card,30405.94,4,2026/04/26
9716,15682369,Credit Card,173449.95,1,2025/09/03
9717,15727919,Loan,242.63,2,2026/08/06
9718,15611105,Savings,439.26,2,2025/11/17
9719,15633870,Investment,1145.59,2,2025/12/14
9720,15705707,Loan,61449.69,2,2025/11/30
9721,15754113,Investment,565.42,2,2026/02/04
9722,15676958,Savings,13211.65,1,2026/02/07
9723,15711254,Investment,-2528.69,2,2025/10/14
9724,15675963,Loan,985.37,2,2025/12/06
9725,15639415,Credit Card,87052.91,1,2026/01/01
9726,15623944,Savings,709.12,1,2025/12/16
9727,15596710,Loan,196953.47,1,2026/04/14
9728,15583137,Investment,43556.78,2,2025/10/19
9729,15749114,Loan,473.95,2,2026/01/06
9730,15753895,Savings,881.73,2,2025/11/20
9731,15570932,Investment,69738.21,2,2026/08/19
9732,15596493,Savings,628.96,2,2026/06/14
9733,15696141,Credit Card,104.67,1,2026/03/13
9734,15567839,Investment,96962.31,1,2025/09/05
9735,15667651,Credit Card,663.15,2,2026/05/05
9736,15660385,Savings,1074.71,2,2025/11/23
9737,15632503,Checking,77930.61,1,2026/02/26
9738,15778897,Investment,353.39,2,2025/10/24
9739,15685920,Credit Card,134221.12,1,2026/05/02
9740,15642870,Checking,659.91,1,2026/06/11
9741,15679284,Credit Card,102320.43,1,2026/08/20
9742,15728605,Loan,289.13,2,2026/03/23
9743,15810944,Credit Card,586.42,2,2026/08/26
9744,15607990,Loan,156422.01,1,2025/12/20
9745,15654654,Investment,25159.61,2,2026/05/02
9746,15721189,Savings,594.68,2,2026/08/11
9747,15719302,Loan,212860.34,1,2026/03/14
9748,15598275,Loan,75.47,2,2026/04/28
9749,15723858,Credit Card,954.28,2,2026/08/30
9750,15755225,Loan,86734.68,2,2026/01/05
9751,15745354,Savings,316.28,2,2025/10/22
9752,15696231,Credit Card,132825.73,1,2026/03/20
9753,15750547,Credit Card,15.83,2,2025/11/07
9754,15585280,Checking ,1.73,2,2026/02/12
9755,15667462,Investment,480.99,2,2025/11/10
9756,15630244,Checking,29064.51,2,2026/03/26
9757,15596228,Checking,953.54,2,2026/02/17
9758,15614878,Credit Card,159267.52,1,2026/01/25
9759,15705512,Checking,161255.85,1,2026/08/14
9760,15611599,Credit Card,536.77,2,2026/04/08
9761,15703437,Checking ,958.74,2,2026/07/05
9762,15801630,Loan,348.02,2,2026/03/23
9763,15766355,Checking,24162.86,3,2026/06/03
9764,15773605,Credit Card,1016.95,2,2025/10/09
9765,15576256,Checking,547.27,2,2026/02/27
9766,15751297,Loan,304.93,2,2026/05/11
9767,15664895,Loan,261.89,2,2026/08/11
9768,15620758,Loan,294.58,2,2026/06/30
9769,15609823,Investment,57992.45,2,2025/09/16
9770,15590201,Credit Card,680.11,4,2025/12/25
9771,15756056,INVESTMENT,1069.61,2,2026/07/11
9772,15707144,Credit Card,34919.01,2,2025/12/03
9773,15672397,Loan,111703.15,1,2026/01/01
9774,15762045,checking,91913.24,2,2026/03/10
9775,15714057,Checking,280.05,2,2026/03/07
9776,15713608,Credit Card,1580.76,2,2026/02/24
9777,15794849,Checking,43710.72,3,2026/05/17
9778,15642336,Savings,1665.92,2,2025/09/03
9779,15776605,Credit Card,1114.17,2,2026/07/12
9780,15628972,Savings,49071.32,3,2026/07/06
9781,15595440,Credit Card,87637.65,2,2026/03/25
9782,15785819,Credit Card,1139.66,2,2025/10/12
9783,15788118,Loan,73786.36,2,2026/07/30
9784,15749519,Savings,25428.97,3,2025/12/29
9785,15792305,Investment,22865.04,3,2025/11/12
9786,15737748,Investment,90797.53,1,2026/05/16
9787,15729836,Savings,702.74,2,2025/12/08
9788,15665283,Investment,19722.0,4,2025/09/25
9789,15722061,Loan,99116.12,2,2025/12/20
9790,15679733,Savings,62018.9,2,2026/02/04
9791,15606133,Checking ,88.44,2,2026/04/13
9792,15629744,Credit Card,920.86,2,2025/10/20
9793,15685872,Investment,97749.96,1,2026/02/23
9794,15664860,Investment,18.39,2,2026/03/18
9795,15697307,Credit Card,86.9,2,2026/08/03
9796,15735346,,125605.32,1,2025/12/04
9797,15738063,Loan,877.97,2,2026/04/08
9798,15631222,loan,90208.92,1,2025/11/19
9799,15652289,Checking,-4028.71,2,2026/01/26
9800,15637240,Checking,80913.48,2,2026/02/09
9801,15622507,Investment,64213.39,2,2026/03/20
9802,15621004,Credit Card,313.77,1,2026/08/14
9803,15758306,Credit Card,266.31,3,2026/05/07
9804,15797751,Checking,94177.79,1,2025/09/20
9805,15753337,Investment,24.78,3,2026/01/14
9806,15578648,Savings,44572.5,1,2026/04/06
9807,15679410,Checking,118983.86,1,2025/12/03
9808,15703177,Savings,84377.82,1,2025/11/25
9809,15810563,Checking,441.93,2,2026/03/25
9810,15718443,Credit Card,457.78,2,2026/08/18
9811,15575024,Investment,807.24,2,2026/05/25
9812,15752953,LOAN,512.37,2,2025/10/27
9813,15571571,Investment,65455.28,3,2026/04/29
9814,15583456,Savings,,3,2025/10/15
9815,15652084,Investment,178176.63,1,2026/02/27
9816,15758513,Loan,,2,2026/08/20
9817,15599533,Investment,670.68,1,2025/10/24
9818,15625904,,,2,2026/08/04
9819,15570205,Loan,798.85,2,2026/03/29
9820,15694641,Loan,808.58,2,2025/09/09
9821,15795895,Investment,33177.13,2,2025/11/24
9822,15731829,Investment,395.31,2,2026/02/13
9823,15730272,Loan,183985.81,1,2025/11/07
9824,15710390,Credit Card,49405.92,2,2026/06/24
9825,15619708,loan,91555.97,2,2026/05/20
9826,15595162,Credit Card,88316.24,1,2026/03/18
9827,15757777,Checking,-381.27,2,2026/08/20
9828,15656417,,29132.07,2,2026/04/23
9829,15594456,Savings,145711.63,1,2025/09/08
9830,15635244,Savings,1219.41,2,2026/05/09
9831,15719348,Investment,1256.43,1,2026/08/03
9832,15803538,Loan,1103.05,3,2026/08/12
9833,15606076,Loan,111529.97,1,2026/03/27
9834,15623972,Loan,156491.26,1,2026/04/07
9835,15681843,Loan,86531.39,2,2025/09/30
9836,15724453,Loan,571.45,1,2026/02/05
9837,15714993,Credit Card,128638.06,1,2026/04/08
9838,15613097,Loan,475.44,2,2026/01/13
9839,15769902,Credit Card,582.09,2,2026/07/24
9840,15765461,Checking,579.61,2,2025/11/01
9841,15770406,Loan,181227.93,1,2026/07/09
9842,15745527,Loan,27092.65,2,2026/04/21
9843,15679801,Credit Card,121415.23,2,2026/05/18
9844,15764927,Checking,148401.29,1,2026/03/12
9845,15693637,SAVINGS,536.8,2,2026/05/03
9846,15590993,Savings,84164.0,2,2026/09/02
9847,15726796,Loan,,1,2026/02/21
9848,15602373,Loan,59347.9,2,2026/06/03
9849,15775627,,299.01,2,2026/03/08
9850,15702571,Loan,29237.41,3,2025/10/30
9851,15568032,Checking,,3,2025/12/03
9852,15585985,Savings,210292.25,1,2026/04/08
9853,15706810,Checking,53382.89,2,2026/06/02
9854,15749401,Loan,176.21,3,2026/03/18
9855,15711687,Savings,71534.71,1,2026/08/14
9856,15700801,CreditCard,20764.03,3,2025/10/13
9857,15621031,Credit Card,612.16,2,2025/11/18
9858,15606849,Savings,70609.65,1,2025/09/06
9859,15624623,Credit Card ,26281.09,2,2026/02/22
9860,15574206,Savings,146.37,2,2026/08/31
9861,15786014,Investment,71782.93,2,2026/07/02
9862,15730735,Checking,35296.6,2,2026/01/13
9863,15669342,Savings,61993.32,2,2025/12/13
9864,15639357,Savings,32890.8,3,2026/05/24
9865,15718839,Savings,68730.79,2,2026/07/14
9866,15656263,Savings,854.37,2,2026/04/23
9867,15678284,Checking,14517.09,3,2026/04/13
9868,15638803,Checking,511.67,2,2025/09/27
9869,15809286,Checking,94851.4,2,2026/04/28
9870,15757535,Investment,554.38,3,2026/01/25
9871,15750658,Checking,844.94,3,2025/09/23
9872,15634359,Investment,132450.01,1,2025/11/04
9873,15677123,Credit Card,16.51,2,2026/05/11
9874,15582741,Investment,115050.65,1,2026/04/26
9875,15590234,Credit Card,523.45,1,2026/03/09
9876,15795149,Loan,50032.99,2,2025/09/28
9877,15778975,Credit Card,34058.88,3,2026/07/06
9878,15741275,Investment,46474.11,2,2026/08/20
9879,15727021,Investment,80451.74,2,2026/03/11
9880,15779581,Loan,41165.9,2,2026/01/10
9881,15691910,Savings,81.06,3,2026/04/08
9882,15603794,Checking,118187.79,1,2026/02/22
9883,15670163,Investment,53.57,2,2026/08/14
9884,15692750,Credit Card,30513.21,3,2026/02/01
9885,15758769,Checking,143.51,1,2025/09/15
9886,15665158,Investment,119943.95,1,2026/06/07
9887,15668032,Savings,42.13,1,2026/01/17
9888,15737051,Savings,940.45,2,2025/12/03
9889,15685706,Investment,158106.73,1,2026/01/31
9890,15687913,Loan,45564.76,1,2026/03/04
9891,15755978,INVESTMENT,595.6,2,2026/04/04
9892,15593782,Savings,25497.38,3,2025/09/11
9893,15751710,Checking,84125.86,2,2026/04/19
9894,15814519,Investment,1087.05,2,2026/02/16
9895,15813168,Credit Card,-3738.0,3,2026/02/02
9896,15763111,Loan,98337.61,1,2026/07/25
9897,15623966,Credit Card,1019.01,2,2025/09/21
9898,15587394,Loan,97567.14,2,2026/07/05
9899,15700255,Credit Card,34316.4,2,2025/10/30
9900,15589544,Loan,197.63,2,2026/03/04
9901,15603665,Loan,64284.15,2,2025/09/21
9902,15723950,Savings,64891.57,2,2026/06/02
9903,15656141,Checking,622.57,1,2026/03/24
9904,15800434,Savings,86502.11,1,2026/01/08
9905,15619083,Investment,449.35,2,2025/12/01
9906,15594577,Credit Card,854.17,2,2025/10/16
9907,15603830,Loan,652.01,2,2026/06/03
9908,15676958,Checking,53769.94,1,2025/10/21
9909,15722758,Savings,5.84,2,2025/11/06
9910,15671322,Investment,125995.76,1,2025/11/16
9911,15645095,Checking,547.96,1,2026/07/24
9912,15641595,Credit Card,49989.11,2,2026/05/13
9913,15580682,Investment,,2,2026/04/11
9914,15708048,Checking,132166.46,1,2026/01/21
9915,15813363,Savings,503.66,2,2026/02/26
9916,15633059,Savings,487.57,2,2026/04/25
9917,15677052,Checking,1246.11,2,2026/08/21
9918,15609254,Checking,44307.55,2,2026/07/16
9919,15595036,Credit Card,85876.38,1,2026/01/05
9920,15698932,Investment,233610.4,1,2026/05/29
9921,15804853,Checking,58911.97,1,2026/06/21
9922,15786042,Savings,93621.25,2,2026/04/25
9923,15623471,Investment,65015.63,1,2025/09/23
9924,15656417,Credit Card,44362.13,4,2025/10/12
9925,15740557,Loan,1275.74,2,2026/02/17
9926,15657809,Checking,25771.1,3,2026/03/12
9927,15721383,Checking,385.11,2,2025/09/22
9928,15787151,Investment,313.52,2,2025/11/17
9929,15749693,Credit Card,766.06,2,2026/07/11
9930,15802625,Investment,94941.44,1,2026/07/26
9931,15729515,Investment,122432.67,2,2025/10/24
9932,15643819,Savings,963.17,2,2026/03/17
9933,15792607,Loan,343.58,4,2026/05/23
9934,15782210,Checking,,1,2025/10/13
9935,15727198,Checking,34919.33,2,2026/02/22
9936,15641629,Checking,-1005.39,2,2026/07/26
9937,15589320,Loan,527.79,1,2026/02/04
9938,15730688,Credit Card,76608.25,2,2026/04/07
9939,15568164,Credit Card,-3594.92,2,2026/03/27
9940,15720636,Investment,108466.22,1,2025/09/14
9941,15587690,Credit Card,112149.61,1,2025/12/06
9942,15636069,Credit Card,174494.77,1,2026/01/12
9943,15615828,Loan,133293.4,1,2026/08/03
9944,15636731,Investment,61759.19,2,2025/10/13
9945,15572415,Credit Card,22.21,2,2026/04/12
9946,15645942,Savings,498.73,2,2025/11/01
9947,15589881,credit card,577.32,2,2025/12/10
9948,15628274,Credit Card,146555.46,2,2026/06/22
9949,15626710,Credit Card,334.64,1,2026/01/14
9950,15626412,Credit Card,246.86,2,2026/02/05
9951,15801466,Checking,83337.55,2,2026/07/15
9952,15665283,Credit Card,16931.78,4,2026/05/24
9953,15635775,Checking,69255.75,1,2026/06/06
9954,15588839,loan,127480.51,2,2026/01/05
9955,15574331,Checking,106650.28,1,2026/08/24
9956,15618647,Loan,33161.91,3,2025/09/28
9957,15715888,Savings,72077.91,1,2026/03/13
9958,15583748,Savings,718.54,2,2026/06/23
9959,15681410,Checking,115722.45,1,2026/05/03
9960,15813412,Checking,43314.88,1,2025/12/22
9961,15581620,Loan,717.46,3,2026/04/14
9962,15662908,Savings,51760.83,2,2026/01/21
9963,15605804,Investment,220.11,2,2026/08/21
9964,15781884,Loan,50786.03,2,2025/12/07
9965,15750441,Credit Card,43882.4,2,2026/01/22
9966,15641480,Checking,189022.62,1,2026/05/17
9967,15712903,Loan,183129.39,1,2026/08/12
9968,15762216,Loan,40808.66,2,2025/09/26
9969,15779174,Checking,1319.79,2,2026/07/09
9970,15744327,Checking,730.12,1,2026/03/26
9971,15799515,savings,123026.2,1,2025/12/04
9972,15753591,Investment,894.08,2,2026/08/16
9973,15603436,Checking,79408.4,2,2026/01/26
9974,15718779,Investment,,1,2026/01/20
9975,15720371,Savings,1221.69,1,2025/09/05
9976,15727688,Investment,888.82,2,2026/03/30
9977,15637110,,318.63,1,2025/12/18
9978,15796336,Investment,1124.14,2,2025/09/12
9979,15608230,Investment,,2,2026/04/03
9980,15573730,Checking,103822.24,2,2026/08/05
9981,15737404,Investment,139672.84,1,2025/11/08
9982,15693543,Checking,632.04,2,2026/01/21
9983,15652658,Credit Card,111051.78,2,2026/01/17
9984,15592877,Checking,57548.61,1,2026/04/27
9985,15726557,Investment,110503.67,1,2026/07/06
9986,15566740,Savings,,1,2026/07/25
9987,15622774,Loan,324.81,1,2026/02/12
9988,15805627,Credit Card,381.58,2,2025/10/22
9989,15661629,Investment,,1,2025/12/25
9990,15645059,Investment,275.3,2,2025/12/27
9991,15804610,Credit Card,44524180.07,2,2025/09/12
9992,15590876,Credit Card,81514.53,1,2026/09/01
9993,15704509,Checking,155245.25,1,2026/02/16
9994,15637644,Loan,142.32,2,2025/12/25
9995,15716800,Checking,728.06,2,2025/10/05
9996,15590966,Loan,39212.97,2,2026/07/13
9997,15674206,Checking,321.19,2,2026/01/28
9998,15699461,Loan,143156.08,1,2026/09/02
9999,15568819,Checking,44973.79,3,2026/07/11
10000,15738751,Checking,1068.95,2,2026/04/26
10001,15600174,Checking,178788.29,1,2026/07/01
10002,15583724,Investment,209.17,2,2026/04/06
10003,15747000,Checking,1380.01,2,2026/07/25
10004,15660679,Credit Card,169827.13,1,2026/07/04
10005,15675422,Credit Card,147222.26,1,2026/02/18
10006,15665879,Credit Card,528.55,2,2026/06/07
10007,15618243,Savings,65675.34,1,2026/03/21
10008,15706602,Checking,67208.72,2,2026/05/04
10009,15788126,Loan,214051.26,1,2026/06/15
10010,15568562,Savings,115553.7,1,2025/09/09
10011,15792473,,32465.42,3,2026/02/25
10012,15788224,Investment,104299.16,1,2026/02/24
10013,15758836,Savings,22982.25,2,2026/02/13
10014,15676869,Loan,676.77,2,2026/02/27
10015,15739357,Savings,166265.08,1,2026/04/18
10016,15662976,Checking,156.11,1,2025/11/19
10017,15778304,Credit Card,118769.62,1,2026/04/27
10018,15622321,Checking,,1,2026/05/16
10019,15768816,Investment,23968.6,2,2025/12/19
10020,15785385,Loan,273.87,2,2026/06/02
10021,15605134,Savings,31722.81,2,2026/08/26
10022,15732917,Credit Card,128956.38,1,2025/11/29
10023,15756848,Credit Card,826.48,1,2026/08/13
10024,15602354,Checking,99114.43,1,2026/03/21
10025,15795527,Credit Card,61226.44,2,2026/01/11
10026,15713532,Checking,89959.04,1,2026/03/28
10027,15738627,Investment,,2,2025/09/19
10028,15790314,Credit Card,243.16,2,2026/08/07
10029,15599131,Credit Card,87095.17,2,2026/06/22
10030,15664772,Checking,39917.82,2,2025/10/13
10031,15571973,Checking,271259.77,1,2026/07/23
10032,15770498,Investment,115639.74,1,2026/05/10
10033,15735837,Checking,1516.25,2,2026/06/17
10034,15730360,Loan,16.77,2,2026/02/26
10035,15786078,Savings,1246.54,2,2025/10/15
10036,15708196,Loan,71640.04,1,2025/12/18
10037,15762332,Loan,26370.81,2,2026/06/01
10038,15745543,Investment,463.97,2,2026/03/11
10039,15651958,Credit Card,784.81,2,2026/02/05
10040,15600651,Loan,625.42,3,2026/01/30
10041,15646764,Loan,46503.65,2,2026/02/11
10042,15767794,Loan,102544.4,1,2026/04/22
10043,15721592,Checking,751.09,2,2026/08/14
10044,15796071,Credit Card,73615.24,1,2026/04/30
10045,15601977,Checking,52156.88,1,2025/09/18
10046,15676519,Credit Card,85.32,2,2025/11/21
10047,15688157,Savings,28533.24,2,2026/07/19
10048,15759067,Investment,45086.57,4,2026/06/29
10049,15771573,Checking,170413.86,1,2025/11/27
10050,15684294,Investment,391.67,2,2026/07/19
10051,15590201,Savings,550.22,4,2026/03/02
10052,15605827,Loan,879.39,2,2026/06/19
10053,15717560,Credit Card,126884.23,1,2026/04/11
10054,15655574,Credit Card,95537.93,1,2026/04/03
10055,15713769,Credit Card,343.78,1,2025/09/14
10056,15593773,Credit Card,1098.62,4,2026/01/26
10057,15803415,Savings,89218.44,2,2026/06/14
10058,15691061,Investment,734.0,2,2026/05/12
10059,15569120,Investment,631.55,2,2026/01/01
10060,15682489,Credit Card,610.77,2,2026/03/14
10061,15738191,INVESTMENT,984.12,2,2026/06/05
10062,15673747,Savings,301.97,1,2025/11/09
10063,15790958,Investment,797.08,2,2026/03/15
10064,15680587,Checking,121803.26,1,2026/07/10
10065,15738634,Checking,51435.19,1,2025/11/05
10066,15727421,Checking,119.05,2,2025/10/22
10067,15615456,Savings,93011.32,1,2026/03/24
10068,15595039,Checking,132978.78,1,2025/12/23
10069,15719309,Credit Card,44142.49,2,2025/12/20
10070,15685290,Investment,55951.69,2,2025/10/29
10071,15770424,Investment,,2,2026/06/22
10072,15765812,Investment,120.64,2,2026/01/29
10073,15736371,Credit Card,69473.68,2,2025/12/03
10074,15687626,Investment,889.62,2,2025/11/23
10075,15721433,Credit Card,56715.7,2,2026/03/27
10076,15674727,Loan,218462.32,1,2026/06/11
10077,15605531,Investment,1165.12,1,2026/03/31
10078,15692750,Savings,-4058.76,3,2026/03/02
10079,15790267,Investment,129716.07,1,2025/12/23
10080,15630592,Credit Card,-261.71,1,2026/04/05
10081,15568849,Loan,135187.66,1,2026/07/06
10082,15595592,Savings,457.54,1,2026/01/23
10083,15778884,Savings,97407.42,2,2026/02/13
10084,15691396,Savings,83303.94,4,2026/03/07
10085,15631392,Credit Card,51097.44,2,2026/07/22
10086,15737741,Credit Card,54058.08,2,2025/10/27
10087,15605826,,20062.07,4,2026/08/09
10088,15723654,Investment,152070.47,1,2026/08/20
10089,15661219,LOAN,646.31,2,2026/07/24
10090,15732334,Credit Card,415.95,2,2026/07/25
10091,15687648,Savings,181.04,2,2026/02/12
10092,15649297,Checking,42281.99,2,2026/05/18
10093,15787529,Loan,82.94,1,2026/06/04
10094,15732299,Credit Card,395.84,3,2026/06/02
10095,15635364,Investment,9212.69,3,2026/03/22
10096,15774098,Checking,40999.89,2,2025/12/27
10097,15616380,Savings,220.69,2,2026/03/28
10098,15601383,,115952.75,1,2026/05/14
10099,15624892,Loan,36077.5,2,2026/04/28
10100,15578738,Savings,103324.46,1,2026/01/27
10101,15694376,Investment,45561.96,3,2026/04/21
10102,15617166,Investment,699.86,1,2025/11/22
10103,15757916,Investment,1445.63,2,2025/12/02
10104,15625151,Savings,115254.83,1,2026/03/26
10105,15579826,Loan,551.39,1,2026/01/28
10106,15757777,Credit Card,906.32,2,2025/09/04
10107,15697249,Credit Card,163860.24,1,2026/06/02
10108,15657349,Savings,194349.18,1,2026/02/21
10109,15686885,Loan,71710.24,2,2026/04/28
10110,15592707,Investment,135610.42,2,2026/08/04
10111,15580149,Credit Card,1403.76,2,2025/11/30
10112,15687688,Savings,117104.8,2,2026/08/18
10113,15661526,Loan,88253.57,2,2025/10/23
10114,15752578,checking,46137.4,2,2026/03/18
10115,15694860,Investment,33726.59,1,2026/06/27
10116,15617790,Credit Card,51939.23,2,2026/08/03
10117,15644896,Savings,45659.99,1,2026/04/05
10118,15574554,Credit Card,37808.53,2,2026/04/05
10119,15568819,Savings,58239.35,3,2026/04/01
10120,15621031,Investment,570.9,2,2025/12/08
10121,15611848,Loan,157093.98,1,2026/07/25
10122,15602282,Savings,157502.85,1,2025/09/17
10123,15663441,Savings,75181.17,1,2026/07/16
10124,15794187,Loan,85982.27,2,2025/12/26
10125,15588341,Credit Card,89899.76,1,2025/11/12
10126,15772559,Checking,178700.08,1,2026/07/12
10127,15753955,Credit Card,83011.75,2,2026/07/17
10128,15709621,Savings,336.52,2,2026/05/18
10129,15777033,Credit Card,198.84,2,2025/10/14
10130,15637427,Savings,372.65,2,2026/07/06
10131,15658982,Savings,34555.31,3,2026/06/22
10132,15813946,Investment,95656.27,1,2026/03/31
10133,15779064,savings,63.75,2,2025/09/14
10134,15620204,Investment,50956.22,2,2026/02/16
10135,15795878,Checking,165.35,2,2026/07/12
10136,15674929,Investment,328.73,2,2026/01/08
10137,15657771,Checking,493.01,1,2025/11/27
10138,15611331,Checking,279.99,1,2026/06/21
10139,15768387,Savings,608.6,2,2026/07/20
10140,15786199,Checking,128306.77,1,2026/05/02
10141,15660200,Savings,459.54,2,2026/08/19
10142,15592123,Savings,1364.18,2,2025/10/19
10143,15674573,,51637.77,1,2026/03/11
10144,15733303,Credit Card,30.39,2,2025/09/14
10145,15576219,Savings,366.64,2,2026/07/07
10146,15786200,Checking,656.05,2,2026/08/03
10147,15735400,Checking,229619.61,1,2026/03/21
10148,15667265,Loan,88081.31,1,2026/06/12
10149,15796343,Checking,27652.02,2,2026/05/22
10150,15794356,Checking,46737357.36,2,2025/12/10
10151,15675963,Credit Card,509.0,2,2025/11/24
10152,15670080,Investment,111780.54,1,2026/04/25
10153,15805429,Loan,129055.35,1,2026/03/10
10154,15652658,Checking,83940.36,2,2026/01/03
10155,15766205,Checking,140611.29,1,2025/12/01
10156,15614420,Checking,47637.2,2,2026/05/02
10157,15579914,Checking,,2,2026/09/02
10158,15662245,Loan,837.58,2,2025/12/14
10159,15613945,Loan,814.88,2,2026/02/15
10160,15669987,,33099.8,2,2025/11/09
10161,15623560,Checking,110495.22,1,2026/01/31
10162,15641822,Investment,698.9,2,2025/10/06
10163,15766552,Credit Card,52.32,2,2025/09/18
10164,15813681,Savings,69667.38,2,2025/12/17
10165,15637876,Loan,89281.91,1,2026/06/25
10166,15619801,Investment,38623.04,2,2026/04/27
10167,15607509,Checking,470.34,2,2026/04/26
10168,15756850,Investment,1475.47,2,2026/01/06
10169,15717643,Checking ,41584.03,2,2026/08/19
10170,15678206,Checking ,217506.53,1,2026/07/08
10171,15698349,Credit Card,457.28,2,2026/04/18
10172,15671630,Savings,96132.47,1,2026/01/04
10173,15589589,Checking,161101.61,1,2025/12/02
10174,15635597,Credit Card,290.4,2,2026/04/27
10175,15744279,Checking,658.79,2,2026/05/17
10176,15723856,Loan,-1712.26,2,2026/07/28
10177,15709368,Loan,-3579.45,2,2025/10/29
10178,15622033,Credit Card,21024.43,4,2026/07/09
10179,15810732,Credit Card,61428.37,2,2026/02/19
10180,15604588,Savings,483.41,2,2025/11/23
10181,15800814,Savings ,70983.73,1,2026/01/06
10182,15636812,Investment,71943.82,1,2026/04/27
10183,15594786,Savings,109821.52,1,2025/10/08
10184,15777179,Investment,831.28,2,2025/09/06
10185,15792916,Loan,172972.92,1,2025/09/19
10186,15647295,Loan,316.17,2,2026/08/18
10187,15710687,Loan,86955.02,1,2026/08/15
10188,15692819,Credit Card,110228.9,1,2026/03/30
10189,15616221,Credit Card,101913.56,1,2026/05/27
10190,15601594,Checking,42936.47,4,2026/05/01
10191,15733387,Checking,102105.43,1,2026/03/19
10192,15772892,Checking,270.52,1,2025/10/09
10193,15716284,Loan,238.12,2,2026/04/04
10194,15678571,Savings,44.44,2,2026/01/14
10195,15706534,Investment,140974.64,1,2026/06/05
10196,15710527,Checking,,1,2025/11/03
10197,15815095,Savings,50163.06,3,2026/07/10
10198,15746035,Loan,50211.15,2,2026/07/31
10199,15716085,Checking,171.3,1,2026/06/03
10200,15680167,Investment,39830.65,1,2026/09/03
10201,15578211,Loan,535.0,2,2025/09/15
10202,15733303,Savings,343.9,2,2026/04/15
10203,15701121,Investment,93819.98,1,2026/05/07
10204,15635078,Savings,156094.66,1,2025/10/03
10205,15662658,Credit Card,,2,2026/01/30
10206,15718852,Loan,39731.13,1,2026/03/25
10207,15788775,Savings,74053.78,2,2025/09/23
10208,15575623,Investment,93395.15,1,2026/03/08
10209,15650068,Savings,66612.94,1,2026/03/26
10210,15737732,Savings,125.06,2,2026/05/22
10211,15691906,Loan,83798.42,2,2026/07/22
10212,15668347,Investment,288.59,2,2026/08/01
10213,15681126,Credit Card,298.82,1,2026/04/16
10214,15578238,Credit Card,562.86,2,2026/04/10
10215,15735330,Credit Card,48.85,1,2025/11/05
10216,15749300,Investment,196733.67,1,2025/10/26
10217,15785326,Checking,78078.88,2,2025/11/16
10218,15761053,CREDIT CARD,206112.9,1,2026/01/15
10219,15669899,Loan,,1,2026/06/26
10220,15732430,Investment,131077.02,1,2025/10/30
10221,15611338,Savings,170.91,2,2025/11/28
10222,15757577,Credit Card,245.78,2,2026/03/09
10223,15768120,Credit Card,,2,2026/04/02
10224,15782531,Loan,1168.98,2,2026/08/05
10225,15679991,Investment,487.69,2,2026/02/23
10226,15599591,Savings,38335.2,2,2025/11/14
10227,15684011,Loan,120925.05,1,2026/01/05
10228,15599552,Credit Card,1352.35,2,2026/05/08
10229,15654025,Credit Card,105223.33,1,2025/12/19
10230,15660878,Loan,70981.95,4,2026/01/16
10231,15584338,Loan,720.17,2,2025/10/22
10232,15606229,Savings,483.14,2,2026/02/18
10233,15598331,investment,64614.75,1,2026/07/28
10234,15793424,Credit Card,18942.81,2,2026/08/24
10235,15634491,Credit Card,54914.87,2,2025/10/10
10236,15790442,INVESTMENT,457.77,2,2026/04/25
10237,15789425,,59786.26,2,2026/09/01
10238,15758726,Savings,5.15,2,2026/05/12
10239,15781534,Loan,143328.89,1,2026/01/06
10240,15641773,Loan,103830.89,2,2026/01/14
10241,15633461,Savings,103687.21,1,2026/02/25
10242,15731148,Investment,107255.52,1,2026/02/01
10243,15635197,Loan,68032.41,1,2026/08/21
10244,15679611,Checking,38470510.67,1,2026/04/18
10245,15603454,Checking,75857.46,2,2026/02/19
10246,15569432,Loan,270.0,2,2026/04/21
10247,15579548,Credit Card,1037.96,2,2026/08/27
10248,15787071,Credit Card,721.31,2,2026/01/13
10249,15788367,Loan,59574.76,1,2026/06/20
10250,15791944,Loan,64688.35,3,2026/01/21
10251,15781210,Savings,243.6,2,2026/07/04
10252,15655590,Credit Card,18187.78,2,2025/09/21
10253,15574119,Investment,53749.54,1,2025/11/13
10254,15699225,Credit Card,1090.4,2,2025/11/17
10255,15789371,Checking,47805.66,2,2026/05/28
10256,15727059,Savings,171.4,2,2026/01/28
10257,15801247,Investment,65009.6,2,2025/09/16
10258,15649853,Loan,716.63,1,2025/12/25
10259,15574858,Savings,241.52,2,2026/03/11
10260,15676707,Investment,149.02,2,2026/06/18
10261,15567422,Credit Card,430.68,2,2026/03/07
10262,15776827,Checking,74521.93,2,2026/09/03
10263,15676937,Loan,354.3,2,2026/01/30
10264,15667002,Checking,819.15,2,2026/02/07
10265,15709511,Credit Card,339.64,2,2025/11/23
10266,15690021,Loan,125188.65,3,2026/06/20
10267,15809320,Checking,539.62,1,2026/07/24
10268,15630580,Investment,65599.17,2,2026/02/06
10269,15771483,Credit Card,815.32,2,2026/05/04
10270,15786035,Credit Card,156.85,2,2026/09/03
10271,15806184,Credit Card,1208.49,2,2026/04/16
10272,15793046,Checking,129411.84,1,2026/08/13
10273,15607884,,761.17,2,2026/01/31
10274,15792329,Investment,36580.94,2,2025/11/21
10275,15736154,Credit Card,433.51,2,2026/08/24
10276,15785373,Savings,121507.67,1,2025/11/07
10277,15604544,Checking,95321.65,2,2025/11/17
10278,15644280,Checking,162096.24,1,2026/07/11
10279,15657439,Checking,332.88,2,2026/01/30
10280,15595440,Checking,68655.74,2,2026/03/18
10281,15769955,Checking,413.79,2,2026/01/12
10282,15588580,Investment,37911.58,1,2026/07/26
10283,15721189,Loan,238.77,2,2025/12/28
10284,15803689,Credit Card,25871.1,2,2025/09/17
10285,15704144,Loan,65375.46,2,2025/12/20
10286,15764253,Savings,154152.11,1,2026/06/28
10287,15687310,Investment,280.67,2,2026/02/05
10288,15785798,Checking ,70.02,2,2025/11/17
10289,15645904,Savings,770.35,2,2026/06/29
10290,15737265,Savings,106194.29,1,2025/09/09
10291,15700353,Investment,259.72,2,2026/01/13
10292,15710138,Loan,1145.1,2,2026/03/08
10293,15596303,Checking,706.8,2,2026/05/21
10294,15773276,investment,174765.39,1,2026/05/25
10295,15780746,Credit Card,1204.6,2,2026/03/29
10296,15581654,Savings,984.49,2,2026/05/05
10297,15694209,Savings,103.84,2,2026/07/16
10298,15603674,Investment,922.92,2,2025/11/29
10299,15787835,Loan,57321.54,2,2026/02/26
10300,15707962,Credit Card,66133.37,2,2026/07/29
10301,15576360,Loan,19026246.12,1,2025/11/21
10302,15758510,Loan,-4532.66,2,2026/06/30
10303,15665283,Savings,17275.16,4,2026/05/17
10304,15748947,Checking,79312.09,1,2026/02/10
10305,15720713,Savings,503.59,2,2026/05/28
10306,15797293,Checking,976.83,2,2026/03/13
10307,15736254,Checking,88810.13,1,2026/03/15
10308,15766659,Checking,576.03,2,2026/05/09
10309,15785865,Loan,60453.79,2,2026/07/31
10310,15714567,Investment,482.81,2,2025/11/28
10311,15589019,Credit Card,97590.44,1,2026/05/29
10312,15705860,Investment,120860.53,1,2026/05/07
10313,15618155,Savings,-4258.91,1,2025/12/01
10314,15627637,Loan,39447.68,2,2026/05/08
10315,15789097,Checking,927.71,2,2026/03/16
10316,15728605,Savings,774.75,2,2025/09/10
10317,15569423,Checking,502.45,2,2026/08/11
10318,15719508,Checking,39542.52,4,2025/10/06
10319,15587913,Investment,1632.93,2,2026/02/25
10320,15597610,Loan,216587.17,1,2025/12/27
10321,15753847,Checking,664.53,1,2026/02/08
10322,15811314,Credit Card,43132.58,2,2025/12/17
10323,15734565,Investment,320.94,2,2025/12/26
10324,15776467,Checking,8318.02,2,2025/11/18
10325,15577514,Checking,84187.73,1,2026/01/23
10326,15642515,Checking,636.84,2,2026/07/11
10327,15785980,Investment,41245.41,2,2025/11/03
10328,15632521,Savings,111498.35,2,2026/08/01
10329,15639357,Loan,18831.97,3,2025/12/12
10330,15573452,Loan,102006.19,1,2026/03/04
10331,15762228,Investment,45830.13,2,2026/05/16
10332,15631159,Loan,53889.22,4,2026/04/26
10333,15641582,Checking,60982.14,2,2026/06/21
10334,15635141,Credit Card ,40212.01,2,2026/07/26
10335,15673570,Investment,616.36,2,2025/09/09
10336,15641860,Investment,46132.71,2,2026/05/29
10337,15636756,Credit Card,396.64,2,2025/12/28
10338,15621834,Credit Card,1387.53,2,2025/12/15
10339,15712608,Credit Card,32245.86,2,2026/03/08
10340,15751158,Savings,25178.18,3,2026/08/09
10341,15678206,Checking ,217506.53,1,2025/09/19
10342,15635942,Investment,1169.21,2,2026/03/26
10343,15787151,Savings,501.5,2,2026/07/20
10344,15641413,Investment,71479.31,2,2025/10/23
10345,15751392,Investment,45.28,2,2026/02/18
10346,15759913,Investment,64975.53,2,2026/05/20
10347,15619087,Credit Card,112438.45,2,2025/10/07
10348,15659366,Investment,57154.23,2,2026/01/19
10349,15770811,Credit Card,193.24,2,2026/06/13
10350,15811985,Checking,366.16,2,2026/06/03
10351,15679200,Checking,27199.05,2,2026/06/05
10352,15792489,Investment,1077.15,1,2025/10/13
10353,15663478,Loan,113492.25,1,2025/10/01
10354,15586069,Credit Card,91164.47,1,2026/04/19
10355,15751710,Credit Card,26428.26,2,2026/06/20
10356,15636736,Loan,792.55,2,2026/05/28
10357,15641004,Loan,143880.68,1,2026/01/07
10358,15706005,Investment,177531.31,1,2026/01/06
10359,15775905,Savings,109706.72,1,2026/01/12
10360,15599268,,647.98,2,2025/12/05
10361,15793196,Credit Card,259.86,2,2026/08/22
10362,15698522,Loan,37524.71,2,2026/08/02
10363,15812594,Credit Card,45.45,2,2026/01/06
10364,15654106,Loan,74014.56,2,2025/12/28
10365,15697129,Savings ,379.33,2,2026/08/22
10366,15649129,Credit Card,381.97,2,2026/04/24
10367,15773591,Loan,48419.37,2,2025/12/02
10368,15652469,Checking,267.64,2,2025/09/23
10369,15594404,Loan,93622.43,2,2026/07/11
10370,15724428,Loan,184.87,2,2026/01/17
10371,15605968,Savings,76956.7,1,2026/06/12
10372,15693737,,51605.35,2,2026/01/23
10373,15773469,Credit Card ,114675.59,2,2025/10/19
10374,15678173,Credit Card,121848.95,2,2025/12/09
10375,15710034,Credit Card,68271.24,2,2025/10/05
10376,15791321,Credit Card,146.23,1,2025/11/09
10377,15780954,Investment,7052.0,2,2026/05/28
10378,15711889,Investment,160416.62,1,2026/02/05
10379,15691792,Loan,270.61,1,2025/10/04
10380,15673584,Loan,1273.31,2,2025/12/18
10381,15634632,Checking,229.34,4,2025/12/28
10382,15706764,Credit Card,181.25,2,2026/01/05
10383,15719779,Investment,91866.06,2,2026/06/29
10384,15670374,Credit Card,43316.72,4,2026/06/27
10385,15697480,Credit Card,491.11,2,2026/05/05
10386,15721592,Loan,31.93,2,2026/04/28
10387,15769110,Loan,759.74,2,2025/10/23
10388,15727138,Investment,377.68,2,2026/06/04
10389,15738884,Credit Card,202262.15,1,2025/09/29
10390,15657386,Savings,68608.1,2,2026/02/13
10391,15659064,Checking,276.46,2,2026/07/24
10392,15813451,Checking,55122.97,2,2025/10/10
10393,15803804,Savings,-3323.28,1,2025/12/12
10394,15671804,Savings,63380.01,2,2026/05/05
10395,15812611,Investment,1131.58,2,2025/11/01
10396,15806808,Loan,50235.32,3,2026/04/17
10397,15639882,Checking,56673.21,2,2025/10/15
10398,15623744,Investment,116189.52,1,2026/05/04
10399,15682070,Credit Card,732.75,2,2025/12/13
10400,15597968,Investment,272.67,1,2025/10/24
10401,15772601,Checking,51283.16,2,2026/06/07
10402,15567431,Savings,155224.08,1,2026/07/01
10403,15689526,Savings,22995555.69,2,2025/12/22
10404,15812628,Investment,138567.66,1,2026/07/06
10405,15583849,Investment,671.37,2,2026/05/10
10406,15761554,Loan,97359.64,1,2026/02/03
10407,15641860,Savings,62100.81,2,2026/06/21
10408,15668943,Investment,527.96,2,2025/09/07
10409,15771942,Credit Card,182098.28,1,2026/06/27
10410,15755242,Checking,56.89,1,2026/04/11
10411,15808017,Credit Card,22461.71,2,2025/10/30
10412,15682048,Credit Card,115321.76,1,2026/04/17
10413,15701602,Loan,46835.61,3,2026/07/29
10414,15704681,Loan,42253.51,2,2025/12/11
10415,15784323,Savings,979.1,2,2026/07/01
10416,15646372,Investment,178229.17,1,2026/07/25
10417,15803457,Loan,720.2,2,2026/07/14
10418,15761950,Investment,177618.46,1,2026/04/24
10419,15667215,Checking,548.23,2,2025/09/03
10420,15602844,Savings,157663.56,1,2026/01/09
10421,15679663,Credit Card,322.43,2,2026/03/30
10422,15740345,Checking,24303.4,1,2026/07/07
10423,15658670,Loan,585.26,2,2026/01/19
10424,15623220,Savings,292.43,2,2026/05/13
10425,15716431,Loan,147077.99,2,2026/07/23
10426,15631481,Investment,42083.09,2,2025/12/02
10427,15811613,Checking,332.93,1,2026/02/18
10428,15600692,Credit Card,503.48,2,2026/05/20
10429,15662578,Savings,110950.47,1,2026/05/08
10430,15804142,Checking,57726.85,2,2026/05/24
10431,15696373,Loan,15.71,2,2026/01/26
10432,15806983,Savings,143639.7,1,2026/07/30
10433,15709474,Loan,43907.37,2,2026/02/03
10434,15805151,Investment,48005.39,2,2026/01/16
10435,15809087,Credit Card,113.18,2,2026/06/02
10436,15642063,Investment,227260.71,1,2026/01/08
10437,15782144,Investment,1082.7,2,2026/02/24
10438,15747222,Investment,504.64,4,2026/01/21
10439,15698246,Savings,617.31,2,2026/08/16
10440,15715519,Savings,231.53,2,2026/06/17
10441,15660980,Investment,90309.15,2,2026/05/18
10442,15806134,Credit Card,86480.26,2,2026/02/08
10443,15645543,Investment,,2,2026/07/20
10444,15666652,Checking,166.65,2,2026/04/16
10445,15668775,Credit Card,139971.85,1,2025/10/30
10446,15702806,Investment,564.69,1,2025/12/05
10447,15730868,Loan,646.61,2,2026/05/10
10448,15815626,Investment,36385.61,2,2025/09/06
10449,15703205,Checking,38214.75,2,2026/02/13
10450,15711251,Savings,121696.89,1,2026/05/21
10451,15671800,Checking,66446.4,2,2026/05/01
10452,15616270,,90152.31,1,2026/05/14
10453,15799435,Investment,177.82,1,2025/11/25
10454,15700083,Savings,60437.1,1,2025/12/03
10455,15727619,Savings,16167.12,3,2025/10/06
10456,15717706,,42856.95,2,2026/04/12
10457,15619238,Investment,90.76,2,2026/08/13
10458,15695148,Savings,323.34,2,2026/02/05
10459,15623828,Loan,1194.77,1,2025/10/21
10460,15598175,Checking,29477.38,2,2026/04/17
10461,15763895,Loan,47116.9,2,2026/02/25
10462,15613749,Savings,164753.27,1,2026/07/26
10463,15634606,Loan,594.85,2,2026/08/20
10464,15642937,Loan,148.62,2,2026/06/05
10465,15583480,Loan,712.05,2,2025/12/05
10466,15665374,Investment,722.81,2,2025/12/11
10467,15632069,Savings,86271.88,2,2025/10/28
10468,15721658,Investment,92257.45,2,2025/12/30
10469,15747208,Credit Card,623.15,1,2025/12/21
10470,15589475,Credit Card,498.87,3,2026/02/07
10471,15741643,Checking,109911.48,1,2026/05/17
10472,15696552,Investment,46231.3,2,2026/02/06
10473,15799384,savings,706.95,1,2026/02/13
10474,15681705,Loan,1110.51,2,2026/06/01
10475,15712176,Investment,313.72,2,2026/05/02
10476,15593241,Credit Card,540.41,2,2025/10/25
10477,15713983,Savings,49033.31,2,2026/08/19
10478,15746183,Savings,218.52,2,2026/02/03
10479,15772781,Checking,200.13,3,2026/07/12
10480,15769125,Credit Card,409.55,2,2025/12/19
10481,15704160,Investment,601.15,1,2026/06/22
10482,15718216,Savings,60.85,1,2026/08/13
10483,15599329,Savings,58580.64,4,2025/11/21
10484,15689061,Savings,55725.4,2,2026/02/15
10485,15576990,Savings,151103.99,1,2025/11/22
10486,15661219,Savings,267.65,2,2025/12/10
10487,15679966,Investment,94810.32,2,2026/03/24
10488,15615477,Investment,200.67,2,2025/11/29
10489,15583371,Savings,121915.8,3,2025/11/22
10490,15619280,Loan,974.45,2,2026/07/12
10491,15684147,Loan,89345.28,1,2026/08/08
10492,15801277,Loan,66606.57,2,2025/11/22
10493,15584453,Credit Card,312.69,2,2026/02/16
10494,15787830,Credit Card,,3,2026/05/25
10495,15566378,Investment,119480.95,1,2026/05/03
10496,15708063,Checking,19712.76,3,2026/08/03
10497,15570769,Investment ,65857.49,1,2026/07/04
10498,15638068,INVESTMENT,135.29,2,2026/04/04
10499,15762803,Savings ,881.05,2,2026/01/18
10500,15729019,Checking,143431.25,1,2025/12/29
10501,15626042,Loan,792.12,2,2026/01/15
10502,15682639,Checking,150.47,2,2026/05/02
10503,15624592,Savings,681.22,2,2026/02/05
10504,15654851,,88460.2,1,2026/03/11
10505,15710424,Loan,586.92,1,2025/11/16
10506,15709232,Credit Card,76501.61,2,2026/02/06
10507,15634974,Investment,17347.73,4,2026/02/20
10508,15773503,Checking,37414418.11,3,2026/03/03
10509,15678210,Loan,49649.62,2,2026/02/11
10510,15758531,Credit Card,470.1,2,2026/04/21
10511,15594515,Investment,1226.58,2,2026/02/07
10512,15711316,Savings,845.33,2,2026/04/08
10513,15660147,Loan,46918.84,1,2026/06/18
10514,15702293,Credit Card,575.51,2,2026/03/23
10515,15704651,Savings,695.92,2,2026/04/04
10516,15766683,Investment,120092.19,1,2025/09/05
10517,15779497,Investment,164693.11,1,2026/03/28
10518,15800049,Credit Card,861.06,1,2025/10/01
10519,15638806,Loan,758.41,2,2026/03/31
10520,15735222,Credit Card,769.39,2,2026/03/03
10521,15702293,Checking,1177.38,2,2026/07/30
10522,15767474,Savings,651.73,3,2025/11/13
10523,15625740,Credit Card,62672.84,2,2026/04/24
10524,15663650,Checking,39729.13,3,2026/01/21
10525,15809178,Investment,129671.51,1,2025/09/12
10526,15689176,Investment,132.08,2,2026/08/29
10527,15691457,Loan,1000.1,3,2025/12/15
10528,15626985,Credit Card,95781.76,1,2025/12/18
10529,15780142,Investment,67206.23,1,2026/08/07
10530,15770375,Savings,93100.41,1,2026/01/12
10531,15694453,Investment,-744.45,3,2026/01/31
10532,15646351,Credit Card,118.54,2,2026/03/13
10533,15694450,Credit Card,-212.8,1,2025/09/15
10534,15658946,Investment,22408.17,2,2026/02/14
10535,15647725,Credit Card,12383.55,3,2026/04/09
10536,15648489,Loan,274948.32,3,2026/03/17
10537,15766137,Investment,827.54,2,2026/02/16
10538,15815125,Loan,48258.26,2,2026/06/15
10539,15715142,Loan,105569.33,1,2026/06/16
10540,15764537,Credit Card,202.02,2,2025/12/14
10541,15644882,Loan,105568.44,1,2025/12/22
10542,15628558,Checking,82542.39,1,2026/07/16
10543,15720134,Credit Card,64841.14,2,2026/05/18
10544,15613172,Savings,47777.38,2,2026/04/16
10545,15605339,Savings,37.93,2,2026/01/21
10546,15768476,Savings,538.12,2,2025/10/27
10547,15587611,Credit Card,314.95,2,2025/10/11
10548,15610936,Checking,,2,2026/01/05
10549,15799626,Credit Card,197620.28,1,2025/11/24
10550,15769051,Loan,28182700.87,1,2026/02/16
10551,15589698,Savings,59979.08,1,2026/05/06
10552,15679663,Investment,515.36,2,2026/07/03
10553,15801630,Checking,117.28,1,2026/05/01
10554,15600103,loan,157019.58,1,2025/09/26
10555,15701765,,825.6,2,2026/08/06
10556,15788189,Savings,105139.48,1,2026/03/21
10557,15802071,Credit Card,75063.77,1,2026/08/21
10558,15752984,Investment,-3004.37,2,2026/08/30
10559,15632439,Investment,406.48,2,2026/05/10
10560,15740630,Investment,416.5,4,2026/01/08
10561,15587240,Loan,145.48,2,2026/01/24
10562,15799924,Investment,141217.83,1,2026/07/10
10563,15771000,Credit Card,76.55,3,2026/06/30
10564,15665695,Savings,887.45,2,2026/03/14
10565,15750264,Loan,32621.82,2,2025/10/03
10566,15713845,Checking,,2,2025/10/24
10567,15673223,Savings,13.14,2,2025/10/01
10568,15745826,Credit Card,112.38,2,2026/07/27
10569,15776124,,99.04,1,2026/02/25
10570,15751788,Loan,116333.45,1,2026/01/22
10571,15719809,Checking,108139.93,2,2026/06/05
10572,15607827,Credit Card,64680.78,2,2026/03/11
10573,15603851,Savings,23755.12,4,2026/04/15
10574,15775433,Checking,45076.84,2,2026/01/26
10575,15597945,Checking,503.7,2,2025/10/29
10576,15693088,Investment,36.72,2,2026/05/02
10577,15797389,Savings,123182.92,1,2025/11/10
10578,15723008,,49130.07,2,2025/10/10
10579,15665524,Credit Card,80380.94,1,2026/02/16
10580,15691823,Checking,152407.24,1,2026/04/02
10581,15811958,Credit Card,41918.67,2,2025/11/19
10582,15776558,Loan,109246.85,1,2025/11/19
10583,15717736,Savings,42722.13,2,2026/07/01
10584,15811978,Checking,76818.76,1,2026/02/03
10585,15691950,Savings,1003.44,2,2026/06/23
10586,15682773,Investment,59259.21,2,2025/12/14
10587,15747358,Loan,180313.45,1,2026/06/17
10588,15685300,Credit Card,75741.7,1,2025/10/18
10589,15776096,Loan,170143.07,1,2026/04/15
10590,15797149,Credit Card,48172.73,2,2026/01/06
10591,15795129,Loan,527.62,2,2026/02/17
10592,15684173,Investment,1052.75,3,2026/06/23
10593,15755223,Credit Card,106540.71,2,2026/06/09
10594,15593976,Savings,33424.16,4,2026/08/07
10595,15570134,Credit Card,95280.3,1,2026/01/14
10596,15771323,Credit Card,96886.45,1,2026/06/15
10597,15683521,Loan,93501.08,2,2026/06/01
10598,15657637,Savings,492.38,3,2026/01/30
10599,15807107,Investment,44213051.14,1,2026/08/22
10600,15596575,Loan,61355.14,2,2025/09/14
10601,15709523,,137029.12,2,2025/11/13
10602,15621063,savings,48929.43,1,2025/10/07
10603,15606177,Loan,1404.76,3,2026/08/27
10604,15669922,Credit Card,327.31,2,2026/09/02
10605,15734999,Credit Card,11238808.99,1,2026/02/10
10606,15681068,Credit Card,151264.87,1,2026/03/06
10607,15655192,Credit Card,470.43,3,2026/04/19
10608,15774133,Savings,146449.17,1,2025/12/21
10609,15692631,Loan,78100.04,1,2025/12/06
10610,15578761,Credit Card,64380.73,2,2026/02/14
10611,15681509,Credit Card,244.6,2,2026/04/30
10612,15567506,,60534.02,2,2025/12/28
10613,15775082,Loan,69657.78,2,2026/04/26
10614,15651955,Investment,566.42,2,2026/03/07
10615,15761606,Credit Card,134632.57,1,2026/02/20
10616,15645571,Credit Card,-2890.26,2,2025/12/13
10617,15611058,Savings,73326.52,2,2026/08/15
10618,15791030,Savings,41100.85,2,2026/08/29
10619,15579969,Checking,42250877.61,2,2026/01/13
10620,15719265,CHECKING,560.62,2,2026/01/11
10621,15761453,Credit Card,197.89,1,2026/07/09
10622,15685150,Checking,56192.35,2,2025/09/14
10623,15627328,Investment,679.38,2,2025/11/13
10624,15592300,Checking,-1705.59,1,2025/11/03
10625,15719991,Investment,174193.21,1,2026/07/28
10626,15592751,Investment,49118.64,1,2026/04/01
10627,15771054,,838.06,2,2026/04/09
10628,15605293,Loan,367.66,2,2026/03/24
10629,15813439,,124096.58,1,2026/05/10
10630,15782159,Savings,-4117.27,2,2025/09/27
10631,15641416,Checking,72103.09,2,2026/05/31
10632,15757646,Credit Card,483.6,2,2025/10/03
10633,15801296,,77853.56,2,2026/05/23
10634,15640059,Checking,681.08,2,2026/03/13
10635,15684934,Savings,527.78,2,2025/09/11
10636,15747821,Loan,157834.99,1,2026/06/19
10637,15662243,Loan,156481.36,1,2026/04/14
10638,15660980,LOAN,65628.26,2,2025/09/19
10639,15782159,Investment,39188.24,2,2026/05/19
10640,15726032,Investment,,1,2026/02/17
10641,15708139,Investment,45181.67,1,2026/06/05
10642,15760825,Loan,26.57,2,2026/05/12
10643,15659002,Investment,778.97,2,2026/01/25
10644,15589449,Savings,482.88,3,2026/06/24
10645,15779481,Investment,70439.54,2,2026/02/20
10646,15680278,Savings,,1,2026/07/24
10647,15781307,Credit Card,25882.81,2,2025/10/07
10648,15706185,Savings,81543.86,2,2025/10/11
10649,15764293,Savings,1398.08,2,2026/06/19
10650,15756301,Investment,112107.39,1,2025/10/20
10651,15815628,Investment,177450.75,1,2026/06/15
10652,15757617,Checking,134384.08,2,2025/10/30
10653,15708534,Credit Card,38.69,1,2026/06/02
10654,15600912,Credit Card,57062.24,2,2025/11/23
10655,15702715,Checking,1416.09,2,2026/05/23
10656,15765093,Loan,170534.9,1,2025/10/17
10657,15778515,,154282.31,1,2026/06/23
10658,15719931,Credit Card,545.79,2,2026/04/30
10659,15576928,Checking,217.72,1,2026/07/12
10660,15581295,Checking,774.49,1,2026/08/01
10661,15651264,Loan,136595.31,1,2025/12/09
10662,15621550,Savings,66321.38,3,2025/10/10
10663,15644200,Credit Card,866.84,1,2026/08/19
10664,15677288,,98956.82,1,2026/04/11
10665,15775546,,821.57,2,2026/01/22
10666,15645572,Checking ,283.38,1,2026/04/29
10667,15753566,Loan,48049.49,1,2026/04/22
10668,15633574,Savings,190543.4,1,2025/11/19
10669,15777054,Checking,88507.39,1,2026/08/02
10670,15599152,,197623.9,1,2026/02/19
10671,15666633,Checking,32.25,2,2025/10/10
10672,15746461,Credit Card,903.6,2,2025/12/05
10673,15576313,Credit Card,84566.65,1,2026/07/31
10674,15621195,Checking,42782.99,2,2026/06/24
10675,15720110,Checking,56469.53,1,2026/02/23
10676,15694518,Loan,1211.97,2,2026/04/23
10677,15644994,Savings,87001.4,2,2026/05/31
10678,15619608,Credit Card,95959.18,1,2026/08/23
10679,15588350,Loan,181474.34,1,2026/04/12
10680,15573456,Investment,63311.35,2,2025/09/13
10681,15680736,Savings,64694.74,2,2026/03/27
10682,15798666,Loan,105.47,2,2026/06/24
10683,15688193,Savings,74284.12,1,2026/01/31
10684,15636999,Savings,371.52,1,2025/09/06
10685,15761775,credit card,64549.44,2,2026/07/19
10686,15782311,Checking,552.01,2,2026/03/21
10687,15631756,Investment,78718.57,2,2025/09/12
10688,15731744,Loan,3.61,2,2025/09/07
10689,15782475,Loan,542.01,2,2025/12/27
10690,15605130,Checking,,1,2026/02/15
10691,15717225,Checking,63963.03,2,2026/04/09
10692,15638272,Credit Card,94071.96,1,2025/11/19
10693,15789339,Checking,115291.03,1,2026/01/13
10694,15677796,Checking,,1,2025/12/26
10695,15787014,Credit Card,64664.24,1,2026/06/29
10696,15656351,Investment,339.52,2,2026/08/14
10697,15586870,Checking,218256.81,1,2026/02/17
10698,15578186,Loan,79106.46,2,2026/06/02
10699,15673820,Savings,18.24,2,2026/04/25
10700,15629299,Checking,69226.87,1,2026/08/03
10701,15808849,Checking,113619.07,1,2026/08/09
10702,15697480,Checking,1035.5,2,2025/12/14
10703,15688760,Savings,88350.26,1,2026/06/24
10704,15801942,Checking,9.29,3,2026/03/03
10705,15646615,Savings,89450.2,2,2026/06/25
10706,15581332,Checking,42731.91,2,2025/11/20
10707,15774316,Credit Card,765.37,2,2025/12/08
10708,15724423,Loan,27524.12,2,2025/11/17
10709,15723717,Credit Card,116698.48,1,2025/12/17
10710,15790282,Checking,42547.71,2,2026/02/07
10711,15652266,Loan,38124.95,1,2025/12/04
10712,15815095,Checking ,66909.1,2,2025/10/24
10713,15795458,Credit Card,166.23,1,2025/09/16
10714,15653773,Credit Card,155484.32,1,2026/06/03
10715,15811762,Investment,191368.17,1,2026/07/08
10716,15737705,Credit Card,156618.34,1,2025/09/23
10717,15631481,Credit Card,23509.29,2,2025/11/07
10718,15588854,Loan,121770.99,1,2026/06/06
10719,15707567,Savings,187891.85,1,2026/02/28
10720,15614740,Savings,79078.71,2,2025/10/08
10721,15629519,Investment,112.79,2,2026/02/17
10722,15620735,Credit Card,59638.2,2,2026/02/11
10723,15595160,Savings,837.83,2,2025/12/29
10724,15681550,Credit Card,107682.93,1,2026/08/05
10725,15633274,Savings,172279.13,1,2025/12/18
10726,15743570,Checking,507.29,2,2025/12/15
10727,15764491,Savings,109966.25,2,2026/02/05
10728,15758546,Savings,444.49,2,2025/11/25
10729,15641595,Loan,53510.11,2,2026/04/08
10730,15731569,Investment,335.25,2,2026/01/19
10731,15668889,Savings,25831.78,4,2025/12/31
10732,15682860,Credit Card,360.25,2,2025/12/23
10733,15598088,Checking,174.54,2,2026/03/03
10734,15738166,Loan,98822.74,1,2025/09/16
10735,15674671,Checking,67590.38,2,2025/11/12
10736,15613787,Investment,145344.07,1,2026/04/16
10737,15750299,Loan,113101.44,1,2025/11/05
10738,15573171,Checking,83679.92,1,2026/03/14
10739,15594404,Savings,100615.21,2,2025/09/16
10740,15602812,,55629.84,2,2026/04/18
10741,15797910,Investment,130832.91,1,2025/12/18
10742,15781989,Investment,137245.23,1,2026/03/16
10743,15608381,loan,102424.84,1,2025/09/28
10744,15800688,Checking,967.58,2,2026/04/19
10745,15680224,Investment,281.11,2,2026/04/15
10746,15738219,Loan,486.36,2,2026/03/26
10747,15598510,Credit Card,70491.49,2,2025/12/13
10748,15584113,Loan,123920.74,1,2025/12/17
10749,15649457,Savings,47580.71,2,2026/03/16
10750,15747542,Investment,520.51,2,2026/07/02
10751,15735522,Checking,93165.8,2,2025/11/05
10752,15751549,Investment,35040.91,2,2025/10/20
10753,15726776,Checking,118791.93,1,2025/12/01
10754,15667871,Checking,216748.16,1,2026/05/20
10755,15659567,Checking,81190.95,2,2026/06/26
10756,15742534,Loan,56297.36,2,2026/05/25
10757,15729804,Loan,907.56,2,2025/11/04
10758,15690153,Credit Card,68102.9,2,2025/11/25
10759,15653037,Loan,153.3,1,2025/12/19
10760,15750476,Credit Card,605.64,2,2025/11/03
10761,15699284,Investment,183982.53,1,2026/05/11
10762,15689152,Investment,150220.88,1,2026/07/09
10763,15814236,Credit Card,97996.18,1,2026/03/05
10764,15611973,Investment,152.46,2,2026/02/12
10765,15783305,Checking,93595.59,1,2026/04/03
10766,15773605,Loan,218.51,2,2025/12/09
10767,15572461,Loan,26050.27,2,2025/12/19
10768,15809901,Loan,165.57,2,2025/10/19
10769,15711398,Loan,351.54,2,2026/05/20
10770,15677136,Loan,-4957.96,2,2026/03/06
10771,15747757,Investment,80283.35,1,2026/05/05
10772,15590637,Loan,811.05,2,2026/01/11
10773,15814268,Credit Card,82977.53,1,2026/05/21
10774,15584156,Checking,616.88,3,2025/10/30
10775,15787258,Investment,-2760.15,2,2026/04/24
10776,15752508,Savings,63573.26,2,2025/09/11
10777,15789865,Investment,,1,2025/09/06
10778,15593778,Credit Card,13339.01,3,2026/03/16
10779,15571529,Loan,172295.16,1,2026/04/06
10780,15803801,Investment,604.53,2,2026/03/26
10781,15721937,Savings,164626.09,1,2025/10/24
10782,15815615,Loan,187050.8,1,2026/03/03
10783,15694160,Savings,4.03,1,2026/03/06
10784,15810075,Checking ,54548.03,2,2026/02/08
10785,15763218,Credit Card,347.39,2,2025/10/06
10786,15726178,Investment,69.01,2,2026/04/13
10787,15671609,Credit Card,319.82,2,2026/08/02
10788,15658813,Investment,751.48,2,2026/02/03
10789,15814536,Savings,,2,2025/12/29
10790,15715745,Credit Card,106164.54,1,2026/08/28
10791,15605672,Checking,64814.75,1,2025/10/16
10792,15761141,Investment,,2,2026/08/02
10793,15692430,Credit Card,57005.04,2,2026/07/29
10794,15751175,Credit Card,173.38,2,2026/03/21
10795,15575935,,94653.15,2,2026/05/02
10796,15641389,Loan,35507.83,2,2025/09/11
10797,15697100,Credit Card,151666.09,1,2026/01/21
10798,15576065,Checking,224438.87,1,2026/07/31
10799,15705301,Credit Card,72226.1,2,2026/02/15
10800,15716082,Savings,276272.9,1,2025/09/26
10801,15656005,Checking,119487.5,1,2025/11/14
10802,15640507,Loan,18737.75,3,2026/01/08
10803,15662483,Checking,,4,2025/12/02
10804,15779267,Loan,631.8,2,2026/06/19
10805,15749964,Credit Card,40150.34,2,2025/09/07
10806,15727197,Loan,108250.5,2,2025/11/07
10807,15745804,Loan,1009.62,2,2026/05/26
10808,15796334,Investment,50892.03,1,2025/11/21
10809,15622518,Credit Card,41739.18,1,2025/11/13
10810,15799631,LOAN,303.72,2,2026/08/24
10811,15569452,Loan,52808.88,2,2026/05/01
10812,15670029,Loan,211.66,2,2025/09/22
10813,15753969,Checking,76082.89,1,2025/10/04
10814,15643378,Credit Card,139296.98,1,2026/07/05
10815,15693902,Checking,163.9,2,2025/12/19
10816,15645904,Checking,565.21,2,2026/08/07
10817,15643426,Investment,,1,2026/01/31
10818,15690678,Credit Card,136379.19,1,2026/03/12
10819,15637131,Savings,614.64,2,2026/07/16
10820,15706637,Investment,801.21,2,2026/04/03
10821,15566030,Credit Card,106025.24,1,2025/11/22
10822,15679810,Investment,388.19,2,2026/04/05
10823,15579994,Loan,,1,2025/11/30
10824,15714642,Credit Card,274.1,2,2025/12/01
10825,15620577,Savings,324.43,2,2026/05/26
10826,15583849,Checking,522.86,2,2025/11/19
10827,15572390,Checking,492.65,2,2026/08/11
10828,15621818,Checking,49276.41,1,2025/12/04
10829,15679531,Investment,135425.23,1,2026/03/08
10830,15575694,Checking,41605.26,2,2025/10/29
10831,15703707,Savings,265677.19,1,2025/11/25
10832,15800482,Investment,356.25,2,2025/09/18
10833,15746012,Investment,91.24,2,2026/05/15
10834,15581700,Loan,80086.63,1,2025/12/16
10835,15622993,Savings,-2448.08,2,2026/02/06
10836,15627848,Checking,43591.6,2,2026/03/28
10837,15768455,Credit Card,26.87,2,2026/07/20
10838,15813113,Checking,497.01,1,2026/03/13
10839,15794661,Checking,669.49,2,2026/01/16
10840,15775678,Credit Card,140.23,1,2026/07/18
10841,15657637,Credit Card,154.87,3,2026/02/14
10842,15773071,Credit Card,132628.54,1,2025/09/17
10843,15739576,Credit Card,715.84,2,2025/09/16
10844,15699839,Checking,90748.8,1,2026/02/19
10845,15745621,Checking,51628.0,2,2025/09/17
10846,15714658,Investment,1085.25,2,2026/05/01
10847,15649668,Investment,93104.37,2,2025/09/20
10848,15630910,Loan,107940.22,1,2025/11/15
10849,15793883,Savings,203.9,2,2026/03/30
10850,15566251,Checking,160946.2,3,2025/09/26
10851,15745455,,35116.41,2,2026/06/06
10852,15634974,,18617.62,4,2026/03/15
10853,15684592,Loan,53.95,2,2026/07/06
10854,15809143,Checking,127862.15,1,2026/05/29
10855,15665760,Savings,181.02,2,2025/11/28
10856,15775108,Loan,33354.84,2,2025/11/22
10857,15756992,Credit Card,873.84,2,2025/10/24
10858,15623450,Savings,120752.32,1,2025/09/10
10859,15790564,Credit Card,41766.16,2,2026/02/28
10860,15679801,Loan,54120.01,2,2025/12/26
10861,15733883,Savings,1238.2,2,2025/10/20
10862,15576602,Checking,16357759.04,2,2026/04/05
10863,15680706,Savings,102420.87,1,2025/10/06
10864,15712287,Loan,529.79,2,2025/10/30
10865,15678886,Investment,65068.9,2,2026/05/04
10866,15652069,Investment,550.23,2,2026/04/28
10867,15600781,Checking,124246.5,2,2026/04/03
10868,15591344,Loan,693.15,2,2026/06/04
10869,15713505,Loan,169.22,2,2026/04/16
10870,15806922,investment,120422.38,1,2025/11/10
10871,15672145,Checking,75150.67,2,2026/07/08
10872,15770420,Credit Card,43829.41,2,2026/07/26
10873,15631189,Savings,101105.95,1,2025/09/03
10874,15808189,Savings,223.21,2,2026/02/09
10875,15597885,Credit Card,1347.54,2,2026/05/04
10876,15723858,Checking,548.37,2,2026/05/01
10877,15578307,Checking,79450.79,2,2026/01/12
10878,15636089,Savings,153653.46,1,2025/11/07
10879,15713370,Investment,123063.45,2,2026/02/15
10880,15649101,Credit Card,181763.52,1,2026/08/05
10881,15680901,Checking,44937.7,2,2026/06/06
10882,15729435,Checking,249.91,2,2026/03/09
10883,15583480,Checking,436.35,2,2026/07/14
10884,15704442,Investment,32859.49,4,2026/08/11
10885,15599211,Savings,865.23,2,2025/10/22
10886,15585133,Checking,37.33,2,2026/05/05
10887,15614220,Savings,295.77,2,2026/05/13
10888,15796351,Loan,80276.95,2,2026/06/22
10889,15779176,Savings,49118.36,3,2025/12/12
10890,15801188,Investment,79496.5,1,2025/11/06
10891,15663964,Investment,706.86,2,2025/12/24
10892,15606601,Investment,49503.4,2,2026/05/24
10893,15803337,Credit Card,241821.81,1,2025/11/08
10894,15780362,Credit Card,60707.51,2,2025/11/15
10895,15629150,Investment,-135.07,2,2025/12/27
10896,15707696,Credit Card,432.64,2,2026/08/06
10897,15732967,Investment,58.93,2,2025/10/15
10898,15662488,Investment,360.03,2,2025/10/21
10899,15610755,Loan,82643.94,1,2026/03/28
10900,15794056,,771.12,3,2026/01/25
10901,15811589,Checking,1117.25,2,2026/07/14
10902,15757408,Savings,93617.19,3,2025/10/26
10903,15808189,Loan,1474.16,2,2026/01/08
10904,15669946,Checking,197106.01,1,2025/12/27
10905,15596914,Investment,45145.03,2,2026/01/09
10906,15815626,Credit Card,23187.28,2,2025/12/06
10907,15697574,Checking,547.44,3,2026/08/06
10908,15582892,Checking,22433.31,1,2026/02/04
10909,15758813,Checking,72526.76,2,2026/02/18
10910,15771087,Credit Card,50405.8,2,2026/09/01
10911,15709861,Loan,91102.31,2,2026/04/27
10912,15641585,Loan,94581.83,1,2026/08/11
10913,15786905,Credit Card,92100.19,2,2026/07/02
10914,15809837,Savings,54800.89,2,2026/05/27
10915,15674671,Investment,72099.45,2,2026/05/25
10916,15600882,Credit Card,178.33,2,2026/06/25
10917,15642041,Checking,33376.04,2,2026/01/17
10918,15728542,Loan,281.93,2,2025/11/09
10919,15591740,Credit Card,135.68,2,2026/02/17
10920,15637678,Savings,235.28,1,2026/04/07
10921,15752601,Loan,347.59,2,2026/03/13
10922,15710743,,280.24,1,2026/08/07
10923,15782993,Credit Card,99438.61,2,2025/11/16
10924,15813697,Loan,36773.04,2,2026/06/26
10925,15643158,Investment,601.21,1,2025/09/20
10926,15776047,Loan,495.45,2,2026/03/19
10927,15665802,Credit Card,943.73,2,2026/07/23
10928,15768887,CREDIT CARD,1043.41,2,2025/09/27
10929,15602735,Loan,36512.29,4,2025/12/13
10930,15742204,Checking,166021.83,1,2025/12/05
10931,15706036,Credit Card,73031.9,2,2025/09/10
10932,15682686,Credit Card,609.22,2,2025/11/15
10933,15684294,Loan,729.99,2,2026/07/24
10934,15723064,Savings,118134.59,2,2025/09/20
10935,15607230,Credit Card,56548.52,2,2026/01/02
10936,15641474,checking,156692.02,1,2025/11/24
10937,15589572,Loan,90974.2,1,2026/03/25
10938,15738605,Savings,-2343.81,1,2026/02/15
10939,15755825,Credit Card,812.24,2,2025/09/08
10940,15801548,Credit Card,74838.47,2,2026/06/22
10941,15679062,Investment,46016.99,2,2026/05/07
10942,15643658,Checking,59493.54,2,2026/05/08
10943,15752463,Loan,124378.9,1,2026/02/26
10944,15784218,Loan,113.72,2,2025/12/08
10945,15647725,Investment,18071.23,3,2026/07/21
10946,15790093,Checking,588.36,2,2026/06/25
10947,15790247,Loan,561.44,2,2026/03/29
10948,15575399,Investment,69547.02,2,2026/04/22
10949,15649487,Savings,39118.71,2,2025/12/21
10950,15639576,Credit Card,182549.31,1,2026/04/23
10951,15683524,Investment,120984.15,2,2026/07/18
10952,15797595,Loan,137394.82,1,2026/01/15
10953,15756535,Checking,89182.89,1,2026/06/09
10954,15702337,Credit Card,339.85,2,2026/04/16
10955,15593425,Checking,278783.17,1,2025/11/02
10956,15661380,loan,753.61,2,2026/01/24
10957,15605279,Credit Card,277.4,4,2026/08/04
10958,15720203,Investment,257.97,1,2026/05/24
10959,15625759,Loan,837.78,2,2026/02/22
10960,15667321,Credit Card,,2,2026/02/22
10961,15614740,INVESTMENT,94337.8,2,2025/12/07
10962,15576156,Savings,116.68,1,2026/01/11
10963,15661532,Loan,92564.66,2,2026/02/24
10964,15766575,Loan,74007.64,1,2026/05/10
10965,15655007,Savings,1018.66,2,2026/06/11
10966,15732610,Loan,268.12,2,2026/04/24
10967,15583725,Credit Card,139729.28,1,2026/08/08
10968,15717164,Checking,55414.25,2,2025/10/22
10969,15600991,Loan,70236.19,2,2026/08/11
10970,15566894,Checking,81875.09,1,2026/02/25
10971,15661734,Investment,49967.92,2,2026/05/26
10972,15670492,Checking,1565.13,2,2026/01/15
10973,15764916,Credit Card,88507.08,1,2025/10/05
10974,15740175,Checking,58028.23,2,2026/03/09
10975,15734892,Savings,190.13,2,2026/04/09
10976,15602034,Loan,119906.52,1,2026/07/28
10977,15747265,Investment,168460.97,1,2025/09/16
10978,15778897,Loan,1118.8,2,2026/06/08
10979,15739850,Credit Card ,122097.88,1,2025/11/06
10980,15620398,Checking,31936.16,2,2025/10/21
10981,15712068,Credit Card,76924.34,1,2025/12/28
10982,15602010,Savings,136187.32,1,2026/04/25
10983,15602797,Savings,46928.38,3,2025/10/29
10984,15640635,Investment,505.03,2,2025/11/03
10985,15749401,Checking,779.02,3,2026/06/11
10986,15666095,Savings,22928.27,2,2026/09/02
10987,15763579,Credit Card,47892.43,2,2026/02/01
10988,15814237,Credit Card,,2,2025/11/06
10989,15717995,,181.38,2,2026/02/27
10990,15574206,Checking,68.15,2,2026/02/07
10991,15576077,Savings,88030.37,1,2026/04/22
10992,15781495,Checking,63719.05,2,2026/04/14
10993,15619340,Investment,868.78,2,2026/06/13
10994,15815097,Checking,426.99,2,2025/10/15
10995,15613140,Savings,1090.11,1,2026/05/19
10996,15605461,Checking,130434.67,1,2025/12/05
10997,15777892,Loan,142363.04,1,2026/03/25
10998,15662488,Loan,540.51,2,2026/05/22
10999,15577178,Savings,56523.59,1,2025/12/11
11000,15647725,Checking,15783.31,3,2025/11/14
11001,15726046,Investment,169379.37,1,2026/08/17
11002,15771997,Savings,46198819.65,1,2025/12/25
11003,15624510,Loan,199162.82,1,2025/09/11
11004,15657321,Loan ,63857.72,2,2025/12/13
11005,15574842,Loan,64053.68,3,2026/03/03
11006,15576723,Credit Card,505.11,2,2026/05/30
11007,15627995,Investment ,264393.51,1,2026/07/07
11008,15606274,CreditCard,19489.08,2,2025/11/19
11009,15771749,credit card,37763.03,2,2026/06/18
11010,15748381,Savings,89721.03,2,2026/06/01
11011,15653857,Savings,92.9,2,2026/05/29
11012,15619130,Savings,49957.68,2,2025/09/27
11013,15642787,Credit Card,128169.59,1,2026/06/02
11014,15651627,Loan,161271.52,1,2026/03/07
11015,15692406,Savings,703.56,2,2026/06/06
11016,15573876,Checking,918.81,2,2025/12/29
11017,15738042,Checking,100615.97,2,2026/08/24
11018,15737627,Credit Card,45692.65,2,2026/06/01
11019,15721504,Investment,683.63,2,2025/11/27
11020,15654463,Investment,608.88,2,2026/03/13
11021,15706223,Checking,15908.23,2,2025/11/23
11022,15636572,Investment,595.92,2,2025/10/24
11023,15694288,Checking,357.99,2,2026/08/17
11024,15661473,Credit Card,125892.98,1,2025/11/26
11025,15567832,Investment,93135.73,1,2026/07/25
11026,15782089,Loan,585.67,1,2026/07/24
11027,15750808,Checking,64703.2,3,2026/07/16
11028,15740557,Investment,284.21,2,2025/12/27
11029,15607133,Checking,39462.86,2,2025/11/19
11030,15567147,Investment,3.41,2,2026/06/06
11031,15605455,Investment,490.52,3,2026/07/12
11032,15586674,Savings,268824.78,1,2026/04/08
11033,15572265,Savings,81219.98,2,2025/12/15
11034,15672357,Checking,482.84,2,2026/01/23
11035,15757661,Loan,641.47,2,2025/09/28
11036,15781975,Credit Card,650.58,1,2026/03/27
11037,15790254,Checking,101170.22,1,2026/02/01
11038,15804150,Credit Card,668.19,2,2026/03/21
11039,15600974,Credit Card,294.97,1,2026/05/28
11040,15810723,Investment,1587.08,3,2026/04/06
11041,15779247,Checking,26901.52,1,2026/05/04
11042,15678460,Savings,603.15,1,2026/04/30
11043,15719017,Investment,423.44,2,2026/02/14
11044,15628008,checking,91876.01,1,2025/11/11
11045,15780215,Loan,220.99,2,2026/02/03
11046,15706647,Investment,345.74,3,2025/09/03
11047,15585066,Savings,82.78,1,2025/10/11
11048,15662098,Checking,58140.07,3,2026/01/09
11049,15654372,Checking,69487.85,2,2026/08/31
11050,15726945,Investment,126.59,2,2026/06/14
11051,15667554,Investment,5.51,2,2026/08/11
11052,15576615,Checking,23566586.14,1,2026/02/09
11053,15686835,Checking,115259.41,1,2025/12/18
11054,15593468,Credit Card,315.8,2,2026/07/13
11055,15709135,Investment,25126.7,2,2026/07/04
11056,15668009,Investment,294.64,2,2025/10/07
11057,15731026,Credit Card,,2,2025/10/03
11058,15660385,Investment,354.6,2,2026/04/01
11059,15811947,Savings,,1,2025/11/13
11060,15648030,Investment,57077.21,2,2025/11/15
11061,15610403,Loan,59771.22,2,2026/05/07
11062,15775761,Investment,17070.58,3,2025/11/24
11063,15679738,Investment,845.57,1,2026/01/05
11064,15626806,Savings,324.61,2,2026/03/22
11065,15773277,Savings,58675.55,2,2025/11/23
11066,15810898,Savings,128676.04,2,2026/07/30
11067,15615753,Checking,91396.37,1,2026/04/05
11068,15733119,Credit Card,180.63,2,2026/03/22
11069,15670615,Loan,283.92,2,2026/07/02
11070,15808960,Credit Card,20078.7,2,2025/12/11
11071,15573893,Investment,117823.65,2,2026/01/08
11072,15624180,Checking,55360.8,4,2026/03/01
11073,15707114,Loan,33.92,2,2025/10/09
11074,15801293,Loan,47560.87,2,2025/12/27
11075,15645136,Loan,120761.62,3,2026/01/22
11076,15701962,Loan,98286.63,2,2025/11/13
11077,15594815,Checking,263072.11,1,2026/03/27
11078,15579617,Credit Card,492.67,2,2025/11/05
11079,15777826,Investment,29897795.54,1,2026/06/29
11080,15769216,Loan,604.24,1,2026/08/13
11081,15576641,Savings,69465.46,2,2025/11/19
11082,15699486,Loan,150200.59,1,2025/12/17
11083,15807989,Savings,42071.94,2,2026/04/18
11084,15714680,Investment,115905.98,1,2025/11/14
11085,15636977,Savings,35662.6,3,2026/08/13
11086,15802220,Investment,54157.57,1,2026/01/22
11087,15733581,Checking,106336.27,1,2026/02/17
11088,15804357,Investment,756.6,1,2025/09/08
11089,15602841,Savings,971.9,2,2026/07/26
11090,15731815,Checking,29591.49,3,2025/11/02
11091,15719294,Credit Card,354.32,2,2026/05/27
11092,15765643,Checking,56705.63,2,2026/02/09
11093,15712930,Investment,354.87,1,2026/05/29
11094,15586752,Savings,106142.34,1,2025/10/25
11095,15790829,Checking,212.43,2,2026/07/21
11096,15589715,Investment,281.0,1,2026/07/06
11097,15581388,Investment,106364.76,1,2026/05/02
11098,15628600,Loan,57655.11,3,2025/12/30
11099,15596405,Investment,90147.39,2,2026/08/07
11100,15773338,Loan,116060.42,1,2026/04/15
11101,15627854,Investment,1079.33,2,2026/02/02
11102,15695197,Credit Card,64615.82,2,2025/11/05
11103,15762268,Checking,142688.81,1,2026/06/07
11104,15675791,CHECKING,91373.94,2,2026/07/12
11105,15706587,Investment,334.56,2,2026/04/23
11106,15631721,Savings,103283.92,2,2025/11/20
11107,15807546,Loan,672.11,2,2025/10/09
11108,15602124,Loan,164.01,2,2026/02/24
11109,15810711,Checking,75402.79,2,2026/01/20
11110,15660390,Loan,461.81,2,2025/09/23
11111,15608406,Credit Card,102843.46,1,2026/03/17
11112,15672012,,219.73,1,2026/01/11
11113,15641110,Savings,449.7,1,2025/10/30
11114,15568469,Savings,446.37,2,2026/07/20
11115,15670914,Checking,525.37,2,2026/04/29
11116,15777904,Checking,528.72,2,2026/04/09
11117,15766649,Investment,135975.28,1,2026/06/29
11118,15735719,Checking,259.57,2,2025/11/28
11119,15600700,Checking,189464.7,3,2026/09/01
11120,15745433,Checking,94196.99,2,2026/08/23
11121,15803908,Savings,358.63,2,2026/05/10
11122,15584899,Checking,945.41,2,2026/01/30
11123,15639322,Savings,69178.67,2,2025/12/27
11124,15616172,Checking,189.36,2,2026/05/28
11125,15768219,Loan,439.48,2,2025/10/25
11126,15759067,checking,38185.67,4,2025/10/18
11127,15696054,Investment,792.98,1,2026/07/08
11128,15630698,Loan,38135.14,1,2026/07/06
11129,15652948,Loan,74446.71,1,2026/03/07
11130,15710978,Loan,40739.06,2,2026/01/04
11131,15748718,Checking,70240.02,1,2026/08/09
11132,15600821,CreditCard,94521.15,1,2026/05/14
11133,15796505,Loan,77805.19,2,2026/08/28
11134,15774328,Credit Card,60331.47,2,2026/04/12
11135,15758702,,62.63,3,2026/04/06
11136,15744983,Investment,19570.43,1,2025/10/02
11137,15665943,Credit Card,-2944.22,2,2026/07/26
11138,15574071,Credit Card,47783.11,2,2025/10/26
11139,15767391,Investment,46461.48,2,2026/01/24
11140,15672091,Checking,79088.42,2,2026/01/22
11141,15726179,Savings,46640.26,2,2026/01/09
11142,15659399,Loan,52104.8,2,2026/07/27
11143,15792029,Credit Card ,644.87,2,2026/05/21
11144,15600708,Investment,66539.51,1,2026/02/18
11145,15568953,Loan,107781.57,3,2026/04/05
11146,15596181,Checking,79002.76,1,2026/08/10
11147,15609160,Savings,570.88,2,2026/01/09
11148,15635116,Loan,620.05,1,2026/03/04
11149,15799600,Credit Card,187920.31,1,2025/10/15
11150,15625126,Checking,21.47,2,2025/09/09
11151,15730418,Checking,1123.21,2,2025/10/24
11152,15644174,Investment,133440.04,1,2026/09/03
11153,15735719,Savings,474.03,2,2026/05/09
11154,15615896,,593.39,2,2026/01/05
11155,15718039,Credit Card,72620.98,2,2026/06/29
11156,15701081,Savings,551.04,1,2026/05/14
11157,15772528,Investment,61397.74,2,2025/12/25
11158,15659420,Investment,92331.19,2,2026/07/02
11159,15810227,Investment,595.7,2,2026/04/13
11160,15599956,Investment,1060.6,2,2026/08/09
11161,15598266,Savings,30.0,1,2026/01/17
11162,15626044,Loan,69127.52,2,2025/10/26
11163,15791877,Savings,97996.45,2,2026/08/31
11164,15780088,Credit Card,135752.78,1,2026/05/10
11165,15785024,Savings,112717.32,1,2026/06/17
11166,15587596,Savings,114702.71,1,2026/07/10
11167,15750837,Loan,109922.47,1,2026/06/19
11168,15806967,Loan,860.18,1,2026/03/14
11169,15677804,Investment,768.75,3,2026/07/10
11170,15676869,Credit Card,18.61,2,2026/05/26
11171,15694581,Investment ,874.59,4,2026/08/10
11172,15650488,Savings,77370.96,1,2026/03/17
11173,15583076,Loan ,47397.5,2,2025/09/24
11174,15589420,Investment,84870.82,1,2026/07/08
11175,15676966,Loan,806.13,2,2025/10/28
11176,15628583,Investment,197.51,2,2026/07/02
11177,15677062,Checking,137984.97,1,2026/07/29
11178,15672082,Savings,999.09,2,2025/10/23
11179,15630617,Investment,105872.06,1,2026/06/24
11180,15624667,Credit Card,,1,2025/10/21
11181,15614034,Checking,48029.55,1,2025/11/02
11182,15813163,Loan,102996.36,1,2026/01/03
11183,15577985,Loan,60564.14,2,2026/03/06
11184,15702149,Loan,44604920.9,1,2026/06/27
11185,15811343,Checking,46796.82,3,2026/08/13
11186,15574886,Loan,136905.22,3,2026/09/01
11187,15734610,Credit Card,3286.77,3,2026/07/09
11188,15686870,Loan,60689.2,2,2026/04/06
11189,15718281,Credit Card,75519.92,2,2026/03/23
11190,15589431,Investment,136014.0,1,2025/09/23
11191,15583748,Investment,782.15,2,2026/02/27
11192,15643770,Checking,89837.2,1,2026/07/31
11193,15713912,Savings,76536.76,1,2026/04/16
11194,15722010,Savings,,1,2026/04/26
11195,15792934,Loan,1339.82,2,2026/06/23
11196,15677939,Checking,925.88,2,2026/05/28
11197,15801395,Savings,183488.62,1,2025/09/22
11198,15633922,Checking,,2,2026/03/26
11199,15691871,Loan,,1,2026/07/21
11200,15670266,Checking,-2225.34,1,2026/04/12
11201,15588923,Loan,93988.63,1,2026/08/11
11202,15572182,Loan,46502.8,3,2025/09/16
11203,15803352,Loan,94744.76,2,2025/12/22
11204,15634815,Loan,28.98,2,2026/06/20
11205,15678333,,556.04,2,2025/12/04
11206,15720354,Credit Card,758.97,2,2025/09/15
11207,15806081,Investment,79768.04,1,2026/07/22
11208,15656293,Savings,135.32,2,2026/02/18
11209,15668767,Investment,812.88,2,2025/10/23
11210,15574283,Credit Card,66.32,2,2026/01/30
11211,15623668,Investment,34017.58,2,2026/04/02
11212,15722246,SAVINGS,1097.97,1,2025/09/17
11213,15789158,Savings,43896.92,2,2026/04/24
11214,15603743,Checking,138706.43,1,2026/01/10
11215,15667588,Credit Card,676.77,1,2026/03/05
11216,15599403,Savings,52617.19,2,2026/08/18
11217,15587311,Credit Card,1185.74,2,2026/02/26
11218,15582616,Credit Card,321.34,2,2026/03/02
11219,15567246,Savings,53439.13,2,2026/01/08
11220,15665077,Investment,752.91,5,2026/01/22
11221,15654489,Savings,186936.87,1,2026/04/19
11222,15610226,Credit Card,49706.15,2,2025/09/27
11223,15725028,Investment,511.84,2,2026/02/16
11224,15615330,Savings,,2,2026/04/25
11225,15672966,Savings,583.7,2,2026/08/26
11226,15656029,Investment,649.92,2,2026/07/25
11227,15742009,Loan,687.69,2,2026/01/15
11228,15737025,Investment,601.67,3,2025/11/24
11229,15658339,Investment,52870.63,2,2025/12/19
11230,15797905,Credit Card,150.99,2,2026/06/15
11231,15718071,Checking,820.84,2,2026/06/10
11232,15775235,Savings,81737.69,1,2026/07/31
11233,15807194,Credit Card,23513.37,2,2026/02/14
11234,15575060,Savings,659.44,2,2026/03/27
11235,15573599,Investment,567.21,2,2026/02/28
11236,15689425,Checking,76639.5,2,2025/11/30
11237,15748691,checking,118618.36,1,2026/05/16
11238,15804150,Loan,815.1,2,2025/10/18
11239,15641411,Checking,120182.1,1,2026/02/20
11240,15739514,Loan,179.14,2,2026/03/02
11241,15607748,Credit Card,68050.39,2,2026/07/15
11242,15773017,Checking,10572563.66,2,2026/06/05
11243,15742848,Savings,975.31,1,2025/12/28
11244,15648075,Loan,224752.84,1,2026/02/12
11245,15757837,Credit Card,38142.94,2,2026/02/06
11246,15576131,Loan,338.89,2,2025/10/24
11247,15783882,Savings,403.57,2,2025/10/19
11248,15574296,Checking,45699.95,2,2026/07/27
11249,15663625,Loan,737.72,2,2026/03/29
11250,15671514,Investment,-3633.42,2,2026/02/10
11251,15710726,Checking,558.78,2,2026/07/18
11252,15731755,Checking,291.96,2,2026/05/15
11253,15583067,Savings,84059.06,1,2026/07/27
11254,15617206,Credit Card,54838.63,2,2025/12/07
11255,15733234,Checking,775.59,1,2026/03/17
11256,15701412,Loan,689.77,2,2025/12/15
11257,15570414,Loan,126597.54,1,2026/01/16
11258,15574137,Credit Card,349.06,2,2026/08/31
11259,15571144,Investment,751.43,2,2026/05/09
11260,15735439,Savings,85789.98,1,2026/03/01
11261,15646810,Savings,,2,2026/02/22
11262,15764314,Investment,46590.78,3,2026/04/15
11263,15623927,Loan,53.12,2,2026/03/07
11264,15695679,Loan,98700.81,1,2025/11/23
11265,15786852,Savings,55507.97,2,2025/11/28
11266,15815070,savings,95078.13,2,2026/02/15
11267,15796764,Loan ,49724.77,5,2025/09/11
11268,15566543,Loan,570.75,2,2025/10/30
11269,15673907,Loan,1280.27,2,2025/12/09
11270,15801920,Credit Card,43128.18,2,2026/06/27
11271,15616922,,331.33,2,2026/02/08
11272,15657829,Loan,39262592.58,1,2026/05/20
11273,15640667,Investment,54.93,2,2026/08/27
11274,15632118,Credit Card,59492.62,1,2026/07/28
11275,15694444,Savings,51953.79,3,2026/06/16
11276,15690153,Loan,68389.31,2,2026/02/01
11277,15712777,Loan,144247.0,1,2026/06/16
11278,15694376,Savings,71374.66,3,2026/06/05
11279,15643229,Investment,1367.87,2,2025/12/03
11280,15726774,Checking,134739.22,1,2026/03/25
11281,15761340,Loan,426.12,2,2026/07/16
11282,15776211,Savings,113.84,2,2026/08/25
11283,15764604,Checking,32027.02,3,2025/10/11
11284,15677336,Savings,147367.96,1,2025/12/13
11285,15713655,Credit Card,872.57,2,2025/10/20
11286,15722578,Savings,86039.06,1,2025/10/19
11287,15659949,Checking,38609.89,2,2026/09/02
11288,15587584,Credit Card,1262.32,2,2026/07/06
11289,15805261,Credit Card,832.06,2,2026/08/08
11290,15700209,Savings,114137.1,1,2026/03/29
11291,15704053,Loan,36763.86,2,2026/01/15
11292,15590434,Checking,-1642.88,1,2025/11/16
11293,15760244,Investment,200310.36,1,2026/02/24
11294,15712536,,1135.03,2,2026/06/02
11295,15630106,Savings,298.04,2,2026/03/03
11296,15569945,Credit Card,190.88,2,2026/03/25
11297,15764654,Investment,35733.14,2,2025/11/10
11298,15670029,Checking,931.77,2,2026/03/19
11299,15782247,Investment,1048.64,3,2025/10/26
11300,15607485,Checking,582.2,2,2026/01/31
11301,15739223,Credit Card,13.07,2,2026/07/14
11302,15677828,Savings,34.12,2,2026/06/21
11303,15678284,Loan,22929.19,3,2025/10/15
11304,15660211,Savings,90256.72,2,2026/02/15
11305,15794048,Loan,45223.85,2,2025/12/27
11306,15798834,Checking,326.96,1,2026/04/17
11307,15793641,Savings,24869811.37,2,2025/09/23
11308,15670354,Investment,179.3,2,2026/01/06
11309,15600106,Loan,430.13,2,2026/06/10
11310,15810845,Savings,179.59,2,2025/11/21
11311,15745107,Checking,59460.97,1,2026/08/10
11312,15782806,Loan,962.81,2,2026/01/21
11313,15723620,Credit Card,834.14,4,2025/09/16
11314,15605425,Checking,146797.27,1,2026/05/14
11315,15659800,Credit Card,1004.45,1,2025/12/26
11316,15714874,Checking,661.38,2,2026/08/24
11317,15760514,Credit Card,36275.77,2,2025/12/24
11318,15726720,Savings,618.79,1,2026/01/06
11319,15634719,Loan,833.84,2,2025/12/27
11320,15751032,Investment,9086.42,2,2026/04/16
11321,15654519,Checking ,280.04,2,2026/07/31
11322,15753837,Loan,610.54,2,2025/12/22
11323,15795963,,160493.02,1,2025/11/16
11324,15649297,Savings,61848.2,2,2025/09/09
11325,15789815,Loan,368.5,2,2026/02/01
11326,15585133,Investment,628.08,2,2026/01/05
11327,15652955,Checking,195.58,1,2025/09/13
11328,15653065,Checking,165.76,2,2026/07/13
11329,15641822,,537.4,2,2026/05/08
11330,15745201,Loan,64757.62,2,2026/04/15
11331,15801256,Credit Card,640.94,2,2026/04/03
11332,15611191,Loan,33314.87,3,2026/06/14
11333,15757310,Loan,182025.85,1,2026/06/12
11334,15801605,Checking,631.87,2,2026/06/20
11335,15771856,Checking,1043.44,2,2025/12/10
11336,15714634,Savings,72944.15,2,2026/04/02
11337,15765257,Loan,51676.98,1,2025/12/07
11338,15624715,Credit Card,42.18,1,2026/05/26
11339,15766896,Checking,89.09,2,2026/06/27
11340,15768887,Investment,578.99,2,2026/03/26
11341,15785831,Loan,164978.39,1,2026/07/21
11342,15810444,Savings,195238.72,1,2026/06/24
11343,15771087,Investment,42247.97,2,2026/03/20
11344,15802809,Loan,80186.62,1,2026/01/14
11345,15582404,Credit Card,319.08,2,2026/08/30
11346,15802593,Savings,416.84,3,2026/03/08
11347,15801942,Credit Card,882.23,3,2026/01/15
11348,15748639,Loan,48830.58,2,2026/04/11
11349,15597591,Checking,110657.27,1,2026/03/11
11350,15640667,Checking,388.91,2,2026/03/08
11351,15621075,Loan,,2,2026/01/01
11352,15733229,Investment,752.54,2,2026/02/13
11353,15657085,Savings,57407.74,1,2026/06/06
11354,15766906,Loan,47970.04,2,2026/03/04
11355,15786153,Savings,47317.07,2,2025/10/12
11356,15725665,Checking,87994.85,2,2026/08/23
11357,15695499,Credit Card,49083.6,2,2025/11/10
11358,15617657,investment,83415.8,1,2026/02/14
11359,15687607,Savings,108641.18,1,2026/08/28
11360,15776051,savings,823.43,2,2026/01/07
11361,15806455,Investment,862.23,2,2026/06/05
11362,15693203,Savings,821.28,2,2026/06/26
11363,15753831,Checking,159292.65,1,2025/11/07
11364,15734246,Checking,64757.36,2,2025/10/22
11365,15633608,Checking,77103.83,2,2026/05/20
11366,15621353,Loan,316.76,2,2026/08/31
11367,15788218,Credit Card,756.26,2,2026/05/04
11368,15742681,Credit Card,85238.85,1,2026/06/04
11369,15641773,Checking,94778.45,2,2026/02/10
11370,15599272,Credit Card,253334.74,1,2025/10/26
11371,15815490,Loan,,3,2026/07/09
11372,15697997,Checking,155961.95,1,2025/12/28
11373,15632264,Savings,754.72,2,2026/02/28
11374,15649793,Checking,-2581.66,2,2026/08/28
11375,15771728,Savings,41941.03,3,2026/07/30
11376,15800440,Investment,131513.41,1,2026/06/13
11377,15597602,Investment,87805.11,1,2025/12/26
11378,15723613,Savings,710.05,2,2026/04/29
11379,15644446,Checking,385.54,1,2026/01/18
11380,15640825,Checking,142551.66,1,2026/06/24
11381,15608230,Loan,272.64,2,2025/09/30
11382,15657396,Checking,13.39,4,2026/04/26
11383,15701439,Credit Card,,4,2026/07/16
11384,15580988,Loan,317.68,2,2026/04/15
11385,15637118,Investment,211637.07,1,2026/05/15
11386,15623595,Credit Card,269.74,2,2026/07/02
11387,15812918,Loan,26626.59,2,2026/04/14
11388,15769191,Loan ,50470.35,2,2025/10/06
11389,15651020,Credit Card,83671.31,2,2025/11/29
11390,15746341,Savings,694.19,2,2025/09/14
11391,15630857,Investment,394.62,2,2026/06/16
11392,15694859,Loan,41785.96,2,2026/04/20
11393,15782530,Credit Card,74773.79,1,2026/06/16
11394,15578515,Investment,734.85,3,2026/08/01
11395,15689288,savings,10.67,2,2025/10/02
11396,15685226,Investment,214262.63,1,2026/02/27
11397,15591969,Credit Card,106197.28,1,2026/05/05
11398,15782456,Loan,57434.77,2,2026/08/30
11399,15625247,Checking,552.79,1,2025/11/17
11400,15799720,Savings,65021.78,2,2025/10/05
11401,15686242,Credit Card,394.98,1,2026/08/18
11402,15767594,Loan,305.17,2,2026/03/03
11403,15628963,Checking,72450.92,2,2025/10/06
11404,15759284,investment,989.74,1,2026/01/22
11405,15586996,Savings,1123.9,2,2026/06/21
11406,15660636,Investment,601.26,2,2026/01/10
11407,15735799,Savings,142952.78,1,2025/09/17
11408,15680001,Savings,43261.28,2,2026/09/03
11409,15594862,Credit Card,689.95,2,2026/07/06
11410,15671930,Investment,496.57,2,2026/05/12
11411,15651144,Checking,59001.41,2,2026/04/11
11412,15713578,Checking,745.01,2,2026/08/29
11413,15603683,Investment,,2,2025/11/10
11414,15812272,Credit Card,43831.2,2,2026/03/24
11415,15624866,Credit Card,75562.31,2,2025/12/22
11416,15614215,Loan,331.77,2,2026/08/07
11417,15775335,Investment,39991.71,2,2026/04/22
11418,15669611,Credit Card,77839.34,1,2026/02/08
11419,15612478,Credit Card,849.08,3,2026/06/05
11420,15589541,Checking,129.76,2,2026/08/25
11421,15671769,Investment,34237.63,3,2026/08/14
11422,15567834,,113310.92,1,2026/02/05
11423,15582847,Savings,206.01,2,2026/02/19
11424,15574830,Investment,73414.93,2,2025/12/31
11425,15790442,Credit Card,516.32,2,2026/06/21
11426,15593468,Savings,1449.96,2,2026/05/21
11427,15711750,SAVINGS,244.03,2,2026/03/30
11428,15597957,Credit Card,144.56,2,2025/11/15
11429,15589323,Credit Card,767.45,2,2026/06/06
11430,15814405,Loan,178.24,1,2026/08/17
11431,15796834,Credit Card,76204.34,2,2026/06/30
11432,15583580,Loan,117240.88,1,2026/02/11
11433,15674331,Checking,64417.97,2,2025/09/06
11434,15723411,Loan,103400.68,1,2026/07/12
11435,15769586,,78.94,2,2025/09/30
11436,15777923,Checking,274.36,2,2026/09/02
11437,15788183,Credit Card,56747.25,2,2026/03/05
11438,15773039,,273.25,1,2026/06/30
11439,15710853,Investment,-2351.35,2,2025/11/03
11440,15573309,Credit Card,256.94,2,2025/10/09
11441,15647311,Credit Card,107669.96,1,2026/07/14
11442,15603851,Checking,34345.7,4,2025/10/05
11443,15721047,,124971.88,1,2026/06/01
11444,15585256,Savings,240.65,2,2026/04/02
11445,15707322,Savings,129065.94,1,2025/11/24
11446,15581036,Savings,45572.94,2,2025/12/11
11447,15682585,Investment,93602.29,1,2026/01/08
11448,15755330,Credit Card,110606.58,1,2026/07/07
11449,15574167,Investment,88419.71,1,2025/12/03
11450,15687688,Investment,40885.74,2,2025/12/04
11451,15805704,Credit Card,101.05,4,2025/09/18
11452,15601008,Investment,736.04,2,2026/08/01
11453,15741094,Savings,557.74,2,2026/05/14
11454,15811486,Checking,58135.15,2,2025/11/03
11455,15797767,Checking,1049.6,1,2026/02/19
11456,15648069,Investment,541.56,2,2025/10/18
11457,15629793,Checking,97293.99,2,2025/10/21
11458,15726695,Loan,66451.38,2,2026/03/28
11459,15750264,Credit Card,49913.76,2,2026/06/23
11460,15576602,investment,350.89,2,2026/08/27
11461,15698167,Savings,81139.37,2,2026/08/19
11462,15609643,Checking,41475.7,2,2026/03/20
11463,15622033,,19573.9,4,2026/03/30
11464,15664555,Savings,554.74,4,2026/03/17
11465,15796336,Credit Card,543.74,2,2026/08/25
11466,15658148,Checking,149.87,2,2026/05/03
11467,15780212,Savings,163542.08,1,2025/11/12
11468,15800061,Savings,34401.33,3,2026/02/25
11469,15642291,Savings,66.11,2,2025/12/05
11470,15758035,Loan,82459.56,1,2025/10/22
11471,15732563,Loan,51539.09,2,2026/02/09
11472,15652030,Loan,131401.5,1,2026/03/03
11473,15743245,Investment,187934.13,1,2025/12/02
11474,15678497,Checking,,1,2026/08/31
11475,15672983,Investment,31599.0,2,2026/04/11
11476,15747649,Loan,55097.57,2,2026/01/10
11477,15674148,Loan,703.51,1,2026/05/16
11478,15806307,Savings,3.84,2,2025/10/19
11479,15713043,Investment,739.36,2,2025/12/06
11480,15609356,Checking,571.1,2,2026/01/14
11481,15796074,Investment,59329.52,2,2026/03/27
11482,15785865,Savings,65175.99,2,2025/12/14
11483,15618695,,101534.24,1,2025/12/28
11484,15589437,Loan,248624.53,1,2026/03/01
11485,15752186,Investment,,3,2026/07/31
11486,15593510,Investment,160178.29,1,2026/07/24
11487,15584620,CHECKING,179705.76,1,2025/10/14
11488,15739438,Investment,1409.08,2,2026/02/23
11489,15794142,Loan,40113.11,3,2026/04/22
11490,15711028,Savings,367.35,3,2025/10/21
11491,15627999,Checking,187.88,2,2026/05/29
11492,15581620,Checking,397.68,3,2026/01/12
11493,15723263,Loan,133178.26,1,2025/09/13
11494,15704053,Investment,70057.54,2,2026/07/10
11495,15694237,Credit Card,74581.65,1,2025/10/04
11496,15658982,Checking,37133.73,3,2026/06/15
11497,15697567,Credit Card,769.99,2,2025/10/03
11498,15654183,Investment,274.0,2,2026/08/18
11499,15768566,Savings,705.14,2,2026/03/13
11500,15693877,Investment,48770.13,2,2025/10/21
11501,15696514,Investment,49708.76,1,2025/11/28
11502,15808473,Savings,221.36,2,2025/09/03
11503,15609510,Loan,131419.04,1,2026/05/31
11504,15658852,Checking,1120.09,2,2025/09/09
11505,15661830,Savings,700.12,2,2025/09/05
11506,15589924,Loan,1057.34,2,2026/02/17
11507,15721462,Loan,242.71,2,2026/03/18
11508,15732438,Savings,809.93,4,2026/02/06
11509,15588123,Loan,162.91,2,2025/09/17
11510,15725076,Investment,46810.93,2,2026/06/20
11511,15798850,Investment,1026.6,2,2026/06/18
11512,15656912,Credit Card,1114.71,1,2026/03/13
11513,15775206,Loan,498.43,2,2025/10/08
11514,15595324,Investment,28970.02,3,2025/11/30
11515,15726487,Investment,156950.26,1,2025/12/08
11516,15652469,Loan,1320.97,2,2026/07/25
11517,15788676,Credit Card,28850.93,2,2026/07/17
11518,15578307,Investment,41229.24,1,2026/05/16
11519,15749557,Checking,550.47,2,2025/12/05
11520,15610557,Investment,36187.8,2,2026/06/04
11521,15801247,Loan,24399.45,2,2025/12/23
11522,15614782,Savings,358.52,1,2026/02/26
11523,15737971,Checking,780.34,2,2025/10/22
11524,15628034,Loan,112583.24,1,2026/08/18
11525,15706269,Investment,51827.5,2,2025/11/21
11526,15609704,,1195.19,1,2026/07/07
11527,15782641,Loan,112465.19,1,2026/03/13
11528,15757425,Credit Card,513.69,2,2026/06/23
11529,15673055,Loan,561.99,2,2025/12/02
11530,15573599,Credit Card,74.89,2,2026/04/16
11531,15647474,SAVINGS,68939.35,2,2026/08/30
11532,15597914,Investment,33512.69,4,2025/12/02
11533,15648681,Loan,46073.4,4,2026/05/20
11534,15664754,Credit Card,,4,2025/11/18
11535,15605279,Checking,551.31,4,2026/04/18
11536,15660417,Savings,180755.8,1,2025/09/18
11537,15807909,Credit Card,810.8,2,2026/07/18
11538,15568006,LOAN,1236.83,3,2025/09/22
11539,15810891,Checking,65384.54,2,2026/06/05
11540,15631240,,446.79,2,2025/11/03
11541,15722902,Investment,90435.84,1,2026/02/09
11542,15668575,,22660.54,3,2026/01/30
11543,15748473,Investment,525.98,2,2025/10/28
11544,15642824,Investment,75431.93,2,2026/02/28
11545,15771857,Checking,-1646.18,2,2026/08/18
11546,15704168,Savings,186102.21,1,2025/12/04
11547,15680643,Checking,21079537.5,2,2026/07/02
11548,15724150,Savings,33574.42,1,2026/05/26
11549,15744582,Checking,720.05,3,2025/11/27
11550,15606003,Loan,-1105.35,2,2025/10/24
11551,15715941,Checking,31.2,2,2026/05/15
11552,15663410,Credit Card,59996.06,3,2025/12/10
11553,15659355,Loan,50141.48,2,2026/07/08
11554,15718406,Savings,409.6,2,2025/11/21
11555,15622478,Loan,33783.77,4,2026/07/13
11556,15566380,Savings,23299.01,2,2026/02/22
11557,15747288,Checking,75968.2,1,2026/04/23
11558,15801699,Checking,701.35,2,2026/08/06
11559,15812351,Checking,129654.0,1,2026/06/10
11560,15725882,Checking,49427.42,2,2026/03/21
11561,15782899,Loan,38010.95,1,2026/04/20
11562,15673907,Checking,513.92,2,2025/11/01
11563,15620398,Credit Card,67730.0,2,2026/08/11
11564,15581551,Loan,143853.68,1,2026/06/13
11565,15773283,Loan,43724.17,1,2025/10/06
11566,15772632,Investment,657.24,2,2026/02/23
11567,15791174,Investment ,90082.96,1,2026/01/07
11568,15569503,Savings,468.62,2,2026/03/09
11569,15748986,Loan,101487.98,2,2025/11/14
11570,15573893,Savings,51076.84,2,2026/01/03
11571,15729065,Credit Card,68293.27,2,2026/05/12
11572,15615444,Credit Card,46706.22,2,2025/12/08
11573,15602572,Loan,467.39,2,2026/03/28
11574,15782364,Credit Card,129856.53,1,2025/09/24
11575,15723437,Checking,538.35,2,2026/03/05
11576,15714658,Credit Card,206.56,2,2025/10/03
11577,15580068,Loan,28489435.43,2,2026/05/06
11578,15734461,Credit Card,97437.92,1,2026/08/06
11579,15611756,Credit Card,29880.78,2,2026/08/31
11580,15746338,Investment,623.5,2,2026/07/02
11581,15814757,Investment ,21.25,2,2025/10/23
11582,15581748,Checking,37085079.41,2,2026/05/27
11583,15673238,Checking,103868.34,2,2025/10/19
11584,15659105,Loan,66017.65,1,2026/08/08
11585,15614847,Credit Card,69788.35,1,2026/08/04
11586,15615032,Investment,325.64,3,2026/02/14
11587,15802823,Savings,846.51,2,2026/05/30
11588,15785975,Checking,258.95,2,2026/06/18
11589,15649430,Investment,867.07,2,2026/06/24
11590,15653595,Checking,247.1,2,2026/08/28
11591,15692259,Loan,217.81,2,2026/06/02
11592,15803749,Savings,62957.82,2,2026/05/28
11593,15619616,Investment,69029.56,2,2026/03/23
11594,15776921,Investment,38564.86,2,2026/06/09
11595,15696859,Savings,630.34,2,2026/07/29
11596,15672246,Credit Card,85451.07,1,2025/12/14
11597,15609299,Loan,130130.75,1,2026/01/25
11598,15643574,Credit Card,-3597.57,2,2026/02/14
11599,15709324,Checking,500.33,2,2025/11/11
11600,15585282,Savings,101420.63,2,2026/04/20
11601,15652674,Investment,72249.68,1,2025/12/13
11602,15723013,Credit Card,24626.71,2,2026/01/30
11603,15606613,Checking,690.81,1,2026/07/20
11604,15740428,Investment,1127.06,2,2026/04/09
11605,15727696,Savings,29984.25,2,2026/03/28
11606,15677049,Investment,39910.9,2,2026/04/13
11607,15759480,Investment,99666.01,1,2026/03/15
11608,15732202,Savings,49212.63,2,2025/10/15
11609,15777122,Credit Card,512.24,2,2026/05/12
11610,15626141,Checking,51491.64,2,2025/09/15
11611,15751032,Loan,19098.62,2,2026/05/12
11612,15652667,Checking,232.79,2,2025/10/26
11613,15622217,Loan,24732.97,2,2026/02/14
11614,15610426,Investment,60074.98,1,2026/06/17
11615,15723006,Credit Card,803.02,2,2026/05/08
11616,15760102,Checking,,3,2026/07/12
11617,15732967,Loan,220.81,2,2026/03/21
11618,15605215,Savings,1142.75,2,2026/02/06
11619,15711288,Investment,957.41,2,2026/05/15
11620,15698510,Checking,122626.95,2,2026/01/28
11621,15753462,Loan,17186.34,2,2026/08/19
11622,15723053,CHECKING,82242.74,2,2026/08/26
11623,15730161,Loan,621.51,2,2025/10/01
11624,15787710,Checking,703.76,2,2026/05/31
11625,15633648,Investment,120.84,3,2025/09/24
11626,15656322,Credit Card,72129.25,1,2025/12/08
11627,15759499,Savings,128043.95,1,2025/10/18
11628,15656901,Investment,620.8,2,2026/02/07
11629,15716328,,315.17,2,2026/06/30
11630,15587233,Checking,22103.45,3,2026/06/22
11631,15613844,Loan,17437.05,2,2026/06/07
11632,15689341,Credit Card,50.06,4,2025/11/30
11633,15725945,Loan,735.56,1,2026/07/28
11634,15623927,Investment,425.23,2,2026/02/10
11635,15650454,Savings,433.44,2,2025/09/27
11636,15717984,Credit Card,177826.79,1,2026/06/03
11637,15568915,Credit Card,180481.25,1,2025/09/17
11638,15646302,Loan,89114.9,1,2025/09/27
11639,15667458,Checking,93638.7,1,2026/02/05
11640,15812982,CREDIT CARD,365.84,1,2026/03/19
11641,15723318,Credit Card,,3,2025/12/08
11642,15639788,Loan,119.53,2,2026/03/02
11643,15771636,Savings,42.26,1,2026/06/05
11644,15573628,Investment,194726.78,1,2025/09/29
11645,15698462,Credit Card,64.31,2,2026/08/19
11646,15582841,Loan,1007.22,2,2026/04/13
11647,15775131,Savings,75713.72,2,2026/05/21
11648,15599660,Checking,65960.78,2,2026/05/29
11649,15706268,Investment,221853.39,1,2025/12/03
11650,15753110,Checking,23543.13,2,2026/05/21
11651,15596939,Loan,57326.77,2,2026/03/11
11652,15815443,Investment,7484.29,1,2026/08/17
11653,15710257,Checking,38282.39,1,2026/08/26
11654,15802368,Savings,1238.13,1,2025/09/25
11655,15659325,Savings,620.66,2,2025/12/21
11656,15725311,Credit Card,48939.69,2,2025/10/23
11657,15644361,Credit Card,120262.31,1,2026/04/25
11658,15747772,Checking,30967.29,3,2025/12/07
11659,15814690,Savings,93188.62,1,2025/12/25
11660,15743067,Loan,151474.9,1,2026/09/02
11661,15723685,Loan,64143.93,3,2026/02/13
11662,15738672,Credit Card,103423.76,2,2025/10/10
11663,15630413,Savings,549.85,2,2026/09/03
11664,15565996,Investment,802.93,2,2025/12/16
11665,15795933,Investment,1231.99,2,2026/05/14
11666,15755521,Savings,48887.43,2,2025/12/17
11667,15801488,Savings,12472270.69,2,2026/06/22
11668,15624180,Savings,28882.35,4,2026/07/27
11669,15600651,Savings,601.75,3,2026/07/13
11670,15589475,,1083.37,3,2025/09/10
11671,15762228,Checking,40848.94,2,2025/09/26
11672,15671534,Investment,82153.43,1,2026/03/17
11673,15670702,Investment,91460.26,2,2025/12/17
11674,15572174,Loan,61235.19,2,2026/08/21
11675,15750396,Savings,731.65,2,2025/11/01
11676,15776348,Investment,186076.97,1,2026/01/29
11677,15642391,Loan,74051.36,1,2025/09/05
11678,15609998,Credit Card,237137.55,3,2026/01/04
11679,15770101,Credit Card,47900.17,2,2026/08/06
11680,15682928,Credit Card,75808.07,1,2026/02/19
11681,15699446,checking,75561.9,2,2025/12/02
11682,15752857,Loan,33759.83,2,2026/03/21
11683,15620344,Investment,206.15,1,2025/12/28
11684,15639277,Savings,385.84,1,2026/03/12
11685,15812210,Credit Card,24153.94,6,2026/03/27
11686,15735358,Checking,9.85,1,2025/09/25
11687,15720338,Checking,,4,2025/11/21
11688,15588080,Loan,148.88,1,2025/11/14
11689,15712403,Savings,405.12,1,2026/07/06
11690,15794841,Loan,112335.11,1,2026/01/07
11691,15749004,Savings,53193.85,2,2026/07/18
11692,15722599,Savings,54768.44,2,2026/08/11
11693,15607112,Investment,861.01,2,2026/01/13
11694,15653857,credit card,1033.75,2,2026/04/07
11695,15735878,Loan,96265.73,1,2026/08/17
11696,15807045,Loan,122562.82,1,2026/06/22
11697,15593778,Investment,11085.64,3,2026/09/01
11698,15582259,Credit Card,37.57,2,2026/07/20
11699,15568104,Credit Card,,2,2026/02/08
11700,15753591,Credit Card,556.15,2,2025/12/16
11701,15653275,Credit Card ,659.03,4,2026/08/03
11702,15689692,Checking,163885.29,1,2026/01/20
11703,15754267,Credit Card,20350.32,1,2026/03/31
11704,15815656,Investment,76450.68,1,2026/08/22
11705,15682618,Loan,64960.54,2,2025/09/08
11706,15630641,Savings,114162.73,1,2026/04/03
11707,15666332,Checking,535.71,2,2026/04/02
11708,15737814,Checking,102298.03,1,2026/03/15
11709,15786993,Savings,664.08,2,2026/01/23
11710,15582180,Investment,135136.58,1,2025/12/09
11711,15620268,Savings,251990.88,1,2026/05/10
11712,15728706,Savings,547.24,1,2026/01/10
11713,15678626,Savings,234.2,2,2026/07/07
11714,15629117,Loan,583.48,2,2025/09/08
11715,15793825,Savings,977.51,2,2026/07/20
11716,15807524,Credit Card,775.72,2,2026/08/23
11717,15717046,Credit Card,-1570.58,2,2026/03/24
11718,15716024,Investment,1196.07,2,2025/09/24
11719,15618581,Credit Card,482.03,2,2026/08/25
11720,15647292,Loan,107192.01,1,2026/04/20
11721,15653620,Credit Card,999.37,2,2025/11/07
11722,15703119,Credit Card,161.72,2,2026/08/08
11723,15665168,Savings,52308.57,2,2026/08/22
11724,15772573,Checking ,100187.74,1,2025/12/26
11725,15789974,Loan,88907.32,1,2025/10/09
11726,15730738,Savings,206.03,2,2026/07/26
11727,15590730,Investment,368.51,2,2025/10/31
11728,15796957,Savings,915.97,3,2025/11/01
11729,15646936,Credit Card,11912.33,2,2025/11/23
11730,15756539,Credit Card,90932.4,2,2026/05/11
11731,15721426,Loan,62465.14,3,2025/10/07
11732,15641175,LOAN,44635.41,3,2025/12/05
11733,15628292,Checking,55809.05,2,2026/06/04
11734,15810457,Checking,64151.63,2,2026/02/17
11735,15598614,Investment,496.99,2,2025/11/27
11736,15667934,Savings,118298.12,1,2026/01/12
11737,15632736,Checking,34597.92,2,2026/08/17
11738,15802256,Savings,66063.77,2,2026/08/24
11739,15758477,Investment,381.93,2,2026/03/25
11740,15624703,Checking,93863.61,2,2026/01/26
11741,15648064,Investment,165.64,2,2026/06/04
11742,15605872,Investment,,1,2026/01/27
11743,15765518,Loan,126862.94,1,2026/01/26
11744,15645248,Savings,503.03,4,2026/06/21
11745,15737385,Checking,446.43,2,2026/01/14
11746,15642345,Savings,114973.63,1,2025/10/28
11747,15684548,Checking,521.89,2,2025/11/03
11748,15794413,Loan,774.63,2,2026/03/24
11749,15795738,Savings,229360.74,1,2025/12/15
11750,15601569,Loan,,1,2025/10/17
11751,15791674,Loan,-3865.26,2,2026/06/14
11752,15730540,Loan,39818.85,2,2026/05/15
11753,15799631,Credit Card ,1094.14,2,2025/12/14
11754,15588918,Loan,836.94,2,2025/11/07
11755,15679024,Investment,78554.43,1,2026/05/26
11756,15616028,Loan,965.68,3,2025/09/21
11757,15650237,Loan,548.64,2,2026/05/01
11758,15767598,Checking,21280020.23,2,2026/05/06
11759,15640491,Loan,113169.05,2,2025/10/28
11760,15587421,Credit Card,60705.07,2,2025/10/30
11761,15598948,Checking,275836.23,1,2025/12/29
11762,15662337,Credit Card,79794.81,2,2025/09/22
11763,15633112,Credit Card,54614.29,2,2026/03/20
11764,15708650,,40813.88,2,2025/12/06
11765,15685150,Loan,48864.07,2,2025/10/15
11766,15768193,Credit Card,67926.59,2,2026/08/24
11767,15767681,Savings,313.52,4,2025/10/07
11768,15622750,Savings,139772.67,1,2026/01/04
11769,15651272,Loan,699.48,2,2026/04/14
11770,15780628,savings,995.35,2,2026/07/15
11771,15694444,Investment,54734.85,3,2026/03/11
11772,15699772,Investment,54869.62,2,2026/04/15
11773,15790846,Loan,204720.47,3,2025/11/15
11774,15611318,Checking,33787796.01,1,2026/04/17
11775,15727868,Savings,69724.93,2,2026/07/05
11776,15794142,Investment,28578.32,3,2025/09/24
11777,15712303,Checking,183135.44,1,2026/08/08
11778,15632503,Checking,77930.61,1,2026/05/18
11779,15686538,Investment,200.59,2,2025/12/08
11780,15568006,Credit Card,778.32,4,2025/12/19
11781,15681206,Credit Card,109047.0,1,2026/02/12
11782,15707120,Credit Card,105997.37,1,2025/09/25
11783,15711249,Checking,395.26,2,2026/06/21
11784,15687130,Investment,579.0,1,2025/09/10
11785,15795747,Credit Card,201235.78,1,2025/11/20
11786,15740878,Loan,724.55,2,2026/02/24
11787,15647572,Loan,44773.6,1,2026/01/09
11788,15695168,Investment,21.35,2,2025/12/01
11789,15636562,Loan,465.27,2,2026/03/01
11790,15735788,Savings,782.93,2,2026/04/27
11791,15570004,,131.64,2,2025/12/14
11792,15681506,Checking,673.13,2,2026/07/29
11793,15738954,Loan,36705.95,2,2025/10/01
11794,15596962,Savings,62877.67,2,2026/03/22
11795,15703394,Investment,917.26,2,2026/03/16
11796,15757632,Credit Card,58476.84,3,2025/11/20
11797,15625759,Investment,562.97,2,2026/01/30
11798,15709136,Credit Card,70.22,2,2026/05/19
11799,15568088,Credit Card,158669.45,1,2025/10/05
11800,15781465,Savings,90270.65,1,2025/12/27
11801,15797960,Checking,146297.73,1,2025/12/06
11802,15618182,Loan,490.24,2,2026/07/21
11803,15601892,Savings,89.49,2,2025/12/11
11804,15678412,Investment,29742.7,1,2026/02/21
11805,15749671,Investment,368.88,2,2026/08/05
11806,15688172,Savings,29212042.01,2,2026/04/15
11807,15713819,Checking,,1,2025/09/15
11808,15648047,Investment,78769.05,2,2026/04/16
11809,15812071,Loan,46935.14,2,2025/10/08
11810,15763798,Credit Card,155373.34,1,2026/01/06
11811,15688876,Investment,799.45,2,2026/07/08
11812,15755018,Checking,57139.0,2,2026/05/31
11813,15812917,Loan,49219.03,2,2026/01/28
11814,15622083,Credit Card,62664.35,2,2026/06/15
11815,15627298,Checking,48897.65,2,2025/11/24
11816,15611729,Checking,92987.14,1,2025/11/15
11817,15750156,Checking,138984.07,1,2026/06/10
11818,15614213,Credit Card,93477.47,1,2026/02/12
11819,15645717,LOAN,316.93,2,2025/10/02
11820,15616666,Credit Card,63223.18,4,2025/10/30
11821,15716041,Investment,13.59,2,2026/08/19
11822,15779913,Savings,64381.2,2,2025/10/06
11823,15711834,Loan,303.31,1,2026/03/31
11824,15787772,Checking,95926.76,1,2026/05/26
11825,15811842,Credit Card,31.29,2,2026/06/03
11826,15597265,Loan,1278.1,4,2025/09/11
11827,15655859,Savings,-4291.91,2,2026/07/16
11828,15698716,Loan,55292.93,2,2025/11/28
11829,15681196,Savings,230905.22,1,2026/02/14
11830,15774192,Credit Card,94797.77,1,2026/03/11
11831,15664881,investment,85303.48,1,2025/09/22
11832,15570970,Loan,560.26,2,2025/11/15
11833,15646037,Loan,633.46,3,2025/10/26
11834,15658675,Investment,185369.78,1,2026/08/19
11835,15575679,Savings,150543.1,1,2025/12/31
11836,15763704,Investment,38197.45,2,2025/09/06
11837,15648721,Credit Card,16.08,2,2026/03/17
11838,15589224,Credit Card,227.65,2,2025/09/04
11839,15670481,Investment,82832.39,2,2026/06/18
11840,15746805,Checking,525.62,2,2025/10/02
11841,15653762,Loan,,1,2026/03/20
11842,15775116,Investment,321.11,2,2026/06/20
11843,15648951,Savings,248.93,2,2025/11/03
11844,15668695,Investment,128652.66,1,2025/12/26
11845,15671630,Savings,96132.47,1,2026/07/21
11846,15567919,Credit Card,68288.58,2,2025/09/21
11847,15693205,Credit Card,38765.51,3,2026/06/18
11848,15626322,Loan,95264.92,2,2026/06/09
11849,15733119,Savings,582.05,2,2025/10/10
11850,15603323,Savings,233.82,2,2025/09/13
11851,15585490,Savings,225.04,1,2026/08/01
11852,15668971,,,1,2026/05/04
11853,15693817,Checking,104.81,2,2026/06/22
11854,15690546,Savings,114.67,4,2026/07/30
11855,15757467,Credit Card,66.65,2,2026/03/19
11856,15666916,Investment,,2,2026/01/25
11857,15765287,CREDIT CARD,490.66,2,2026/08/20
11858,15786035,Savings,9.21,2,2026/07/15
11859,15594039,Loan,299.95,2,2026/03/20
11860,15635893,Savings,1276.92,2,2026/04/21
11861,15578788,Savings,521.31,2,2026/01/02
11862,15629846,Investment,57478.94,2,2026/08/18
11863,15682955,Credit Card,72071.33,1,2026/05/12
11864,15797246,Checking,54792.06,2,2026/07/13
11865,15576760,Savings,47677.12,4,2026/01/09
11866,15714832,Credit Card,173442.5,1,2026/02/26
11867,15815259,Checking,525.64,2,2026/07/25
11868,15624437,Credit Card,796.81,2,2026/04/23
11869,15605918,Loan,52299.93,2,2026/05/06
11870,15663234,Loan,139190.31,1,2025/11/20
11871,15594556,Checking,135.08,2,2026/04/23
11872,15719950,Investment,90717.4,3,2026/06/04
11873,15622834,Credit Card,1207.44,1,2026/03/06
11874,15711254,Credit Card,565.08,2,2025/12/26
11875,15720671,Credit Card,,2,2025/11/15
11876,15809826,,72381.76,1,2026/01/27
11877,15704771,loan,74734.89,2,2026/07/26
11878,15604146,Checking,63064.35,2,2025/12/01
11879,15712608,Credit Card,32245.86,2,2026/03/20
11880,15642291,Investment,854.86,2,2026/01/12
11881,15586425,Checking,1004.8,2,2025/11/24
11882,15664504,Credit Card,-2831.12,2,2026/03/10
11883,15667216,Investment,26512.35,2,2025/09/13
11884,15582149,Savings,52026.33,2,2026/04/12
11885,15655903,Checking,98005.28,1,2026/02/03
11886,15776454,Checking,390.78,1,2025/11/15
11887,15774277,Investment,1006.9,2,2025/09/24
11888,15591257,Investment,527.67,2,2026/04/26
11889,15677377,Loan,1694.27,2,2026/04/01
11890,15580719,Checking,1110.08,2,2026/09/01
11891,15754649,Credit Card,1306.27,2,2026/06/07
11892,15700627,Checking,168588.27,1,2025/12/28
11893,15602735,Savings,47665.78,3,2026/03/27
11894,15784445,Savings,78616.95,1,2025/11/06
11895,15666711,Checking,921.6,3,2026/07/20
11896,15629545,Investment,103564.72,1,2026/03/02
11897,15584505,Credit Card,61690.37,2,2025/12/18
11898,15654891,,269.98,2,2026/03/29
11899,15815131,Checking,121867.01,1,2026/04/06
11900,15780989,Investment,142364.12,1,2026/04/04
11901,15787189,Investment,70937.76,4,2026/04/26
11902,15768293,Loan,418.0,2,2026/04/22
11903,15666652,Credit Card,325.19,2,2026/04/18
11904,15752294,Credit Card,15639.47,4,2026/03/20
11905,15772262,Checking,140194.13,1,2026/04/28
11906,15589017,Checking,49423.87,3,2026/03/08
11907,15667632,Checking,295.48,2,2026/02/22
11908,15589210,Loan,295.74,1,2026/02/16
11909,15775625,Investment,197.06,1,2026/08/09
11910,15622478,Credit Card,40642.49,3,2026/03/26
11911,15672481,Credit Card,,2,2025/11/10
11912,15712584,SAVINGS,983.15,2,2026/06/01
11913,15573045,Checking,80146.91,2,2025/12/17
11914,15605424,Credit Card,104033.72,1,2026/01/06
11915,15680767,Credit Card,65020.57,2,2025/12/23
11916,15792660,Savings,112109.19,1,2026/09/02
11917,15802857,Credit Card,116563.99,1,2025/12/09
11918,15725028,Savings,731.54,2,2026/06/21
11919,15746258,Savings,69597.84,1,2025/12/11
11920,15662533,Checking,78.67,1,2026/08/06
11921,15585241,Credit Card,55821.85,2,2026/07/16
11922,15600739,Investment,667.49,3,2026/03/08
11923,15635942,Credit Card,677.68,2,2026/04/28
11924,15653315,Investment,606.59,2,2026/06/10
11925,15567897,Savings,162292.97,1,2026/03/31
11926,15813640,Credit Card,530.43,2,2026/03/13
11927,15754177,Credit Card,81210.98,2,2026/07/29
11928,15790763,Credit Card,651.6,2,2026/02/07
11929,15639665,,693.54,2,2025/12/21
11930,15585865,Loan ,,2,2026/03/23
11931,15674928,Savings,293.01,2,2025/11/14
11932,15605000,Credit Card,37282.59,2,2026/05/01
11933,15632859,Credit Card,283.03,2,2025/10/28
11934,15801548,Loan,74127.96,2,2026/06/07
11935,15770030,Investment,427.07,2,2026/08/02
11936,15703682,Investment,802.64,1,2026/04/22
11937,15570990,Credit Card,45979.69,2,2026/02/03
11938,15790314,Checking,569.99,2,2026/07/19
11939,15789484,Loan,72248.27,2,2026/04/02
11940,15780144,Loan,53623.7,2,2025/09/29
11941,15583755,Investment,,1,2025/12/14
11942,15768233,Loan,148805.57,1,2025/12/23
11943,15796969,Credit Card,1443.24,2,2026/02/22
11944,15672594,,193372.01,1,2026/06/12
11945,15776850,Savings,16990.17,1,2025/11/22
11946,15789548,Credit Card,674.38,2,2026/08/06
11947,15672447,Loan,132949.25,1,2026/03/18
11948,15596575,Savings,64136.69,2,2026/05/25
11949,15615004,Savings,111.38,2,2026/04/12
11950,15617434,CREDIT CARD,550.78,1,2025/12/04
11951,15763055,LOAN,69384.5,1,2026/04/17
11952,15641122,Savings,240.09,2,2025/09/15
11953,15775339,Credit Card,47489.29,1,2026/08/24
11954,15650538,Checking,251307.62,1,2025/12/17
11955,15727546,Checking,1274.09,2,2026/03/19
11956,15808175,Checking,-4588.89,1,2026/06/20
11957,15689616,Savings,129907.13,1,2026/08/10
11958,15567339,Investment,321.31,1,2025/11/30
11959,15592716,Checking,877.31,1,2026/01/20
11960,15784890,Credit Card,263.33,2,2026/08/17
11961,15627000,Loan,134.12,2,2026/06/18
11962,15721019,Investment,176636.9,1,2025/11/21
11963,15729832,Checking,172730.85,1,2026/07/28
11964,15570912,Credit Card,55151.79,2,2026/03/27
11965,15694995,Loan,632.84,2,2026/06/24
11966,15643574,Loan,1005.08,2,2025/12/13
11967,15569764,Credit Card,179723.2,3,2025/11/19
11968,15758750,Loan,91655.14,1,2026/04/01
11969,15585388,Savings,66354.92,2,2026/02/12
11970,15796115,Loan,17270.37,4,2026/04/30
11971,15654975,Savings,84339.67,2,2026/01/06
11972,15679693,Credit Card,48.58,2,2025/11/08
11973,15743498,Checking,148312.22,1,2026/05/10
11974,15775293,Credit Card,132460.15,1,2026/02/11
11975,15789095,Savings,1119.81,1,2026/07/12
11976,15681026,Savings,54471.64,1,2026/07/13
11977,15590966,Investment,67978.71,2,2026/06/01
11978,15698117,Checking,168403.17,1,2026/07/21
11979,15566269,SAVINGS,290.36,2,2025/09/21
11980,15806184,Checking,97.38,2,2026/08/15
11981,15572093,,75160.95,1,2025/10/22
11982,15802478,Investment,1024.16,2,2025/10/06
11983,15767954,Investment,54435.56,2,2025/10/16
11984,15654229,Savings,198.57,2,2025/09/13
11985,15791279,Checking,68986.32,1,2025/09/07
11986,15637753,Investment,63464.05,1,2025/09/30
11987,15789432,Checking,382.69,2,2026/02/19
11988,15744517,Credit Card,364.01,1,2025/10/19
11989,15677783,Checking,157657.68,1,2026/02/10
11990,15714240,Investment,441.42,2,2026/03/04
11991,15645778,Savings,48691.03,1,2025/12/15
11992,15705301,Savings,82545.38,2,2025/11/19
11993,15780677,Checking,840.14,2,2025/12/21
11994,15722409,Investment,66035.08,1,2026/02/07
11995,15717185,Savings,529.06,2,2025/10/06
11996,15713983,Loan,42859.56,2,2026/03/07
11997,15732268,Checking,127302.92,1,2026/07/19
11998,15722053,Investment,367.82,2,2026/02/11
11999,15656592,Investment,-3610.31,2,2026/06/28
12000,15607065,Credit Card,64840.31,1,2026/04/19
12001,15750929,Investment,555.25,2,2026/05/04
12002,15799357,Credit Card,61172.13,1,2026/02/23
12003,15706899,Loan,420.44,2,2026/08/29
12004,15753549,Loan,102956.73,1,2025/12/01
12005,15610105,Checking,70688.07,2,2026/01/29
12006,15705620,Loan,59427.62,2,2026/02/05
12007,15602845,Loan,89719.3,2,2025/10/24
12008,15681697,Savings,73976.71,1,2026/06/17
12009,15570947,Loan,111153.38,2,2025/11/23
12010,15727281,Checking,583.56,2,2025/11/19
12011,15754577,Checking,81335.56,1,2025/11/25
12012,15643865,Checking,66157.0,1,2026/04/03
12013,15775318,Savings,51765.14,3,2025/11/02
12014,15762110,Savings,706.81,1,2026/06/02
12015,15635034,Credit Card,132802.03,1,2026/07/16
12016,15622631,Checking,167997.04,1,2026/03/31
12017,15604146,,55935.03,2,2025/11/23
12018,15669410,Checking,67577.82,2,2026/06/17
12019,15585907,SAVINGS,951.5,2,2026/06/12
12020,15724423,Savings,92900.08,2,2026/07/21
12021,15691624,Savings,29660.88,2,2026/05/01
12022,15807609,Investment,36329.97,3,2026/08/27
12023,15803764,Loan,563.33,2,2026/01/24
12024,15582944,Credit Card,848.23,2,2026/08/22
12025,15697686,Savings,338.41,2,2026/01/08
12026,15590820,Credit Card,58454.46,1,2025/10/31
12027,15736302,Investment,521.73,2,2026/08/08
12028,15686670,Investment,322.32,2,2025/11/17
12029,15706637,Checking,1082.09,2,2026/04/18
12030,15756926,Checking,60506.16,2,2025/10/22
12031,15752507,Investment,162897.92,1,2025/09/23
12032,15629128,Credit Card,13233199.9,2,2025/11/11
12033,15706131,Checking,35899.01,2,2026/03/17
12034,15640260,Checking,56468.69,2,2026/05/03
12035,15754599,Checking,76044.4,2,2026/03/16
12036,15665460,Investment,532.82,2,2026/05/05
12037,15745431,Investment,884.75,2,2025/11/29
12038,15774931,Savings,77152.26,1,2025/09/13
12039,15692929,Credit Card,62769.7,2,2026/06/30
12040,15737910,Savings,69549.7,2,2026/08/21
12041,15660316,Credit Card,121229.86,1,2026/03/07
12042,15781210,Credit Card,900.95,2,2026/04/16
12043,15674928,Checking,878.71,2,2026/06/29
12044,15633108,Investment,163611.89,1,2026/06/22
12045,15688612,Credit Card,182499.78,1,2025/12/05
12046,15789863,Credit Card,833.62,2,2026/04/20
12047,15717138,Savings,59961.12,2,2025/09/13
12048,15637829,Investment,877.48,2,2026/05/12
12049,15755649,Credit Card,144988.27,1,2026/08/12
12050,15631305,,92085.98,2,2026/06/20
12051,15632882,Loan,,2,2026/02/26
12052,15585595,Savings,53780.9,2,2026/02/23
12053,15594827,Credit Card,76633.86,2,2025/10/16
12054,15684461,Credit Card,1123.4,1,2026/03/11
12055,15750258,investment,122819.24,1,2025/10/08
12056,15811415,Credit Card,70844.0,2,2025/12/02
12057,15809909,Credit Card,332.68,4,2025/11/11
12058,15662571,Investment,688.09,2,2026/07/19
12059,15723484,Savings,71580.52,1,2026/02/03
12060,15588535,Checking,404.99,2,2026/08/15
12061,15739123,Credit Card,69702.39,2,2026/03/23
12062,15683118,Investment,721.14,2,2025/11/18
12063,15670496,Credit Card,186.4,2,2025/10/29
12064,15628298,Loan,89286.08,1,2026/08/11
12065,15663168,Investment,118289.19,1,2025/12/12
12066,15785358,Investment,122834.53,1,2026/07/24
12067,15796764,Credit Card,37334.66,3,2026/02/14
12068,15760988,Loan,33017.15,2,2026/01/30
12069,15616367,Loan,135503.16,1,2026/09/02
12070,15766185,Credit Card,133958.55,1,2025/10/15
12071,15599074,Credit Card,241834.13,1,2026/03/03
12072,15590177,Credit Card,116283.88,1,2026/07/08
12073,15574137,Savings,1136.04,2,2026/05/14
12074,15698792,,121580.06,1,2025/09/11
12075,15658946,Savings,,2,2026/07/18
12076,15764170,Savings,111100.53,1,2026/07/02
12077,15779207,Checking,45465.51,2,2026/04/04
12078,15715707,Loan,62314.23,2,2025/11/28
12079,15678779,checking,1048.55,2,2026/03/08
12080,15759436,Loan,40610224.08,3,2026/01/10
12081,15586557,Savings,718.79,2,2025/12/10
12082,15801788,Checking,152457.15,1,2026/05/23
12083,15707918,Savings,102546.44,2,2026/01/24
12084,15750014,Savings,49954283.72,2,2026/05/27
12085,15759317,Checking,68775.01,1,2025/09/15
12086,15787756,Checking,73569.41,2,2026/05/11
12087,15566292,Savings,87.59,2,2026/02/13
12088,15747980,Savings,92152.09,2,2025/11/27
12089,15714256,Credit Card,108397.62,1,2025/09/29
12090,15668679,Checking,1014.86,2,2026/08/01
12091,15672704,SAVINGS,602.79,2,2026/01/03
12092,15802593,Loan,420.36,3,2026/08/27
12093,15609618,Checking,99047.67,2,2026/02/06
12094,15716800,Loan,675.01,2,2026/01/15
12095,15715199,Checking,70597.22,2,2026/04/20
12096,15658233,Savings,131082.36,1,2026/04/12
12097,15766183,Investment,68022.56,2,2026/02/22
12098,15670898,Loan,25486.63,2,2025/09/23
12099,15802869,Credit Card,53018.34,2,2026/01/20
12100,15796787,Loan,104883.45,1,2026/08/05
12101,15800736,Investment,163465.05,1,2026/04/25
12102,15624424,Loan,727.71,3,2026/08/06
12103,15694192,Investment,633.01,2,2025/10/14
12104,15689344,Checking,966.45,3,2026/02/20
12105,15732438,Credit Card,1018.44,4,2026/06/12
12106,15711309,Checking,98779.99,1,2025/09/19
12107,15571221,Credit Card,149358.34,1,2025/11/08
12108,15739972,Credit Card,59591.88,3,2026/07/19
12109,15594898,Investment,605.91,1,2025/09/08
12110,15792868,Investment,803.55,2,2026/06/23
12111,15764073,Investment,409.31,2,2025/09/12
12112,15632977,Checking,4.77,2,2026/02/04
12113,15639252,Investment,53083.73,1,2026/03/16
12114,15732643,,118421.11,1,2025/12/14
12115,15654067,Checking,789.63,2,2026/05/01
12116,15568519,Savings,427.23,2,2026/03/16
12117,15762803,Credit Card,277.48,2,2026/03/20
12118,15656921,Investment,-3020.22,2,2025/09/21
12119,15773709,Credit Card,308.63,2,2026/08/24
12120,15754574,Investment,719.65,2,2026/08/13
12121,15694296,Investment,42228.12,3,2026/01/19
12122,15654577,Checking,76780.38,1,2026/08/25
12123,15776733,Investment,78923.38,2,2026/03/14
12124,15682757,Checking,590.1,2,2026/02/21
12125,15740404,Savings,659.66,2,2026/03/09
12126,15619016,Loan,51799.32,2,2026/05/23
12127,15738088,Savings,705.51,2,2026/04/08
12128,15581968,Loan,988.9,2,2026/03/30
12129,15762708,Checking,130692.37,1,2026/08/31
12130,15793331,Savings,70183.26,2,2026/02/25
12131,15733768,Investment,663.88,1,2025/11/09
12132,15660866,Investment,1131.65,2,2026/02/27
12133,15595713,Checking,424.5,1,2026/01/14
12134,15809100,Investment,178857.13,1,2026/06/12
12135,15791767,Checking,865.67,2,2025/12/10
12136,15754494,Loan,45715960.42,1,2026/05/11
12137,15709861,investment,84255.86,2,2026/01/25
12138,15654074,Loan,94281.34,1,2026/01/17
12139,15801256,Checking,822.34,2,2025/10/15
12140,15798348,Investment,107878.99,1,2026/04/21
12141,15743149,Checking,364.43,1,2026/08/12
12142,15657529,Loan,115504.19,1,2025/10/16
12143,15665385,Credit Card,67223.55,1,2026/08/10
12144,15627741,Credit Card,36374.15,2,2026/02/13
12145,15631170,Checking,859.2,2,2026/05/21
12146,15644796,Savings,438.79,2,2025/10/31
12147,15594720,Credit Card,,2,2025/09/14
12148,15599410,Loan,489.25,2,2025/11/07
12149,15602043,Savings,64749.49,2,2025/10/27
12150,15651713,Loan,235374.69,1,2026/01/05
12151,15572801,Checking,84333.79,2,2025/10/11
12152,15774744,Investment,27521.28,2,2025/12/02
12153,15749807,Investment,622.35,2,2026/03/13
12154,15681887,Checking,91239.04,2,2025/10/06
12155,15569678,Savings,,1,2025/11/20
12156,15789936,Savings,582.19,2,2026/06/22
12157,15656293,Checking,176.12,2,2026/01/02
12158,15646539,credit card,120434.71,1,2025/10/17
12159,15624180,,50951.56,4,2025/10/11
12160,15743817,Checking,50189.8,3,2025/09/07
12161,15579334,Checking,120159.02,1,2025/09/09
12162,15626322,Loan,95264.92,2,2026/02/24
12163,15762332,Savings,29850.04,4,2026/07/16
12164,15607986,Savings,112927.04,1,2025/10/09
12165,15797919,Savings,41932.32,2,2025/11/21
12166,15581282,Loan,682.26,1,2026/06/28
12167,15678882,Checking,181462.68,1,2026/07/20
12168,15754072,Loan,283.72,2,2026/04/26
12169,15716381,Savings,105721.29,1,2026/07/23
12170,15614054,Investment,760.51,2,2026/02/19
12171,15710012,Investment,23.42,2,2026/08/09
12172,15575185,,85582.36,1,2025/10/27
12173,15720187,Checking,85003.86,2,2026/07/13
12174,15591035,Credit Card,487.96,1,2025/11/04
12175,15583076,,56826.08,1,2025/10/01
12176,15590011,Loan,109274.37,1,2026/08/29
12177,15679884,Investment,23005.3,3,2025/11/13
12178,15755678,Investment,638.77,2,2025/12/14
12179,15622985,Savings,637.13,1,2025/10/14
12180,15788930,Investment,164744.06,1,2025/12/07
12181,15664808,Savings,600.66,3,2025/10/19
12182,15654183,Loan,,2,2025/10/19
12183,15625494,Loan,57463.36,2,2025/09/04
12184,15766667,Credit Card,64736.97,2,2026/04/12
12185,15775756,Investment,149980.33,1,2026/08/20
12186,15726855,,87461.31,1,2025/12/31
12187,15752846,Loan,42.32,2,2025/12/19
12188,15627971,Loan,297207.33,1,2025/09/28
12189,15613326,Credit Card,90591.15,1,2025/10/13
12190,15775741,Loan,823.49,2,2026/03/20
12191,15648898,Investment,132434.59,1,2026/02/14
12192,15741032,Credit Card,849.73,1,2026/07/20
12193,15684103,Checking,568.85,2,2026/06/01
12194,15786063,Investment,915.89,2,2025/12/10
12195,15727546,Credit Card,411.18,2,2026/05/04
12196,15742116,Credit Card,70151.28,2,2025/12/13
12197,15814553,Loan,42673.99,2,2026/08/31
12198,15764431,Investment,50604.18,4,2026/05/14
12199,15589017,Savings,42317.77,3,2026/07/09
12200,15760085,Loan,128570.58,1,2026/08/30
12201,15701352,Investment,48330.44,2,2025/12/07
12202,15658306,Savings,98565.32,1,2026/05/01
12203,15808182,Savings,30642.13,2,2026/01/28
12204,15662626,Investment,889.51,2,2026/08/15
12205,15772798,Credit Card,734.0,2,2026/07/03
12206,15670039,Loan,56308.35,2,2025/10/04
12207,15756071,Savings,85804.39,1,2026/04/17
12208,15728505,Investment,35679183.74,2,2025/12/06
12209,15580935,Loan,93261.76,2,2026/05/20
12210,15715465,,91127.19,2,2025/09/06
12211,15724834,Savings,-4568.29,2,2025/10/13
12212,15747807,Savings,73261.23,2,2025/12/02
12213,15723488,Credit Card,81348.03,1,2025/12/13
12214,15580684,Savings,175228.12,1,2026/01/15
12215,15672299,Investment,141.19,2,2025/11/15
12216,15715667,Loan,436.67,2,2026/06/07
12217,15567855,Checking,568.52,2,2026/06/24
12218,15706647,Savings,106.66,3,2025/12/08
12219,15610379,Investment,102353.07,1,2026/08/27
12220,15739847,Loan,126421.51,1,2025/11/05
12221,15740356,Investment,135794.65,1,2026/08/28
12222,15640034,Savings,43656.83,1,2025/10/11
12223,15679733,Credit Card,71198.3,2,2025/12/08
12224,15696900,Investment,81773.46,2,2025/12/07
12225,15611287,Loan,343.42,2,2026/02/14
12226,15700212,Loan,2.64,2,2025/12/28
12227,15678779,Loan,712.39,2,2025/11/25
12228,15682356,CREDIT CARD,52832.84,2,2026/03/24
12229,15655794,Savings,850.5,2,2026/07/25
12230,15570051,Checking,92764.58,2,2026/07/03
12231,15600911,Loan,173877.9,1,2026/02/01
12232,15721658,Loan,87350.79,2,2026/07/07
12233,15654772,Savings,68271.29,2,2026/04/02
12234,15811314,Loan,72865.94,2,2026/05/20
12235,15686588,Checking,,1,2026/07/27
12236,15709737,Loan,87235.23,2,2026/01/27
12237,15703588,Credit Card,78593.68,2,2025/12/23
12238,15715667,Investment,654.35,2,2026/04/09
12239,15696588,Checking,419.1,2,2026/01/09
12240,15782144,Loan,1004.84,2,2026/02/26
12241,15742609,Credit Card,200711.97,1,2026/01/04
12242,15568573,Checking,142335.56,1,2026/06/01
12243,15646262,Loan,979.89,1,2025/09/06
12244,15722061,Checking,57666.46,2,2026/08/04
12245,15807008,Checking,89832.06,1,2026/08/18
12246,15682995,Checking,112484.78,1,2026/01/09
12247,15631927,Checking,799.41,2,2026/01/25
12248,15577598,Loan,36222.22,2,2025/11/24
12249,15775306,Checking,51860.75,3,2025/10/06
12250,15764021,Checking,24887.39,2,2025/10/04
12251,15692744,Savings,132354.26,2,2025/10/05
12252,15635367,Investment,81744.55,1,2026/05/13
12253,15617982,Loan,880.97,2,2026/02/26
12254,15768476,Checking,303.99,2,2025/10/03
12255,15640905,Checking,41810.75,2,2026/07/17
12256,15566495,Credit Card,744.41,1,2026/04/11
12257,15661007,Investment,60967.66,1,2025/10/13
12258,15578515,Checking,694.63,2,2026/08/14
12259,15811588,Credit Card,156210.91,1,2026/04/19
12260,15749540,Investment,370.24,2,2025/09/09
12261,15589869,Checking,81299.22,2,2026/08/14
12262,15639665,Loan,440.07,2,2025/10/18
12263,15635285,Savings,617.81,2,2026/02/13
12264,15612071,Credit Card,69737.83,1,2026/07/01
12265,15591428,Savings,565.53,2,2026/03/07
12266,15800287,Loan,34284.36,2,2026/08/26
12267,15585599,Savings,369.57,2,2026/08/17
12268,15565878,Investment,280.66,2,2026/07/10
12269,15628319,Savings,164518.72,1,2026/08/16
12270,15805254,Credit Card,1390.4,2,2025/10/06
12271,15698528,Checking,1213.93,1,2026/06/21
12272,15597709,Loan,74537.05,2,2026/01/15
12273,15803908,Loan,412.17,2,2026/02/13
12274,15775892,Investment,65834.65,1,2026/04/21
12275,15640846,Credit Card,16392.14,4,2026/03/05
12276,15777922,Loan,,2,2026/05/06
12277,15758252,Credit Card,93477.19,2,2026/03/11
12278,15600379,Credit Card,,1,2026/05/16
12279,15572767,Checking,256.43,2,2026/02/03
12280,15806249,Loan,808.98,4,2026/05/11
12281,15658548,Credit Card,50318.61,2,2026/02/10
12282,15772341,Checking,150077.19,1,2026/06/09
12283,15710404,Loan,136884.24,1,2025/12/09
12284,15683403,Savings,153.33,1,2025/12/28
12285,15812470,Savings,921.63,2,2026/06/30
12286,15740043,Checking,32307.28,1,2025/11/29
12287,15590623,Savings,22223.57,2,2025/09/24
12288,15756954,Investment,621.68,1,2026/08/22
12289,15656683,Credit Card,232.75,1,2026/03/02
12290,15671256,Credit Card,126244.09,2,2026/03/31
12291,15702566,Credit Card,142792.07,1,2026/04/29
12292,15673372,Credit Card,36.43,1,2026/04/27
12293,15623346,Checking,333.33,2,2026/02/16
12294,15625141,Investment,774.59,2,2026/03/28
12295,15684696,Credit Card,105841.29,1,2026/04/28
12296,15630349,Credit Card,32.06,2,2026/04/28
12297,15724876,Credit Card,104277.14,1,2026/04/22
12298,15754301,Investment,88.23,1,2025/11/20
12299,15704819,Credit Card,46697.06,2,2025/11/14
12300,15703563,Savings,57146.99,2,2026/03/19
12301,15656286,Credit Card,610.27,2,2026/04/05
12302,15719170,Investment,95358.85,1,2025/09/15
12303,15596863,CHECKING,92928.68,1,2025/11/13
12304,15748589,Investment,,2,2026/02/12
12305,15640074,Checking,1102.31,1,2026/03/17
12306,15623062,Savings,65697.92,1,2026/07/23
12307,15783955,Investment,33164.97,2,2025/11/18
12308,15689341,Checking,775.73,4,2026/03/26
12309,15663830,,,2,2026/03/09
12310,15599829,Credit Card,482.92,2,2025/09/10
12311,15646535,Loan,104417.4,1,2026/04/13
12312,15751943,Loan,488.32,2,2026/08/07
12313,15725818,Investment,78469.09,1,2025/11/30
12314,15579062,Savings,704.98,2,2025/11/19
12315,15666675,Credit Card,245053.42,1,2026/07/03
12316,15737025,,547.12,3,2025/12/06
12317,15724890,Loan,,2,2025/12/23
12318,15684181,Credit Card,293.76,1,2025/10/21
12319,15739803,Credit Card,1078.86,2,2025/09/11
12320,15686957,Loan,56547.08,2,2026/03/22
12321,15567078,Savings,65649.14,1,2026/05/02
12322,15567506,Credit Card,54837.86,4,2025/11/18
12323,15792232,Checking,576.19,2,2026/01/19
12324,15792077,Loan ,68479.54,2,2026/02/22
12325,15781574,Credit Card,165086.3,1,2025/12/13
12326,15578977,Credit Card,405.7,2,2025/09/14
12327,15668289,Loan,43437.68,1,2026/05/15
12328,15632551,Savings,,2,2026/03/22
12329,15675256,Loan,127676.68,1,2025/11/23
12330,15709928,Credit Card,268.34,4,2026/02/05
12331,15777315,Savings,46141.64,3,2026/06/11
12332,15754578,Loan,73832.3,1,2026/01/23
12333,15647266,Loan,150743.31,1,2025/12/28
12334,15750658,Loan,505.3,3,2025/12/09
12335,15632665,Investment,692.82,1,2026/05/10
12336,15618566,Credit Card,373.34,2,2026/07/10
12337,15685805,Savings,115.84,2,2026/05/16
12338,15806941,Investment,27664.28,2,2026/04/12
12339,15588449,Savings,71102.22,1,2026/04/13
12340,15680970,Savings,202869.65,1,2025/11/23
12341,15627514,Checking,505.3,2,2026/05/10
12342,15639049,Credit Card,167938.97,1,2026/08/09
12343,15810454,Investment,104686.69,1,2025/10/03
12344,15638774,Checking,384.79,2,2026/03/02
12345,15627042,Credit Card,560.56,3,2025/10/27
12346,15815316,CHECKING,6912.11,4,2025/10/07
12347,15727829,Credit Card,527.87,2,2026/02/15
12348,15589725,Savings,220.17,2,2026/08/30
12349,15761241,Checking,133988.97,1,2026/05/05
12350,15618950,Checking,48062.52,2,2026/07/11
12351,15666197,Savings,71654.92,1,2026/01/29
12352,15812338,,512.6,1,2025/11/14
12353,15581229,Credit Card,208579.93,1,2026/01/01
12354,15698786,Investment,108417.92,1,2026/05/26
12355,15801767,Loan,862.35,2,2026/05/14
12356,15804017,Credit Card,168390.29,1,2025/12/22
12357,15763415,Credit Card,120579.07,3,2026/04/04
12358,15592116,Credit Card,471.04,2,2026/05/12
12359,15701524,Investment,271.39,2,2025/09/09
12360,15661591,Investment,64555.01,2,2026/02/07
12361,15743673,Investment,100561.6,1,2026/07/23
12362,15616088,Investment,113789.13,1,2025/11/23
12363,15739997,Loan,62681.69,2,2026/02/23
12364,15580149,Checking ,79.34,2,2026/07/22
12365,15741745,Investment,63029.51,2,2026/02/09
12366,15734177,Credit Card,324.02,2,2026/08/19
12367,15710087,Credit Card,60600.25,3,2026/07/16
12368,15750545,Investment,949.94,4,2026/04/10
12369,15676242,Loan,158426.41,1,2026/07/13
12370,15646756,Loan,57805.79,1,2025/11/04
12371,15804516,Investment,17.6,1,2026/07/06
12372,15640865,,41136.19,2,2025/11/08
12373,15690898,Loan,202943.78,1,2026/06/01
12374,15783019,Checking,46744.0,3,2026/01/25
12375,15770225,Investment,281.05,2,2026/02/24
12376,15730540,Credit Card,42835.85,2,2026/03/13
12377,15774151,Savings,,1,2026/08/21
12378,15690744,Credit Card,48329.94,2,2025/11/07
12379,15596914,Loan,66698.04,2,2026/03/11
12380,15763327,Loan,104315.02,2,2026/06/19
12381,15680611,Savings,646.62,3,2026/05/03
12382,15600027,Loan,507.97,2,2025/10/05
12383,15692430,Investment,56713.59,2,2025/09/12
12384,15697020,Checking,85523.07,1,2026/04/19
12385,15707219,Loan,370.99,2,2026/03/11
12386,15769917,Checking,51343.96,3,2026/04/04
12387,15809817,Credit Card,162.63,2,2026/01/07
12388,15781347,Checking,201.16,3,2025/12/19
12389,15657637,Investment,175.67,3,2026/02/17
12390,15724296,Loan,62717.35,2,2026/08/21
12391,15609070,Savings,37772.24,3,2025/12/31
12392,15724955,,936.95,2,2026/02/10
12393,15631305,Investment,74299.39,2,2026/07/24
12394,15691703,Credit Card,75965.7,1,2026/05/04
12395,15757001,Investment ,66451.25,4,2026/01/24
12396,15800233,Credit Card,724.56,2,2026/06/14
12397,15575676,Credit Card,224.28,2,2026/02/24
12398,15615457,Loan,54485.93,2,2026/06/25
12399,15732674,Credit Card,26083.26,2,2026/02/19
12400,15669490,Savings,45635.46,2,2026/08/26
12401,15725835,Savings,75390.96,2,2025/12/11
12402,15667093,Investment,675.25,1,2025/11/07
12403,15709183,Savings,89324.3,1,2026/02/14
12404,15565879,Savings,149.3,2,2026/07/23
12405,15583033,,958.4,2,2026/06/23
12406,15606435,Loan,72396.98,2,2025/12/29
12407,15575694,Investment,48816.31,2,2026/08/31
12408,15732774,Savings,169465.94,1,2026/07/03
12409,15722965,Credit Card,120985.34,1,2026/07/12
12410,15619116,Savings,998.24,2,2026/01/02
12411,15753639,Credit Card,96455.6,2,2026/01/08
12412,15740237,Savings,84272.46,1,2026/05/11
12413,15571666,Checking,177326.5,1,2026/06/18
12414,15777923,Investment,993.01,2,2026/05/01
12415,15649354,Loan,316.28,2,2025/09/12
12416,15610930,Savings,122020.22,1,2026/02/10
12417,15735688,Checking,84336.91,1,2026/05/22
12418,15731586,Checking,41102.11,2,2025/10/21
12419,15786905,Savings,80727.43,2,2026/03/18
12420,15624188,,732.7,2,2025/11/17
12421,15599792,Savings,55.77,2,2026/07/19
12422,15619932,Loan,159188.4,1,2026/02/14
12423,15622585,Credit Card,143566.61,1,2025/10/14
12424,15629519,Checking,1259.6,2,2026/05/31
12425,15799350,Credit Card,131269.34,1,2026/05/12
12426,15809558,Credit Card,545.34,1,2026/04/27
12427,15727391,Credit Card,50654.33,2,2026/07/08
12428,15757588,Credit Card,806.84,2,2026/01/17
12429,15652782,Credit Card,54852.89,2,2025/10/07
12430,15595221,Savings,134972.07,1,2026/04/21
12431,15581893,Credit Card,84683.13,1,2026/03/21
12432,15779176,investment,52034.52,3,2025/12/10
12433,15654379,Loan,1028.2,2,2026/01/22
12434,15595350,Savings,43229.33,2,2026/09/02
12435,15611315,Credit Card,72940.86,3,2025/11/15
12436,15651823,Savings,203076.06,1,2026/03/08
12437,15711468,Credit Card ,155.84,1,2025/10/03
12438,15723053,,48956.21,2,2026/05/03
12439,15739692,Credit Card,329.35,2,2026/01/07
12440,15754105,Checking,103665.36,1,2025/12/26
12441,15742126,Loan,75739.24,2,2026/07/24
12442,15665340,Investment,121.02,2,2025/09/04
12443,15710543,Savings,41926.77,1,2026/02/17
12444,15688637,Investment,1061.78,2,2026/03/04
12445,15642579,LOAN,129834.4,1,2026/07/17
12446,15750141,Checking,29137.22,2,2026/05/08
12447,15791674,Savings,59050.73,2,2026/06/17
12448,15793307,Checking,60704.89,3,2025/11/16
12449,15770984,Checking,68587.18,2,2026/01/20
12450,15627848,Credit Card,72920.01,1,2026/02/13
12451,15608387,Investment,379.34,2,2026/05/09
12452,15707596,Loan,64695.19,2,2026/02/10
12453,15624936,Investment,57761.21,1,2026/07/09
12454,15680517,Investment,163470.8,1,2026/06/04
12455,15622454,Checking,81925.32,1,2025/12/14
12456,15704466,Loan,154.21,2,2026/07/30
12457,15715597,Savings,69017.99,1,2025/12/08
12458,15655007,Credit Card,1253.16,2,2026/07/05
12459,15802823,Investment,484.44,2,2026/07/09
12460,15613463,Checking,48959.56,2,2025/11/03
12461,15677828,,556.37,2,2026/02/01
12462,15761158,Loan,225.37,2,2025/10/04
12463,15643696,Checking,168.54,2,2025/12/11
12464,15714750,Credit Card,59068.15,2,2026/05/29
12465,15647965,Savings,34948.3,1,2026/05/19
12466,15651022,Loan,152691.16,1,2026/01/25
12467,15777772,Checking,81773.94,1,2026/01/08
12468,15792064,Investment,154898.58,1,2026/03/14
12469,15774104,Investment,470.75,2,2026/04/07
12470,15752915,Savings,762.48,2,2026/08/27
12471,15742028,Credit Card,,2,2025/09/08
12472,15754940,Loan,109457.72,1,2026/02/02
12473,15761706,Savings,144652.37,1,2026/01/14
12474,15814664,Savings,112147.19,1,2025/12/16
12475,15751748,Checking,106223.75,1,2025/11/15
12476,15577988,,496.23,2,2026/02/01
12477,15633283,Loan,514.32,2,2025/09/15
12478,15623630,Savings,144768.81,1,2025/09/17
12479,15670859,Investment,28635.59,2,2026/08/02
12480,15787174,Savings,104.59,2,2026/07/29
12481,15645544,Checking,118917.73,1,2026/04/06
12482,15737509,Loan,281444.92,1,2025/10/13
12483,15616929,Credit Card,83525.05,1,2026/03/10
12484,15691457,Investment,685.54,2,2026/04/29
12485,15685654,Loan,616.78,2,2025/11/17
12486,15703354,Checking,119668.99,1,2026/04/19
12487,15806901,Credit Card,120723.6,1,2026/07/20
12488,15792365,Credit Card,118182.18,2,2026/03/17
12489,15707505,CHECKING,55044.59,2,2026/06/14
12490,15645316,Loan,156061.8,1,2025/11/22
12491,15764237,Savings,199.17,2,2026/07/04
12492,15565796,Investment,83642.18,1,2026/04/18
12493,15675518,Investment,47780.27,2,2026/02/10
12494,15605534,Investment,90625.54,1,2025/10/28
12495,15625311,Credit Card,79358.32,1,2026/01/21
12496,15610594,Investment,71.7,2,2026/04/24
12497,15659149,Loan,433.36,2,2026/01/22
12498,15797113,Checking,85.52,2,2025/12/13
12499,15591766,Investment,90118.51,1,2026/08/30
12500,15697678,Credit Card,37163.28,2,2026/07/10
12501,15681554,Checking,37452.95,2,2026/04/23
12502,15741180,Investment,71614.62,1,2026/01/26
12503,15778192,Investment,501.95,4,2025/11/25
12504,15766686,Checking,110951.24,1,2026/06/30
12505,15737194,Credit Card,382.71,2,2025/11/07
12506,15742126,Checking,88595.72,2,2026/02/15
12507,15729599,Savings,117986.95,1,2025/09/11
12508,15703413,Credit Card,165867.69,1,2025/11/05
12509,15684316,Investment,116.0,2,2025/09/29
12510,15772933,Investment,440.8,1,2026/02/17
12511,15627630,Loan,152.61,2,2026/06/12
12512,15757916,Savings,756.76,2,2026/05/05
12513,15664083,Credit Card,118067.57,1,2026/03/10
12514,15784761,Savings,31578.57,3,2025/11/14
12515,15597467,,6.87,3,2026/02/11
12516,15644796,Credit Card,750.34,2,2026/03/14
12517,15699340,Investment,261.59,2,2026/06/11
12518,15798521,Loan,574.14,2,2025/09/16
12519,15671104,Credit Card,127983.13,1,2026/07/21
12520,15743570,Savings,324.03,2,2026/04/13
12521,15655171,Checking,426.92,1,2026/07/30
12522,15623478,Investment,62009.61,2,2026/02/15
12523,15594270,Savings,113979.47,2,2026/03/24
12524,15570145,Savings,586.17,1,2025/12/03
12525,15758692,Loan,93583.36,1,2026/02/17
12526,15795129,,752.25,2,2026/07/13
12527,15580227,Savings,563.82,2,2025/09/20
12528,15763063,Checking,183895.92,1,2026/07/29
12529,15751185,Loan,181044.79,1,2026/01/25
12530,15609187,Investment,75836.2,2,2026/02/15
12531,15649418,Savings,63427.06,2,2026/06/19
12532,15737047,Checking,315.86,1,2026/06/21
12533,15772482,Loan,47504.33,3,2025/09/23
12534,15761692,Investment,78644.14,2,2026/05/22
12535,15672437,Loan,99588.01,2,2025/10/01
12536,15768945,Credit Card,,1,2026/09/03
12537,15635435,Credit Card,78742.8,1,2025/11/09
12538,15719827,investment,959.07,1,2026/05/15
12539,15616380,Loan,662.59,2,2025/10/05
12540,15809302,,1415.63,2,2025/10/07
12541,15744279,Savings,652.88,1,2025/11/13
12542,15736154,Loan,382.81,2,2025/11/19
12543,15623430,Checking,697.25,2,2025/10/25
12544,15624775,Loan,124566.9,1,2026/05/28
12545,15592570,Savings,561.94,2,2025/11/25
12546,15736656,Credit Card,79.98,2,2026/09/03
12547,15628697,Savings,281312.98,1,2026/01/01
12548,15761976,Credit Card,916.87,2,2025/10/20
12549,15600027,Investment,376.36,2,2026/03/06
12550,15710034,Savings,34942.51,2,2026/03/04
12551,15574004,Credit Card,55731.49,2,2026/02/23
12552,15760427,Savings,117396.57,1,2025/10/14
12553,15802501,Loan,55572.72,2,2026/04/02
12554,15614834,Savings,175020.45,1,2026/02/25
12555,15771059,Loan,143854.13,1,2025/10/08
12556,15728683,Credit Card,511.08,2,2026/05/13
12557,15658057,Loan,378.31,3,2026/03/27
12558,15755262,Credit Card,-4221.86,1,2026/06/09
12559,15778975,Savings ,30134.64,3,2025/10/04
12560,15683157,Loan,45420510.26,1,2026/05/29
12561,15722425,Savings,416.83,2,2026/04/04
12562,15707479,Investment,72356.62,1,2026/07/28
12563,15713578,Savings,1310.7,2,2026/03/24
12564,15606229,Checking,1106.93,2,2026/08/24
12565,15712551,Checking,83217.67,1,2025/11/21
12566,15693347,Savings,457.51,2,2026/06/10
12567,15691624,Credit Card,95841.57,2,2025/10/18
12568,15701687,Loan,31850.73,3,2025/12/18
12569,15649239,Savings,131.95,2,2026/04/20
12570,15758050,Loan,1172.77,2,2025/11/23
12571,15723013,Savings,,2,2025/11/01
12572,15607098,Loan,29722.82,2,2026/01/14
12573,15592091,Checking,89203.7,2,2025/12/28
12574,15770576,Checking,61454.29,2,2026/01/03
12575,15572706,Loan,420.82,1,2025/10/01
12576,15668472,Loan,,2,2026/07/30
12577,15693259,Investment,123303.78,1,2026/08/18
12578,15644686,Loan,22110.25,2,2026/06/15
12579,15807294,Credit Card,59341.87,2,2025/09/15
12580,15773906,Investment,854.75,2,2025/09/29
12581,15641690,Loan,1310.38,2,2026/07/29
12582,15805909,Investment,145748.63,1,2026/08/26
12583,15697702,Checking,662.79,2,2025/12/27
12584,15712772,,-4769.57,1,2026/05/06
12585,15605333,Credit Card,442.29,1,2025/09/24
12586,15615991,,110044.1,1,2025/09/24
12587,15763625,Checking,467.15,2,2025/12/24
12588,15613630,Credit Card,133104.67,1,2025/12/31
12589,15738487,Loan,100.72,2,2025/11/20
12590,15650086,Checking,68406.46,2,2025/11/12
12591,15666012,Savings,55850.76,2,2026/05/17
12592,15671514,Loan,,2,2026/02/13
12593,15633546,Checking,137985.82,1,2026/02/15
12594,15631685,,79909.27,1,2026/03/20
12595,15677371,Loan,27725.88,1,2026/07/24
12596,15794266,Investment,131858.43,1,2026/08/12
12597,15672905,Investment,104.07,2,2026/03/24
12598,15746708,Credit Card,185545.46,1,2025/09/12
12599,15705174,Loan,168571.09,1,2026/05/22
12600,15787550,Savings,203.76,2,2026/01/29
12601,15710365,,39929.36,2,2026/05/13
12602,15808566,Savings,86.86,2,2025/09/15
12603,15774224,Investment,44813.58,2,2026/08/11
12604,15732281,Checking,113250.22,1,2026/09/03
12605,15777459,Loan,67960.35,2,2026/08/25
12606,15584776,Savings,62403.41,1,2026/04/03
12607,15612465,Savings,38155.47,2,2026/06/11
12608,15748432,Investment,722.08,2,2025/10/07
12609,15742009,Savings,250.92,2,2025/09/23
12610,15694272,Credit Card,104398.69,1,2025/12/14
12611,15704442,Checking,45309.52,4,2026/07/01
12612,15586264,Investment,,1,2025/09/21
12613,15679075,Loan,96626.47,1,2025/12/18
12614,15584114,Investment,81689.64,2,2025/12/29
12615,15728012,Checking,133267.17,1,2026/06/28
12616,15814757,Checking,426.43,2,2026/05/12
12617,15758639,Credit Card,308.89,2,2025/09/06
12618,15718231,Loan,73504.35,2,2026/02/28
12619,15780779,Loan,102.0,2,2026/08/28
12620,15778089,Savings,168.59,2,2025/10/14
12621,15625461,Investment,118697.78,2,2026/06/27
12622,15581748,Loan,42558.01,2,2026/03/10
12623,15806403,Loan,879.8,2,2026/05/21
12624,15653784,Investment ,-2619.37,1,2025/11/26
12625,15784280,Checking,55341.88,2,2026/03/25
12626,15745455,Investment,48015.82,2,2025/12/20
12627,15576126,Investment,148168.74,1,2025/11/19
12628,15568328,Checking,136.52,2,2026/06/04
12629,15713890,Checking,340.93,2,2025/09/06
12630,15654457,Investment,558.37,3,2026/07/21
12631,15606507,Savings,444.43,2,2026/07/18
12632,15659694,Credit Card,56000.2,2,2026/01/25
12633,15701602,Credit Card,40790.2,3,2026/01/17
12634,15599976,Loan,1129.97,2,2026/06/14
12635,15675888,Savings,42721.29,1,2026/03/13
12636,15656148,Savings,24589.68,4,2026/05/22
12637,15645269,Checking,333.62,2,2026/03/20
12638,15630328,Loan,54241.96,2,2025/11/23
12639,15624595,Loan,106324.06,1,2025/12/15
12640,15756305,Loan,,2,2026/07/11
12641,15655175,Checking,22542.84,2,2026/01/12
12642,15579433,Loan,39167.81,2,2026/02/21
12643,15571928,Checking,177.45,3,2025/12/12
12644,15745088,Savings,78490.47,2,2026/02/17
12645,15597909,Savings,83665.44,1,2026/01/14
12646,15571261,Credit Card ,79272.44,2,2026/03/23
12647,15622217,Checking,34861.72,2,2025/11/03
12648,15702669,Loan,59103.49,2,2026/08/02
12649,15580623,Checking,314.45,2,2026/01/27
12650,15759733,Savings,926.25,2,2026/04/22
12651,15778410,Loan,820.65,1,2025/09/17
12652,15634974,Checking,22036.55,4,2026/04/19
12653,15763414,Savings,111272.58,1,2026/07/08
12654,15697546,Investment,139.45,2,2026/08/02
12655,15580462,Savings,87086.02,1,2026/08/12
12656,15723827,Checking,108127.33,1,2026/05/23
12657,15610781,Credit Card,88971.99,1,2026/03/29
12658,15599792,Investment,433.4,2,2025/12/16
12659,15710397,Loan,124.68,3,2025/12/06
12660,15797246,Credit Card,-4876.56,2,2025/10/30
12661,15799641,Credit Card,49.08,2,2025/09/24
12662,15780966,Investment,821.46,2,2026/03/20
12663,15581654,Investment,1014.47,4,2025/10/27
12664,15568104,Checking,609.07,2,2025/12/17
12665,15692718,Investment,442.29,2,2025/12/14
12666,15723818,Checking,80662.0,2,2026/06/21
12667,15747323,Loan,71693.03,1,2026/02/02
12668,15694253,Investment,66182.37,2,2026/08/22
12669,15772996,Savings,96862.98,2,2026/08/14
12670,15700460,Loan,58115.39,1,2025/12/21
12671,15780128,Credit Card,71537.86,2,2026/07/03
12672,15607786,Loan,222301.5,1,2026/02/05
12673,15626156,Credit Card,344.76,2,2026/03/06
12674,15652048,Checking,51475.17,2,2026/04/28
12675,15792008,Checking,421.29,2,2025/09/30
12676,15633897,Credit Card,13471.72,2,2026/07/31
12677,15585867,Credit Card,613.49,2,2026/07/20
12678,15786643,Savings,478.29,2,2025/12/29
12679,15788483,Loan,920.21,1,2026/06/20
12680,15628530,Investment,107244.7,2,2026/01/10
12681,15567333,Checking,677.46,2,2025/12/23
12682,15748532,Checking,241.65,1,2026/05/22
12683,15780124,Loan,109935.98,1,2025/09/15
12684,15585901,Checking,794.63,3,2026/02/08
12685,15635502,Credit Card,273.97,1,2025/09/09
12686,15718280,Checking,51981.44,2,2025/12/22
12687,15667889,Investment,492.1,2,2025/12/04
12688,15784148,Credit Card,492.21,2,2026/02/20
12689,15724181,Savings,38496.07,2,2025/12/17
12690,15575691,Savings,434.59,2,2026/05/16
12691,15791102,,39094.48,3,2026/03/20
12692,15783629,Investment,59935.34,2,2026/02/17
12693,15662662,SAVINGS,822.96,2,2026/04/25
12694,15573769,Loan,367.36,2,2026/03/22
12695,15709222,Loan,723.21,1,2026/07/08
12696,15737051,Checking,441.51,2,2025/11/26
12697,15760570,Savings,245.43,2,2026/05/12
12698,15805637,Savings,9878.74,3,2026/05/06
12699,15734609,Investment,682.64,2,2026/06/17
12700,15685805,Loan,615.92,2,2026/07/05
12701,15710853,Loan,195.8,2,2026/01/27
12702,15733429,Savings,63367.99,2,2026/08/10
12703,15743236,Checking,34217.59,1,2026/01/08
12704,15740428,Credit Card,181.28,2,2025/10/12
12705,15671032,Investment,54525.93,2,2026/07/15
12706,15711446,Savings,290.26,3,2025/10/27
12707,15675328,Investment,605.1,2,2025/09/03
12708,15801431,Credit Card,119942.33,1,2025/09/18
12709,15581280,Credit Card,88713.32,1,2026/07/17
12710,15785869,Savings,33.2,2,2025/09/28
12711,15758685,Savings,228.5,2,2025/09/08
12712,15647898,savings,25394.69,3,2026/01/21
12713,15726791,Checking,9861.65,1,2025/09/03
12714,15775572,Savings,,2,2026/02/05
12715,15698758,Savings,42.92,2,2026/04/18
12716,15748649,Savings,77348.78,1,2026/03/17
12717,15723720,Credit Card,559.3,2,2026/06/20
12718,15813327,Loan,49637.2,2,2025/11/23
12719,15574372,Credit Card,48542.14,2,2025/10/22
12720,15622478,Checking,49659.54,3,2025/09/30
12721,15712176,,1048.85,2,2026/03/10
12722,15741554,Savings,107509.33,1,2025/12/22
12723,15593250,Checking,289.25,2,2026/07/30
12724,15644179,Savings,670.98,2,2025/12/09
12725,15678201,Checking,235.4,1,2026/04/07
12726,15787597,Loan,68127.76,2,2026/03/12
12727,15670646,Loan,174950.9,1,2025/10/11
12728,15804394,Investment,153349.49,1,2026/01/24
12729,15783444,Investment,129135.06,1,2026/04/04
12730,15660608,Loan,244397.15,1,2026/08/03
12731,15593128,Loan,,2,2025/09/14
12732,15746704,,89189.31,2,2026/02/02
12733,15692406,Investment,931.16,2,2025/09/20
12734,15667751,CHECKING,-3462.24,1,2025/11/03
12735,15795186,Savings,590.43,1,2026/02/04
12736,15638751,Savings,437.46,2,2025/11/14
12737,15598802,Investment,579.87,2,2026/01/15
12738,15603914,Investment,,1,2026/04/24
12739,15780835,Credit Card,163505.9,1,2025/12/16
12740,15597945,Credit Card,230.03,2,2025/11/03
12741,15751549,Loan,34366.0,2,2026/07/25
12742,15733447,Credit Card,-4392.91,1,2026/08/18
12743,15568506,Loan,21262.66,2,2025/09/18
12744,15619653,Investment,642.46,1,2026/05/04
12745,15675316,Investment,60.54,2,2025/12/01
12746,15626474,,-1717.97,2,2025/09/10
12747,15727556,Investment,256745.65,1,2025/10/30
12748,15675675,Credit Card,-945.11,1,2025/10/17
12749,15711316,Investment,1296.56,2,2026/01/01
12750,15720943,Loan,75699.81,1,2026/04/24
12751,15713374,Loan,,1,2026/06/26
12752,15666548,Loan,21484.33,3,2026/08/24
12753,15759566,Credit Card,534.58,2,2026/06/15
12754,15719579,Credit Card,47340.13,2,2026/01/20
12755,15640464,Savings,96228.67,1,2026/01/19
12756,15699634,Checking,891.39,2,2025/09/14
12757,15768763,Investment,584.89,1,2026/08/28
12758,15654106,Investment,66381.32,2,2026/06/18
12759,15785920,Loan,59173.67,2,2026/05/06
12760,15633930,Credit Card,75444.98,2,2025/10/05
12761,15810732,Loan,72789.86,2,2026/08/23
12762,15780411,Investment,459.02,2,2025/11/20
12763,15800233,Loan,943.98,2,2025/12/22
12764,15815530,Credit Card,96328.22,1,2025/10/06
12765,15613923,Savings ,176973.82,1,2026/03/25
12766,15748920,Savings,33515373.61,2,2026/08/16
12767,15643903,Investment,122028.02,1,2026/03/15
12768,15574868,Investment,39760.45,2,2025/09/18
12769,15608726,Investment,426.28,2,2025/09/22
12770,15709338,Savings,115998.38,1,2026/05/15
12771,15640769,Credit Card,158261.41,1,2026/04/12
12772,15598695,Savings,,2,2026/04/29
12773,15664615,Loan,156726.81,1,2026/04/02
12774,15721462,Credit Card,784.07,2,2025/12/01
12775,15793346,Savings,238.83,2,2025/09/09
12776,15566790,Savings,91552.73,2,2026/06/25
12777,15650442,Investment,148723.67,1,2025/09/25
12778,15618171,,8.22,2,2026/08/05
12779,15787222,Loan,42364.33,2,2025/10/05
12780,15761149,Loan,63666.92,1,2026/01/24
12781,15687491,Savings,74136.17,1,2026/09/01
12782,15668057,Checking,118498.78,1,2026/01/25
12783,15660871,Credit Card,124036.81,1,2026/05/06
12784,15598782,,55640.89,2,2025/12/15
12785,15812007,Savings,147.63,2,2026/01/17
12786,15592994,Savings,90.28,2,2025/09/15
12787,15634844,Investment,74217.92,1,2026/08/12
12788,15800583,Checking,862.8,1,2026/01/20
12789,15662658,Checking,46510.47,2,2025/12/08
12790,15782758,Checking,113670.42,1,2026/01/01
12791,15731166,Loan,116021.38,1,2026/08/22
12792,15685500,Checking,103210.3,2,2026/04/20
12793,15612465,Credit Card,74316.63,2,2025/09/03
12794,15674149,,51974.92,2,2026/08/01
12795,15619626,,90066.28,2,2025/09/25
12796,15660505,Loan,121574.41,1,2026/06/18
12797,15764841,Savings,116508.36,1,2026/04/13
12798,15590337,Checking,106950.83,1,2026/06/16
12799,15666141,Credit Card,32155.5,2,2026/08/28
12800,15739502,Savings,19319.59,2,2026/05/11
12801,15803136,Investment,89966.24,2,2025/12/30
12802,15778694,Investment,23264.88,2,2025/09/27
12803,15662574,,94076.8,1,2026/01/27
12804,15684348,Loan,832.48,2,2026/03/08
12805,15636478,Checking,124318.51,1,2025/10/18
12806,15715394,Credit Card,56298.88,2,2026/07/06
12807,15663817,Savings,747.71,1,2026/03/10
12808,15723851,Credit Card,282.74,1,2026/04/24
12809,15761497,Savings,95798.51,1,2026/05/02
12810,15612358,Savings,60106.94,2,2026/06/08
12811,15603554,Loan,36115.42,3,2025/11/25
12812,15678284,Investment,18361.06,5,2026/03/13
12813,15720463,Credit Card,14302815.64,2,2026/08/06
12814,15720676,Savings,753.55,2,2026/03/12
12815,15572182,Checking,44609.64,3,2026/06/12
12816,15584462,,1155.74,1,2026/06/06
12817,15784097,Credit Card,39509.59,2,2025/11/16
12818,15583840,Checking,147641.15,1,2026/02/14
12819,15704586,Loan,871.49,2,2026/07/27
12820,15632848,Checking,91323.26,1,2026/02/27
12821,15780746,Savings,780.95,2,2026/03/30
12822,15594651,Savings,50452.76,1,2025/12/01
12823,15599004,Checking,491.32,1,2026/06/27
12824,15680920,Savings,63731.72,1,2026/03/27
12825,15665129,Investment,95490.4,2,2026/03/12
12826,15725311,Investment,35559.11,3,2026/04/30
12827,15702715,Loan,228.2,2,2026/02/27
12828,15737025,Loan,295.17,3,2026/01/30
12829,15695148,Loan,330.96,2,2025/11/17
12830,15655360,Loan,102953.2,1,2026/08/13
12831,15569945,Savings,522.17,2,2026/05/14
12832,15764351,investment,196175.64,1,2026/08/14
12833,15610454,CreditCard,156311.27,1,2026/06/07
12834,15702801,Savings,66064.51,1,2026/03/30
12835,15784097,Loan,51088.19,2,2026/03/06
12836,15662021,Investment,254.5,2,2026/04/12
12837,15807525,Savings,20865819.49,4,2025/10/17
12838,15789546,Checking,822.26,2,2026/07/08
12839,15584545,Credit Card,568.13,2,2026/01/10
12840,15698839,Savings,95522.46,2,2025/11/12
12841,15609669,Checking ,78500.55,2,2026/02/20
12842,15568044,Loan,563.17,2,2026/03/05
12843,15581733,savings,,2,2026/07/30
12844,15592531,Savings ,,2,2026/04/29
12845,15598070,Checking,166535.04,1,2026/04/21
12846,15642710,Credit Card,458.97,2,2026/06/06
12847,15709604,Loan,136049.46,1,2026/08/17
12848,15777830,Investment,655.35,2,2025/11/26
12849,15638028,Credit Card,32512.73,2,2025/09/24
12850,15771509,Credit Card,44837.49,2,2026/02/25
12851,15601030,Investment,105600.88,1,2026/05/20
12852,15774258,Loan,253.3,2,2026/07/20
12853,15754747,LOAN,60732.37,2,2025/11/16
12854,15648951,Investment,424.56,2,2026/07/06
12855,15567383,Checking,44709.9,2,2026/02/24
12856,15611191,Credit Card,43988.33,2,2026/06/06
12857,15698619,Savings,-1974.31,4,2026/07/23
12858,15596522,Loan,541.98,2,2025/11/23
12859,15623277,Credit Card,719.57,2,2026/06/23
12860,15663987,Credit Card,693.05,3,2025/11/13
12861,15632069,Credit Card,73295.52,2,2025/12/17
12862,15717046,Loan,674.61,2,2026/08/23
12863,15666096,Savings,700.34,1,2026/03/24
12864,15624170,Checking,32501.87,2,2025/10/14
12865,15676521,Checking,1008.77,2,2026/04/05
12866,15755084,Credit Card,164589.96,1,2025/10/30
12867,15641690,CHECKING,335.5,2,2026/05/17
12868,15769703,Loan,124862.58,1,2026/06/08
12869,15687558,Investment,69467.51,1,2025/09/24
12870,15723613,Loan,660.43,2,2026/05/27
12871,15646366,Loan,102723.74,1,2025/10/26
12872,15728906,Savings,329.22,2,2026/06/24
12873,15697095,Loan,665.73,2,2025/09/05
12874,15778526,Savings,464.7,2,2026/01/11
12875,15650437,Credit Card,47899.02,2,2026/06/11
12876,15798200,Investment,1221.84,3,2026/08/09
12877,15790763,Savings,507.47,2,2025/11/26
12878,15724076,Savings,939.51,3,2025/12/28
12879,15764432,Investment,-4352.15,1,2026/08/19
12880,15757865,Checking,605.52,2,2026/09/01
12881,15649292,Loan,30788.01,1,2026/02/21
12882,15645637,Savings,61296.97,1,2026/05/11
12883,15591179,Checking,753.7,2,2025/11/01
12884,15779059,Credit Card,57747.02,1,2026/02/16
12885,15609804,Investment,448.78,2,2026/03/13
12886,15714877,Credit Card,162.8,2,2026/06/10
12887,15769356,Credit Card,53588.74,2,2026/03/24
12888,15724719,Loan,175374.97,1,2026/05/28
12889,15738546,Savings,66.77,2,2026/08/05
12890,15750638,Checking,100858.35,1,2026/03/23
12891,15655123,Credit Card,50798.48,3,2025/12/24
12892,15760063,Checking,512.37,2,2026/06/25
12893,15665378,Checking,766.54,2,2026/03/01
12894,15668309,Savings,147875.19,1,2026/03/30
12895,15592230,Savings,697.97,2,2026/08/21
12896,15569626,Loan,23082308.01,1,2025/10/27
12897,15715512,Investment,164879.2,1,2025/12/27
12898,15751203,Checking,38905.0,2,2026/07/27
12899,15626806,Investment,868.73,2,2026/07/29
12900,15777614,Checking,581.14,2,2026/04/23
12901,15671582,Savings,120912.5,1,2025/11/21
12902,15701352,Credit Card,65842.12,2,2026/08/24
12903,15622003,Savings,37072.23,2,2025/12/08
12904,15581525,Savings,53425.29,2,2025/09/03
12905,15697546,Checking,153.38,2,2026/05/19
12906,15722599,Investment,116431.37,2,2025/10/28
12907,15624633,Loan,61127.53,1,2026/05/14
12908,15641114,Loan,70455.06,1,2025/11/15
12909,15690337,Credit Card,45469.08,2,2025/10/09
12910,15696355,Credit Card,42003910.54,1,2026/08/24
12911,15729087,Savings,57389.26,2,2026/02/06
12912,15640852,Savings,,4,2026/01/04
12913,15730397,Savings,85494.35,1,2026/03/29
12914,15645029,Loan,444.93,2,2026/02/05
12915,15745030,Investment,48572.95,2,2025/12/19
12916,15579914,Investment,49971.09,2,2026/06/07
12917,15580249,Checking,31263834.93,1,2026/07/26
12918,15697095,Checking,481.01,2,2025/10/22
12919,15716134,savings,55691.77,2,2025/12/09
12920,15686696,Loan,53035.04,2,2025/09/15
12921,15734578,Savings,109732.29,1,2025/09/11
12922,15718531,Savings,566.6,2,2025/09/18
12923,15684419,Investment,193.82,2,2026/02/01
12924,15681007,Checking,13590.25,4,2025/11/03
12925,15593694,Checking,557.59,2,2025/12/18
12926,15732270,Investment,692.85,1,2025/12/07
12927,15642162,Investment,145948.77,1,2026/08/17
12928,15577970,investment,716.67,1,2025/10/09
12929,15611599,Savings,,2,2025/10/07
12930,15704819,Checking,33639.02,2,2026/01/10
12931,15757473,Loan,62748.64,2,2026/04/22
12932,15665790,Savings,37432.52,2,2025/11/02
12933,15580213,Credit Card,203.03,2,2026/04/07
12934,15646942,Credit Card,331.34,2,2026/03/05
12935,15676707,Checking,1301.29,2,2026/08/07
12936,15807993,Checking,122500.0,1,2026/03/28
12937,15806134,Checking,82085.37,2,2025/09/08
12938,15582944,Checking,715.69,2,2026/08/26
12939,15615254,Savings,57956.66,1,2026/07/05
12940,15792228,Credit Card,209560.06,1,2026/02/03
12941,15772009,Checking,404.34,1,2026/02/25
12942,15629323,Investment,65934.41,2,2026/03/20
12943,15742613,Savings,30501.84,2,2026/03/13
12944,15741275,Loan,23713.76,2,2025/12/18
12945,15671804,Investment,86228.45,2,2026/02/05
12946,15587573,Loan,56376.07,2,2026/04/10
12947,15754537,Credit Card,1082.15,1,2026/07/17
12948,15575883,Checking,,2,2026/07/01
12949,15624596,Savings,131401.57,1,2026/05/05
12950,15813132,Checking,81660.91,1,2026/07/25
12951,15784042,Credit Card,107237.53,1,2026/07/14
12952,15772604,Savings,81852.91,2,2026/07/03
12953,15796617,Savings,342.08,2,2025/09/24
12954,15571281,Loan,102766.77,1,2026/08/16
12955,15609083,checking,493.05,1,2026/05/12
12956,15636353,Checking,322.49,2,2025/09/19
12957,15787619,Checking,197887.31,1,2026/05/16
12958,15614923,Credit Card,119096.49,1,2026/02/13
12959,15814940,Loan,-3095.17,2,2026/03/01
12960,15696287,Savings,122052.35,1,2025/09/18
12961,15804862,Credit Card,227598.41,1,2026/01/11
12962,15765857,Checking,121432.97,1,2026/08/27
12963,15759436,Investment,44001.83,3,2026/05/03
12964,15774882,Savings,92738.65,1,2026/03/18
12965,15638646,Loan,141089.75,1,2026/06/05
12966,15708196,Loan,71640.04,1,2025/10/23
12967,15730044,Loan,17817.61,3,2026/04/07
12968,15626322,Investment,48794.03,2,2026/08/21
12969,15779182,Investment,158660.43,2,2026/06/30
12970,15811327,Savings,123122.4,1,2026/07/17
12971,15784161,Credit Card,70963.19,1,2026/03/01
12972,15736510,Credit Card,654.05,2,2026/08/19
12973,15607142,Savings,481.16,1,2026/05/12
12974,15579566,Credit Card,65772.25,1,2025/09/16
12975,15725794,Loan,282.34,1,2026/03/16
12976,15617134,Investment,396.16,2,2025/09/22
12977,15683522,Credit Card,126128.98,1,2026/05/10
12978,15759872,Savings,451.05,2,2025/10/17
12979,15589449,Investment,1367.11,3,2026/05/04
12980,15792102,Credit Card,104381.51,1,2026/01/10
12981,15749799,Savings,364.32,2,2026/06/08
12982,15585388,,56076.99,2,2025/10/20
12983,15603088,Investment,565.34,2,2025/10/15
12984,15627377,Checking,403.4,2,2026/01/06
12985,15794253,Credit Card,63941.59,2,2026/07/23
12986,15746076,Credit Card,1172.98,2,2025/10/21
12987,15701164,Credit Card,110743.78,1,2026/04/23
12988,15809654,Credit Card,35540.76,2,2026/03/16
12989,15756824,Savings,66799.11,2,2026/02/22
12990,15658240,Checking,65425.99,2,2026/01/04
12991,15639133,Credit Card,502.49,2,2026/07/09
12992,15688973,Checking,512.83,2,2026/05/01
12993,15671137,Loan,918.83,1,2025/09/20
12994,15618446,Savings,295.64,2,2026/02/15
12995,15572265,Loan,102116.03,2,2026/02/08
12996,15649418,Investment,90924.28,2,2026/06/12
12997,15777830,Savings,530.07,2,2026/08/29
12998,15741633,Credit Card,94303.42,1,2026/04/22
12999,15764284,Checking,787.12,3,2025/12/22
13000,15728010,Loan,859.6,2,2026/07/14
13001,15616122,Loan ,183.3,2,2026/04/01
13002,15711901,Investment,95761.32,1,2025/10/21
13003,15767339,Savings,182.91,2,2025/09/08
13004,15621083,Credit Card,83409.91,1,2026/08/19
13005,15802207,Checking,67592.75,2,2025/11/07
13006,15655082,Credit Card,-542.19,3,2026/07/03
13007,15793641,Investment,1079.63,2,2026/08/14
13008,15688395,Loan,785.47,2,2025/09/17
13009,15600392,Loan,61356.87,2,2026/05/20
13010,15768282,Loan,62863.84,2,2026/04/18
13011,15641655,Credit Card,50.46,2,2025/10/08
13012,15651737,Investment,104648.7,1,2026/05/18
13013,15790630,Savings,1006.69,1,2025/12/04
13014,15766826,Savings,159138.5,1,2026/04/28
13015,15606915,Checking,92465.44,1,2026/01/21
13016,15757821,Checking,654.58,2,2026/08/25
13017,15691287,Savings,187258.84,1,2026/06/19
13018,15627298,Investment,44045.44,2,2026/03/20
13019,15706706,Savings,101432.83,2,2026/06/04
13020,15668893,,833.71,2,2026/08/03
13021,15735837,Investment,625.19,2,2025/09/27
13022,15760431,Checking,591.88,2,2026/01/10
13023,15723737,Savings,472.39,1,2026/06/29
13024,15703763,Savings,77395.75,1,2025/11/02
13025,15700696,Loan,111394.93,1,2026/08/26
13026,15714981,,174.75,1,2026/05/25
13027,15764726,Credit Card,117540.42,1,2026/05/12
13028,15683977,Loan,0.45,2,2025/12/01
13029,15776947,,992.73,1,2026/04/22
13030,15652169,Credit Card,81346.63,1,2026/01/31
13031,15664204,Savings,190.91,2,2025/11/25
13032,15594041,Credit Card,132063.21,1,2025/09/23
13033,15578006,Loan,459.65,2,2026/01/29
13034,15663942,Checking,398.99,2,2026/07/07
13035,15740878,Investment,533.42,2,2026/02/19
13036,15748414,Credit Card,69232.74,3,2026/04/09
13037,15696301,Loan,91260.76,1,2025/10/29
13038,15607178,Savings,62533.06,1,2026/08/20
13039,15694125,Loan,466.01,2,2025/11/21
13040,15734312,Checking ,1042.02,2,2025/10/12
13041,15813532,Investment,1377.45,2,2025/12/13
13042,15642570,Credit Card,492.3,2,2026/05/07
13043,15626414,Checking,121197.62,1,2026/05/09
13044,15719090,Investment,104898.14,1,2026/01/08
13045,15714575,Savings,64185.11,1,2025/09/05
13046,15716728,Credit Card,323.25,2,2026/03/20
13047,15674110,Loan,202842.78,1,2026/08/03
13048,15686776,Credit Card,29196.6,2,2025/12/02
13049,15568164,Loan,40080.3,2,2026/03/14
13050,15587038,Credit Card,558.48,1,2025/09/25
13051,15646784,Credit Card,67569.47,2,2026/02/04
13052,15790067,Loan,123437.68,1,2025/12/05
13053,15637979,Credit Card,75876.85,2,2025/12/26
13054,15751336,Savings,900.59,2,2026/02/24
13055,15774727,Savings,45788.63,2,2026/08/18
13056,15601417,Loan,,2,2026/06/28
13057,15705885,Savings,236.3,2,2026/05/13
13058,15620000,Credit Card,64603.73,2,2025/12/29
13059,15682778,Loan,226.19,2,2026/09/03
13060,15671915,LOAN,503.59,2,2026/04/18
13061,15702014,Investment,15531.47,2,2026/08/27
13062,15722765,Savings,124032.62,1,2025/11/01
13063,15699294,Investment,425.76,2,2025/10/24
13064,15595842,Checking,134430.74,1,2025/11/26
13065,15591279,Investment,53860.25,1,2025/11/13
13066,15648032,Checking,,2,2025/11/09
13067,15619955,Checking,45299.77,3,2026/07/09
13068,15662203,Credit Card,-1267.43,2,2026/06/18
13069,15811261,Savings,64824.88,1,2025/09/15
13070,15670066,Investment,494.31,2,2026/04/15
13071,15641794,Savings,112208.92,2,2026/05/15
13072,15682576,Investment,48807.43,2,2026/03/09
13073,15611551,Investment,53600.05,2,2026/08/26
13074,15809837,Investment,64225.41,2,2026/04/11
13075,15608387,CreditCard,59.54,2,2025/09/13
13076,15695168,Investment,21.35,2,2026/08/31
13077,15706217,Credit Card,59101.65,2,2026/05/29
13078,15693996,Investment,162208.62,1,2026/08/24
13079,15685346,Credit Card,131470.4,1,2026/03/10
13080,15731327,Checking,74977.61,2,2026/07/25
13081,15757188,Savings,70855.17,2,2026/06/08
13082,15813444,Credit Card,1079.13,2,2025/10/27
13083,15733297,Checking,,1,2026/04/05
13084,15585865,Checking,111172.93,2,2026/05/03
13085,15692291,Savings,60605.72,2,2025/09/20
13086,15760849,Checking,139.98,2,2026/01/23
13087,15573077,Loan,77484.81,1,2026/04/14
13088,15749365,Investment,109.21,2,2026/06/15
13089,15806210,Investment,69376.82,2,2026/08/28
13090,15800215,Investment,573.4,2,2026/04/07
13091,15807563,Savings,1121.65,1,2025/10/07
13092,15586699,Savings,185.93,2,2025/10/06
13093,15663134,Savings,159.95,2,2025/10/17
13094,15806467,Credit Card,155008.99,1,2026/01/15
13095,15578098,Credit Card,54.74,2,2026/08/09
13096,15666884,Checking,26686.63,1,2026/03/05
13097,15711635,Loan,84874.54,2,2026/05/04
13098,15716608,Investment,-3551.2,3,2026/03/27
13099,15626141,Investment,97466.65,2,2026/05/20
13100,15592379,Checking,56557.66,2,2026/01/05
13101,15618765,Loan,59683.66,1,2025/11/12
13102,15599182,Credit Card,45719296.57,2,2025/11/03
13103,15744770,Investment,609.84,2,2025/09/15
13104,15687270,Checking,235.97,2,2025/11/24
13105,15766064,Savings,33465.46,2,2025/10/17
13106,15658459,Investment,417.96,2,2026/06/22
13107,15781884,Savings,24640.78,2,2025/12/07
13108,15769548,Loan,137723.71,1,2026/08/09
13109,15571756,Savings,72.67,1,2025/12/12
13110,15608588,Loan,122516.55,1,2026/04/19
13111,15665579,Loan,134652.72,1,2026/08/06
13112,15771535,Loan,592.54,2,2026/06/09
13113,15602124,Credit Card,227.25,2,2026/03/13
13114,15751022,Checking,47242.75,2,2026/06/15
13115,15721426,Investment,63854.82,3,2026/01/15
13116,15615245,Loan,182424.79,1,2026/05/05
13117,15768006,Credit Card,167431.34,1,2025/10/07
13118,15624729,Savings,83975.18,1,2026/08/05
13119,15642655,Investment,724.22,1,2025/12/06
13120,15792649,Savings,574.79,2,2026/06/28
13121,15751336,Investment,355.65,2,2026/04/02
13122,15664754,Checking,34805.56,4,2025/11/01
13123,15652527,Checking,116666.04,1,2026/06/16
13124,15793311,Investment,66560.01,2,2025/09/23
13125,15589496,Investment,73888.74,2,2025/12/30
13126,15805704,Checking,963.95,4,2025/12/15
13127,15710105,Savings,104659.66,1,2025/11/17
13128,15631800,Investment,63392.36,1,2026/02/03
13129,15789484,Credit Card,78280.69,2,2025/11/10
13130,15750839,Loan,57216.46,1,2026/08/28
13131,15658716,Checking,,3,2026/03/22
13132,15627801,CHECKING,183154.7,1,2025/09/08
13133,15740470,CREDIT CARD,66642.49,2,2026/03/12
13134,15616859,investment,26459.02,4,2025/10/03
13135,15698872,Credit Card,1250.87,2,2026/05/22
13136,15669783,Investment,17562.88,2,2025/09/09
13137,15569571,Loan,53604.77,2,2025/10/30
13138,15621075,Investment,96997.75,2,2026/05/29
13139,15759250,Credit Card,125441.11,1,2026/08/09
13140,15677317,Loan,91182.9,1,2026/01/17
13141,15683524,Savings,110428.3,2,2026/06/29
13142,15699634,Savings,1007.03,2,2026/06/01
13143,15718153,Savings,177134.39,1,2025/09/07
13144,15775318,Checking,45812.03,4,2026/02/05
13145,15720511,Loan,153840.69,1,2025/11/12
13146,15801293,Credit Card,,2,2026/02/13
13147,15659094,Checking,98213.85,2,2026/01/05
13148,15714610,Investment,626.73,2,2026/05/06
13149,15780779,Investment,573.27,2,2025/12/21
13150,15570086,Checking,71025.97,1,2025/12/08
13151,15708422,Credit Card,714.62,2,2026/08/08
13152,15781326,Credit Card,-2117.31,1,2026/05/04
13153,15619616,Checking,32625.31,2,2026/05/05
13154,15661433,Investment,582.09,1,2026/05/06
13155,15704250,Loan,633.32,2,2025/12/21
13156,15605020,Investment,30984.04,2,2025/10/23
13157,15665956,,759.06,1,2025/11/30
13158,15622305,credit card,58362.87,2,2026/03/20
13159,15809777,Loan,79389.81,1,2026/06/13
13160,15715047,Savings,157277.86,1,2026/07/24
13161,15749799,Checking,921.77,2,2026/07/21
13162,15595071,Loan,137062.31,1,2026/06/07
13163,15677435,Loan,54129.55,2,2025/10/09
13164,15623730,Credit Card,1197.86,1,2025/11/16
13165,15737778,Investment,145.3,1,2026/08/10
13166,15813451,Savings ,72838.97,2,2025/11/07
13167,15727391,Investment,69523.93,2,2026/05/22
13168,15646566,Savings,109873.86,1,2025/11/16
13169,15723169,Credit Card,155570.83,1,2025/10/07
13170,15576196,Checking,29390.87,2,2026/05/05
13171,15610903,Investment,87350.59,1,2026/05/23
13172,15663263,Savings,90280.2,2,2025/10/10
13173,15720187,Credit Card,72959.54,2,2026/06/19
13174,15654156,Loan,151027.29,1,2025/11/26
13175,15766163,Loan,117.02,2,2026/01/07
13176,15679200,Loan,20107.83,2,2026/07/20
13177,15802593,Investment,,3,2026/04/02
13178,15716518,Investment,216.46,2,2026/07/20
13179,15695197,Checking,49592.38,2,2026/03/07
13180,15698703,Savings,83009.57,2,2025/12/27
13181,15600106,Credit Card,-3979.72,2,2026/01/15
13182,15785899,Savings,114249.09,1,2026/03/30
13183,15779529,Savings,584.49,2,2025/10/03
13184,15679804,Investment ,47206.43,2,2026/04/12
13185,15799635,Checking,182267.52,1,2025/09/24
13186,15630709,Credit Card,45726.86,2,2026/02/14
13187,15712849,Loan,115853.2,1,2026/03/24
13188,15740383,investment,-139.59,2,2025/09/17
13189,15762902,Checking,1182.25,4,2025/12/10
13190,15773876,Investment,534.33,2,2026/08/12
13191,15717937,Checking,72819.86,1,2026/03/13
13192,15745196,Credit Card,154.27,2,2026/03/22
13193,15633516,Checking,457.41,1,2026/04/21
13194,15592761,Savings,13.36,2,2026/07/10
13195,15722473,Investment,1040.32,2,2025/12/27
13196,15584364,Savings,44553.83,1,2025/11/07
13197,15737556,Credit Card,30124356.88,2,2026/05/06
13198,15609928,Checking,80907.86,2,2026/07/14
13199,15612594,Savings,1177.43,2,2026/05/21
13200,15595047,Savings,816.83,2,2026/03/30
13201,15750867,Credit Card,67108.43,1,2026/07/30
13202,15714883,Credit Card,157602.63,1,2026/07/25
13203,15740175,Credit Card,56333.83,2,2025/11/22
13204,15806941,Credit Card,26844.47,2,2026/01/04
13205,15700394,Investment,83654.16,2,2026/07/06
13206,15723437,Loan,468.34,2,2026/05/27
13207,15630725,Checking,125542.94,1,2026/01/28
13208,15659694,Savings,29898.81,2,2026/05/15
13209,15636977,Investment,35664.95,3,2025/10/11
13210,15637650,Credit Card,37517.43,2,2026/04/12
13211,15774382,Loan,204902.56,1,2026/07/07
13212,15588955,Checking,22237.51,3,2025/09/18
13213,15576304,Checking,95339.83,1,2026/04/04
13214,15763274,Savings,80676.6,1,2025/10/06
13215,15574783,Checking,745.65,2,2026/06/17
13216,15731330,Loan,94604.27,1,2025/10/16
13217,15634373,Checking,1526.37,2,2026/08/29
13218,15596021,Checking,72.06,2,2025/11/16
13219,15728823,Savings,689.03,2,2026/07/28
13220,15588372,Savings,89697.55,1,2025/09/23
13221,15744691,Loan,447.6,3,2026/03/11
13222,15690939,Savings,86.83,1,2026/01/23
13223,15768495,Loan,48274.69,2,2026/03/23
13224,15571843,Savings,403.15,1,2026/01/24
13225,15683027,,51385.3,2,2026/04/28
13226,15613844,Checking,29759458.43,2,2026/08/01
13227,15672357,Investment,142.38,2,2026/02/24
13228,15779522,Credit Card,372.37,2,2026/02/05
13229,15791877,Loan,52917.18,2,2026/06/04
13230,15565779,Loan,45942.21,1,2026/07/09
13231,15737354,Investment,755.78,2,2026/02/17
13232,15743538,Loan,944.93,2,2026/02/07
13233,15585280,Checking ,1.73,2,2026/05/01
13234,15768465,Checking,44141.52,2,2026/05/22
13235,15729574,Checking,369.82,2,2026/05/10
13236,15631756,Credit Card,-4465.7,2,2026/03/19
13237,15773242,Investment,,2,2026/08/21
13238,15641416,Loan,60845.19,2,2026/07/01
13239,15775153,Savings,44901.54,1,2026/08/24
13240,15648362,Checking,62588.37,2,2026/06/16
13241,15588090,Credit Card,69128.85,4,2026/08/18
13242,15588955,CREDIT CARD,29626.7,3,2026/07/09
13243,15574842,Investment,41571.69,3,2026/07/06
13244,15680643,Credit Card,491.39,2,2026/08/07
13245,15773520,,56616.47,2,2026/06/23
13246,15616954,Checking,225.85,2,2025/11/12
13247,15617197,Loan,232.21,2,2026/05/01
13248,15757661,Credit Card,276.4,2,2026/02/22
13249,15724402,Checking,360.23,2,2025/10/19
13250,15645600,Checking,41694.38,1,2026/08/23
13251,15780215,Investment,838.55,2,2026/05/11
13252,15800773,Investment,82600.87,1,2026/02/25
13253,15711521,CreditCard,198549.05,1,2026/06/02
13254,15684801,Savings,40068.86,3,2026/05/25
13255,15806796,Loan,140630.44,1,2026/07/15
13256,15736302,LOAN,1142.26,2,2026/07/23
13257,15718588,Savings,266.27,2,2025/10/05
13258,15625592,Checking,281.68,2,2026/01/09
13259,15569917,Loan,43104.5,2,2026/07/22
13260,15618816,Savings,138053.1,1,2026/01/18
13261,15810839,Savings,51545.49,1,2026/01/19
13262,15770554,Credit Card,19228.4,2,2026/01/28
13263,15598157,CREDIT CARD,78384.67,1,2026/07/04
13264,15787848,Checking,62445.38,2,2026/05/23
13265,15694349,Loan,62.88,1,2025/12/28
13266,15793726,Investment,488.13,2,2026/02/10
13267,15744295,Savings,90791.57,2,2026/02/15
13268,15806808,Savings,33690.27,3,2026/01/03
13269,15684861,Loan,970.66,2,2026/06/19
13270,15586133,Investment,170916.96,1,2025/12/09
13271,15809999,Loan,36022.75,2,2026/02/28
13272,15712608,Investment,37356.86,2,2026/02/06
13273,15671973,Savings,652.21,2,2025/12/10
13274,15650575,Loan,258.19,2,2026/02/21
13275,15806049,Loan,90541.3,1,2026/05/26
13276,15792679,Savings,481.73,2,2026/08/15
13277,15711288,Savings,164.82,2,2026/04/01
13278,15763097,Investment,58.8,2,2026/01/23
13279,15674368,Investment,38910.0,2,2026/01/16
13280,15781903,Loan,62810.85,2,2026/07/06
13281,15808044,Checking,25485.43,3,2026/04/08
13282,15608804,Credit Card,85472.89,1,2026/08/11
13283,15642785,Investment,33232.38,2,2026/08/06
13284,15758513,Credit Card,380.38,2,2025/12/08
13285,15607275,Savings,133275.79,2,2026/07/13
13286,15595537,Credit Card,137685.08,3,2025/11/13
13287,15647807,Loan,84513.84,1,2026/08/21
13288,15810203,LOAN,34970.49,2,2026/02/01
13289,15677586,Checking,62922.57,2,2025/12/09
13290,15642636,Loan,-2668.95,1,2026/08/20
13291,15713599,Investment,124716.89,1,2026/08/20
13292,15628893,Checking,374.85,1,2026/03/07
13293,15651943,Loan,160.08,2,2026/09/02
13294,15695356,Savings,1187.42,2,2026/06/07
13295,15658956,Investment,22049.7,2,2026/06/13
13296,15594720,Loan,40672.27,2,2026/02/14
13297,15680224,Loan,123.74,2,2025/12/16
13298,15602934,Investment,49056.21,2,2026/04/27
13299,15688059,Savings,50279.7,2,2026/06/27
13300,15755722,Checking,658.43,1,2026/05/27
13301,15731281,Credit Card,153905.53,2,2025/11/30
13302,15684316,Checking,,2,2025/11/02
13303,15760825,Credit Card,617.97,2,2026/01/30
13304,15686345,Checking ,44.62,2,2026/07/26
13305,15708256,Credit Card,186.78,2,2026/01/07
13306,15625524,Credit Card,801.4,2,2025/12/17
13307,15793425,Checking,1427.41,1,2026/07/06
13308,15617507,Investment,404.73,2,2026/07/24
13309,15591010,Investment,36944.29,2,2026/02/22
13310,15611947,Savings,79969.3,1,2025/12/05
13311,15687329,Credit Card,34043.82,2,2026/07/31
13312,15789874,Investment,50667.62,2,2026/05/15
13313,15659656,Investment,115150.49,1,2026/03/13
13314,15747168,Credit Card,102577.51,1,2026/01/06
13315,15725002,Investment,13511954.61,2,2026/03/22
13316,15599440,Checking,274.3,2,2026/05/08
13317,15790204,Credit Card,229.0,1,2026/01/19
13318,15734737,Checking,,2,2026/06/20
13319,15670859,Savings,60783.06,2,2026/04/26
13320,15730059,Loan,,2,2026/06/05
13321,15566139,Credit Card,72075.12,1,2026/02/24
13322,15614230,Loan,1236.05,2,2025/11/16
13323,15688157,Loan,14891.29,2,2026/01/11
13324,15595282,Loan,567.57,2,2026/07/10
13325,15637476,Investment,,1,2025/10/09
13326,15607170,Credit Card,505.56,2,2026/01/10
13327,15577274,Investment,78148.49,1,2025/11/05
13328,15784148,Credit Card,492.21,2,2026/03/14
13329,15636548,Savings,556.68,2,2026/06/11
13330,15685920,Credit Card,134221.12,1,2026/03/23
13331,15626983,Credit Card,911.8,2,2025/09/04
13332,15631681,Checking,248.26,2,2025/10/07
13333,15710053,Checking,72957.68,2,2025/12/08
13334,15642093,Investment,499.17,2,2026/01/11
13335,15749093,Investment,94097.12,2,2026/05/14
13336,15665008,Credit Card,21094.59,2,2026/04/23
13337,15774258,Investment,686.43,2,2026/06/11
13338,15658211,Investment,136.46,2,2026/06/28
13339,15647295,Checking,297.27,2,2026/01/22
13340,15634606,Credit Card,1125.76,2,2026/05/22
13341,15753343,Checking,107893.15,1,2026/06/20
13342,15797900,Investment,197078.0,1,2026/04/06
13343,15798256,Checking,74375.88,2,2025/12/13
13344,15573242,Investment,73663.46,1,2026/01/17
13345,15626684,Investment,160057.51,1,2025/09/29
13346,15809906,Savings,81518.99,2,2026/04/09
13347,15585427,Checking,68388.1,2,2026/07/21
13348,15572294,Loan,107.65,1,2026/05/11
13349,15720820,Investment,33611.07,2,2026/07/04
13350,15635244,Checking,523.27,2,2025/10/28
13351,15799217,,72865.49,1,2026/05/04
13352,15708504,Checking,86735.73,1,2026/04/14
13353,15723250,Credit Card,1027.96,2,2026/03/20
13354,15698927,Checking,643.35,2,2026/02/10
13355,15625592,Credit Card,391.32,2,2025/11/03
13356,15593178,Investment,152071.43,1,2025/11/13
13357,15606841,Checking,44.13,2,2025/12/04
13358,15805523,Checking,102726.6,1,2025/11/04
13359,15651900,Investment,93626.95,1,2026/03/07
13360,15778025,Credit Card,46010.8,2,2025/09/30
13361,15718071,Credit Card,835.79,2,2025/09/24
13362,15587421,Checking,77608.96,2,2025/10/08
13363,15678572,Investment,40782.95,2,2026/01/23
13364,15789560,Loan,223818.97,1,2025/10/28
13365,15812534,Loan,367.95,3,2026/06/10
13366,15643438,Credit Card,674.7,2,2026/06/04
13367,15720354,Loan,676.32,2,2026/01/18
13368,15574783,Investment,830.72,2,2025/11/07
13369,15792222,Checking,57560.55,2,2025/10/22
13370,15566633,Credit Card,67125.66,2,2026/08/20
13371,15580252,Savings,125855.09,1,2026/04/07
13372,15627195,Savings,93542.0,2,2025/12/16
13373,15786433,Investment,94855.37,2,2025/09/23
13374,15634267,Investment ,437.18,2,2026/08/07
13375,15633840,Savings,90309.67,2,2026/06/20
13376,15792525,Savings,57203.97,1,2025/10/03
13377,15575024,Checking,904.05,2,2025/09/08
13378,15669011,Savings,22996.56,1,2025/10/30
13379,15665760,Checking,594.96,2,2026/02/22
13380,15764431,Loan,41360.61,4,2026/07/19
13381,15812210,Loan,42202.73,4,2026/01/22
13382,15590606,Checking,672.42,2,2026/01/26
13383,15759067,Loan,28125.13,4,2026/04/11
13384,15649112,Loan,15386.1,2,2026/01/04
13385,15693893,Investment,130782.93,1,2025/12/30
13386,15636595,Investment,80437.84,2,2025/12/24
13387,15721383,Investment,606.42,2,2026/07/16
13388,15637366,Savings,44278.02,2,2026/07/09
13389,15649379,Loan,167.43,2,2026/06/22
13390,15592773,Checking,36584.27,3,2026/01/17
13391,15813974,Investment,119585.26,1,2026/06/12
13392,15708362,Investment,16454.37,2,2026/03/03
13393,15680197,Credit Card,510.15,2,2026/01/02
13394,15748068,Loan,1014.11,2,2025/11/19
13395,15707132,,639.66,2,2025/09/14
13396,15679818,Savings,122224.11,1,2026/06/13
13397,15613102,Savings,,1,2026/06/29
13398,15764405,Investment,1299.21,2,2026/02/12
13399,15567991,Savings,56820.44,2,2025/12/24
13400,15585451,Investment,151829.31,1,2025/11/29
13401,15642997,Credit Card,138456.13,1,2026/03/18
13402,15605279,Investment,25.77,4,2025/12/16
13403,15694376,Loan,37157.28,3,2026/06/07
13404,15598614,Checking,146.54,2,2026/07/15
13405,15652808,Investment,136968.89,1,2025/09/11
13406,15760514,Investment,74455.85,2,2025/11/24
13407,15687094,Checking,54104.98,2,2025/10/19
13408,15751524,Investment,71204.02,1,2026/06/22
13409,15693199,Loan,1038.48,2,2026/07/14
13410,15730830,,999.33,2,2026/01/19
13411,15705379,Loan,426.79,2,2026/05/09
13412,15781272,Investment,70454.96,3,2025/11/05
13413,15733974,Loan ,169238.53,1,2025/10/21
13414,15712568,Savings,111093.13,1,2026/01/07
13415,15790336,Loan,28543.41,2,2026/03/30
13416,15711635,Checking,24040.23,2,2025/12/25
13417,15713890,Loan,658.21,2,2026/01/04
13418,15658195,Checking,123499.96,1,2026/04/26
13419,15583221,Investment,41931.73,2,2026/07/12
13420,15638247,Loan,777.27,2,2025/11/26
13421,15604044,Checking,153071.6,1,2025/11/30
13422,15627484,Checking,85947.63,1,2025/12/24
13423,15705379,Savings,560.39,2,2026/01/24
13424,15784301,Loan,435.75,2,2025/10/27
13425,15668818,Credit Card,261701.87,1,2025/09/04
13426,15642160,Savings,788.51,2,2026/01/03
13427,15705707,Checking,79561.74,2,2026/08/12
13428,15599081,Credit Card,107667.96,1,2026/02/07
13429,15622192,Credit Card,1172.64,2,2026/04/13
13430,15748673,Loan,340.96,2,2026/06/26
13431,15576352,Checking,399.6,2,2026/07/07
13432,15576774,Checking,1325.61,2,2026/03/19
13433,15709252,Loan,140131.69,1,2026/04/19
13434,15599722,Checking,47679.33,2,2025/12/21
13435,15621267,Credit Card,147.56,1,2025/12/30
13436,15606944,Investment,254454.61,1,2025/10/24
13437,15611794,Loan,63078.25,2,2025/10/14
13438,15662263,Checking,47265.81,2,2026/03/31
13439,15700772,Loan,224.61,2,2026/09/02
13440,15763806,Investment,479.31,2,2026/04/18
13441,15750458,Savings,699.14,2,2026/04/17
13442,15628279,Savings,495.39,2,2025/11/18
13443,15723818,Savings,79723.5,2,2026/03/18
13444,15596397,Credit Card,149.0,2,2026/07/14
13445,15691817,Loan,489.69,3,2026/03/16
13446,15618018,Savings,33860.94,2,2025/09/14
13447,15606436,Loan,1026.58,2,2026/06/07
13448,15708610,Checking,44035.11,2,2026/01/20
13449,15749540,Credit Card,1199.41,2,2025/12/17
13450,15654456,,153261.89,1,2026/08/13
13451,15576352,Savings,705.13,2,2026/05/12
13452,15750728,Investment,45.97,1,2026/04/14
13453,15806956,Investment,118911.13,1,2026/05/29
13454,15618661,Checking,-2167.78,1,2026/02/25
13455,15682541,Investment,119093.46,1,2026/02/14
13456,15567114,Checking,96453.92,1,2025/09/13
13457,15651450,Loan,74036.32,2,2026/05/16
13458,15813144,Checking,51593.21,2,2026/05/20
13459,15752488,Checking,123822.93,1,2026/07/15
13460,15697311,Savings,95884.67,1,2026/03/20
13461,15717935,Investment,896.45,2,2026/04/17
13462,15777797,,72801.76,1,2026/07/10
13463,15576256,Savings,718.91,2,2025/12/17
13464,15762218,Loan,309.95,2,2026/03/12
13465,15766908,Checking,96470.06,1,2025/11/15
13466,15675141,Savings,110096.63,1,2026/08/29
13467,15595766,Checking,51217.79,2,2025/10/12
13468,15811343,Credit Card,73712.59,3,2026/07/07
13469,15705735,Credit Card,1122.2,2,2026/08/26
13470,15810218,Checking,1001.08,4,2026/08/18
13471,15803352,Savings,85898.67,2,2026/03/15
13472,15616666,Loan,50082.94,2,2025/11/28
13473,15642137,Savings,877.39,2,2026/03/28
13474,15784301,CHECKING,1063.12,2,2025/12/18
13475,15796413,Investment,329.28,2,2025/12/23
13476,15575002,Savings,140464.85,1,2026/02/10
13477,15660144,Savings,418.97,2,2026/03/02
13478,15804721,Investment,90261.56,1,2026/03/29
13479,15786454,Savings,605.51,1,2026/01/21
13480,15803840,Checking,806.68,2,2026/01/08
13481,15723721,CHECKING,141428.0,1,2026/01/29
13482,15802758,Investment,,2,2025/12/30
13483,15729557,CHECKING,86525.6,3,2026/03/16
13484,15751120,Investment,155846.53,1,2026/07/07
13485,15657163,Savings,81756.43,2,2026/05/01
13486,15696175,Investment,49535.16,2,2025/09/15
13487,15715796,Savings,710.12,1,2026/08/20
13488,15809838,Investment,416.21,2,2026/06/18
13489,15767793,Investment,47.99,2,2026/01/05
13490,15749050,Checking,1299.78,1,2026/07/30
13491,15632272,,352.41,2,2026/08/26
13492,15581370,Investment,39159.63,2,2025/10/06
13493,15735968,Investment,988.09,2,2026/04/22
13494,15609058,Loan,127043.82,1,2026/09/03
13495,15705953,Checking,-3923.7,1,2025/09/14
13496,15715622,Savings ,,1,2026/03/21
13497,15585192,Loan,189837.31,1,2026/06/22
13498,15656100,Savings,103189.27,1,2026/02/26
13499,15581332,Loan,55569.08,2,2026/03/06
13500,15655410,,132269.3,1,2026/03/17
13501,15775803,Checking,267.32,2,2025/09/13
13502,15792646,Savings,54505.19,1,2026/05/12
13503,15583764,Investment,135556.29,1,2026/04/14
13504,15752622,Savings,38390.61,1,2026/04/19
13505,15810826,Savings,794.88,2,2026/04/08
13506,15663194,Loan,146244.61,1,2025/10/18
13507,15731815,Investment,33735.46,3,2026/04/14
13508,15628170,Savings,56929.8,1,2026/01/11
13509,15716420,Savings,144202.77,1,2026/02/28
13510,15678944,Savings,154047.79,1,2025/12/29
13511,15785078,Loan,623.79,1,2026/01/18
13512,15756668,Savings,135694.6,1,2026/03/09
13513,15791958,Loan,106.83,2,2026/01/14
13514,15723671,Checking,55751.2,1,2026/05/06
13515,15784010,Investment,161514.9,1,2025/11/22
13516,15707918,Loan,93410.3,2,2025/11/28
13517,15714431,Checking,34453.53,2,2025/12/24
13518,15620505,Credit Card,,1,2026/06/29
13519,15721585,Investment,56803.91,4,2026/07/30
13520,15663942,Investment,18.67,2,2026/05/25
13521,15737971,Savings,420.8,2,2026/07/06
13522,15656351,Savings,1192.03,2,2026/06/01
13523,15780386,Savings,95724.04,1,2025/12/12
13524,15743411,Checking,192.64,1,2025/09/21
13525,15569410,Loan,52756.16,2,2026/03/17
13526,15657105,Checking,858.15,1,2026/03/08
13527,15812356,Checking,42075.31,2,2025/09/27
13528,15637169,Credit Card,97921.24,1,2025/12/29
13529,15804822,Investment,842.01,2,2025/10/19
13530,15621083,Savings,47732.69,2,2026/08/31
13531,15605375,Credit Card,152523.96,1,2025/11/23
13532,15788535,Checking,95.59,1,2025/10/20
13533,15679062,Checking,48063.19,2,2026/07/15
13534,15753462,Investment,21003.92,2,2026/08/25
13535,15797748,Investment,345.74,2,2026/06/13
13536,15731989,Checking,32674.61,2,2025/09/28
13537,15605264,Checking,38636.89,2,2026/01/09
13538,15637324,Checking,907.14,2,2025/10/13
13539,15775307,Savings,69986.81,1,2026/05/29
13540,15748616,Checking,865.92,2,2026/01/11
13541,15659175,Loan,169.45,2,2026/04/22
13542,15603481,CreditCard,362.04,2,2025/11/18
13543,15575119,Investment,1381.44,2,2026/01/31
13544,15622370,Savings,98166.72,1,2025/11/14
13545,15774258,Loan,253.3,2,2026/04/14
13546,15693877,Credit Card,50623.97,2,2026/01/23
13547,15709396,Credit Card,194.4,2,2025/12/07
13548,15807609,Loan,31260.04,3,2025/12/29
13549,15797381,Investment,48587866.63,2,2026/03/31
13550,15789924,Checking,553.65,1,2026/02/09
13551,15569050,Investment,16.14,1,2025/11/27
13552,15785183,Credit Card,475.31,3,2026/05/27
13553,15693203,Checking,464.45,2,2025/10/07
13554,15652782,Loan,25248.2,2,2025/12/30
13555,15813862,Checking,22337.31,2,2025/10/20
13556,15715527,Investment,96.0,1,2026/07/17
13557,15631070,Investment,116936.71,1,2025/09/29
13558,15655123,Investment,63215.91,3,2026/06/23
13559,15780954,Checking,41022.98,2,2026/08/04
13560,15771873,Investment,71514.11,2,2025/12/02
13561,15642833,Loan,749.44,2,2026/01/28
13562,15711015,Credit Card,874.87,2,2026/06/10
13563,15721181,Investment,65.57,2,2026/05/01
13564,15612140,Credit Card,126397.73,1,2026/04/07
13565,15592194,Investment,879.38,2,2025/11/27
13566,15624068,Credit Card,1072.98,2,2026/01/01
13567,15780770,Loan,220253.09,1,2025/09/11
13568,15639314,Savings,455.64,2,2025/12/12
13569,15591286,Savings,103242.5,1,2026/07/08
13570,15784918,Savings,,2,2026/09/02
13571,15802570,Credit Card,545.27,2,2025/10/12
13572,15592461,Checking,127125.55,1,2025/10/07
13573,15705113,Checking,76583.28,1,2025/10/24
13574,15713559,Checking,98958.43,2,2026/01/18
13575,15639077,Loan,66937.2,3,2025/12/03
13576,15790717,Checking,332.58,2,2026/06/03
13577,15801904,credit card,100853.73,2,2025/11/05
13578,15716994,,183106.05,1,2026/04/27
13579,15778290,Investment,37310.15,1,2026/06/13
13580,15710053,Investment,69755.16,2,2026/03/10
13581,15801488,Loan,350.4,2,2025/12/03
13582,15761043,Investment,34968.36,2,2025/11/20
13583,15674328,Savings,44398.46,1,2026/06/03
13584,15774179,Credit Card,668.15,2,2025/12/07
13585,15640846,Savings,,4,2026/01/06
13586,15744789,Checking,111633.04,1,2025/09/07
13587,15575428,Investment,,2,2026/02/16
13588,15643671,Credit Card,60792.78,2,2025/11/29
13589,15569759,Investment,551.47,3,2026/01/20
13590,15569178,Savings,156301.73,1,2026/05/23
13591,15574372,Loan,80955.77,2,2025/09/13
13592,15641285,Investment,115839.51,1,2026/05/17
13593,15765322,Savings,49245.31,2,2026/05/19
13594,15742613,Checking,55670.23,2,2025/10/02
13595,15772250,Checking,626.32,1,2026/03/23
13596,15705009,Checking,158405.73,1,2025/11/11
13597,15770711,Loan,61495.08,1,2025/11/27
13598,15592578,Savings,93112.54,2,2025/09/27
13599,15664001,Investment,110631.16,1,2026/05/01
13600,15772423,Credit Card,102534.08,1,2025/11/21
13601,15770719,Credit Card,152929.43,1,2025/11/09
13602,15726358,,92.53,2,2026/01/04
13603,15762799,Checking,79538.37,2,2026/07/11
13604,15754747,Savings,116388.21,2,2026/03/10
13605,15751180,Checking,34275.38,1,2026/06/23
13606,15647890,Credit Card,136813.92,1,2026/01/23
13607,15704483,Credit Card,210.96,2,2026/04/27
13608,15720676,Credit Card,361.86,2,2026/01/06
13609,15666181,Savings,120842.15,1,2026/04/23
13610,15750808,Credit Card,86668.38,2,2025/12/01
13611,15677550,Savings,517.15,2,2026/09/01
13612,15721582,Credit Card,45467.19,2,2025/10/29
13613,15706223,Loan,50150.13,2,2026/09/03
13614,15569572,Savings,293.79,2,2026/01/08
13615,15572735,Investment,791.8,2,2025/11/24
13616,15615444,Loan,47829.23,2,2026/07/27
13617,15758685,,377.85,2,2026/07/10
13618,15592386,Checking,592.07,2,2025/09/24
13619,15766355,Investment,62754.16,3,2025/10/07
13620,15615050,Investment,70160.27,2,2026/03/15
13621,15663421,,58411.04,2,2025/11/11
13622,15663933,Credit Card,39756.49,2,2025/09/03
13623,15792986,Credit Card,135153.56,1,2026/01/28
13624,15805463,Savings,61190.32,2,2026/04/26
13625,15617866,Savings,31134.14,3,2026/05/31
13626,15753754,Credit Card,-4027.9,2,2026/05/11
13627,15806407,Loan,-2209.08,2,2026/08/15
13628,15568506,Investment,-2459.91,4,2026/03/24
13629,15656717,Checking,639.27,2,2026/06/11
13630,15649414,Checking,200556.09,1,2026/06/07
13631,15694300,Credit Card,188.63,2,2026/03/28
13632,15776629,Checking,123.51,2,2026/05/29
13633,15574858,Investment,-109.37,4,2026/04/29
13634,15748068,Checking,273.75,2,2026/07/31
13635,15702741,Savings,54038.62,1,2026/05/27
13636,15698324,checking,323.27,1,2026/03/03
13637,15665590,Loan,612.55,2,2026/07/10
13638,15656726,Savings,75278.03,1,2026/06/25
13639,15736495,,-923.52,1,2026/03/29
13640,15714789,Investment,931.18,1,2026/01/09
13641,15605339,Credit Card,112.71,2,2026/05/29
13642,15603465,Checking,50032.16,2,2026/03/30
13643,15593501,Loan,60834.9,2,2025/11/27
13644,15595609,Investment,58630.85,3,2026/05/18
13645,15709387,Credit Card,129.27,1,2026/05/16
13646,15670354,Credit Card,566.69,2,2025/11/06
13647,15594436,Checking,1485.17,2,2025/09/21
13648,15701908,Credit Card,916.24,1,2025/12/17
13649,15795079,Credit Card,432.4,2,2025/10/10
13650,15697702,savings,523.25,2,2026/07/07
13651,15708650,Loan,16963.26,2,2026/03/10
13652,15600821,CreditCard,94521.15,1,2026/02/02
13653,15804052,Savings,1388.01,2,2025/11/01
13654,15797204,Investment,28517.83,2,2026/07/09
13655,15565706,Checking,320.11,1,2026/04/02
13656,15663446,Loan,97243.68,1,2026/03/17
13657,15633870,Loan,657.71,2,2026/03/14
13658,15705313,Investment,64230.31,1,2026/02/03
13659,15620341,Checking,65337.55,2,2026/03/13
13660,15673591,Credit Card,21950.3,4,2025/09/15
13661,15573309,Loan,192.97,2,2026/02/11
13662,15582335,Checking,110308.89,1,2026/05/10
13663,15621021,Savings,81.43,2,2025/12/13
13664,15761477,Loan,50958.28,2,2025/09/11
13665,15653696,Savings,55.5,2,2025/12/22
13666,15668521,Savings,1341.22,2,2026/04/13
13667,15616529,Savings,310.3,3,2026/07/26
13668,15579345,Credit Card,,1,2025/11/17
13669,15692991,Investment,274.59,2,2026/04/21
13670,15781678,,27364.3,2,2026/07/02
13671,15770474,Credit Card,431.04,3,2025/11/13
13672,15722212,Credit Card,1412.93,2,2026/08/01
13673,15632576,Investment,80694.21,1,2026/02/04
13674,15713463,Investment,179523.68,1,2026/03/24
13675,15609558,Checking,64249.01,2,2026/01/06
13676,15674950,Credit Card,48589.51,2,2025/11/14
13677,15764866,Checking,37175.79,3,2025/09/11
13678,15744200,Checking,62571.22,1,2025/12/28
13679,15581089,Savings,28.25,2,2026/04/15
13680,15650889,Investment,67846.66,2,2026/01/10
13681,15658409,Loan,26474.53,3,2026/05/10
13682,15808662,Investment,815.26,2,2026/03/26
13683,15737169,Investment,239674.99,1,2026/04/29
13684,15715988,Savings,979.15,2,2026/09/02
13685,15576644,Credit Card,102274.24,1,2026/04/29
13686,15622494,Loan,636.7,2,2026/03/12
13687,15684925,Credit Card,418.98,2,2025/12/16
13688,15658935,Loan,52261.4,2,2026/04/28
13689,15720893,Investment,789.23,2,2025/11/08
13690,15630244,Loan,70946.9,1,2026/04/03
13691,15703167,Savings,,2,2025/09/29
13692,15665759,Investment,81035.6,1,2026/01/06
13693,15628886,Checking,108159.29,1,2025/11/16
13694,15661528,Credit Card,87854.89,1,2026/07/27
13695,15748123,Savings,612.39,2,2025/10/24
13696,15736112,Savings,42940.38,2,2026/02/01
13697,15674398,Checking,136.77,2,2026/03/13
13698,15631217,Credit Card,,1,2025/09/30
13699,15685826,Loan,,1,2026/03/01
13700,15784597,Checking,148849.48,1,2026/04/29
13701,15801336,Loan,116059.03,1,2026/03/19
13702,15710726,Savings,705.88,2,2026/08/03
13703,15726088,Savings,328.95,1,2026/04/12
13704,15785815,Checking,,2,2025/10/12
13705,15600724,Savings,175902.89,1,2026/07/06
13706,15750769,savings,65182.31,1,2026/01/31
13707,15599660,Credit Card,-1204.91,2,2026/03/03
13708,15576085,Checking,618.72,2,2026/05/23
13709,15579526,Investment,36666.9,1,2026/06/12
13710,15570931,Investment,544.77,1,2026/05/05
13711,15758546,Investment,691.88,2,2025/09/23
13712,15765300,,28433.0,3,2026/05/06
13713,15630053,Loan,219219.45,1,2025/10/07
13714,15751333,Loan,20.6,2,2026/03/02
13715,15586976,Credit Card,671.76,1,2026/02/19
13716,15612776,Checking,33.12,2,2025/12/11
13717,15612095,Savings,595.94,1,2026/02/08
13718,15600688,,1196.32,2,2026/05/20
13719,15707189,Savings,75029.87,1,2025/11/26
13720,15668830,Savings,90772.26,1,2025/09/08
13721,15777576,Loan,189493.34,1,2025/10/24
13722,15766734,Investment,105.94,1,2025/11/16
13723,15685706,Investment,158106.73,1,2026/09/02
13724,15602456,Checking,27200.09,2,2026/06/17
13725,15626040,,164.97,2,2026/01/19
13726,15810775,Checking,58947.47,2,2025/10/03
13727,15659236,Investment,463.63,2,2025/09/15
13728,15724444,Credit Card,53340.4,2,2026/05/21
13729,15632050,Checking,112940.46,1,2025/12/23
13730,15686964,Loan,94721.06,1,2026/07/22
13731,15676895,Investment,39898.44,3,2026/05/27
13732,15701555,Checking,67236.15,2,2026/03/12
13733,15677804,Savings,679.4,3,2025/09/15
13734,15682834,Savings,14817.49,2,2026/04/20
13735,15581505,Loan,394.27,2,2026/03/28
13736,15714586,Credit Card,122381.48,1,2026/02/21
13737,15613197,Savings,73.17,2,2026/07/13
13738,15595728,Investment,141732.43,1,2026/04/26
13739,15632256,Checking,115746.89,1,2026/02/27
13740,15807524,Investment,643.01,2,2026/07/18
13741,15743532,Credit Card,190380.72,1,2026/02/17
13742,15768270,Investment,1119.88,2,2026/01/26
13743,15627830,Investment,21650.62,1,2026/03/10
13744,15690673,Checking,818.16,2,2025/09/29
13745,15657386,Loan,84874.63,2,2026/05/25
13746,15586236,Checking,68419.92,3,2026/06/29
13747,15701936,Loan,135942.74,1,2025/11/05
13748,15605737,Loan,792.6,2,2026/04/15
13749,15589435,Loan,1141.06,2,2026/05/10
13750,15694188,Savings,21092.16,2,2026/04/12
13751,15624293,Savings,126254.37,1,2026/05/24
13752,15781589,credit card,241.66,2,2025/09/21
13753,15657779,Savings,859.42,2,2026/08/10
13754,15629475,Credit Card,359.8,2,2026/06/10
13755,15718944,Investment,220.13,2,2026/06/19
13756,15704771,Checking,80324.7,2,2026/05/20
13757,15703205,Credit Card,75211.65,2,2025/10/07
13758,15669281,Checking,92090.72,1,2025/11/20
13759,15634375,Credit Card,578.16,2,2026/03/15
13760,15664555,Loan,342.29,4,2026/02/19
13761,15716284,Savings,286.45,2,2026/08/07
13762,15793424,Checking,18385.34,2,2026/09/03
13763,15789753,Savings,186316.12,1,2026/04/16
13764,15795737,Investment,48786.66,2,2026/07/25
13765,15653715,Credit Card,540.32,2,2026/01/17
13766,15709621,Credit Card,449.69,2,2025/11/15
13767,15739131,Credit Card,32502.38,1,2025/11/14
13768,15659399,Savings,64982.22,2,2025/12/12
13769,15708265,Credit Card,191796.48,1,2025/10/20
13770,15606901,Investment,668.79,2,2026/07/15
13771,15567013,Investment,384.85,2,2026/03/18
13772,15716041,Credit Card,467.24,2,2026/01/22
13773,15601594,Investment,14529.1,4,2026/03/23
13774,15724536,Savings,1.09,2,2025/12/24
13775,15727467,Savings,802.68,2,2025/09/24
13776,15636541,Loan,183515.5,1,2025/09/25
13777,15623521,Loan,12230.26,2,2026/02/05
13778,15804937,Investment,352.78,2,2025/09/09
13779,15570194,Investment,504.73,2,2025/11/10
13780,15706904,Investment,69683.01,1,2025/12/11
13781,15745804,Savings,222.0,2,2026/04/05
13782,15592979,Credit Card,26534.49,2,2026/06/21
13783,15609254,Savings,57086.27,2,2025/12/11
13784,15672912,Investment,92830.97,2,2026/04/04
13785,15803801,Savings,309.97,2,2025/11/19
13786,15690079,Checking,80237.09,2,2026/04/09
13787,15797227,Savings,578.33,2,2026/06/10
13788,15773013,Loan,1236.52,1,2026/06/20
13789,15805025,Credit Card,195212.76,1,2026/01/11
13790,15789815,Savings,1040.75,2,2025/12/19
13791,15787229,Loan,496.36,2,2025/09/03
13792,15666430,Savings,,2,2025/10/06
13793,15771000,Checking,963.39,3,2025/11/25
13794,15586848,Credit Card,2.18,2,2025/09/22
13795,15680804,Investment,788.97,2,2026/01/16
13796,15668853,Savings,262643.44,1,2026/05/08
13797,15624641,Savings,858.35,1,2025/10/06
13798,15653620,Checking,550.79,2,2025/12/24
13799,15689517,Loan,,1,2026/04/30
13800,15783477,Loan,58863.7,1,2025/11/26
13801,15634551,Savings,9673.78,4,2026/08/13
13802,15687270,LOAN,541.54,2,2026/05/13
13803,15813022,Credit Card,910.36,2,2025/10/31
13804,15728709,Checking,21295.65,2,2025/10/13
13805,15632185,Checking,62465.75,2,2026/08/11
13806,15814004,Investment,77.49,2,2026/04/26
13807,15575391,Savings,940.85,2,2026/02/25
13808,15741078,Checking,44781.29,2,2026/07/15
13809,15635703,loan,91288.2,1,2026/03/12
13810,15812647,Savings,79585.53,2,2026/05/01
13811,15789313,Loan,39400.28,2,2026/01/13
13812,15669741,Credit Card,542.92,1,2026/06/25
13813,15794345,Checking,109.29,2,2026/06/15
13814,15755521,Checking,18751.08,2,2026/06/10
13815,15798943,Loan,84.88,2,2026/02/19
13816,15579915,Investment,441.9,2,2026/07/23
13817,15580148,Savings,68699.96,3,2026/08/09
13818,15608916,Investment,19903747.0,1,2026/02/17
13819,15741429,Checking,67529.25,2,2026/05/30
13820,15769246,Checking,145357.06,1,2025/11/21
13821,15723028,Credit Card,936.29,2,2026/08/10
13822,15617705,Investment,77807.87,1,2026/08/18
13823,15618391,Checking,733.66,2,2026/07/01
13824,15629448,Investment,93897.67,1,2026/05/27
13825,15655648,Credit Card,267.41,2,2026/08/18
13826,15610147,Credit Card,925.05,2,2026/01/23
13827,15760774,Checking,75708.95,2,2026/07/04
13828,15652981,Investment,99529.51,1,2026/01/06
13829,15744127,Credit Card,-1502.78,2,2025/12/27
13830,15756918,Investment,505.39,2,2025/09/14
13831,15786167,Loan,543.51,2,2026/04/13
13832,15651052,Credit Card,82548.71,1,2026/05/08
13833,15783398,Credit Card,74848.25,1,2026/01/20
13834,15571302,Savings,134541.13,1,2026/02/18
13835,15766163,Investment,1442.38,2,2026/05/21
13836,15768777,Loan,,3,2026/02/03
13837,15610383,Savings,14081.64,4,2026/05/16
13838,15653275,Savings,408.45,2,2026/03/29
13839,15758856,Investment,443.19,2,2025/09/29
13840,15582033,Credit Card,115827.11,1,2026/07/02
13841,15659149,Credit Card,606.33,2,2026/02/03
13842,15742504,Checking,29634.52,2,2026/01/12
13843,15574072,,515.14,1,2025/10/27
13844,15810010,Investment,64975.14,2,2025/11/17
13845,15734311,SAVINGS,913.56,2,2026/06/14
13846,15690456,Investment,57588.84,1,2025/12/26
13847,15611287,Checking,196.18,2,2025/12/24
13848,15796958,Investment,67.47,2,2026/01/08
13849,15730353,Savings,68420.14,2,2026/04/28
13850,15752139,Loan,35196.98,2,2025/11/20
13851,15698510,Loan,81341.32,2,2025/10/23
13852,15756975,Loan,936.59,2,2026/08/26
13853,15684645,Credit Card,25498.49,2,2026/06/07
13854,15649150,Loan,143638.71,1,2026/05/19
13855,15588695,Savings,807.52,1,2026/03/07
13856,15589949,Credit Card,174124.67,1,2026/04/02
13857,15645717,Savings,25.13,2,2026/03/26
13858,15801701,Investment,405.65,4,2026/04/05
13859,15612064,Savings,973.26,3,2026/06/20
13860,15814268,Credit Card,82977.53,1,2026/02/19
13861,15712409,Investment,132420.3,2,2026/02/03
13862,15793366,Investment,79849.82,2,2025/10/14
13863,15703793,Checking,21605.02,4,2026/01/05
13864,15762216,Checking,78614.78,2,2025/11/25
13865,15579892,Investment,104811.67,1,2026/07/19
13866,15707242,Loan,256.26,2,2026/05/07
13867,15661412,Credit Card,168795.01,1,2026/08/08
13868,15745324,Savings,152.86,3,2025/10/06
13869,15740164,,98810.36,1,2026/02/10
13870,15571689,checking,237.13,2,2025/10/02
13871,15735788,loan,,2,2026/04/14
13872,15701946,Savings,141342.22,1,2026/03/29
13873,15768566,Credit Card,438.37,2,2026/04/12
13874,15632551,Savings,,2,2025/11/20
13875,15624428,Checking,32327.01,1,2026/04/03
13876,15772941,Credit Card,99961.19,1,2026/05/03
13877,15674343,Loan,24681.65,2,2025/09/18
13878,15604813,Checking,-4329.25,2,2026/02/20
13879,15681081,Credit Card,-2086.62,2,2026/03/11
13880,15779103,Credit Card,34761.88,2,2025/11/02
13881,15778481,Credit Card,193403.82,1,2026/02/07
13882,15769312,Loan,860.26,2,2026/01/01
13883,15751912,Loan,198.79,2,2026/05/10
13884,15770041,Savings,72881.43,1,2026/05/12
13885,15654457,Loan,645.03,3,2026/03/24
13886,15683553,Credit Card,563.0,2,2026/07/01
13887,15685245,Investment,160.52,2,2025/12/21
13888,15795166,Investment,88042.83,2,2026/03/29
13889,15648725,Credit Card,1342.95,2,2026/04/11
13890,15627439,Credit Card,847.54,2,2026/01/01
13891,15786433,Savings,50147.39,2,2026/01/27
13892,15647890,Credit Card,136813.92,1,2026/01/05
13893,15769586,Loan,1266.6,2,2026/07/12
13894,15604073,Loan ,128342.98,1,2025/11/26
13895,15636595,Checking,,2,2026/02/22
13896,15698184,checking,57394.53,2,2025/11/23
13897,15691011,Savings,100379.67,2,2026/07/06
13898,15632789,Loan,567.53,2,2026/02/17
13899,15761654,Savings,214274.04,1,2026/07/03
13900,15677804,Checking,544.64,3,2026/03/14
13901,15647099,Savings,78759.44,1,2025/10/15
13902,15596136,Investment,153824.88,1,2025/10/24
13903,15624347,Credit Card,998.93,2,2025/10/15
13904,15729435,Credit Card,520.26,2,2025/10/15
13905,15647295,Checking,297.27,2,2025/09/07
13906,15573086,Savings,122117.13,1,2025/11/18
13907,15610557,Savings,38042.81,4,2026/06/06
13908,15599976,Investment,521.72,2,2026/04/10
13909,15736578,Checking,861.95,1,2026/05/13
13910,15801699,Investment,350.22,2,2025/10/20
13911,15775433,Credit Card,32792.71,2,2026/08/26
13912,15593795,Loan,116336.87,1,2026/07/31
13913,15626114,Checking,85930.07,1,2025/11/19
13914,15633648,Credit Card,318.08,2,2025/09/29
13915,15604217,Loan,404.31,2,2025/09/04
13916,15775761,Loan,27396.85,3,2026/05/02
13917,15670619,Credit Card,456.83,2,2025/12/02
13918,15576219,Investment,384.47,2,2025/09/19
13919,15697391,Credit Card,589.14,2,2025/11/10
13920,15748797,Checking,1289.96,1,2026/01/30
13921,15603582,Credit Card,598.34,1,2026/03/09
13922,15582154,Savings,44966.95,1,2026/08/16
13923,15694566,Credit Card,802.64,2,2026/08/20
13924,15623695,Checking,1316.41,2,2026/08/27
13925,15694518,Loan,1211.97,2,2026/03/04
13926,15610383,Checking,,4,2026/08/10
13927,15803908,Savings,358.63,2,2026/06/22
13928,15624820,Investment,14740.04,3,2025/10/17
13929,15601172,Checking,70393.18,1,2025/09/23
13930,15591740,Investment,625.82,2,2025/11/26
13931,15708916,Loan,918.7,2,2026/02/08
13932,15645269,Credit Card,378.27,2,2026/02/19
13933,15705639,,52398.05,2,2025/10/24
13934,15727291,Investment,594.44,2,2025/09/22
13935,15746203,Loan,92377.44,1,2026/06/28
13936,15605284,Loan,488.18,2,2025/10/15
13937,15741181,Investment,82810.19,1,2025/09/23
13938,15660155,Checking,111941.91,1,2026/07/14
13939,15670943,Loan,108913.12,2,2025/09/03
13940,15616330,checking,69.5,2,2025/12/10
13941,15703117,Investment,820.39,2,2025/11/29
13942,15699467,Investment,943.97,1,2026/03/22
13943,15649359,Checking,816.83,2,2026/05/12
13944,15772363,Credit Card,76940.81,1,2025/10/28
13945,15720071,Credit Card,549.56,1,2026/01/17
13946,15810978,Investment,915.03,2,2026/07/03
13947,15645847,Credit Card,,3,2026/01/30
13948,15641782,Checking,248.04,1,2026/07/15
13949,15632521,Credit Card,99514.95,2,2026/05/30
13950,15622033,Savings,32491.31,5,2025/10/09
13951,15715541,Loan,137978.0,1,2026/07/13
13952,15645517,Checking,843.56,2,2026/01/26
13953,15660390,Investment,800.56,2,2025/11/12
13954,15754605,Loan,,2,2025/10/06
13955,15755863,Savings,1356.62,2,2026/04/27
13956,15702434,Credit Card,28.88,2,2026/07/10
13957,15573926,Loan,41394.92,2,2026/01/14
13958,15583857,Investment,54846.01,2,2025/11/22
13959,15624850,Savings,101570.93,2,2026/07/29
13960,15594812,Checking,32906.13,2,2026/08/27
13961,15699325,Loan,203560.59,1,2026/05/24
13962,15791550,Loan,51821.16,2,2025/10/22
13963,15608344,Checking,31160.69,3,2026/05/15
13964,15743545,LOAN,46.63,2,2026/07/10
13965,15705085,Credit Card,186.78,2,2025/12/26
13966,15703778,,171778.9,1,2026/08/21
13967,15743545,Savings,542.53,2,2026/01/26
13968,15649280,Credit Card,162714.72,1,2025/09/19
13969,15671351,Investment,168.93,2,2026/03/23
13970,15813192,Savings,527.02,2,2026/02/23
13971,15668081,Checking,526.8,2,2026/08/09
13972,15780220,Credit Card,345.46,1,2025/11/25
13973,15623102,Investment,52058.57,2,2026/08/24
13974,15612030,Savings,344.74,2,2026/05/03
13975,15617655,Loan,,2,2026/04/22
13976,15679283,Credit Card,51905.5,2,2026/03/05
13977,15628947,Checking,490.97,2,2026/05/21
13978,15686983,Savings,42030.4,2,2026/02/06
13979,15680201,Savings,59830.06,2,2026/01/31
13980,15670163,Credit Card,573.27,2,2026/08/03
13981,15792453,Credit Card,208329.04,1,2026/08/30
13982,15752912,Investment,670.02,2,2026/03/27
13983,15717328,Savings,76157.78,2,2026/04/05
13984,15638871,Investment,35857.93,2,2026/01/01
13985,15699247,Checking,581.65,4,2026/02/08
13986,15680843,Savings,703.46,2,2026/08/10
13987,15736413,,791.69,2,2026/02/17
13988,15784148,Checking,606.72,2,2025/12/19
13989,15628936,Investment,85322.69,1,2026/01/04
13990,15736228,Loan,171350.45,1,2026/04/27
13991,15654870,Checking,38.36,2,2025/11/18
13992,15701522,Investment,95.22,2,2026/08/29
13993,15642160,Checking,147.53,2,2025/11/21
13994,15801924,Checking,369.18,2,2025/09/21
13995,15664849,Investment,31816.23,1,2025/10/13
13996,15802060,Investment,44638.28,2,2025/10/03
13997,15680430,Checking,61476.97,2,2026/06/30
13998,15660768,,41282.22,1,2025/11/02
13999,15756932,Savings,68.26,2,2025/11/17
14000,15744529,Checking,567.82,2,2025/10/28
14001,15775430,Investment,46805.76,2,2026/04/20
14002,15738219,Savings,274.92,2,2025/11/06
14003,15756333,Loan,-2005.55,2,2025/11/18
14004,15793825,Credit Card,242.81,2,2025/10/10
14005,15576935,Investment,80183.89,2,2026/01/25
14006,15582903,Investment,262.74,2,2026/02/20
14007,15616931,Checking,127095.93,1,2026/08/21
14008,15616029,Loan,115.58,4,2026/02/13
14009,15798906,Checking,1761.91,2,2026/06/26
14010,15587573,Investment,60934.27,2,2026/01/03
14011,15615177,credit card,72791.94,1,2026/05/07
14012,15683007,Loan,93594.38,1,2026/04/13
14013,15612139,Loan,54380.05,1,2026/03/31
14014,15740442,Savings,161948.1,1,2025/11/04
14015,15716218,Investment,113667.98,1,2026/07/29
14016,15643966,Credit Card,66262.18,2,2026/08/11
14017,15793070,Savings,23227.85,2,2026/08/12
14018,15763747,Loan,57.9,2,2026/06/12
14019,15636396,Credit Card,950.52,2,2026/06/30
14020,15636673,CREDIT CARD,112961.44,1,2026/02/04
14021,15632264,Checking,943.81,2,2026/09/01
14022,15778463,Investment,62984.09,1,2025/12/19
14023,15766017,Credit Card,64429.26,1,2026/05/03
14024,15623102,Credit Card,51534.19,2,2026/08/04
14025,15634141,Checking,157090.76,2,2025/09/20
14026,15742369,Checking,428.53,2,2026/03/08
14027,15813850,Credit Card,193.94,1,2025/11/22
14028,15808780,Credit Card,720.97,2,2026/03/22
14029,15716605,Loan,46061.49,2,2025/12/10
14030,15693347,Checking,97.2,2,2026/02/26
14031,15711028,Loan,886.32,3,2025/10/06
14032,15688264,Savings,398.64,2,2025/09/28
14033,15601503,Loan,303.6,2,2025/09/19
14034,15596992,Savings,195670.2,1,2026/01/10
14035,15707114,Checking,432.08,2,2026/03/21
14036,15600734,Loan,99142.84,2,2025/12/07
14037,15576683,Checking,349.46,1,2026/05/15
14038,15688691,Loan,76222.6,2,2026/04/28
14039,15644296,Credit Card,55559.99,1,2026/08/06
14040,15790810,Savings,50679.19,1,2026/03/25
14041,15726695,Checking,44469.33,2,2026/09/01
14042,15675650,Loan,72083.69,1,2026/02/15
14043,15723153,Checking,224.01,2,2026/04/21
14044,15790678,Checking,142531.84,1,2025/11/10
14045,15726631,Loan,139416.69,1,2026/02/17
14046,15627185,Investment,70328.57,2,2026/08/31
14047,15794875,Credit Card,445.27,2,2026/04/07
14048,15593959,checking,151218.54,1,2026/08/06
14049,15764314,Checking,65122.14,2,2026/02/11
14050,15655082,Checking,48722.63,3,2026/06/20
14051,15777586,Investment,76788.39,2,2026/08/27
14052,15749119,Checking,870.4,2,2025/12/06
14053,15650670,Loan,,2,2025/09/06
14054,15619857,Loan,57437.45,1,2025/11/26
14055,15578908,Savings,1186.08,2,2026/01/09
14056,15572777,Loan,67004.4,1,2026/04/03
14057,15589030,Investment,741.92,2,2025/10/20
14058,15571928,Investment,1053.59,3,2026/05/10
14059,15806771,Checking,2442.5,2,2026/02/21
14060,15784099,Credit Card,106124.44,1,2025/11/17
14061,15769516,Checking,278.28,2,2025/09/24
14062,15809263,Investment,97574.96,1,2025/11/13
14063,15624180,Credit Card,26956.21,4,2026/01/03
14064,15742172,Loan,41111.09,2,2026/05/23
14065,15584897,Checking,102979.01,1,2026/07/09
14066,15693752,Loan,79.53,2,2026/05/14
14067,15675450,Savings,366.73,2,2026/01/23
14068,15679642,Loan,482.99,2,2025/12/15
14069,15742323,Investment,1131.06,2,2025/12/04
14070,15786389,Savings,607.66,2,2026/04/04
14071,15616431,Checking,707.66,1,2025/09/22
14072,15610002,Savings,57.03,2,2025/09/07
14073,15742809,Investment,54725.92,1,2026/07/23
14074,15611223,Credit Card,64141.71,2,2026/03/06
14075,15754952,Loan,56931.58,4,2026/09/02
14076,15709256,Checking,222.83,2,2026/02/25
14077,15580719,Investment,716.11,2,2026/07/14
14078,15662854,Checking,48501.46,2,2026/03/12
14079,15595557,Loan ,425.38,2,2026/02/22
14080,15583548,,53038.69,1,2025/09/04
14081,15607577,Checking,616.25,1,2025/10/26
14082,15624323,Investment,900.11,2,2026/05/08
14083,15760521,Investment,113072.0,1,2026/05/17
14084,15804937,Checking,790.86,2,2025/12/15
14085,15600991,Investment,44736.42,2,2025/12/20
14086,15780961,Savings,67938.99,2,2025/11/17
14087,15568238,Checking,128.11,2,2026/02/20
14088,15675791,Loan,77834.47,1,2026/08/17
14089,15677146,Investment,64023.5,2,2026/08/06
14090,15633650,,39503.0,2,2026/05/19
14091,15737556,Savings,50080.71,2,2026/01/21
14092,15615477,Savings,711.55,2,2026/06/01
14093,15720725,Loan,724.13,2,2026/03/22
14094,15624850,Investment,89022.74,2,2026/05/31
14095,15569759,Credit Card,407.73,3,2026/07/02
14096,15577695,Investment,201646.06,1,2026/07/13
14097,15741049,Investment,45.79,2,2026/07/13
14098,15729954,Investment,1160.44,3,2025/12/12
14099,15782806,Credit Card,382.99,2,2026/04/13
14100,15804211,Credit Card,190066.97,1,2025/09/23
14101,15585215,Savings,367.98,2,2026/04/23
14102,15749482,Loan,135199.32,1,2026/07/02
14103,15766552,Investment,246.44,2,2026/06/10
14104,15720929,Loan,,3,2026/01/29
14105,15648735,Checking,926.49,2,2026/06/05
14106,15596165,Investment,10755.37,2,2026/04/24
14107,15588219,Investment,71249.77,2,2025/09/25
14108,15578006,Investment,602.21,2,2026/01/26
14109,15702416,Credit Card,153869.88,1,2026/02/20
14110,15687492,Checking,43611.18,2,2025/09/12
14111,15643042,,28925.12,2,2026/03/30
14112,15573851,Investment,277.14,3,2026/07/01
14113,15684042,Checking,13816.39,2,2026/07/21
14114,15791550,Investment,59696.78,2,2025/10/05
14115,15573851,Checking,761.5,3,2026/05/03
14116,15622729,Savings,759.95,2,2026/04/04
14117,15662294,Investment,58828.98,2,2026/04/28
14118,15719858,Checking,556.56,2,2026/07/11
14119,15577359,Savings,511.58,1,2026/06/22
14120,15739168,Investment,96650.23,1,2025/12/30
14121,15669516,Loan,899.82,2,2026/02/11
14122,15679148,Credit Card,39799.32,2,2026/07/02
14123,15740487,Credit Card,858.57,3,2025/12/26
14124,15755638,Savings,280107.17,1,2026/04/21
14125,15787470,Credit Card,73012.15,1,2026/01/16
14126,15612776,Credit Card,79.36,2,2026/02/03
14127,15786539,Checking,606.91,2,2026/08/02
14128,15741197,Loan,933.83,3,2025/09/22
14129,15684358,Savings,20000539.04,2,2025/12/29
14130,15630321,Checking,195.14,1,2026/08/11
14131,15657317,Checking,134274.64,1,2026/06/26
14132,15589725,Investment,374.87,1,2026/01/11
14133,15766044,Credit Card,56880.51,1,2026/03/24
14134,15761023,Credit Card,169973.59,1,2026/01/16
14135,15807595,Credit Card,68249.42,2,2025/09/05
14136,15736399,Savings,818.18,2,2026/06/01
14137,15615575,Loan,104.18,2,2025/12/29
14138,15781272,Checking,56894.3,3,2025/09/23
14139,15773322,Savings,135659.28,1,2025/12/25
14140,15680843,Investment,736.74,2,2026/04/21
14141,15755178,Savings,256.28,3,2026/01/03
14142,15798850,Credit Card,13.31,2,2026/03/25
14143,15596939,Investment,52509.55,2,2025/09/04
14144,15764431,Savings,36076.12,4,2026/04/11
14145,15574879,Investment,38435.86,2,2025/09/27
14146,15658956,Savings,24177.52,2,2025/10/11
14147,15807167,Checking,122436.32,2,2026/01/21
14148,15718039,Loan,94339.53,2,2026/06/04
14149,15586523,Loan,112454.99,1,2026/06/09
14150,15798341,Checking,339.64,1,2026/04/04
14151,15671973,Loan,741.61,2,2025/09/11
14152,15640852,Checking,27700.75,3,2026/05/17
14153,15723886,Investment,55341.07,2,2026/07/27
14154,15774336,Savings,65029.83,2,2026/02/06
14155,15794493,Investment,674.08,2,2026/07/07
14156,15597385,Credit Card,247.12,2,2026/08/08
14157,15631813,Savings,674.73,2,2025/09/29
14158,15690169,Checking,66608.82,2,2026/05/15
14159,15813503,Investment,136961.05,2,2026/06/27
14160,15697391,Investment,1123.12,2,2025/12/21
14161,15775709,Savings,83283.62,1,2026/06/03
14162,15613197,Savings,73.17,2,2026/08/07
14163,15727811,Checking,135670.56,1,2026/06/12
14164,15798429,Investment,,2,2026/01/28
14165,15576641,Credit Card,38763.45,2,2025/11/01
14166,15799479,Loan,538.87,1,2026/01/01
14167,15759684,Loan,75056.05,2,2026/03/21
14168,15749669,Loan,756.84,2,2026/06/17
14169,15683416,Credit Card,23515.78,3,2026/02/18
14170,15668235,Loan,148235.21,1,2025/12/02
14171,15699340,Checking,605.02,2,2026/06/09
14172,15681115,Checking,157686.89,1,2026/08/04
14173,15577515,Checking,68887.56,1,2025/12/14
14174,15715877,Savings,430.54,2,2025/09/10
14175,15679770,Credit Card,29342.26,4,2026/08/19
14176,15645511,Credit Card,144047.96,1,2026/04/10
14177,15744529,Loan,,2,2025/10/13
14178,15576550,Checking,705.48,1,2026/02/18
14179,15636395,Credit Card,163.96,2,2026/07/31
14180,15621140,Savings,448.23,2,2026/01/06
14181,15796351,Savings,62150.84,2,2026/05/06
14182,15641994,Loan,44239.77,1,2025/09/13
14183,15671351,Checking,67.01,2,2025/10/23
14184,15640133,Investment,,2,2025/11/08
14185,15652540,Savings,172.57,2,2026/01/13
14186,15763806,Loan,412.04,2,2025/11/28
14187,15683471,Checking,539.27,2,2026/08/05
14188,15813844,Loan,53295.29,2,2026/01/30
14189,15619892,Credit Card,769.68,2,2026/08/12
14190,15731744,Checking,1.02,2,2026/01/12
14191,15727857,Checking,351.76,2,2026/04/03
14192,15683521,Credit Card,87577.29,2,2025/11/24
14193,15648989,Loan,124804.37,1,2026/04/09
14194,15575748,Savings,44712.82,2,2025/12/16
14195,15638730,Credit Card,32821.43,2,2025/11/25
14196,15625080,Savings,992.44,1,2026/03/07
14197,15759872,CreditCard,566.22,2,2025/10/22
14198,15599956,Savings,1081.45,2,2026/01/28
14199,15583576,Investment,709.87,1,2026/02/08
14200,15689952,Savings,637.46,1,2026/06/07
14201,15636626,,93735.1,1,2026/08/23
14202,15668958,Credit Card,113153.22,1,2026/06/10
14203,15607381,Investment,55972.87,2,2026/07/27
14204,15620103,Investment,182249.83,1,2025/10/08
14205,15789936,Checking,296.87,2,2025/10/12
14206,15577398,Investment,83358.6,1,2025/11/21
14207,15762993,Credit Card,63915.68,2,2025/11/04
14208,15690772,Credit Card,110.42,2,2025/09/04
14209,15662976,Checking,156.11,1,2026/01/03
14210,15603065,Savings,62.24,2,2025/10/06
14211,15664907,Investment,736.05,1,2026/01/19
14212,15625904,Credit Card,46159.95,2,2025/12/03
14213,15722845,,80981.42,2,2025/10/31
14214,15805261,Investment ,876.79,2,2026/04/22
14215,15754649,Checking,651.61,2,2026/02/22
14216,15584580,Savings,189140.11,1,2025/11/04
14217,15598338,Investment,76560.53,2,2026/05/17
14218,15805637,Checking,34003.65,3,2026/06/03
14219,15666200,Checking,383.52,2,2026/04/29
14220,15575858,Checking,273.04,2,2026/05/22
14221,15567446,Savings,141831.43,1,2025/11/04
14222,15682084,Investment,406.23,2,2026/05/07
14223,15705676,Savings,54639.94,2,2026/08/11
14224,15642991,Loan,679.49,2,2026/07/14
14225,15663830,Savings,284.55,3,2026/01/23
14226,15635752,Loan,76138.71,2,2025/10/15
14227,15773776,Checking,409.87,1,2026/03/04
14228,15638988,Savings,285.08,3,2025/10/20
14229,15729377,Checking,1339.7,2,2026/03/02
14230,15788025,Savings,387.26,2,2025/12/02
14231,15615126,Checking,900.39,2,2026/03/20
14232,15645744,Loan,1046.69,2,2025/12/08
14233,15726490,Credit Card,417.18,1,2026/06/09
14234,15757912,Investment,156450.0,2,2026/01/09
14235,15795166,Savings,88130.71,2,2025/09/12
14236,15665087,Loan,164186.4,1,2026/07/17
14237,15705735,Checking,154.35,2,2025/10/17
14238,15707007,Investment,380.29,1,2025/10/05
14239,15762729,,111603.68,1,2025/11/25
14240,15782608,Checking,-128.33,2,2025/11/16
14241,15771742,Credit Card,52708.27,1,2026/02/25
14242,15729246,Investment,71.76,2,2025/11/24
14243,15608226,,106072.41,1,2026/05/28
14244,15807312,Loan,742.62,2,2026/08/22
14245,15654463,Checking,1192.42,2,2026/06/03
14246,15800295,Checking,68660.57,2,2025/12/11
14247,15811690,Investment,207221.21,1,2026/05/06
14248,15664227,Savings,67818.85,1,2026/07/23
14249,15728224,Checking,48789.45,2,2026/03/01
14250,15617419,Credit Card,72536.03,2,2025/09/18
14251,15623595,Savings,517.23,2,2026/02/24
14252,15678916,Credit Card,378.69,1,2026/03/21
14253,15796496,Checking,134059.04,1,2026/04/12
14254,15785819,Checking,-3129.23,2,2025/10/26
14255,15779052,Investment,68282.19,2,2026/05/23
14256,15641655,investment,78.17,2,2026/03/28
14257,15589200,Loan,434.21,2,2025/12/20
14258,15779174,Credit Card,13.08,2,2025/11/27
14259,15581525,Loan,43306.84,2,2025/12/09
14260,15611329,Checking,273.9,2,2026/07/17
14261,15661532,Investment,70854.66,2,2026/07/26
14262,15724161,Credit Card,37304.39,4,2026/05/08
14263,15640905,Credit Card,50404.36,2,2026/06/30
14264,15764708,Loan,196191.28,1,2026/08/26
14265,15743075,Checking,48671584.56,2,2025/10/07
14266,15722037,Investment,147469.18,1,2025/12/28
14267,15714874,Savings,273.47,2,2026/08/05
14268,15688689,,77510.15,2,2026/05/14
14269,15687363,Checking,80825.0,2,2026/06/15
14270,15601892,Checking,411.29,2,2026/04/25
14271,15683339,Investment,62884.2,1,2026/03/20
14272,15788536,Savings,,2,2026/02/14
14273,15696564,Investment,92474.1,2,2026/07/28
14274,15752885,Loan,145704.79,1,2026/03/10
14275,15625584,Loan,65106.1,2,2025/12/13
14276,15580148,Investment,44541.26,3,2025/09/24
14277,15810995,Checking,,1,2025/09/21
14278,15746028,Checking,247.11,2,2026/04/22
14279,15737275,Credit Card,142209.6,1,2025/12/08
14280,15684419,Checking,,3,2025/09/04
14281,15591386,Checking,408.32,2,2026/06/22
14282,15701738,Checking,12096102.66,1,2026/03/03
14283,15686812,Loan,365.76,1,2025/09/11
14284,15618437,Savings,348.14,2,2026/08/09
14285,15692575,Savings,108702.18,1,2026/03/12
14286,15588406,Credit Card,-1403.73,2,2026/08/01
14287,15654346,Investment,82394.87,2,2026/02/23
14288,15633043,Savings,1299.71,1,2026/04/03
14289,15778025,Savings,42528.81,2,2025/09/06
14290,15650751,Investment,662.54,2,2026/02/11
14291,15653455,Loan,7.75,2,2026/04/28
14292,15690733,Credit Card,1044.87,2,2025/10/16
14293,15598510,Investment,54200.57,2,2025/11/10
14294,15602731,Checking,40.33,1,2025/10/22
14295,15773779,Savings,37375.14,1,2026/07/04
14296,15572657,Credit Card,111325.67,1,2026/05/27
14297,15782456,Credit Card,61085.26,2,2026/06/17
14298,15631603,Investment,109907.72,1,2025/11/01
14299,15618926,Savings,538.12,2,2026/07/03
14300,15616454,credit card,119253.82,1,2025/11/11
14301,15600975,Checking,97196.37,1,2026/05/03
14302,15712825,Savings,376.25,2,2026/05/14
14303,15688951,Investment,63039.9,2,2026/06/13
14304,15625824,Savings ,29140.35,6,2026/06/12
14305,15629603,Savings,142.17,2,2026/02/24
14306,15688973,Savings,374.64,2,2025/11/03
14307,15772337,Credit Card,129394.33,1,2026/07/19
14308,15596013,Investment,194372.77,1,2025/09/19
14309,15609356,Loan,884.75,2,2026/07/26
14310,15761763,Loan,-4890.1,1,2026/02/12
14311,15590146,Savings,49982.65,1,2026/01/06
14312,15690829,Savings,214630.83,1,2026/02/09
14313,15663134,Checking,27.2,2,2026/06/04
14314,15789432,Investment,457.56,2,2026/04/08
14315,15592994,Credit Card,617.15,2,2026/01/31
14316,15763218,Credit Card,347.39,2,2025/09/22
14317,15793901,Checking,231.75,2,2025/10/27
14318,15688059,Credit Card,62668.32,2,2025/10/01
14319,15657747,Investment,91084.55,2,2026/02/03
14320,15786469,Credit Card,212.18,2,2026/08/09
14321,15702138,Investment,156413.39,1,2025/11/12
14322,15673020,Loan,194596.94,1,2026/08/25
14323,15682576,Checking,78364.79,2,2026/01/13
14324,15655232,Loan,52664.71,2,2026/03/16
14325,15658057,,22.58,3,2025/11/20
14326,15730360,Credit Card,512.97,2,2026/01/24
14327,15753079,Investment,902.11,3,2026/02/24
14328,15800228,Savings,672.81,2,2026/04/01
14329,15567383,Investment,36840.06,2,2025/10/11
14330,15697625,Loan,48726.14,2,2026/06/01
14331,15749679,Credit Card,155741.24,2,2026/03/08
14332,15810460,Credit Card,1043.19,3,2025/10/11
14333,15727350,Credit Card,107962.12,1,2026/05/16
14334,15591747,Investment,1246.37,2,2026/02/07
14335,15779481,Credit Card,83315.65,2,2026/02/03
14336,15794360,Checking,30909.04,2,2026/03/30
14337,15714485,Credit Card,73954.31,1,2025/09/14
14338,15788151,Credit Card,58180.09,2,2025/09/16
14339,15733777,Investment,80.13,1,2026/01/26
14340,15567147,Loan,814.74,2,2026/02/17
14341,15786993,Credit Card,1345.09,2,2025/12/06
14342,15697497,Investment,63803.95,2,2026/09/02
14343,15706899,Savings,636.8,2,2025/10/20
14344,15701280,Savings,961.46,1,2025/11/12
14345,15723006,Investment,470.15,2,2026/05/29
14346,15625141,Checking,1447.97,2,2026/07/08
14347,15750104,Credit Card,86037.13,3,2026/07/06
14348,15765532,Savings,113051.13,1,2025/10/24
14349,15807555,Investment,102.24,2,2026/03/07
14350,15576706,Loan,129575.73,1,2025/10/31
14351,15636016,Investment,114972.91,2,2025/10/21
14352,15762821,Loan,638.66,2,2026/01/16
14353,15636023,Investment,654.57,1,2026/02/20
14354,15808960,Loan,47793.02,2,2026/02/12
14355,15580487,Investment,36615.44,2,2025/11/05
14356,15808846,Loan,63189.56,2,2025/12/05
14357,15806837,Credit Card,1424.41,1,2026/06/25
14358,15750772,Credit Card,63915.28,1,2025/12/20
14359,15707488,Savings,555.39,2,2026/06/28
14360,15781234,Checking,161879.71,1,2025/10/13
14361,15719958,Savings,58514.11,2,2025/12/30
14362,15709941,Savings,193.15,3,2025/09/28
14363,15764343,Loan,211784.42,1,2026/01/22
14364,15694395,Checking,48823.52,2,2026/02/09
14365,15782219,Checking,545.79,2,2026/06/11
14366,15648933,Savings,175279.58,1,2026/06/07
14367,15707441,Credit Card,137077.6,1,2025/10/13
14368,15763108,Loan,105927.27,1,2026/09/02
14369,15600575,Loan,44.66,1,2026/06/11
14370,15600258,Savings,755.43,2,2026/06/25
14371,15777599,Credit Card,,2,2026/08/22
14372,15700511,Checking,182465.37,2,2026/06/09
14373,15628992,Checking,85775.97,3,2026/02/02
14374,15787848,Investment ,41818.29,2,2026/06/12
14375,15789413,Investment,82.73,2,2026/08/05
14376,15812920,Checking,64834.03,2,2026/02/02
14377,15571873,Credit Card,137107.96,1,2025/10/24
14378,15683416,Savings,42432.99,3,2026/03/28
14379,15747503,Credit Card,185373.04,1,2025/09/23
14380,15691011,Savings,100379.67,2,2026/02/09
14381,15667215,Savings,78.57,2,2026/04/06
14382,15718921,Savings,148887.26,1,2025/10/20
14383,15770424,Credit Card,58629.21,2,2026/08/05
14384,15571244,Loan,232.59,2,2026/02/20
14385,15715345,Checking,,2,2026/01/18
14386,15762134,Savings,58223.21,2,2025/09/29
14387,15619889,Investment,550.87,1,2025/11/12
14388,15681554,Investment,83381.67,2,2025/10/08
14389,15770291,Savings,778.67,2,2025/10/21
14390,15774164,Loan,75466.23,2,2026/07/01
14391,15596405,Credit Card,45785.13,2,2025/09/05
14392,15646196,Loan,32718.75,2,2025/10/27
14393,15805162,Credit Card,517.44,2,2026/05/05
14394,15596962,Checking,18029630.9,2,2025/09/24
14395,15624471,Credit Card,222.28,2,2026/05/01
14396,15654562,Credit Card,53741.05,4,2026/03/06
14397,15698703,Investment,100044.35,2,2026/03/29
14398,15588419,Investment,129782.23,1,2026/06/07
14399,15592925,Loan,67635.77,3,2025/10/27
14400,15708003,Checking,114500.86,1,2026/01/16
14401,15765014,Investment,62964.92,2,2025/11/23
14402,15702095,CHECKING,35489.72,1,2026/07/02
14403,15752838,Loan,92.07,2,2026/06/17
14404,15676571,Credit Card,699.63,1,2026/01/07
14405,15788218,Savings,480.59,2,2025/10/14
14406,15735025,Checking,86503.38,2,2026/02/21
14407,15773260,Checking,38941321.43,1,2025/11/28
14408,15573520,Credit Card,50314.1,2,2025/12/06
14409,15620276,Investment,1031.2,3,2026/08/01
14410,15773852,Checking,45803.3,2,2026/06/21
14411,15676715,Loan,448.12,2,2026/08/27
14412,15644699,Investment,1098.99,2,2025/10/26
14413,15724924,Savings,189128.3,1,2026/07/22
14414,15799635,Checking,182267.52,1,2025/09/11
14415,15586970,Investment,122005.6,1,2026/05/01
14416,15673439,Savings,21751.85,2,2025/12/23
14417,15775042,Loan,394.12,2,2026/08/31
14418,15667002,Loan,1001.5,2,2025/11/06
14419,15632977,Savings,218.37,4,2025/11/28
14420,15796969,Savings,707.07,4,2026/08/18
14421,15659557,Investment,109395.37,2,2026/05/21
14422,15572374,Loan,531.15,2,2026/01/03
14423,15585455,Loan,685.25,2,2026/03/30
14424,15613172,Loan,-2316.34,2,2025/09/05
14425,15722322,Credit Card,93.82,2,2026/08/17
14426,15605698,Credit Card,745.82,3,2026/05/28
14427,15644132,Loan,108177.9,1,2026/01/20
14428,15782778,Savings,202.13,2,2026/06/25
14429,15656822,Savings,20310.48,4,2025/12/08
14430,15732778,Credit Card,60513.18,2,2026/05/13
14431,15810227,Savings,640.47,2,2026/06/10
14432,15697183,Checking,873.6,2,2026/01/02
14433,15730273,Checking,991.3,1,2025/10/03
14434,15625698,Credit Card,541.14,2,2026/04/11
14435,15731555,Checking,61760.05,1,2025/12/20
14436,15761158,Investment,78.27,2,2026/07/13
14437,15667521,Investment,898.19,2,2026/08/10
14438,15779886,Checking,753.43,2,2026/03/20
14439,15623478,Checking,53596.31,2,2025/12/10
14440,15577107,Investment,446.85,3,2026/05/31
14441,15742028,Loan,132.69,2,2026/01/30
14442,15585533,Loan,114681.83,1,2026/02/26
14443,15801062,Investment,444.68,2,2025/11/11
14444,15638494,Investment,93369.29,1,2026/03/29
14445,15593622,Checking,53612.28,2,2026/07/02
14446,15690440,Investment,393.76,2,2026/04/01
14447,15765322,Credit Card,54131.21,2,2026/06/26
14448,15750407,Checking,37175.24,2,2026/01/28
14449,15732102,Savings,103829.4,2,2026/01/18
14450,15579223,Investment,95380.18,1,2026/01/08
14451,15765402,Investment,149908.64,1,2026/07/15
14452,15782591,Savings,160381.52,1,2025/11/05
14453,15588219,Checking,29926.67,2,2026/08/30
14454,15801605,Credit Card,551.09,2,2026/04/06
14455,15797113,Savings,112.87,2,2026/01/11
14456,15783883,Loan,140238.4,1,2026/07/31
14457,15655298,Credit Card,644.07,2,2026/07/09
14458,15775886,Loan,644.31,1,2026/05/15
14459,15764419,Credit Card ,277.97,3,2025/09/03
14460,15795895,Credit Card,50640.04,2,2025/10/31
14461,15602851,,236.46,1,2026/03/29
14462,15699430,Savings,382.15,2,2026/07/02
14463,15737104,Savings,,2,2025/12/09
14464,15677173,Investment,130891.82,1,2026/01/10
14465,15631339,Investment,195.87,1,2026/08/22
14466,15784700,INVESTMENT,125831.68,1,2025/11/07
14467,15807312,Checking,371.08,2,2026/06/25
14468,15693376,Loan,537.61,2,2025/12/06
14469,15651581,Investment,108666.84,1,2026/07/28
14470,15717307,Investment,704.16,2,2026/06/27
14471,15634375,Savings,972.8,2,2025/11/03
14472,15674851,,540.74,2,2026/08/12
14473,15680399,Checking,768.09,2,2026/01/08
14474,15785519,Investment,112289.6,1,2025/11/09
14475,15628715,Loan,153.55,2,2026/09/02
14476,15809137,Credit Card,511.55,1,2025/09/23
14477,15752588,Investment,762.7,2,2025/12/30
14478,15718247,Checking,1214.15,2,2026/01/08
14479,15813532,Credit Card,276.75,2,2025/09/26
14480,15718893,Checking,120080.19,1,2025/10/09
14481,15638231,Credit Card,761.63,2,2026/08/19
14482,15732987,Savings,126102.5,1,2026/03/24
14483,15575498,Checking,46364.17,2,2025/11/10
14484,15662291,Checking,38841.18,3,2025/12/23
14485,15749472,Loan,835.27,1,2026/01/22
14486,15656148,Loan,17042.17,4,2025/10/30
14487,15569274,Checking,142157.8,1,2026/06/24
14488,15731951,Loan,104948.37,1,2025/09/04
14489,15781914,Savings,72167.46,2,2026/08/02
14490,15765283,Loan,86110.79,2,2025/12/19
14491,15726814,Investment,93.51,3,2025/10/29
14492,15572360,Investment,62617.97,1,2026/08/25
14493,15611759,Credit Card,60518.34,2,2025/09/10
14494,15749688,Loan,259.34,2,2026/04/02
14495,15799480,Savings,814.26,2,2025/10/27
14496,15732020,Loan,50458.9,2,2026/02/24
14497,15622470,Savings,96406.88,1,2025/12/17
14498,15813917,Savings,175555.87,1,2026/04/19
14499,15785167,Checking,729.15,2,2025/11/15
14500,15715709,Savings,158860.67,1,2025/11/17
14501,15785339,Savings,75744.0,2,2026/07/31
14502,15706799,Checking,,1,2025/11/05
14503,15604348,Loan,571.43,2,2026/03/10
14504,15606273,Checking,74855.68,2,2026/02/16
14505,15690958,Checking,122556.34,1,2026/04/01
14506,15751208,Investment,103220.12,1,2026/03/15
14507,15590199,Loan,109779.32,1,2026/08/06
14508,15811985,Savings,-1538.57,2,2026/05/26
14509,15627395,,32492308.42,1,2026/08/17
14510,15745843,Loan,905.94,2,2026/01/21
14511,15803202,Savings,34.15,1,2026/04/18
14512,15707199,Checking,145170.5,1,2026/08/08
14513,15693264,Credit Card,78.31,2,2025/12/15
14514,15750874,Credit Card,135508.6,1,2026/07/25
14515,15619304,Loan,,3,2025/11/16
14516,15644297,Loan,207075.13,3,2025/12/17
14517,15794396,Loan,-3194.34,1,2026/03/21
14518,15698732,Loan,142027.46,1,2026/03/02
14519,15777893,Savings,1204.53,2,2025/12/08
14520,15625445,Loan,26123.26,2,2026/08/09
14521,15794941,Credit Card,16673.66,3,2026/08/08
14522,15600997,Credit Card,17864.12,2,2026/01/05
14523,15665802,Savings,368.23,2,2026/05/11
14524,15798521,Checking,1157.05,2,2026/05/11
14525,15589017,Loan,35878.61,3,2026/01/21
14526,15717164,,60090.76,2,2026/04/14
14527,15629002,Savings,52934.07,2,2025/09/28
14528,15584812,Investment,328.46,2,2026/01/10
14529,15723064,Checking,75504.79,2,2025/09/04
14530,15713440,Credit Card,62758.51,3,2026/04/12
14531,15622833,Checking,52942.31,2,2026/04/28
14532,15795298,Checking,128128.86,2,2025/11/23
14533,15580134,Investment,137793.6,1,2025/10/04
14534,15572735,Savings,793.59,2,2025/10/03
14535,15726103,Checking,-3582.9,1,2026/04/25
14536,15730044,Credit Card,17182.34,3,2026/05/29
14537,15682868,Savings,135691.19,1,2026/01/29
14538,15633854,Loan,457.0,2,2025/12/16
14539,15645820,Savings,1004.45,2,2026/04/02
14540,15746569,Credit Card,59.11,1,2025/10/29
14541,15621432,Loan,592.02,2,2026/01/28
14542,15773098,Savings,201.48,2,2025/11/14
14543,15754261,Investment,40783.99,2,2026/01/26
14544,15682773,Loan,67191.77,2,2026/01/24
14545,15797197,Credit Card,543.26,2,2025/12/02
14546,15679760,Loan,79254.03,2,2026/04/09
14547,15652999,Credit Card,118993.09,1,2025/09/10
14548,15687719,Credit Card,253.57,2,2026/05/03
14549,15741417,Checking,-4869.85,2,2026/06/01
14550,15722731,Investment,88290.12,1,2025/10/06
14551,15750466,Checking,111082.14,1,2026/06/30
14552,15605341,Checking,78837.99,1,2026/04/23
14553,15659557,Savings,89516.3,2,2026/02/28
14554,15657565,Investment,69149.71,2,2026/02/05
14555,15669410,Loan ,71723.09,2,2026/07/29
14556,15614302,Credit Card,70888.35,2,2025/12/26
14557,15627203,loan,424.93,1,2026/04/21
14558,15583138,Checking,58449.82,2,2025/12/14
14559,15590828,Credit Card,147577.84,1,2026/08/21
14560,15755223,Loan,49342.86,2,2026/01/22
14561,15619130,Checking,66720.5,2,2026/05/05
14562,15735078,Loan,63801.38,2,2026/03/21
14563,15666166,Savings,170582.01,1,2026/01/19
14564,15685653,Investment,79815.17,2,2025/11/24
14565,15783463,Loan,522.48,2,2026/05/06
14566,15775294,,1049.03,2,2025/12/24
14567,15649508,Investment,1366.32,2,2026/04/15
14568,15767432,Savings,583.27,3,2025/11/10
14569,15798256,Credit Card,63603.4,2,2025/09/11
14570,15762615,Savings,95014.65,1,2026/01/01
14571,15792720,Checking,168518.96,1,2026/07/30
14572,15603550,Investment,45283.54,2,2026/05/09
14573,15725094,Credit Card,130286.12,1,2026/03/18
14574,15675949,Savings,144.81,2,2025/12/24
14575,15751193,Credit Card,,2,2026/06/12
14576,15740160,checking,-935.64,2,2026/05/21
14577,15649379,Investment,380.07,2,2026/07/28
14578,15760570,Credit Card,70.03,2,2025/11/16
14579,15637366,Credit Card,54923.92,2,2025/10/29
14580,15703019,Credit Card,294.92,2,2026/01/18
14581,15628420,Checking,107208.28,1,2026/03/11
14582,15603741,Investment,77120.42,1,2026/05/28
14583,15762588,Loan,415.82,2,2026/01/11
14584,15797665,,413.31,2,2026/08/22
14585,15595640,Checking,245.13,2,2025/10/23
14586,15704442,Loan,16671.47,4,2026/01/20
14587,15641389,Checking,77851.17,2,2026/08/06
14588,15592531,,1077.89,2,2026/05/25
14589,15664720,,173823.18,2,2026/02/08
14590,15697844,Loan,722.47,1,2026/03/28
14591,15761986,Savings,93296.8,1,2025/09/13
14592,15727361,Savings,198.79,2,2025/10/05
14593,15752026,Investment,405.84,1,2026/06/20
14594,15744717,Loan,387.62,2,2025/10/27
14595,15638047,Checking,38155.37,2,2026/01/04
14596,15774847,Savings,127063.63,1,2026/01/25
14597,15736879,Checking,491.09,4,2026/01/10
14598,15692106,Credit Card,57765.47,3,2026/01/06
14599,15611088,Investment,179.38,2,2026/08/11
14600,15661723,Investment,127496.34,1,2026/06/14
14601,15738936,Investment,73789.19,2,2026/07/14
14602,15708608,Savings,36601.49,2,2026/06/24
14603,15719778,Checking,400.34,2,2026/06/01
14604,15600280,Loan,81.38,2,2025/12/05
14605,15670738,Loan,80500.45,2,2026/07/21
14606,15763431,,45888.61,2,2026/05/15
14607,15770159,Loan,145360.17,2,2026/05/31
14608,15683560,Checking,145.76,2,2025/09/04
14609,15798470,Savings,73988.4,1,2025/11/18
14610,15690589,Loan,,1,2025/09/13
14611,15659031,Savings,47918.44,2,2026/02/17
14612,15679145,Savings,186.4,1,2026/08/22
14613,15735909,Credit Card,153179.25,1,2026/06/13
14614,15581626,Credit Card ,636.18,1,2026/04/05
14615,15788556,Credit Card,157250.02,1,2026/06/20
14616,15730793,investment,41263.67,1,2026/02/24
14617,15605284,Checking,407.41,2,2025/09/03
14618,15568469,Loan,473.01,2,2026/05/07
14619,15773973,Savings,634.78,2,2025/12/11
14620,15615207,Loan,234.02,1,2025/12/07
14621,15636658,Checking,736.03,2,2025/10/28
14622,15807909,Checking,25.5,2,2026/02/06
14623,15709920,Loan,273434.0,1,2026/04/08
14624,15678058,,82200.41,1,2026/01/09
14625,15667321,Credit Card,,2,2026/08/25
14626,15642996,Savings,53295.73,2,2026/01/20
14627,15677249,Savings,-3004.07,1,2026/06/30
14628,15809006,Investment,53210.71,2,2025/12/14
14629,15639217,Loan,,2,2026/07/21
14630,15736274,Savings,374.95,2,2026/03/27
14631,15785326,Savings,72791.05,2,2026/08/11
14632,15788776,,26799.9,3,2026/07/08
14633,15714062,Investment,80414.9,1,2026/06/19
14634,15646037,Savings,983.98,3,2026/06/18
14635,15655175,Savings,50128.05,2,2026/03/04
14636,15652835,Loan,147011.12,1,2025/10/22
14637,15708357,Loan,1343.35,1,2026/03/16
14638,15614818,Checking,191864.66,1,2026/05/02
14639,15600832,Checking,306.64,1,2026/07/19
14640,15712813,Loan,29403.68,3,2025/12/12
14641,15615457,Savings,38170.07,2,2026/01/06
14642,15718406,Checking,219.96,2,2026/02/16
14643,15626612,CreditCard,113474.99,1,2025/09/26
14644,15793813,Loan,78937.52,1,2026/02/22
14645,15717328,Checking,111577.97,2,2026/03/04
14646,15617432,Credit Card,147354.75,1,2026/05/02
14647,15628972,Loan,25924.81,3,2026/01/04
14648,15651280,Credit Card,194456.87,3,2026/06/02
14649,15621075,Loan,,2,2026/02/20
14650,15657342,Loan,233894.38,1,2026/05/13
14651,15650266,Checking,54353.08,2,2025/12/28
14652,15577064,Savings,61790.36,2,2026/04/11
14653,15760456,Savings,56918.23,2,2026/06/17
14654,15745375,Investment,75186.86,1,2025/09/11
14655,15730448,Investment,54464.11,1,2026/08/22
14656,15693322,Investment,120866.44,1,2025/10/12
14657,15758048,Credit Card,174244.21,1,2025/10/25
14658,15713378,Savings,688.19,4,2026/06/19
14659,15599078,Loan,137471.73,1,2025/11/12
14660,15700772,Credit Card,-1953.65,4,2025/12/30
14661,15690647,Checking,85524.62,1,2026/04/01
14662,15674851,Credit Card,730.94,2,2025/09/25
14663,15638882,Credit Card,139627.36,1,2025/12/16
14664,15658768,Checking,688.9,1,2026/04/30
14665,15779207,LOAN,54342.81,2,2026/04/02
14666,15615322,Credit Card,44283.8,2,2026/06/03
14667,15717893,Savings,129375.33,1,2025/10/10
14668,15699515,Investment,36939.55,2,2025/10/25
14669,15692583,Checking,333.91,2,2026/08/17
14670,15726313,Savings,244.99,2,2026/06/10
14671,15603880,Loan,99531.19,1,2026/04/16
14672,15813590,Checking,6.96,2,2025/11/11
14673,15770405,Savings ,21417.51,1,2025/12/25
14674,15584930,Checking,46254.8,2,2025/12/21
14675,15668444,Loan,167497.86,1,2025/12/23
14676,15814035,Loan,502.16,1,2026/03/11
14677,15814998,Investment,523.53,2,2025/10/22
14678,15805627,Loan,24.91,2,2025/09/21
14679,15703399,Savings,48574902.91,2,2026/01/12
14680,15697318,Investment,-4506.08,1,2025/09/08
14681,15625545,Loan,458.71,1,2026/06/30
14682,15707674,Credit Card,122067.68,1,2026/03/31
14683,15599591,Investment,48178.44,2,2025/11/03
14684,15650545,Savings,31996.93,1,2026/01/24
14685,15605826,Loan,41917.37,3,2026/07/29
14686,15716186,Loan,129.97,2,2026/07/01
14687,15812009,Loan,524.09,2,2026/04/21
14688,15813303,Checking,543.4,2,2025/12/19
14689,15586959,Investment,67.15,2,2025/10/20
14690,15768367,Checking,151876.98,1,2026/02/24
14691,15641604,Loan,121581.31,1,2026/01/02
14692,15735687,Credit Card,236189.31,1,2026/07/13
14693,15764174,Loan,471.57,2,2025/11/02
14694,15711759,Savings,84792.43,1,2025/10/20
14695,15585835,investment,51996.11,2,2026/01/09
14696,15722004,Loan,212858.19,1,2026/07/06
14697,15702442,Savings,69549.81,2,2026/06/04
14698,15734177,Savings,369.21,2,2026/07/22
14699,15674620,Checking,12889.49,2,2026/01/04
14700,15764405,Loan,1147.78,2,2025/09/25
14701,15787884,Checking,736.6,2,2026/05/04
14702,15724076,Checking,1166.44,3,2026/08/21
14703,15773949,Savings,626.36,2,2026/01/22
14704,15794468,,145.43,2,2026/06/07
14705,15797010,Checking ,571.32,2,2025/11/27
14706,15585100,Savings,129453.13,1,2026/08/05
14707,15705639,Credit Card,53368.25,2,2026/08/25
14708,15640922,Credit Card,580.09,1,2025/09/06
14709,15655298,Savings,1191.28,2,2026/05/11
14710,15610165,Savings,42.62,2,2025/12/22
14711,15595158,CREDIT CARD,66405.92,2,2026/04/01
14712,15814536,Investment,65714.94,2,2026/02/19
14713,15608166,Loan,206102.71,1,2025/10/24
14714,15591130,Investment,745.81,2,2025/10/18
14715,15623219,,225.85,1,2026/05/18
14716,15784286,Savings,15142796.02,1,2026/06/28
14717,15636684,Savings,388.52,2,2025/12/29
14718,15757306,Loan,636.3,3,2026/06/24
14719,15613786,Investment,717.12,2,2026/01/23
14720,15623202,Savings,48912.19,2,2025/09/03
14721,15789611,,128072.15,1,2026/04/09
14722,15581252,Savings,134692.19,1,2026/08/25
14723,15722845,Checking,115883.03,2,2026/02/28
14724,15607330,Checking,100894.21,1,2026/03/04
14725,15716608,Checking,1328.07,3,2026/04/22
14726,15780846,Credit Card,69888.78,2,2026/06/14
14727,15649423,Checking,73.22,2,2026/08/25
14728,15716324,Loan,,1,2025/11/26
14729,15682563,Savings,143131.22,1,2025/09/16
14730,15801462,Savings,45061.72,2,2025/10/22
14731,15759290,Investment,476.43,2,2026/07/21
14732,15797502,Investment,-2685.94,1,2026/06/22
14733,15773277,Credit Card,58084.71,2,2025/09/13
14734,15624471,Loan,439.03,2,2026/08/10
14735,15747558,,880.78,2,2026/01/21
14736,15724848,Credit Card,105050.88,1,2025/12/10
14737,15809006,Loan,38340.51,2,2025/11/30
14738,15753955,Checking,34222.87,2,2025/11/22
14739,15676404,Loan,442.12,1,2025/12/31
14740,15711742,,660.04,1,2025/09/26
14741,15586517,Loan,129571.76,1,2025/12/03
14742,15664555,,133.76,4,2025/12/12
14743,15757537,Investment,129112.74,1,2025/12/19
14744,15743538,Savings,-1373.08,2,2025/12/13
14745,15717156,Savings,71660.81,2,2025/11/09
14746,15635972,Credit Card,539.24,2,2026/02/01
14747,15697460,Investment,72849.19,2,2026/04/26
14748,15624186,Savings,63313.13,1,2025/10/04
14749,15656148,Checking,32612.23,4,2026/08/07
14750,15601184,Credit Card,1122.45,2,2026/04/21
14751,15798385,Credit Card,732.82,2,2025/12/27
14752,15800517,Savings,75767.74,2,2026/07/16
14753,15651674,Savings,1301.33,1,2025/11/10
14754,15599251,INVESTMENT,91557.36,2,2025/09/19
14755,15592583,Savings,32645.45,3,2025/11/02
14756,15588701,Checking,213.84,2,2025/12/16
14757,15738448,Savings,79418.62,2,2026/03/09
14758,15804072,Checking,246.85,2,2026/07/21
14759,15800793,Credit Card,128089.61,1,2026/02/03
14760,15578045,Investment,174175.2,1,2026/08/20
14761,15801125,Checking,133.6,1,2026/04/12
14762,15650266,Loan,50035.81,2,2025/11/20
14763,15644551,Credit Card,,3,2026/08/21
14764,15712772,,-4769.57,1,2025/10/05
14765,15596011,Savings,845.49,1,2025/11/23
14766,15584091,Checking,44908.3,2,2026/05/03
14767,15703068,Savings,33878.35,2,2026/03/15
14768,15806546,Savings,677.37,1,2025/09/06
14769,15632446,Savings,187.42,2,2025/11/29
14770,15645371,Loan,165009.62,1,2026/03/13
14771,15664808,Checking,335.09,3,2025/09/20
14772,15773469,,14698.76,2,2026/06/02
14773,15777046,credit card,131279.23,1,2025/12/01
14774,15601263,Loan,8.95,2,2026/08/19
14775,15815660,Checking,216277.3,1,2026/04/06
14776,15737741,Checking,51817.87,2,2025/10/28
14777,15700300,Savings,133889.46,1,2025/10/16
14778,15709487,Investment,31719.79,2,2025/11/22
14779,15615624,Savings,592.78,2,2025/12/20
14780,15715003,Savings,-3538.91,1,2025/10/10
14781,15762351,,923.57,2,2025/11/20
14782,15703399,Checking,56737.87,3,2026/04/03
14783,15731511,Savings,86706.66,2,2025/10/28
14784,15713346,Savings,64635.63,1,2026/04/13
14785,15730339,Loan,126504.97,1,2025/12/29
14786,15741403,Investment,127087.88,1,2026/08/27
14787,15720134,Loan,54056.61,2,2025/11/27
14788,15633525,Investment,990.82,2,2026/01/17
14789,15604119,Loan,54489.85,1,2026/09/03
14790,15802617,Loan,55059.12,2,2026/05/27
14791,15692926,Investment,169313.45,1,2026/09/03
14792,15747649,Savings ,102407.51,2,2026/06/14
14793,15631460,Investment,825.52,4,2026/08/15
14794,15734987,Checking,42300.44,2,2026/06/01
14795,15804009,Savings,104437.12,2,2026/07/02
14796,15750921,Credit Card,41701.14,2,2026/06/29
14797,15725511,Savings,94648.3,1,2026/02/18
14798,15675316,Checking,154.11,2,2026/04/22
14799,15810418,Checking,129336.03,1,2025/11/22
14800,15697948,Checking,173.97,1,2026/07/04
14801,15602554,Checking,78187.73,2,2026/06/02
14802,15786463,Credit Card,64965.98,2,2026/08/07
14803,15611247,Savings,173.84,2,2026/06/20
14804,15814116,Credit Card,874.54,3,2025/12/22
14805,15651868,Checking,883.44,1,2026/04/20
14806,15740494,Loan,784.27,2,2026/04/08
14807,15794493,Loan,10.05,2,2025/11/30
14808,15809302,Savings,1135.14,2,2026/07/12
14809,15647974,Checking,22919.35,2,2026/04/18
14810,15676156,Loan,32887.95,2,2026/01/23
14811,15614215,Savings,577.5,2,2026/02/11
14812,15603088,Savings ,940.93,2,2026/01/14
14813,15765732,Loan,203092.77,1,2026/07/10
14814,15576269,Loan,378.66,2,2025/12/21
14815,15803121,Credit Card,,1,2025/09/13
14816,15569394,Savings,63838.21,2,2025/12/12
14817,15611579,Investment,88832.51,1,2026/03/29
14818,15625426,LOAN,155757.14,1,2026/02/01
14819,15585768,Investment,35856.17,2,2026/03/14
14820,15794236,Investment,42061.54,2,2026/06/04
14821,15799720,Investment,42815.53,4,2026/04/29
14822,15637599,Investment,130380.98,1,2025/10/19
14823,15669664,Checking,102531.66,1,2026/06/27
14824,15791452,Credit Card,458.01,2,2025/11/01
14825,15654859,,109226.68,2,2026/08/24
14826,15620750,Savings,56907.75,1,2025/11/06
14827,15573456,Loan,66093.75,2,2025/09/30
14828,15775192,Investment,63325.46,1,2025/12/29
14829,15635097,Investment,100018.49,2,2026/08/27
14830,15700650,Savings,999.26,2,2026/06/03
14831,15686941,Credit Card,337.57,2,2025/10/30
14832,15697000,Checking,48816.42,1,2026/06/16
14833,15699430,Investment,1566.07,2,2026/05/06
14834,15604196,Investment,183161.31,1,2026/03/24
14835,15580068,Checking,570.84,2,2026/08/01
14836,15726556,Checking,70123.4,2,2026/06/27
14837,15581505,Checking,346.02,2,2026/09/02
14838,15709117,Loan,133828.85,1,2025/11/11
14839,15696175,Checking,40577.37,2,2025/09/30
14840,15598940,Credit Card ,58281.63,2,2026/05/26
14841,15794204,loan,121101.41,1,2025/12/04
14842,15599533,Checking,522.51,2,2026/06/05
14843,15612525,Credit Card,340.13,1,2025/12/30
14844,15632882,Credit Card,61852.99,2,2025/11/06
14845,15682728,Credit Card,48.04,2,2026/01/04
14846,15620758,Investment,59.77,2,2025/09/28
14847,15628112,Savings,85594.48,1,2026/05/21
14848,15743007,Loan,7472.7,1,2026/07/10
14849,15641359,Investment,,2,2026/06/08
14850,15791302,Checking,1201.11,1,2025/10/10
14851,15574305,Checking,112705.74,1,2026/01/04
14852,15746704,Investment,64130.72,2,2026/06/05
14853,15625623,,383.07,2,2026/06/12
14854,15689955,Investment,581.21,2,2025/10/15
14855,15773868,Credit Card,25542.59,2,2026/02/23
14856,15765192,Checking,33590.28,2,2026/05/29
14857,15701265,Investment,38677.22,2,2026/06/05
14858,15730830,Investment ,367.99,2,2025/10/20
14859,15739438,Checking,752.73,2,2026/01/13
14860,15625942,Savings,38.91,2,2026/01/14
14861,15742019,Loan,,2,2026/02/20
14862,15790757,Credit Card,323.25,2,2026/06/11
14863,15567442,Credit Card,196.06,2,2025/11/11
14864,15638730,Checking,51626.86,2,2025/12/03
14865,15624343,Credit Card,140636.85,1,2025/09/25
14866,15654506,Investment,178.89,2,2026/04/09
14867,15679148,Loan,66779.44,2,2026/05/12
14868,15566988,Investment,145590.6,1,2025/12/17
14869,15640268,Checking,970.62,1,2025/11/13
14870,15767804,Investment,521.14,2,2025/12/24
14871,15740264,Checking,136.52,2,2026/08/26
14872,15686983,Checking,22931.36,2,2026/07/25
14873,15695034,Loan,132548.58,1,2025/10/18
14874,15701885,Checking,-4477.23,2,2026/05/26
14875,15782096,Savings,29.91,1,2025/11/17
14876,15767626,Loan,919.74,2,2026/07/19
14877,15681446,Checking,226145.08,1,2026/04/17
14878,15622442,Loan,583.37,2,2025/10/09
14879,15762048,Loan,64539.19,2,2026/04/07
14880,15774336,Checking,23210.35,2,2026/07/24
14881,15646082,Savings,84654.87,1,2026/06/09
14882,15800514,Savings,34921829.27,2,2025/10/14
14883,15711921,Loan,701.59,2,2026/02/14
14884,15728010,Credit Card,513.58,2,2026/04/26
14885,15724563,Checking,23885.2,2,2025/11/26
14886,15615473,Checking,170.27,2,2026/08/17
14887,15635500,Checking,70838.94,1,2026/01/22
14888,15605665,Investment,37370.69,4,2026/02/22
14889,15566295,Checking,53440.06,2,2025/09/18
14890,15712813,Checking,51328.58,3,2025/09/19
14891,15775627,Savings,734.39,2,2025/09/08
14892,15570485,INVESTMENT,170863.59,1,2025/09/16
14893,15618171,Checking,902.6,3,2026/08/09
14894,15574237,Savings,308.29,2,2026/08/22
14895,15577806,Savings,35912.5,1,2025/09/15
14896,15713655,Loan,778.59,2,2025/09/18
14897,15651075,Savings,121044.15,1,2025/10/15
14898,15763980,Loan,77142.73,1,2026/02/15
14899,15719579,Loan,26313.08,2,2025/11/26
14900,15595047,Credit Card,843.22,2,2026/07/26
14901,15580043,Checking,163678.79,1,2026/06/29
14902,15683930,Savings,43532.77,2,2025/10/14
14903,15745844,Investment,61230.28,2,2025/10/15
14904,15579583,Savings,121513.98,1,2026/08/21
14905,15781802,Savings,143259.28,1,2025/12/09
14906,15750055,Credit Card,61237.81,2,2026/05/07
14907,15782231,Investment,924.13,2,2025/10/23
14908,15617790,Checking,32183.53,2,2026/04/15
14909,15601045,Savings,107492.36,2,2026/06/05
14910,15663386,Savings,245.89,2,2026/07/31
14911,15680405,Checking,39978.61,2,2026/03/12
14912,15723872,Loan,363.41,2,2025/10/02
14913,15666173,Checking,111708.42,1,2026/07/22
14914,15705034,Credit Card,411.56,2,2026/07/09
14915,15759618,Checking,16.75,1,2025/09/16
14916,15806284,Loan,477.58,2,2025/11/18
14917,15732266,Savings,130820.02,1,2026/03/02
14918,15590476,Investment,529.93,2,2026/02/10
14919,15734948,Loan,49274006.61,2,2026/03/16
14920,15790455,Credit Card,617.18,1,2026/08/13
14921,15779947,Checking,60346.9,3,2025/10/31
14922,15631162,Checking,70.92,2,2026/05/19
14923,15571284,Credit Card,35254.14,2,2026/07/30
14924,15605447,Credit Card,54212.3,1,2026/01/29
14925,15762198,Loan,32339.47,1,2026/01/30
14926,15756680,Credit Card,51245.57,1,2026/01/14
14927,15742238,Credit Card,82354.65,2,2025/11/23
14928,15758831,Credit Card,100660.0,1,2025/10/16
14929,15595557,Credit Card,704.1,2,2026/06/09
14930,15674868,Loan,632.84,2,2025/11/17
14931,15572398,Credit Card,32983573.92,2,2026/07/07
14932,15706458,Loan,56121.89,3,2026/08/11
14933,15761348,Loan,450.7,2,2026/06/25
14934,15677087,Checking,134585.93,1,2026/06/06
14935,15791302,Credit Card,752.33,2,2026/05/05
14936,15665238,Checking,-4739.28,1,2026/01/28
14937,15751167,Credit Card,952.05,2,2026/05/12
14938,15727703,Savings,148165.14,1,2026/05/28
14939,15785342,Checking,1.76,2,2025/10/12
14940,15719265,Credit Card,,2,2025/11/19
14941,15699294,Loan,822.04,2,2025/12/01
14942,15803750,Investment,175421.78,1,2026/01/28
14943,15689412,Investment,73699.27,1,2026/05/17
14944,15756472,Savings,,1,2026/07/18
14945,15643330,Checking,86.88,2,2025/09/24
14946,15615091,Loan,1002.27,2,2026/02/10
14947,15814116,Checking,,2,2026/03/16
14948,15589200,Savings,134.06,2,2026/05/01
14949,15732334,Loan,38.24,2,2025/09/23
14950,15719858,Savings,667.24,2,2026/05/20
14951,15653448,Credit Card,24.74,2,2026/04/13
14952,15669922,Loan,-1339.13,2,2026/04/30
14953,15649183,Credit Card,559.85,3,2025/09/16
14954,15710397,Checking,913.48,1,2025/09/25
14955,15692977,Credit Card,89427.02,2,2026/07/06
14956,15794360,Credit Card,41947.23,2,2025/09/28
14957,15579062,Loan,355.49,2,2025/09/04
14958,15702631,Investment,508.01,2,2026/08/07
14959,15604706,Savings,161470.42,1,2026/01/14
14960,15657139,Savings,52579.77,2,2026/01/06
14961,15758836,Investment,11548.02,2,2026/03/15
14962,15786852,Loan ,98944.45,2,2026/02/26
14963,15569438,Savings,57891.7,2,2026/07/25
14964,15724536,Investment,1037.25,2,2026/02/24
14965,15704788,Checking,6390.73,2,2025/10/18
14966,15727317,Checking,38136.63,3,2026/03/07
14967,15661249,Checking,326.73,2,2026/05/25
14968,15568006,Savings,311.27,4,2026/01/21
14969,15664793,Loan,64668.41,2,2026/06/01
14970,15672640,Investment,66115.24,2,2025/11/18
14971,15721469,Loan,-1506.25,2,2026/03/29
14972,15725772,Loan,,2,2026/03/15
14973,15709354,Savings,180.53,2,2026/06/18
14974,15798084,Investment,407.64,2,2025/11/04
14975,15757952,Credit Card,969.37,2,2026/01/01
14976,15729958,Savings,612.81,1,2026/04/02
14977,15674398,Loan,328.11,2,2025/11/18
14978,15640953,Loan,50263.43,2,2026/01/18
14979,15697625,Credit Card,61687.32,2,2026/05/22
14980,15657566,Credit Card,30334.45,1,2025/12/28
14981,15774738,Loan,52037.24,3,2026/02/14
14982,15810593,Credit Card,806.37,3,2026/03/11
14983,15584453,Savings,73.85,2,2026/08/07
14984,15791316,Loan,142.45,2,2025/09/28
14985,15596414,Savings,121499.04,1,2026/03/09
14986,15583668,Credit Card,124757.25,1,2026/02/08
14987,15701175,Loan,65657.37,1,2025/11/29
14988,15807120,Checking,120608.93,1,2026/06/25
14989,15735025,Credit Card,82124.75,2,2026/03/14
14990,15806027,Credit Card,816.29,1,2025/09/24
14991,15609176,Savings,46.21,2,2026/06/12
14992,15679770,Investment,28234.74,4,2026/09/03
14993,15591433,Investment,27323.79,2,2025/09/23
14994,15620276,Savings,198.44,3,2026/07/20
14995,15714380,Loan,1020.35,2,2026/05/01
14996,15689341,Investment,957.17,4,2025/09/30
14997,15696098,Savings,303.63,2,2026/03/30
14998,15611058,Checking,49891.32,2,2025/12/18
14999,15617304,Loan,26.18,2,2026/01/04
15000,15665766,Investment,81431.02,2,2026/04/01
15001,15806438,Investment,89952.18,1,2026/07/08
15002,15729954,Savings,120.96,3,2026/07/14
15003,15769818,Investment,185802.34,1,2026/06/15
15004,15685576,Credit Card,775.06,2,2026/04/26
15005,15789425,Savings,50685.72,2,2026/07/16
15006,15742116,Investment,77214.81,2,2026/03/03
15007,15794875,Savings,432.78,2,2025/09/11
15008,15766896,Loan,809.82,2,2026/07/19
15009,15641675,Checking,31916.48,3,2026/07/25
15010,15772777,Savings,578.49,2,2026/05/30
15011,15620936,Investment,596.48,2,2025/12/06
15012,15788723,Loan,86030.11,2,2025/11/06
15013,15590228,Investment,79257.99,1,2025/10/06
15014,15730161,checking,269.76,2,2025/10/04
15015,15684951,Loan,39829.23,2,2026/01/18
15016,15599452,Loan,67351.5,2,2025/09/27
15017,15752578,,95295.89,2,2025/11/04
15018,15600583,Credit Card,1430.29,1,2026/03/22
15019,15769596,Investment,38613.42,2,2026/01/10
15020,15799652,Credit Card,102231.85,2,2026/05/31
15021,15687527,Savings,541.72,2,2025/11/05
15022,15669262,Credit Card,101835.37,2,2026/06/14
15023,15655213,Savings,119480.92,1,2026/05/31
15024,15735636,Credit Card,123887.29,1,2025/09/05
15025,15655774,Loan,606.73,2,2026/01/14
15026,15724127,Investment,70341.08,2,2026/07/20
15027,15714260,Loan,242.33,2,2026/01/13
15028,15796313,Savings,44149.34,2,2026/07/29
15029,15616168,Investment,101139.25,1,2025/12/02
15030,15748608,credit card,145045.34,1,2026/06/10
15031,15783225,Credit Card,172.82,2,2026/05/03
15032,15620735,Checking,43916.31,2,2026/05/16
15033,15603156,Credit Card,445.74,2,2026/01/08
15034,15601796,Investment,58330.01,1,2026/05/25
15035,15746490,Checking,76930.73,1,2025/12/11
15036,15772381,Checking,74443.15,1,2026/03/15
15037,15665521,Investment,53593.18,2,2025/12/08
15038,15608338,Checking,13846.5,4,2026/05/31
15039,15746028,Savings,562.71,2,2026/07/31
15040,15614936,Loan,103360.56,1,2025/10/05
15041,15694321,Investment,459.48,2,2026/03/26
15042,15582903,Credit Card,506.48,2,2026/01/18
15043,15684484,Savings,,2,2026/01/05
15044,15715078,Credit Card,74001.03,2,2025/11/21
15045,15783019,Investment,41236.57,3,2026/08/13
15046,15798429,Credit Card,411.74,2,2025/10/06
15047,15813095,Investment,670.35,2,2025/11/14
15048,15791114,Loan,171047.99,1,2026/08/25
15049,15694188,Investment,28803.39,2,2026/03/26
15050,15672692,Credit Card,72252.98,2,2026/07/16
15051,15805254,Loan,537.11,2,2026/08/16
15052,15657957,Credit Card,75561.64,1,2026/02/01
15053,15613141,Credit Card,115359.19,1,2025/11/29
15054,15711991,Savings,3.82,1,2026/05/28
15055,15685300,Investment,94701.92,2,2026/06/22
15056,15648638,Credit Card,699.7,2,2026/07/30
15057,15744046,Savings,1070.35,2,2026/08/11
15058,15653065,Loan,396.97,2,2026/08/10
15059,15709780,Savings,33863.07,2,2026/02/07
15060,15701962,Savings,67526.63,2,2026/03/30
15061,15593094,Savings,732.41,1,2026/02/02
15062,15682435,Investment,45889.33,2,2025/11/23
15063,15732299,Loan,1175.53,3,2025/09/13
15064,15782875,Loan,60577.4,2,2026/01/05
15065,15716926,Savings,71773.58,2,2026/04/05
15066,15813718,Checking,358.95,2,2025/11/08
15067,15583073,Loan,518.26,1,2026/03/10
15068,15567486,Checking,397.56,2,2026/05/31
15069,15595388,Credit Card,332.81,2,2026/04/11
15070,15704014,Investment,60687.89,2,2025/12/21
15071,15806511,Credit Card,63.31,2,2025/10/26
15072,15762277,,163464.13,1,2026/02/08
15073,15667632,Savings,116.24,2,2026/01/09
15074,15663252,Loan,242.5,2,2025/10/15
15075,15670602,Investment,122676.93,1,2026/04/27
15076,15751297,Credit Card,561.69,2,2025/09/23
15077,15754053,Investment,228.2,3,2026/03/21
15078,15606472,Credit Card,531.3,1,2026/01/30
15079,15662291,Investment,23242.8,3,2026/07/23
15080,15701281,Savings,814.08,2,2026/03/21
15081,15750803,Credit Card,169596.83,1,2025/11/22
15082,15715184,Investment,76830.88,2,2026/03/03
15083,15648005,Checking,734.75,2,2026/03/13
15084,15694995,Savings,203.63,2,2026/01/29
15085,15774127,Checking,14183855.16,2,2025/09/24
15086,15603035,Checking,341.43,2,2025/12/07
15087,15579287,Loan,613.35,2,2026/03/28
15088,15638988,Savings,285.08,3,2025/12/29
15089,15670528,Loan,,1,2026/08/14
15090,15601116,Investment,737.76,2,2026/03/10
15091,15781914,Loan,76446.12,2,2026/02/24
15092,15787051,,121287.98,1,2026/06/08
15093,15614365,Loan,139195.82,1,2026/08/18
15094,15815490,Savings,76508.49,3,2025/12/07
15095,15761364,Savings,1028.2,2,2026/01/31
15096,15762172,Loan,490.22,2,2025/12/10
15097,15710408,SAVINGS,103.04,2,2025/09/14
15098,15684999,Loan,29705.31,2,2026/08/11
15099,15737521,Loan,62623.55,2,2025/10/16
15100,15655229,Checking,-4283.68,1,2026/05/01
15101,15785576,Savings,,1,2026/03/15
15102,15623499,Investment,134394.11,1,2026/02/07
15103,15601594,Savings,25086.52,4,2026/04/01
15104,15583462,,,3,2026/01/24
15105,15588560,Credit Card,183361.12,1,2026/01/29
15106,15756975,Checking,70.38,2,2026/05/23
15107,15730433,Savings,85625.95,1,2026/06/24
15108,15589204,Checking,207635.58,1,2026/06/01
15109,15701238,Loan,301.29,2,2026/05/19
15110,15605275,Investment,97081.83,1,2025/09/14
15111,15752294,Checking,55357.69,4,2025/12/27
15112,15570299,Loan,183350.86,1,2025/10/28
15113,15657139,Investment,34976.77,2,2026/03/10
15114,15775082,Credit Card,62377.98,2,2026/01/04
15115,15735968,Loan,604.08,2,2026/06/14
15116,15659355,Savings,58043.48,2,2026/08/26
15117,15640421,Investment,87.97,1,2026/05/17
15118,15809906,Loan,128491.94,2,2026/05/26
15119,15599386,Checking,76763.39,1,2025/12/03
15120,15687540,Loan,40824.75,2,2026/01/22
15121,15771270,Credit Card,,1,2026/02/19
15122,15761717,Savings,21071.67,2,2025/11/10
15123,15734917,Investment,59317.37,2,2026/04/29
15124,15722583,INVESTMENT,120198.79,2,2026/07/12
15125,15652192,Savings,70120.2,2,2026/08/25
15126,15679693,Loan,1520.33,2,2025/10/04
15127,15660636,Loan,397.77,2,2026/08/13
15128,15738751,Loan,296.53,2,2026/08/21
15129,15757408,Checking,99929.39,3,2026/02/24
15130,15603942,Credit Card,24832.99,3,2025/09/22
15131,15633260,Credit Card,145089.47,1,2026/01/29
15132,15590888,Credit Card,52094.47,2,2026/08/20
15133,15648178,Savings,209339.38,1,2026/07/27
15134,15671172,Loan,46940.68,2,2025/10/02
15135,15649024,Checking,84382.21,1,2026/01/30
15136,15654000,Checking,434.92,1,2026/01/03
15137,15585367,Investment,188620.62,1,2025/12/16
15138,15734588,Checking,463.26,1,2025/12/22
15139,15637977,loan,117565.67,1,2025/12/18
15140,15669414,Checking,49312.98,2,2026/03/03
15141,15571995,Credit Card,34280.96,2,2025/12/11
15142,15779052,Credit Card,78815.13,2,2026/05/30
15143,15809817,Savings,378.46,2,2026/01/12
15144,15667289,Savings,16.71,2,2026/06/30
15145,15756321,Credit Card,140661.22,1,2026/02/11
15146,15765537,Loan,163643.35,1,2026/08/31
15147,15677435,Savings,59740.56,2,2025/11/04
15148,15616811,Investment,158666.36,1,2026/03/24
15149,15663885,Credit Card ,688.84,1,2025/12/25
15150,15721935,,1075.02,2,2025/11/14
15151,15697028,Investment,42180.76,4,2025/10/25
15152,15804075,Savings,124788.03,1,2025/10/19
15153,15690772,Savings,467.83,2,2025/10/21
15154,15607040,Credit Card,25481.38,2,2026/09/02
15155,15759566,Checking,135.87,2,2026/07/07
15156,15695699,Investment,551.05,2,2026/04/23
15157,15658504,Investment,78996.86,2,2026/05/30
15158,15814519,Savings,406.8,1,2026/04/29
15159,15747345,Investment,32244.53,2,2025/11/05
15160,15639530,Credit Card,454.95,1,2026/06/08
15161,15815271,Investment,62188.55,3,2025/09/27
15162,15617078,Investment,132003.32,1,2026/07/10
15163,15701555,Investment,56937.83,2,2025/12/13
15164,15750243,Credit Card,275.94,2,2026/01/04
15165,15667971,Savings,34192.54,2,2026/07/03
15166,15593280,Savings,162453.13,1,2025/10/19
15167,15758482,Loan,7.31,2,2026/07/23
15168,15772412,Savings,111527.59,1,2026/08/16
15169,15586699,Checking,277.29,2,2025/12/13
15170,15587562,Loan,115914.84,1,2026/05/13
15171,15678374,Loan,1345.5,2,2025/12/22
15172,15735784,Investment,652.32,1,2025/11/10
15173,15722479,Credit Card,503.72,2,2026/03/29
15174,15649129,Investment,268.47,2,2026/07/29
15175,15581736,Savings,94053.61,2,2026/02/15
15176,15803941,Savings,112354.73,1,2025/12/27
15177,15637428,Savings,1378.17,2,2025/09/23
15178,15707861,Savings,69633.16,1,2026/03/30
15179,15588248,Savings,390.1,2,2025/09/20
15180,15619674,Savings,135580.02,1,2025/10/12
15181,15670496,Savings,454.98,2,2025/10/15
15182,15620988,Checking,549.24,2,2026/07/13
15183,15741875,Loan,120920.84,1,2026/05/19
15184,15715715,credit card,833.44,2,2026/05/15
15185,15767891,Savings,47417.69,2,2026/02/17
15186,15656176,Credit Card,216.9,2,2026/03/21
15187,15744423,Checking,1212.39,2,2025/10/21
15188,15599329,Checking,47116.17,4,2026/04/27
15189,15762238,Investment,63120.51,2,2026/05/17
15190,15729117,Savings,146623.79,1,2026/03/30
15191,15676895,Savings,28124267.21,3,2026/06/12
15192,15684198,Loan,85.09,2,2026/05/29
15193,15712584,Credit Card,,2,2025/09/07
15194,15602030,Checking,157920.89,1,2025/09/08
15195,15782468,Loan,36520.15,2,2025/12/06
15196,15783276,Credit Card,324.83,2,2025/12/18
15197,15607176,Loan,26901719.34,1,2025/09/16
15198,15781678,Checking,27939.36,2,2025/09/18
15199,15609176,Credit Card,856.74,2,2026/06/30
15200,15659495,Checking,51.87,1,2025/10/27
15201,15750549,Credit Card,35557.07,2,2026/02/21
15202,15611669,Credit Card,171744.69,1,2026/04/03
15203,15642725,Investment,162917.62,1,2025/10/30
15204,15756901,Savings,-448.07,2,2026/06/11
15205,15676117,Investment,811.76,1,2025/11/07
15206,15601688,Checking,19271482.94,1,2026/07/05
15207,15722991,Loan,109621.73,1,2026/05/29
15208,15673591,Investment,41626.94,4,2025/09/09
15209,15721779,Checking,61137.77,2,2026/01/06
15210,15753861,Checking,74733.25,2,2026/08/21
15211,15768342,Checking,36329.28,3,2026/03/15
15212,15702571,Credit Card,66290.25,3,2026/02/20
15213,15734711,Credit Card,300.81,1,2026/05/02
15214,15692931,,152719.09,1,2026/07/26
15215,15814468,Checking,179620.77,1,2026/08/28
15216,15699637,Credit Card,88346.4,1,2026/05/15
15217,15810711,Loan,70056.41,2,2026/01/16
15218,15668142,Investment,33923.81,2,2026/01/26
15219,15756150,Investment,691.74,2,2026/07/05
15220,15802106,Investment,98465.81,1,2025/11/03
15221,15762091,Investment,145302.66,1,2026/04/03
15222,15791743,Credit Card,58520.15,1,2025/09/04
15223,15807433,Loan,1103.7,2,2026/07/17
15224,15776939,Credit Card,55165.38,2,2026/08/17
15225,15779743,Loan,1367.2,2,2025/12/21
15226,15697129,Investment,1198.07,2,2026/03/22
15227,15573730,Savings,61210.75,2,2026/03/10
15228,15626156,Loan,995.55,2,2026/07/12
15229,15659931,Investment,152603.59,1,2026/02/27
15230,15774744,Savings,32755.89,2,2025/11/10
15231,15755239,Investment,57251.57,2,2025/10/02
15232,15647301,Savings,97550.62,2,2025/10/12
15233,15702434,Investment,92.88,2,2026/02/09
15234,15701885,Investment,711.14,2,2026/07/09
15235,15646521,Investment,691.97,1,2025/10/09
15236,15758510,Credit Card,504.34,2,2025/11/05
15237,15588123,Savings,272.58,2,2026/05/30
15238,15574868,Loan ,53155.69,2,2026/07/27
15239,15627881,Checking,609.84,2,2026/06/24
15240,15585901,Savings,458.19,3,2026/01/27
15241,15754569,Checking,1143.58,2,2025/10/28
15242,15707011,Credit Card,112758.98,1,2026/06/06
15243,15651093,Savings,849.22,2,2026/01/30
15244,15667417,Savings,68794.34,1,2025/12/27
15245,15645200,Checking,213611.37,1,2025/12/30
15246,15678720,Savings,156.8,2,2026/03/25
15247,15638463,Checking,115374.39,1,2026/06/01
15248,15763874,Credit Card,299.11,2,2026/05/05
15249,15682890,Investment,23244.59,2,2026/02/25
15250,15784676,Savings,,2,2025/09/16
15251,15592451,Loan,825.85,2,2026/06/30
15252,15810786,Checking,318.95,2,2025/11/13
15253,15754952,Savings,16943.85,2,2026/03/30
15254,15638513,Checking,68374.53,2,2025/12/11
15255,15794874,Credit Card,54514.47,1,2025/11/29
15256,15651389,Checking,136295.45,1,2025/11/22
15257,15688644,Savings,77745.06,1,2025/12/22
15258,15769948,Loan,48027821.3,1,2026/07/10
15259,15575498,Loan,14619755.05,2,2026/07/08
15260,15810775,Credit Card,35716.18,2,2026/05/19
15261,15568006,Investment,606.59,4,2025/11/17
15262,15811026,Credit Card,34287.28,2,2025/10/10
15263,15654408,Checking,117005.86,2,2026/01/03
15264,15697127,Investment,146583.57,3,2026/04/22
15265,15745431,CREDIT CARD,826.07,2,2026/01/21
15266,15602812,Credit Card,76142.42,2,2026/02/21
15267,15700487,Loan,23381.6,3,2026/02/22
15268,15589401,Loan,299.33,2,2026/04/05
15269,15752534,,29.73,2,2025/10/12
15270,15677586,Savings,59584.74,2,2025/10/20
15271,15620443,Checking,531.35,2,2026/01/11
15272,15809347,Loan,155742.47,1,2025/09/21
15273,15802060,Loan,55036.45,2,2026/08/25
15274,15754072,Investment,179.38,2,2026/01/31
15275,15566660,Credit Card,128.39,3,2025/11/08
15276,15747960,Credit Card,1030.48,1,2026/05/27
15277,15670702,Savings,,2,2026/06/04
15278,15699450,Investment,601.48,2,2026/03/30
15279,15685947,credit card,69185.31,2,2025/09/24
15280,15634602,Loan,888.31,1,2026/03/09
15281,15692416,Loan,47256.98,3,2026/07/22
15282,15815364,,852.91,4,2025/09/13
15283,15704340,Checking,122541.04,1,2026/02/22
15284,15749519,Loan,38144.5,4,2026/01/02
15285,15598574,Investment,617.23,2,2026/05/13
15286,15765014,Loan,118592.78,2,2026/03/24
15287,15741875,Loan,120920.84,1,2026/04/10
15288,15635141,Savings,66626.11,2,2026/04/13
15289,15787907,,34733.39,3,2025/09/26
15290,15773146,Investment,90438.77,2,2026/05/26
15291,15628059,Loan,1157.24,2,2026/08/24
15292,15660571,Loan,116442.36,1,2025/10/22
15293,15668283,Checking,36651.82,4,2025/11/01
15294,15680346,Credit Card,206.34,3,2025/11/07
15295,15786800,Investment,80054.43,1,2026/04/09
15296,15607312,Investment,376.9,2,2025/09/12
15297,15747130,Checking,215.89,2,2025/09/24
15298,15768600,Loan,112558.34,1,2025/12/10
15299,15611365,Savings,86300.57,1,2025/10/01
15300,15661349,,711.92,2,2026/05/27
15301,15645059,Checking,811.71,2,2025/12/16
15302,15644962,Savings,147587.44,1,2026/03/06
15303,15691647,Loan,734.82,2,2026/03/21
15304,15779738,Checking,895.23,1,2026/03/25
15305,15787655,Loan,442.47,2,2026/07/11
15306,15768095,Investment,,1,2025/10/18
15307,15785385,Credit Card,472.85,4,2025/09/16
15308,15713673,Credit Card,94889.52,1,2026/03/19
15309,15645271,Credit Card,52132.23,2,2025/11/20
15310,15775490,Investment,84216.72,2,2026/08/19
15311,15614520,Investment,76103.15,1,2026/04/24
15312,15636454,Investment,96251.7,1,2025/10/10
15313,15629475,Checking,819.36,2,2026/02/14
15314,15575858,Credit Card,-4391.45,2,2025/12/20
15315,15777958,Checking,425.95,2,2025/10/24
15316,15579777,Investment,661.84,2,2025/12/01
15317,15649457,Loan,82186.8,2,2025/12/23
15318,15614054,Checking,416.84,2,2026/01/11
15319,15609521,Checking,79422.41,2,2026/02/24
15320,15713604,Savings,89399.5,2,2026/03/04
15321,15623107,Investment,,3,2025/09/29
15322,15605965,Savings,663.46,4,2026/04/11
15323,15672242,Checking,505.74,1,2026/05/21
15324,15805681,Savings,317.89,1,2026/06/11
15325,15648461,Checking,88566.85,2,2025/12/05
15326,15729018,Savings,111435.02,1,2026/04/14
15327,15788683,Investment ,175204.5,1,2026/06/22
15328,15756901,Credit Card,26197.65,2,2025/10/28
15329,15567860,Savings,90932.65,2,2026/05/09
15330,15649618,Savings,39126.23,2,2026/07/20
15331,15799031,Investment,440.59,2,2026/05/09
15332,15769125,Loan,669.5,2,2026/04/08
15333,15729582,Savings,101569.0,1,2026/06/17
15334,15665374,Savings,301.35,2,2026/07/29
15335,15769915,Checking,133652.48,1,2025/11/15
15336,15713770,Credit Card,80988.19,1,2026/07/18
15337,15810800,Checking,39.8,1,2025/12/19
15338,15777639,Credit Card,36299.76,2,2026/05/29
15339,15694805,Savings,90304.86,1,2026/01/16
15340,15644501,Loan,144314.6,1,2026/01/29
15341,15665460,Checking,1163.99,2,2025/09/23
15342,15742886,Loan,49941.64,2,2025/11/01
15343,15658890,Credit Card,62895.95,2,2026/01/04
15344,15668629,,686.73,2,2026/02/05
15345,15664610,LOAN,75832.22,1,2026/06/13
15346,15795540,Checking,114378.98,1,2025/09/05
15347,15645355,Investment,113390.36,1,2026/05/31
15348,15794178,Credit Card,140232.12,1,2026/04/20
15349,15648794,checking,83186.62,1,2025/12/11
15350,15570271,Investment,19156110.62,1,2026/02/25
15351,15610653,Checking,954.46,2,2026/02/02
15352,15606841,,377.76,2,2026/01/02
15353,15678385,Checking,42879.64,2,2026/05/05
15354,15629551,Credit Card,65980.71,2,2026/08/10
15355,15604782,Investment,203151.64,1,2026/06/11
15356,15694829,Credit Card,164618.9,1,2026/05/31
15357,15753362,Credit Card,78.03,2,2025/11/11
15358,15777076,Checking,927.04,2,2026/03/30
15359,15618566,Checking,-1927.98,2,2025/09/26
15360,15613292,Credit Card,439.69,2,2025/12/20
15361,15615140,Investment,72025.91,1,2025/12/31
15362,15680611,Loan,451.0,3,2026/07/30
15363,15733888,Loan,85882.8,1,2026/03/13
15364,15706232,,281.71,1,2026/07/14
15365,15625706,Savings,103493.46,2,2025/11/05
15366,15664639,Investment,151316.91,1,2025/09/30
15367,15611171,Investment,137960.79,1,2025/10/25
15368,15630551,Checking,162865.71,1,2026/08/10
15369,15714981,,174.75,1,2026/03/11
15370,15807167,Loan,71694.59,2,2026/04/22
15371,15660735,Checking,682.56,2,2026/08/22
15372,15597033,Checking,122606.5,1,2026/08/24
15373,15767793,Loan,685.99,2,2025/09/12
15374,15798709,Investment,150296.04,1,2026/07/10
15375,15785542,Loan,66070.16,2,2025/09/27
15376,15742369,Credit Card,117.46,2,2026/05/20
15377,15669656,Investment,209757.33,1,2026/03/10
15378,15671243,Checking,305.57,2,2026/06/19
15379,15577598,Savings,,2,2026/06/27
15380,15727059,Checking,574.33,2,2026/08/31
15381,15689594,Credit Card,110637.23,1,2025/10/06
15382,15757188,Credit Card,68932.41,2,2026/01/29
15383,15812513,Savings ,89866.39,1,2026/01/27
15384,15748995,Checking,392.06,2,2026/06/23
15385,15753754,Investment,358.49,2,2025/12/05
15386,15688713,Investment,624.17,1,2025/09/11
15387,15735222,Loan,772.83,2,2026/09/03
15388,15812184,Credit Card,123.3,1,2026/04/22
15389,15601410,Credit Card,585.77,3,2026/01/11
15390,15688498,Credit Card,39372.96,2,2026/06/28
15391,15570629,Credit Card,70865.53,2,2025/11/26
15392,15636590,Checking,11.89,2,2026/03/28
15393,15658067,Savings,123241.17,1,2026/07/06
15394,15711455,Checking,126463.53,1,2026/08/30
15395,15722122,Credit Card,,1,2026/06/23
15396,15723658,Savings,933.11,2,2026/07/19
15397,15572182,Credit Card,18929.68,3,2026/07/20
15398,15692406,Savings,703.56,2,2026/04/06
15399,15681843,,116188.44,2,2026/07/19
15400,15569079,Credit Card,131514.7,1,2026/06/23
15401,15691513,Credit Card,809.48,4,2026/03/14
15402,15740104,Checking,106914.49,1,2026/08/05
15403,15587735,savings,91220.14,1,2026/02/01
15404,15783615,,34269.88,4,2026/06/12
15405,15571752,Checking,103052.58,1,2026/07/28
15406,15573112,,107471.46,1,2026/07/09
15407,15774164,Checking,83612.73,2,2026/07/07
15408,15742607,Checking,151245.49,1,2026/08/15
15409,15644212,,6.32,2,2026/08/16
15410,15571065,Savings,97.2,2,2026/04/24
15411,15739476,Checking,500.06,1,2025/10/18
15412,15719561,Savings,481.08,3,2026/05/28
15413,15729087,Checking,90693.14,2,2026/02/01
15414,15735246,Loan,694.21,2,2025/11/16
15415,15579969,Investment,636.25,2,2026/06/04
15416,15765297,Investment,745.78,2,2026/03/09
15417,15774262,Loan,46388.82,2,2026/06/26
15418,15711789,Loan,48.65,1,2026/03/18
15419,15626485,Investment,58382.41,1,2026/07/26
15420,15720838,Investment,119563.01,3,2026/06/21
15421,15598275,Checking,435.28,2,2026/01/08
15422,15621064,Checking,52000.51,2,2025/11/17
15423,15676433,Savings,426.61,1,2026/02/19
15424,15743617,Checking,77354.62,1,2026/06/19
15425,15586993,Loan ,207.54,2,2025/10/25
15426,15565879,Credit Card,375.11,2,2026/01/31
15427,15776494,Loan,131957.14,1,2025/09/13
15428,15792726,Checking,112063.25,2,2026/05/17
15429,15622117,Investment,452.11,2,2026/02/08
15430,15786237,Loan,526.22,2,2026/06/21
15431,15610355,Checking,55062.98,1,2026/07/16
15432,15782993,Loan,80156.25,2,2025/12/11
15433,15773456,Credit Card,88835.89,2,2025/12/01
15434,15748381,Credit Card,47133.68,2,2025/12/09
15435,15698522,Investment,23272.5,2,2025/10/28
15436,15673984,Savings ,202.73,1,2025/12/06
15437,15708063,Savings ,18890.46,3,2025/12/26
15438,15717736,Investment,20230097.31,2,2026/01/31
15439,15654457,Credit Card,586.64,3,2025/11/14
15440,15693267,Loan,128083.46,1,2026/04/11
15441,15614643,Loan,710.66,2,2026/03/28
15442,15644356,Loan,130665.45,1,2026/06/18
15443,15653952,Investment,35880418.01,1,2026/06/16
15444,15699247,Credit Card,257.78,1,2025/10/01
15445,15714493,Investment ,458.78,2,2026/03/30
15446,15670615,Savings,694.91,2,2026/07/18
15447,15732299,Investment,454.47,3,2026/08/27
15448,15609676,Investment,206181.35,1,2025/09/14
15449,15601848,Checking,646.7,2,2026/06/15
15450,15676937,Checking,858.53,2,2026/05/03
15451,15603246,Loan,92016.73,2,2025/11/21
15452,15585256,Investment,35.68,2,2026/03/25
